Month,Reporting_Airline,DestAirportID,Dest,scheduled_flights,eligible_arrivals,delayed_arrivals,cancelled_flights,diverted_flights
1,AA,11057,CLT,140,138,26,2,0
1,AA,11298,DFW,246,229,57,17,0
1,AA,13303,MIA,93,93,22,0,0
1,AA,13930,ORD,81,80,16,1,0
1,AA,14100,PHL,54,52,6,2,0
1,AA,14107,PHX,87,86,15,1,0
1,AS,14057,PDX,25,23,2,2,0
1,AS,14747,SEA,94,94,22,0,0
1,B6,10721,BOS,36,36,8,0,0
1,B6,12478,JFK,52,51,16,1,0
1,DL,10397,ATL,215,207,62,8,0
1,DL,10721,BOS,31,31,6,0,0
1,DL,11433,DTW,86,86,19,0,0
1,DL,12478,JFK,65,63,12,1,1
1,DL,12892,LAX,36,36,9,0,0
1,DL,12953,LGA,87,87,15,0,0
1,DL,13487,MSP,130,130,28,0,0
1,DL,14747,SEA,40,40,8,0,0
1,DL,14869,SLC,125,125,22,0,0
1,F9,10397,ATL,44,42,12,2,0
1,F9,10423,AUS,31,31,10,0,0
1,F9,10693,BNA,12,10,3,2,0
1,F9,10800,BUR,10,10,1,0,0
1,F9,10821,BWI,2,2,2,0,0
1,F9,11003,CID,4,4,2,0,0
1,F9,11042,CLE,24,24,7,0,0
1,F9,11057,CLT,19,18,2,1,0
1,F9,11066,CMH,2,2,1,0,0
1,F9,11193,CVG,12,12,6,0,0
1,F9,11278,DCA,93,88,23,4,1
1,F9,11298,DFW,83,78,29,5,0
1,F9,11423,DSM,2,2,1,0,0
1,F9,11433,DTW,19,19,5,0,0
1,F9,11503,EGE,12,11,5,1,0
1,F9,11540,ELP,20,20,7,0,0
1,F9,11637,FAR,10,10,1,0,0
1,F9,11775,FSD,11,11,3,0,0
1,F9,11986,GRR,3,3,2,0,0
1,F9,12191,HOU,22,21,6,1,0
1,F9,12266,IAH,62,59,23,3,0
1,F9,12339,IND,14,14,3,0,0
1,F9,12889,LAS,129,129,30,0,0
1,F9,12892,LAX,58,58,15,0,0
1,F9,12953,LGA,4,4,1,0,0
1,F9,12992,LIT,2,2,1,0,0
1,F9,13198,MCI,12,11,3,1,0
1,F9,13204,MCO,92,92,14,0,0
1,F9,13232,MDW,26,26,6,0,0
1,F9,13244,MEM,10,10,3,0,0
1,F9,13303,MIA,47,46,12,1,0
1,F9,13485,MSN,2,2,0,0,0
1,F9,13487,MSP,44,44,19,0,0
1,F9,13495,MSY,18,17,6,1,0
1,F9,13851,OKC,20,20,8,0,0
1,F9,13871,OMA,3,3,0,0,0
1,F9,13891,ONT,46,46,12,0,0
1,F9,13930,ORD,20,20,8,0,0
1,F9,14057,PDX,31,31,6,0,0
1,F9,14100,PHL,13,13,7,0,0
1,F9,14107,PHX,134,134,28,0,0
1,F9,14122,PIT,9,9,2,0,0
1,F9,14193,PNS,23,23,9,0,0
1,F9,14262,PSP,12,12,2,0,0
1,F9,14492,RDU,20,20,4,0,0
1,F9,14635,RSW,2,2,1,0,0
1,F9,14679,SAN,65,63,13,1,1
1,F9,14683,SAT,20,20,9,0,0
1,F9,14747,SEA,20,20,4,0,0
1,F9,14771,SFO,51,51,15,0,0
1,F9,14831,SJC,20,20,4,0,0
1,F9,14869,SLC,67,67,18,0,0
1,F9,14893,SMF,18,18,7,0,0
1,F9,14908,SNA,31,31,2,0,0
1,F9,15016,STL,20,19,7,1,0
1,F9,15304,TPA,44,44,11,0,0
1,F9,15412,TYS,9,9,2,0,0
1,F9,15919,XNA,4,4,2,0,0
1,G4,14108,PIA,10,10,4,0,0
1,G4,15412,TYS,9,9,4,0,0
1,MQ,11298,DFW,5,5,3,0,0
1,MQ,14107,PHX,13,13,4,0,0
1,OO,10140,ABQ,62,62,16,0,0
1,OO,10157,ACV,23,23,3,0,0
1,OO,10279,AMA,62,61,26,1,0
1,OO,10372,ASE,285,278,75,7,0
1,OO,10408,ATW,31,31,6,0,0
1,OO,10558,BFF,53,52,12,1,0
1,OO,10561,BFL,62,62,17,0,0
1,OO,10599,BHM,62,59,12,3,0
1,OO,10617,BIH,31,31,12,0,0
1,OO,10620,BIL,62,62,25,0,0
1,OO,10627,BIS,124,124,48,0,0
1,OO,10713,BOI,67,66,17,0,1
1,OO,10779,BTM,29,28,7,1,0
1,OO,10849,BZN,8,8,3,0,0
1,OO,11097,COD,62,59,25,1,2
1,OO,11109,COS,266,263,107,2,1
1,OO,11122,CPR,186,182,60,3,1
1,OO,11233,CYS,58,56,16,0,2
1,OO,11267,DAY,31,31,5,0,0
1,OO,11283,DDC,54,49,13,5,0
1,OO,11315,DIK,58,52,17,3,3
1,OO,11413,DRO,124,124,48,0,0
1,OO,11423,DSM,62,62,14,0,0
1,OO,11447,DVL,27,27,11,0,0
1,OO,11468,EAR,53,52,16,1,0
1,OO,11503,EGE,155,154,38,1,0
1,OO,11540,ELP,9,9,3,0,0
1,OO,11637,FAR,65,63,35,1,1
1,OO,11638,FAT,87,87,21,0,0
1,OO,11648,FCA,25,25,4,0,0
1,OO,11775,FSD,93,93,24,0,0
1,OO,11865,GCC,62,57,15,5,0
1,OO,11884,GEG,17,17,1,0,0
1,OO,11921,GJT,124,124,46,0,0
1,OO,11995,GSO,31,30,3,1,0
1,OO,11996,GSP,31,30,8,1,0
1,OO,12003,GTF,56,56,13,0,0
1,OO,12012,GUC,93,93,18,0,0
1,OO,12156,HLN,62,59,19,1,2
1,OO,12177,HOB,31,29,12,2,0
1,OO,12217,HSV,62,62,13,0,0
1,OO,12255,HYS,54,50,14,4,0
1,OO,12278,ICT,92,85,17,6,1
1,OO,12280,IDA,124,122,37,2,0
1,OO,12441,JAC,32,32,6,0,0
1,OO,12511,JLN,30,29,8,1,0
1,OO,12519,JMS,31,31,9,0,0
1,OO,12888,LAR,54,50,21,4,0
1,OO,12892,LAX,112,111,18,0,1
1,OO,12896,LBB,62,62,31,0,0
1,OO,12899,LBF,53,51,17,2,0
1,OO,12902,LBL,54,51,15,2,1
1,OO,12945,LEX,31,30,5,1,0
1,OO,12992,LIT,88,83,21,5,0
1,OO,13029,LNK,124,122,40,2,0
1,OO,13127,LWS,31,31,10,0,0
1,OO,13158,MAF,110,108,49,2,0
1,OO,13264,MFR,25,24,9,0,1
1,OO,13342,MKE,31,31,6,0,0
1,OO,13367,MLI,31,31,7,0,0
1,OO,13433,MOT,62,60,22,2,0
1,OO,13476,MRY,62,62,19,0,0
1,OO,13486,MSO,23,23,5,0,0
1,OO,13851,OKC,137,136,40,1,0
1,OO,13871,OMA,6,6,4,0,0
1,OO,14237,PRC,31,30,12,0,1
1,OO,14252,PSC,62,62,16,0,0
1,OO,14262,PSP,80,79,13,0,1
1,OO,14457,RAP,170,170,57,0,0
1,OO,14534,RIW,62,59,14,2,1
1,OO,14543,RKS,62,62,18,0,0
1,OO,14674,SAF,99,99,32,0,0
1,OO,14685,SAV,23,22,7,1,0
1,OO,14698,SBP,31,31,6,0,0
1,OO,14747,SEA,52,51,6,1,0
1,OO,14783,SGF,93,93,28,0,0
1,OO,14794,SGU,84,84,23,0,0
1,OO,14812,SHR,62,59,25,2,1
1,OO,14814,SHV,31,31,8,0,0
1,OO,14869,SLC,98,97,37,1,0
1,OO,14877,SLN,31,26,9,4,1
1,OO,15041,SUN,62,61,16,1,0
1,OO,15048,SUX,31,31,9,0,0
1,OO,15370,TUL,118,118,35,0,0
1,OO,15376,TUS,75,75,24,0,0
1,OO,15412,TYS,55,52,10,3,0
1,OO,15919,XNA,63,62,14,1,0
1,OO,16869,XWA,111,110,39,1,0
1,UA,10140,ABQ,62,62,15,0,0
1,UA,10299,ANC,31,31,8,0,0
1,UA,10397,ATL,83,80,14,3,0
1,UA,10423,AUS,142,142,33,0,0
1,UA,10529,BDL,62,62,12,0,0
1,UA,10620,BIL,62,62,17,0,0
1,UA,10693,BNA,101,99,18,2,0
1,UA,10713,BOI,87,87,21,0,0
1,UA,10721,BOS,140,140,24,0,0
1,UA,10800,BUR,65,63,13,0,2
1,UA,10821,BWI,67,64,12,3,0
1,UA,10849,BZN,122,121,37,0,1
1,UA,10994,CHS,31,28,9,3,0
1,UA,11003,CID,62,62,16,0,0
1,UA,11042,CLE,68,68,14,0,0
1,UA,11057,CLT,62,60,9,0,2
1,UA,11066,CMH,62,62,14,0,0
1,UA,11109,COS,75,75,21,0,0
1,UA,11193,CVG,62,59,8,3,0
1,UA,11278,DCA,31,31,13,0,0
1,UA,11298,DFW,142,135,27,6,1
1,UA,11413,DRO,62,62,16,0,0
1,UA,11423,DSM,62,62,12,0,0
1,UA,11433,DTW,62,62,16,0,0
1,UA,11540,ELP,56,56,10,0,0
1,UA,11603,EUG,62,62,20,0,0
1,UA,11618,EWR,255,254,52,1,0
1,UA,11637,FAR,31,31,3,0,0
1,UA,11638,FAT,5,5,2,0,0
1,UA,11648,FCA,68,67,21,0,1
1,UA,11697,FLL,126,125,30,1,0
1,UA,11775,FSD,31,31,7,0,0
1,UA,11884,GEG,68,68,19,0,0
1,UA,11921,GJT,62,62,10,0,0
1,UA,11986,GRR,62,62,12,0,0
1,UA,12003,GTF,6,6,1,0,0
1,UA,12094,HDN,93,88,33,3,2
1,UA,12173,HNL,40,40,5,0,0
1,UA,12264,IAD,192,191,38,1,0
1,UA,12266,IAH,317,305,72,12,0
1,UA,12278,ICT,31,29,3,2,0
1,UA,12339,IND,62,61,10,1,0
1,UA,12441,JAC,98,97,25,0,1
1,UA,12451,JAX,37,37,10,0,0
1,UA,12758,KOA,31,31,1,0,0
1,UA,12889,LAS,223,223,71,0,0
1,UA,12892,LAX,272,272,54,0,0
1,UA,12953,LGA,164,162,44,1,1
1,UA,12982,LIH,32,32,3,0,0
1,UA,13198,MCI,124,116,25,8,0
1,UA,13204,MCO,148,147,29,1,0
1,UA,13244,MEM,62,60,16,2,0
1,UA,13264,MFR,37,35,5,1,1
1,UA,13303,MIA,96,96,22,0,0
1,UA,13342,MKE,31,31,11,0,0
1,UA,13485,MSN,62,61,15,1,0
1,UA,13486,MSO,62,60,16,0,2
1,UA,13487,MSP,118,118,23,0,0
1,UA,13495,MSY,110,101,13,9,0
1,UA,13502,MTJ,93,92,19,1,0
1,UA,13830,OGG,32,30,5,0,2
1,UA,13871,OMA,118,117,29,1,0
1,UA,13891,ONT,65,63,15,0,2
1,UA,13930,ORD,260,258,80,2,0
1,UA,13931,ORF,31,31,6,0,0
1,UA,14027,PBI,23,23,8,0,0
1,UA,14057,PDX,147,147,34,0,0
1,UA,14100,PHL,68,68,17,0,0
1,UA,14107,PHX,252,252,45,0,0
1,UA,14122,PIT,62,62,12,0,0
1,UA,14262,PSP,67,67,20,0,0
1,UA,14457,RAP,32,32,8,0,0
1,UA,14489,RDM,62,60,15,1,1
1,UA,14492,RDU,62,62,10,0,0
1,UA,14524,RIC,31,30,3,1,0
1,UA,14570,RNO,102,102,29,0,0
1,UA,14635,RSW,86,85,16,0,1
1,UA,14679,SAN,173,170,33,0,3
1,UA,14683,SAT,99,99,28,0,0
1,UA,14689,SBA,62,61,12,1,0
1,UA,14698,SBP,31,30,6,1,0
1,UA,14730,SDF,51,49,9,2,0
1,UA,14747,SEA,147,146,29,0,1
1,UA,14771,SFO,302,301,64,1,0
1,UA,14831,SJC,96,96,12,0,0
1,UA,14843,SJU,31,31,8,0,0
1,UA,14869,SLC,142,142,29,0,0
1,UA,14893,SMF,127,126,22,0,1
1,UA,14908,SNA,124,122,36,0,2
1,UA,14986,SRQ,23,23,4,0,0
1,UA,15016,STL,93,89,15,4,0
1,UA,15096,SYR,31,30,10,0,1
1,UA,15304,TPA,123,123,27,0,0
1,UA,15370,TUL,6,6,1,0,0
1,UA,15376,TUS,80,80,18,0,0
1,UA,15412,TYS,7,7,3,0,0
1,UA,15919,XNA,31,30,1,0,1
1,WN,10140,ABQ,103,103,20,0,0
1,WN,10257,ALB,12,12,6,0,0
1,WN,10397,ATL,99,96,23,3,0
1,WN,10423,AUS,175,174,42,1,0
1,WN,10529,BDL,29,29,7,0,0
1,WN,10599,BHM,31,31,11,0,0
1,WN,10693,BNA,167,163,41,4,0
1,WN,10713,BOI,90,89,24,0,1
1,WN,10721,BOS,68,68,14,0,0
1,WN,10792,BUF,12,12,5,0,0
1,WN,10800,BUR,99,96,22,1,2
1,WN,10821,BWI,137,133,33,4,0
1,WN,10849,BZN,74,71,27,1,2
1,WN,10994,CHS,29,27,5,2,0
1,WN,11042,CLE,34,33,11,1,0
1,WN,11057,CLT,26,25,6,1,0
1,WN,11066,CMH,66,66,26,0,0
1,WN,11109,COS,95,95,20,0,0
1,WN,11193,CVG,31,31,6,0,0
1,WN,11259,DAL,254,247,44,7,0
1,WN,11423,DSM,31,31,6,0,0
1,WN,11433,DTW,40,40,12,0,0
1,WN,11540,ELP,63,63,16,0,0
1,WN,11638,FAT,29,29,5,0,0
1,WN,11697,FLL,35,34,9,0,1
1,WN,11884,GEG,64,64,19,0,0
1,WN,11986,GRR,31,31,8,0,0
1,WN,12094,HDN,46,43,10,3,0
1,WN,12191,HOU,196,186,44,10,0
1,WN,12264,IAD,62,62,13,0,0
1,WN,12278,ICT,31,29,5,2,0
1,WN,12339,IND,97,96,25,1,0
1,WN,12451,JAX,31,30,6,1,0
1,WN,12889,LAS,259,259,63,0,0
1,WN,12892,LAX,159,159,31,0,0
1,WN,12896,LBB,9,9,3,0,0
1,WN,12953,LGA,117,116,23,1,0
1,WN,12954,LGB,70,69,9,0,1
1,WN,12992,LIT,31,31,6,0,0
1,WN,13158,MAF,9,9,1,0,0
1,WN,13198,MCI,165,153,31,12,0
1,WN,13204,MCO,161,161,39,0,0
1,WN,13232,MDW,188,188,40,0,0
1,WN,13244,MEM,31,31,10,0,0
1,WN,13303,MIA,32,31,7,1,0
1,WN,13342,MKE,97,94,22,3,0
1,WN,13487,MSP,126,125,32,1,0
1,WN,13495,MSY,97,91,25,6,0
1,WN,13502,MTJ,41,41,13,0,0
1,WN,13796,OAK,126,126,28,0,0
1,WN,13851,OKC,92,92,27,0,0
1,WN,13871,OMA,121,121,30,0,0
1,WN,13891,ONT,98,95,21,1,2
1,WN,13930,ORD,102,101,16,1,0
1,WN,13931,ORF,12,12,5,0,0
1,WN,14057,PDX,108,108,36,0,0
1,WN,14100,PHL,62,62,15,0,0
1,WN,14107,PHX,314,313,63,1,0
1,WN,14122,PIT,39,39,14,0,0
1,WN,14262,PSP,40,40,4,0,0
1,WN,14307,PVD,9,9,4,0,0
1,WN,14492,RDU,59,59,18,0,0
1,WN,14524,RIC,12,12,3,0,0
1,WN,14570,RNO,93,93,20,0,0
1,WN,14635,RSW,28,28,5,0,0
1,WN,14679,SAN,189,187,39,1,1
1,WN,14683,SAT,107,104,26,3,0
1,WN,14730,SDF,31,30,7,1,0
1,WN,14747,SEA,94,94,27,0,0
1,WN,14771,SFO,124,124,30,0,0
1,WN,14831,SJC,127,127,22,0,0
1,WN,14869,SLC,216,215,55,1,0
1,WN,14893,SMF,140,140,35,0,0
1,WN,14908,SNA,121,118,22,0,3
1,WN,14986,SRQ,6,6,2,0,0
1,WN,15016,STL,159,149,43,8,2
1,WN,15304,TPA,99,99,23,0,0
1,WN,15370,TUL,68,67,16,1,0
1,WN,15376,TUS,99,99,21,0,0
2,AA,11057,CLT,127,126,24,1,0
2,AA,11298,DFW,222,220,42,2,0
2,AA,13303,MIA,86,86,17,0,0
2,AA,13930,ORD,70,69,10,1,0
2,AA,14100,PHL,52,48,14,4,0
2,AA,14107,PHX,82,82,20,0,0
2,AS,14057,PDX,20,19,3,1,0
2,AS,14747,SEA,90,89,28,1,0
2,B6,10721,BOS,32,32,10,0,0
2,B6,12478,JFK,38,34,9,4,0
2,DL,10397,ATL,192,192,46,0,0
2,DL,10721,BOS,28,28,10,0,0
2,DL,11433,DTW,79,79,19,0,0
2,DL,12478,JFK,56,56,13,0,0
2,DL,12892,LAX,24,24,6,0,0
2,DL,12953,LGA,80,79,25,1,0
2,DL,13487,MSP,125,124,27,1,0
2,DL,14747,SEA,28,26,6,2,0
2,DL,14869,SLC,120,120,22,0,0
2,F9,10397,ATL,49,49,15,0,0
2,F9,10423,AUS,28,28,7,0,0
2,F9,10693,BNA,8,8,3,0,0
2,F9,10800,BUR,11,11,1,0,0
2,F9,11003,CID,5,5,1,0,0
2,F9,11042,CLE,17,17,2,0,0
2,F9,11057,CLT,16,16,2,0,0
2,F9,11193,CVG,13,13,2,0,0
2,F9,11278,DCA,84,83,41,0,1
2,F9,11298,DFW,91,91,27,0,0
2,F9,11423,DSM,5,5,0,0,0
2,F9,11433,DTW,18,18,1,0,0
2,F9,11503,EGE,10,10,5,0,0
2,F9,11540,ELP,21,21,4,0,0
2,F9,11637,FAR,8,8,0,0,0
2,F9,11775,FSD,8,8,0,0,0
2,F9,12191,HOU,17,17,3,0,0
2,F9,12266,IAH,56,56,14,0,0
2,F9,12339,IND,12,11,3,1,0
2,F9,12889,LAS,137,137,30,0,0
2,F9,12892,LAX,55,55,16,0,0
2,F9,13198,MCI,11,11,3,0,0
2,F9,13204,MCO,67,67,11,0,0
2,F9,13232,MDW,26,26,5,0,0
2,F9,13244,MEM,8,8,0,0,0
2,F9,13303,MIA,36,36,7,0,0
2,F9,13342,MKE,7,7,2,0,0
2,F9,13487,MSP,39,38,8,1,0
2,F9,13495,MSY,18,18,4,0,0
2,F9,13851,OKC,16,16,2,0,0
2,F9,13871,OMA,8,8,0,0,0
2,F9,13891,ONT,42,42,8,0,0
2,F9,13930,ORD,24,24,12,0,0
2,F9,14057,PDX,28,28,9,0,0
2,F9,14100,PHL,12,12,3,0,0
2,F9,14107,PHX,132,132,28,0,0
2,F9,14122,PIT,3,3,0,0,0
2,F9,14193,PNS,25,25,6,0,0
2,F9,14262,PSP,15,15,5,0,0
2,F9,14492,RDU,18,18,3,0,0
2,F9,14635,RSW,2,2,1,0,0
2,F9,14679,SAN,58,56,15,1,1
2,F9,14683,SAT,15,15,4,0,0
2,F9,14747,SEA,21,21,6,0,0
2,F9,14771,SFO,51,51,18,0,0
2,F9,14831,SJC,14,14,3,0,0
2,F9,14869,SLC,75,75,16,0,0
2,F9,14893,SMF,13,13,3,0,0
2,F9,14908,SNA,28,27,5,0,1
2,F9,15016,STL,16,16,0,0,0
2,F9,15304,TPA,44,44,12,0,0
2,F9,15412,TYS,3,3,0,0,0
2,G4,10431,AVL,5,5,2,0,0
2,G4,14108,PIA,8,7,1,0,1
2,G4,15412,TYS,8,8,1,0,0
2,MQ,14107,PHX,16,15,5,1,0
2,OO,10140,ABQ,40,40,8,0,0
2,OO,10157,ACV,22,22,8,0,0
2,OO,10279,AMA,56,55,20,1,0
2,OO,10372,ASE,264,235,75,26,3
2,OO,10408,ATW,28,28,5,0,0
2,OO,10558,BFF,48,46,10,2,0
2,OO,10561,BFL,56,56,22,0,0
2,OO,10599,BHM,56,56,10,0,0
2,OO,10617,BIH,28,28,13,0,0
2,OO,10620,BIL,56,54,16,2,0
2,OO,10627,BIS,112,105,34,7,0
2,OO,10713,BOI,57,57,16,0,0
2,OO,10779,BTM,28,27,10,1,0
2,OO,10849,BZN,18,18,6,0,0
2,OO,11097,COD,56,50,14,5,1
2,OO,11109,COS,246,241,72,5,0
2,OO,11122,CPR,168,166,53,2,0
2,OO,11233,CYS,56,55,21,0,1
2,OO,11267,DAY,28,28,6,0,0
2,OO,11283,DDC,48,46,16,2,0
2,OO,11315,DIK,52,50,11,2,0
2,OO,11413,DRO,112,110,34,2,0
2,OO,11423,DSM,58,57,7,1,0
2,OO,11447,DVL,24,24,5,0,0
2,OO,11468,EAR,48,47,10,1,0
2,OO,11481,ECP,2,2,1,0,0
2,OO,11503,EGE,124,121,37,3,0
2,OO,11637,FAR,60,60,23,0,0
2,OO,11638,FAT,68,68,24,0,0
2,OO,11648,FCA,28,28,6,0,0
2,OO,11775,FSD,82,82,21,0,0
2,OO,11865,GCC,56,50,8,4,2
2,OO,11884,GEG,22,22,11,0,0
2,OO,11921,GJT,112,109,38,3,0
2,OO,11995,GSO,28,28,6,0,0
2,OO,11996,GSP,28,28,6,0,0
2,OO,12003,GTF,56,56,14,0,0
2,OO,12012,GUC,86,84,18,2,0
2,OO,12156,HLN,56,56,23,0,0
2,OO,12177,HOB,28,27,13,0,1
2,OO,12217,HSV,56,56,20,0,0
2,OO,12255,HYS,48,45,10,2,1
2,OO,12278,ICT,84,82,21,2,0
2,OO,12280,IDA,112,109,33,2,1
2,OO,12441,JAC,16,14,3,0,2
2,OO,12511,JLN,28,26,7,1,1
2,OO,12519,JMS,28,28,7,0,0
2,OO,12888,LAR,48,47,15,1,0
2,OO,12892,LAX,110,110,30,0,0
2,OO,12896,LBB,56,56,22,0,0
2,OO,12899,LBF,48,47,12,1,0
2,OO,12902,LBL,48,47,9,1,0
2,OO,12945,LEX,28,27,4,0,1
2,OO,12992,LIT,83,82,26,1,0
2,OO,13029,LNK,112,111,44,1,0
2,OO,13158,MAF,106,104,35,1,1
2,OO,13198,MCI,15,15,4,0,0
2,OO,13264,MFR,29,28,8,0,1
2,OO,13342,MKE,28,27,8,0,1
2,OO,13367,MLI,28,28,7,0,0
2,OO,13433,MOT,56,54,19,2,0
2,OO,13476,MRY,56,54,20,0,2
2,OO,13486,MSO,22,22,2,0,0
2,OO,13851,OKC,134,128,39,4,2
2,OO,14193,PNS,2,2,0,0,0
2,OO,14237,PRC,28,28,8,0,0
2,OO,14252,PSC,57,57,14,0,0
2,OO,14262,PSP,80,80,17,0,0
2,OO,14457,RAP,172,157,49,15,0
2,OO,14534,RIW,56,56,14,0,0
2,OO,14543,RKS,56,55,18,1,0
2,OO,14674,SAF,94,93,20,1,0
2,OO,14685,SAV,24,24,0,0,0
2,OO,14698,SBP,28,28,10,0,0
2,OO,14747,SEA,56,56,13,0,0
2,OO,14783,SGF,101,96,25,4,1
2,OO,14794,SGU,76,74,26,1,1
2,OO,14812,SHR,56,55,16,1,0
2,OO,14814,SHV,27,26,7,1,0
2,OO,14869,SLC,105,105,38,0,0
2,OO,14877,SLN,28,28,15,0,0
2,OO,15041,SUN,56,55,13,1,0
2,OO,15048,SUX,28,28,11,0,0
2,OO,15370,TUL,111,108,29,3,0
2,OO,15376,TUS,60,60,10,0,0
2,OO,15412,TYS,56,56,9,0,0
2,OO,15919,XNA,56,54,13,1,1
2,OO,16869,XWA,102,99,35,3,0
2,UA,10140,ABQ,72,72,16,0,0
2,UA,10299,ANC,28,28,5,0,0
2,UA,10397,ATL,64,64,9,0,0
2,UA,10423,AUS,128,128,29,0,0
2,UA,10529,BDL,56,55,8,0,1
2,UA,10620,BIL,56,56,13,0,0
2,UA,10693,BNA,92,91,10,0,1
2,UA,10713,BOI,83,83,20,0,0
2,UA,10721,BOS,120,119,19,1,0
2,UA,10800,BUR,56,56,13,0,0
2,UA,10821,BWI,56,55,9,0,1
2,UA,10849,BZN,110,110,26,0,0
2,UA,10994,CHS,28,28,5,0,0
2,UA,11003,CID,56,56,13,0,0
2,UA,11042,CLE,56,56,5,0,0
2,UA,11057,CLT,56,56,9,0,0
2,UA,11066,CMH,56,56,11,0,0
2,UA,11109,COS,62,62,12,0,0
2,UA,11193,CVG,56,56,12,0,0
2,UA,11278,DCA,28,28,10,0,0
2,UA,11298,DFW,140,140,31,0,0
2,UA,11413,DRO,56,56,16,0,0
2,UA,11423,DSM,54,54,7,0,0
2,UA,11433,DTW,56,56,9,0,0
2,UA,11503,EGE,16,16,6,0,0
2,UA,11540,ELP,56,56,15,0,0
2,UA,11603,EUG,56,56,15,0,0
2,UA,11618,EWR,224,223,49,1,0
2,UA,11637,FAR,28,28,4,0,0
2,UA,11638,FAT,16,16,3,0,0
2,UA,11648,FCA,56,56,21,0,0
2,UA,11697,FLL,122,122,23,0,0
2,UA,11775,FSD,28,28,4,0,0
2,UA,11884,GEG,56,56,17,0,0
2,UA,11921,GJT,56,56,11,0,0
2,UA,11986,GRR,56,56,10,0,0
2,UA,12094,HDN,84,82,23,0,2
2,UA,12173,HNL,32,32,12,0,0
2,UA,12264,IAD,178,178,24,0,0
2,UA,12266,IAH,280,279,52,1,0
2,UA,12278,ICT,28,28,7,0,0
2,UA,12339,IND,56,56,12,0,0
2,UA,12441,JAC,96,95,26,0,1
2,UA,12451,JAX,45,45,8,0,0
2,UA,12758,KOA,28,28,7,0,0
2,UA,12889,LAS,214,214,50,0,0
2,UA,12892,LAX,244,244,48,0,0
2,UA,12953,LGA,152,150,27,0,2
2,UA,12982,LIH,30,30,10,0,0
2,UA,13198,MCI,97,97,22,0,0
2,UA,13204,MCO,154,154,33,0,0
2,UA,13244,MEM,56,56,10,0,0
2,UA,13264,MFR,28,27,7,1,0
2,UA,13303,MIA,100,100,19,0,0
2,UA,13342,MKE,28,28,3,0,0
2,UA,13485,MSN,56,56,13,0,0
2,UA,13486,MSO,56,56,9,0,0
2,UA,13487,MSP,112,112,27,0,0
2,UA,13495,MSY,98,98,19,0,0
2,UA,13502,MTJ,84,84,19,0,0
2,UA,13830,OGG,29,28,8,1,0
2,UA,13871,OMA,112,112,18,0,0
2,UA,13891,ONT,56,56,14,0,0
2,UA,13930,ORD,237,236,49,1,0
2,UA,13931,ORF,28,28,6,0,0
2,UA,14027,PBI,24,24,8,0,0
2,UA,14057,PDX,131,131,41,0,0
2,UA,14100,PHL,56,56,8,0,0
2,UA,14107,PHX,236,235,37,1,0
2,UA,14122,PIT,56,56,8,0,0
2,UA,14262,PSP,56,56,19,0,0
2,UA,14457,RAP,28,26,4,2,0
2,UA,14489,RDM,56,55,22,0,1
2,UA,14492,RDU,56,56,10,0,0
2,UA,14524,RIC,28,28,3,0,0
2,UA,14570,RNO,98,98,23,0,0
2,UA,14635,RSW,80,80,18,0,0
2,UA,14679,SAN,156,156,38,0,0
2,UA,14683,SAT,84,84,11,0,0
2,UA,14689,SBA,56,56,20,0,0
2,UA,14698,SBP,28,28,10,0,0
2,UA,14730,SDF,34,34,8,0,0
2,UA,14747,SEA,132,132,29,0,0
2,UA,14771,SFO,272,272,86,0,0
2,UA,14831,SJC,88,88,20,0,0
2,UA,14843,SJU,28,28,4,0,0
2,UA,14869,SLC,111,111,19,0,0
2,UA,14893,SMF,126,126,27,0,0
2,UA,14908,SNA,112,112,17,0,0
2,UA,14986,SRQ,24,24,4,0,0
2,UA,15016,STL,82,82,9,0,0
2,UA,15096,SYR,28,28,7,0,0
2,UA,15304,TPA,122,122,23,0,0
2,UA,15376,TUS,80,80,15,0,0
2,UA,15919,XNA,28,27,6,1,0
2,WN,10140,ABQ,97,97,17,0,0
2,WN,10257,ALB,19,19,5,0,0
2,WN,10397,ATL,91,91,17,0,0
2,WN,10423,AUS,176,176,42,0,0
2,WN,10529,BDL,28,28,7,0,0
2,WN,10599,BHM,28,28,9,0,0
2,WN,10693,BNA,161,158,31,3,0
2,WN,10713,BOI,82,82,26,0,0
2,WN,10721,BOS,70,70,13,0,0
2,WN,10792,BUF,19,18,8,0,1
2,WN,10800,BUR,94,94,19,0,0
2,WN,10821,BWI,128,127,25,1,0
2,WN,10849,BZN,73,72,27,0,1
2,WN,10994,CHS,28,28,7,0,0
2,WN,11042,CLE,28,28,12,0,0
2,WN,11057,CLT,26,26,12,0,0
2,WN,11066,CMH,64,64,20,0,0
2,WN,11109,COS,88,88,19,0,0
2,WN,11193,CVG,28,28,5,0,0
2,WN,11259,DAL,241,240,59,1,0
2,WN,11423,DSM,28,28,6,0,0
2,WN,11433,DTW,45,45,12,0,0
2,WN,11540,ELP,54,54,13,0,0
2,WN,11638,FAT,26,26,10,0,0
2,WN,11697,FLL,32,32,9,0,0
2,WN,11884,GEG,56,55,22,0,1
2,WN,11986,GRR,28,28,11,0,0
2,WN,12094,HDN,49,49,17,0,0
2,WN,12191,HOU,178,178,41,0,0
2,WN,12264,IAD,52,52,10,0,0
2,WN,12278,ICT,28,28,8,0,0
2,WN,12339,IND,90,90,20,0,0
2,WN,12451,JAX,28,28,7,0,0
2,WN,12889,LAS,259,257,67,2,0
2,WN,12892,LAX,144,144,34,0,0
2,WN,12896,LBB,17,17,5,0,0
2,WN,12953,LGA,104,104,22,0,0
2,WN,12954,LGB,70,69,15,0,1
2,WN,12992,LIT,28,28,7,0,0
2,WN,13158,MAF,15,15,3,0,0
2,WN,13198,MCI,161,161,33,0,0
2,WN,13204,MCO,149,149,34,0,0
2,WN,13232,MDW,166,163,36,3,0
2,WN,13244,MEM,28,28,8,0,0
2,WN,13303,MIA,28,28,8,0,0
2,WN,13342,MKE,82,81,16,1,0
2,WN,13487,MSP,118,118,29,0,0
2,WN,13495,MSY,98,98,39,0,0
2,WN,13502,MTJ,42,42,10,0,0
2,WN,13796,OAK,120,119,37,1,0
2,WN,13851,OKC,80,77,19,1,2
2,WN,13871,OMA,108,108,27,0,0
2,WN,13891,ONT,89,89,24,0,0
2,WN,13930,ORD,99,99,21,0,0
2,WN,13931,ORF,19,19,4,0,0
2,WN,14057,PDX,99,99,33,0,0
2,WN,14100,PHL,62,62,10,0,0
2,WN,14107,PHX,297,295,74,2,0
2,WN,14122,PIT,38,38,14,0,0
2,WN,14262,PSP,45,44,14,0,1
2,WN,14307,PVD,17,16,5,0,1
2,WN,14492,RDU,46,46,14,0,0
2,WN,14524,RIC,19,18,2,1,0
2,WN,14570,RNO,84,78,30,5,1
2,WN,14635,RSW,26,26,8,0,0
2,WN,14679,SAN,169,169,52,0,0
2,WN,14683,SAT,99,98,20,0,1
2,WN,14730,SDF,28,28,8,0,0
2,WN,14747,SEA,82,82,28,0,0
2,WN,14771,SFO,116,116,55,0,0
2,WN,14831,SJC,112,112,26,0,0
2,WN,14869,SLC,203,203,66,0,0
2,WN,14893,SMF,127,127,42,0,0
2,WN,14908,SNA,111,111,19,0,0
2,WN,14986,SRQ,16,16,8,0,0
2,WN,15016,STL,154,154,31,0,0
2,WN,15304,TPA,99,99,27,0,0
2,WN,15370,TUL,67,67,16,0,0
2,WN,15376,TUS,97,97,24,0,0
3,AA,11057,CLT,149,148,25,1,0
3,AA,11298,DFW,271,263,54,8,0
3,AA,13303,MIA,94,92,16,2,0
3,AA,13930,ORD,85,85,18,0,0
3,AA,14100,PHL,72,69,11,2,1
3,AA,14107,PHX,95,94,9,1,0
3,AS,14057,PDX,26,25,1,1,0
3,AS,14747,SEA,114,114,20,0,0
3,B6,10721,BOS,60,60,20,0,0
3,B6,12478,JFK,60,59,13,0,1
3,DL,10397,ATL,231,231,34,0,0
3,DL,10721,BOS,31,31,6,0,0
3,DL,11433,DTW,106,106,16,0,0
3,DL,12478,JFK,62,61,9,0,1
3,DL,12892,LAX,29,29,2,0,0
3,DL,12953,LGA,88,87,19,0,1
3,DL,13487,MSP,150,150,25,0,0
3,DL,14747,SEA,57,56,9,0,1
3,DL,14869,SLC,145,145,18,0,0
3,F9,10397,ATL,51,51,17,0,0
3,F9,10423,AUS,57,57,11,0,0
3,F9,10693,BNA,20,20,4,0,0
3,F9,10800,BUR,13,13,3,0,0
3,F9,10821,BWI,8,8,0,0,0
3,F9,11003,CID,12,12,2,0,0
3,F9,11042,CLE,14,14,0,0,0
3,F9,11057,CLT,22,22,5,0,0
3,F9,11193,CVG,25,25,5,0,0
3,F9,11278,DCA,93,93,26,0,0
3,F9,11298,DFW,88,86,25,2,0
3,F9,11423,DSM,16,16,6,0,0
3,F9,11433,DTW,18,18,4,0,0
3,F9,11503,EGE,7,7,2,0,0
3,F9,11540,ELP,30,28,6,1,1
3,F9,11637,FAR,12,12,2,0,0
3,F9,11775,FSD,12,12,2,0,0
3,F9,12191,HOU,18,18,1,0,0
3,F9,12266,IAH,62,61,19,1,0
3,F9,12339,IND,20,20,4,0,0
3,F9,12889,LAS,165,165,39,0,0
3,F9,12892,LAX,62,62,11,0,0
3,F9,12992,LIT,8,8,0,0,0
3,F9,13198,MCI,18,18,7,0,0
3,F9,13204,MCO,85,84,12,1,0
3,F9,13232,MDW,31,31,7,0,0
3,F9,13244,MEM,12,12,0,0,0
3,F9,13303,MIA,31,31,10,0,0
3,F9,13342,MKE,10,10,3,0,0
3,F9,13485,MSN,8,8,2,0,0
3,F9,13487,MSP,33,33,6,0,0
3,F9,13495,MSY,22,22,3,0,0
3,F9,13851,OKC,28,28,8,0,0
3,F9,13871,OMA,17,17,3,0,0
3,F9,13891,ONT,49,49,7,0,0
3,F9,13930,ORD,30,30,13,0,0
3,F9,14057,PDX,31,31,5,0,0
3,F9,14100,PHL,30,30,15,0,0
3,F9,14107,PHX,163,163,41,0,0
3,F9,14193,PNS,16,16,1,0,0
3,F9,14262,PSP,18,18,4,0,0
3,F9,14492,RDU,24,24,3,0,0
3,F9,14570,RNO,11,11,3,0,0
3,F9,14635,RSW,9,9,2,0,0
3,F9,14679,SAN,62,62,14,0,0
3,F9,14683,SAT,18,18,2,0,0
3,F9,14747,SEA,20,20,8,0,0
3,F9,14771,SFO,62,62,14,0,0
3,F9,14831,SJC,17,17,4,0,0
3,F9,14869,SLC,87,86,9,1,0
3,F9,14893,SMF,13,13,1,0,0
3,F9,14908,SNA,31,31,5,0,0
3,F9,15016,STL,18,18,2,0,0
3,F9,15304,TPA,68,67,19,1,0
3,F9,15376,TUS,13,13,4,0,0
3,F9,15412,TYS,8,8,0,0,0
3,F9,15919,XNA,12,12,3,0,0
3,G4,10431,AVL,9,8,0,1,0
3,G4,14108,PIA,9,9,3,0,0
3,G4,15412,TYS,9,9,1,0,0
3,MQ,14107,PHX,28,28,7,0,0
3,OO,10140,ABQ,57,56,7,1,0
3,OO,10157,ACV,26,26,4,0,0
3,OO,10279,AMA,63,61,19,2,0
3,OO,10372,ASE,302,268,70,26,8
3,OO,10408,ATW,31,31,10,0,0
3,OO,10431,AVL,2,2,0,0,0
3,OO,10558,BFF,54,53,10,1,0
3,OO,10561,BFL,62,62,10,0,0
3,OO,10599,BHM,62,61,12,1,0
3,OO,10617,BIH,29,29,4,0,0
3,OO,10620,BIL,64,64,5,0,0
3,OO,10627,BIS,124,124,20,0,0
3,OO,10713,BOI,66,66,7,0,0
3,OO,10779,BTM,31,30,4,0,1
3,OO,10849,BZN,49,49,2,0,0
3,OO,11097,COD,62,56,7,2,4
3,OO,11109,COS,285,281,45,4,0
3,OO,11122,CPR,186,184,29,2,0
3,OO,11233,CYS,62,61,11,1,0
3,OO,11267,DAY,31,31,5,0,0
3,OO,11283,DDC,53,52,5,1,0
3,OO,11315,DIK,57,57,10,0,0
3,OO,11413,DRO,124,121,11,2,1
3,OO,11423,DSM,63,61,6,2,0
3,OO,11447,DVL,27,27,3,0,0
3,OO,11468,EAR,54,54,9,0,0
3,OO,11481,ECP,1,1,0,0,0
3,OO,11503,EGE,122,121,16,1,0
3,OO,11637,FAR,77,77,17,0,0
3,OO,11638,FAT,63,63,7,0,0
3,OO,11648,FCA,29,29,2,0,0
3,OO,11775,FSD,93,93,11,0,0
3,OO,11865,GCC,62,62,6,0,0
3,OO,11884,GEG,5,5,0,0,0
3,OO,11921,GJT,124,124,24,0,0
3,OO,11995,GSO,31,30,4,1,0
3,OO,11996,GSP,31,31,5,0,0
3,OO,12003,GTF,62,62,7,0,0
3,OO,12012,GUC,96,95,6,0,1
3,OO,12094,HDN,2,2,0,0,0
3,OO,12156,HLN,62,62,10,0,0
3,OO,12177,HOB,31,28,7,3,0
3,OO,12206,HRL,4,3,0,1,0
3,OO,12217,HSV,62,61,9,1,0
3,OO,12255,HYS,53,53,7,0,0
3,OO,12278,ICT,91,91,12,0,0
3,OO,12280,IDA,124,121,17,1,2
3,OO,12441,JAC,50,49,7,0,1
3,OO,12511,JLN,31,31,8,0,0
3,OO,12519,JMS,31,31,5,0,0
3,OO,12888,LAR,53,51,9,2,0
3,OO,12892,LAX,124,124,11,0,0
3,OO,12896,LBB,62,60,10,2,0
3,OO,12899,LBF,54,53,10,1,0
3,OO,12902,LBL,53,52,9,1,0
3,OO,12945,LEX,31,31,6,0,0
3,OO,12992,LIT,91,91,9,0,0
3,OO,13029,LNK,124,114,25,7,3
3,OO,13158,MAF,119,118,22,1,0
3,OO,13198,MCI,1,1,0,0,0
3,OO,13264,MFR,31,31,4,0,0
3,OO,13342,MKE,31,31,8,0,0
3,OO,13367,MLI,31,31,6,0,0
3,OO,13433,MOT,62,61,8,0,1
3,OO,13476,MRY,62,62,10,0,0
3,OO,13486,MSO,26,26,2,0,0
3,OO,13502,MTJ,24,23,3,1,0
3,OO,13851,OKC,155,153,20,2,0
3,OO,14108,PIA,3,3,0,0,0
3,OO,14193,PNS,1,1,0,0,0
3,OO,14237,PRC,31,30,8,0,1
3,OO,14252,PSC,60,60,9,0,0
3,OO,14262,PSP,49,47,5,1,1
3,OO,14457,RAP,209,206,37,1,2
3,OO,14534,RIW,62,62,6,0,0
3,OO,14543,RKS,62,61,9,1,0
3,OO,14570,RNO,1,1,0,0,0
3,OO,14674,SAF,117,117,15,0,0
3,OO,14685,SAV,29,29,4,0,0
3,OO,14698,SBP,35,35,2,0,0
3,OO,14747,SEA,36,36,6,0,0
3,OO,14783,SGF,120,120,21,0,0
3,OO,14794,SGU,85,84,12,0,1
3,OO,14812,SHR,62,58,6,3,1
3,OO,14814,SHV,31,31,5,0,0
3,OO,14869,SLC,125,123,19,1,1
3,OO,14877,SLN,31,30,8,1,0
3,OO,15041,SUN,60,59,7,0,1
3,OO,15048,SUX,31,30,2,1,0
3,OO,15370,TUL,122,122,11,0,0
3,OO,15376,TUS,67,67,10,0,0
3,OO,15412,TYS,62,61,8,1,0
3,OO,15919,XNA,61,61,7,0,0
3,OO,16869,XWA,114,113,17,0,1
3,UA,10140,ABQ,67,67,10,0,0
3,UA,10299,ANC,31,31,2,0,0
3,UA,10397,ATL,59,59,5,0,0
3,UA,10423,AUS,154,152,21,0,2
3,UA,10529,BDL,62,62,9,0,0
3,UA,10620,BIL,62,61,11,1,0
3,UA,10693,BNA,102,102,28,0,0
3,UA,10713,BOI,89,89,8,0,0
3,UA,10721,BOS,165,165,30,0,0
3,UA,10800,BUR,63,63,13,0,0
3,UA,10821,BWI,80,80,13,0,0
3,UA,10849,BZN,98,98,12,0,0
3,UA,10994,CHS,31,31,5,0,0
3,UA,11003,CID,62,61,10,1,0
3,UA,11042,CLE,64,63,8,1,0
3,UA,11057,CLT,62,61,18,0,1
3,UA,11066,CMH,62,62,11,0,0
3,UA,11109,COS,56,56,8,0,0
3,UA,11193,CVG,62,62,11,0,0
3,UA,11278,DCA,31,31,7,0,0
3,UA,11298,DFW,169,169,34,0,0
3,UA,11413,DRO,62,62,15,0,0
3,UA,11423,DSM,61,59,8,2,0
3,UA,11433,DTW,62,62,15,0,0
3,UA,11481,ECP,4,4,3,0,0
3,UA,11503,EGE,31,31,5,0,0
3,UA,11540,ELP,62,62,9,0,0
3,UA,11603,EUG,62,62,14,0,0
3,UA,11618,EWR,270,269,56,0,1
3,UA,11637,FAR,31,31,8,0,0
3,UA,11638,FAT,30,30,8,0,0
3,UA,11648,FCA,62,62,12,0,0
3,UA,11697,FLL,147,146,19,0,1
3,UA,11775,FSD,31,31,8,0,0
3,UA,11884,GEG,80,80,15,0,0
3,UA,11921,GJT,62,62,14,0,0
3,UA,11986,GRR,62,61,10,0,1
3,UA,12094,HDN,89,87,13,2,0
3,UA,12173,HNL,58,57,11,0,1
3,UA,12264,IAD,214,214,28,0,0
3,UA,12266,IAH,310,310,36,0,0
3,UA,12278,ICT,32,32,8,0,0
3,UA,12339,IND,62,62,7,0,0
3,UA,12441,JAC,74,73,19,0,1
3,UA,12451,JAX,62,62,12,0,0
3,UA,12758,KOA,31,31,3,0,0
3,UA,12889,LAS,259,258,39,1,0
3,UA,12892,LAX,269,269,38,0,0
3,UA,12953,LGA,167,164,49,0,3
3,UA,12982,LIH,36,36,5,0,0
3,UA,13198,MCI,123,123,16,0,0
3,UA,13204,MCO,202,201,24,0,1
3,UA,13244,MEM,62,62,12,0,0
3,UA,13264,MFR,31,31,8,0,0
3,UA,13303,MIA,123,122,28,0,1
3,UA,13342,MKE,31,31,8,0,0
3,UA,13485,MSN,62,62,20,0,0
3,UA,13486,MSO,62,62,10,0,0
3,UA,13487,MSP,123,122,22,0,1
3,UA,13495,MSY,91,91,14,0,0
3,UA,13502,MTJ,67,67,10,0,0
3,UA,13830,OGG,35,35,4,0,0
3,UA,13871,OMA,124,119,23,4,1
3,UA,13891,ONT,62,62,7,0,0
3,UA,13930,ORD,296,295,61,0,1
3,UA,13931,ORF,31,31,5,0,0
3,UA,14027,PBI,33,33,9,0,0
3,UA,14057,PDX,153,153,28,0,0
3,UA,14100,PHL,78,78,9,0,0
3,UA,14107,PHX,283,282,40,1,0
3,UA,14122,PIT,62,62,11,0,0
3,UA,14193,PNS,4,4,0,0,0
3,UA,14252,PSC,3,3,2,0,0
3,UA,14262,PSP,106,106,15,0,0
3,UA,14457,RAP,31,30,8,0,1
3,UA,14489,RDM,62,61,8,0,1
3,UA,14492,RDU,62,62,9,0,0
3,UA,14524,RIC,31,31,7,0,0
3,UA,14570,RNO,121,120,31,0,1
3,UA,14635,RSW,98,98,18,0,0
3,UA,14679,SAN,179,179,26,0,0
3,UA,14683,SAT,117,117,15,0,0
3,UA,14685,SAV,2,2,1,0,0
3,UA,14689,SBA,62,62,8,0,0
3,UA,14698,SBP,28,28,5,0,0
3,UA,14730,SDF,31,31,9,0,0
3,UA,14747,SEA,153,153,30,0,0
3,UA,14771,SFO,280,279,62,1,0
3,UA,14831,SJC,91,90,19,0,1
3,UA,14843,SJU,31,31,7,0,0
3,UA,14869,SLC,115,115,20,0,0
3,UA,14893,SMF,152,152,24,0,0
3,UA,14908,SNA,126,126,16,0,0
3,UA,14986,SRQ,31,30,2,0,1
3,UA,15016,STL,88,88,15,0,0
3,UA,15096,SYR,31,31,8,0,0
3,UA,15304,TPA,148,146,20,2,0
3,UA,15376,TUS,91,91,12,0,0
3,UA,15919,XNA,31,31,3,0,0
3,WN,10140,ABQ,125,123,24,2,0
3,WN,10257,ALB,29,29,12,0,0
3,WN,10397,ATL,106,105,25,0,1
3,WN,10423,AUS,204,201,39,2,1
3,WN,10529,BDL,31,31,11,0,0
3,WN,10599,BHM,31,31,9,0,0
3,WN,10693,BNA,200,197,37,1,2
3,WN,10713,BOI,89,89,16,0,0
3,WN,10721,BOS,49,49,7,0,0
3,WN,10792,BUF,29,28,9,1,0
3,WN,10800,BUR,107,104,19,3,0
3,WN,10821,BWI,147,143,32,1,3
3,WN,10849,BZN,91,91,14,0,0
3,WN,10994,CHS,31,31,5,0,0
3,WN,11042,CLE,43,43,11,0,0
3,WN,11057,CLT,31,31,7,0,0
3,WN,11066,CMH,75,75,16,0,0
3,WN,11109,COS,98,98,16,0,0
3,WN,11193,CVG,31,31,5,0,0
3,WN,11259,DAL,282,276,57,6,0
3,WN,11423,DSM,31,30,10,1,0
3,WN,11433,DTW,56,56,14,0,0
3,WN,11481,ECP,20,20,7,0,0
3,WN,11540,ELP,62,62,8,0,0
3,WN,11638,FAT,31,31,4,0,0
3,WN,11697,FLL,40,40,8,0,0
3,WN,11884,GEG,62,62,18,0,0
3,WN,11986,GRR,31,31,10,0,0
3,WN,12094,HDN,65,64,13,0,1
3,WN,12191,HOU,181,181,25,0,0
3,WN,12264,IAD,79,78,16,0,1
3,WN,12278,ICT,31,31,9,0,0
3,WN,12339,IND,119,119,30,0,0
3,WN,12451,JAX,35,35,16,0,0
3,WN,12889,LAS,290,290,68,0,0
3,WN,12892,LAX,163,163,30,0,0
3,WN,12896,LBB,23,22,4,1,0
3,WN,12953,LGA,114,113,31,0,1
3,WN,12954,LGB,95,95,14,0,0
3,WN,12992,LIT,31,31,2,0,0
3,WN,13158,MAF,18,18,2,0,0
3,WN,13198,MCI,192,191,29,1,0
3,WN,13204,MCO,183,182,28,1,0
3,WN,13232,MDW,182,179,27,2,1
3,WN,13244,MEM,31,31,11,0,0
3,WN,13303,MIA,39,39,9,0,0
3,WN,13342,MKE,100,99,27,1,0
3,WN,13487,MSP,141,141,34,0,0
3,WN,13495,MSY,107,107,19,0,0
3,WN,13502,MTJ,64,64,12,0,0
3,WN,13796,OAK,141,141,22,0,0
3,WN,13851,OKC,88,88,15,0,0
3,WN,13871,OMA,119,114,24,5,0
3,WN,13891,ONT,106,106,24,0,0
3,WN,13930,ORD,95,95,16,0,0
3,WN,13931,ORF,29,29,5,0,0
3,WN,14057,PDX,117,117,25,0,0
3,WN,14100,PHL,63,63,16,0,0
3,WN,14107,PHX,397,392,89,4,1
3,WN,14122,PIT,59,59,15,0,0
3,WN,14193,PNS,20,19,3,0,1
3,WN,14262,PSP,64,63,18,1,0
3,WN,14307,PVD,29,29,10,0,0
3,WN,14492,RDU,61,61,14,0,0
3,WN,14524,RIC,29,28,11,0,1
3,WN,14570,RNO,89,87,16,1,1
3,WN,14635,RSW,35,35,8,0,0
3,WN,14679,SAN,208,206,36,1,1
3,WN,14683,SAT,133,132,23,0,1
3,WN,14685,SAV,4,4,1,0,0
3,WN,14730,SDF,31,30,12,0,1
3,WN,14747,SEA,92,91,28,1,0
3,WN,14771,SFO,128,127,44,1,0
3,WN,14831,SJC,120,120,25,0,0
3,WN,14869,SLC,201,201,37,0,0
3,WN,14893,SMF,144,144,29,0,0
3,WN,14908,SNA,130,129,23,1,0
3,WN,14986,SRQ,31,30,7,1,0
3,WN,15016,STL,194,194,33,0,0
3,WN,15304,TPA,122,121,26,0,1
3,WN,15370,TUL,85,84,15,0,1
3,WN,15376,TUS,113,113,21,0,0
4,AA,11057,CLT,146,146,38,0,0
4,AA,11298,DFW,265,256,94,8,1
4,AA,13303,MIA,64,64,23,0,0
4,AA,13930,ORD,90,89,17,1,0
4,AA,14100,PHL,57,55,7,2,0
4,AA,14107,PHX,77,77,20,0,0
4,AS,14057,PDX,36,35,8,1,0
4,AS,14747,SEA,114,113,31,1,0
4,B6,10721,BOS,31,31,10,0,0
4,B6,12478,JFK,31,31,6,0,0
4,DL,10397,ATL,226,224,72,1,1
4,DL,10721,BOS,30,30,7,0,0
4,DL,11433,DTW,107,107,22,0,0
4,DL,12478,JFK,60,60,9,0,0
4,DL,12892,LAX,30,29,4,1,0
4,DL,12953,LGA,85,85,21,0,0
4,DL,13487,MSP,146,146,46,0,0
4,DL,14747,SEA,69,69,10,0,0
4,DL,14869,SLC,146,146,30,0,0
4,F9,10397,ATL,45,43,21,2,0
4,F9,10423,AUS,52,52,15,0,0
4,F9,10693,BNA,19,19,7,0,0
4,F9,10800,BUR,12,12,2,0,0
4,F9,10821,BWI,11,11,2,0,0
4,F9,11003,CID,11,11,1,0,0
4,F9,11042,CLE,14,14,0,0,0
4,F9,11057,CLT,20,19,5,1,0
4,F9,11193,CVG,26,24,9,2,0
4,F9,11278,DCA,90,90,17,0,0
4,F9,11298,DFW,82,80,28,2,0
4,F9,11423,DSM,10,9,0,1,0
4,F9,11433,DTW,16,16,2,0,0
4,F9,11503,EGE,3,3,1,0,0
4,F9,11540,ELP,28,28,3,0,0
4,F9,11637,FAR,15,14,1,1,0
4,F9,11775,FSD,8,8,1,0,0
4,F9,12191,HOU,12,11,5,0,1
4,F9,12266,IAH,55,55,17,0,0
4,F9,12339,IND,17,16,4,1,0
4,F9,12889,LAS,162,161,42,1,0
4,F9,12892,LAX,60,60,15,0,0
4,F9,12992,LIT,9,9,3,0,0
4,F9,13198,MCI,19,18,3,1,0
4,F9,13204,MCO,63,63,23,0,0
4,F9,13232,MDW,25,24,8,1,0
4,F9,13244,MEM,11,10,1,0,1
4,F9,13303,MIA,30,30,10,0,0
4,F9,13342,MKE,8,8,4,0,0
4,F9,13485,MSN,9,9,4,0,0
4,F9,13487,MSP,33,33,9,0,0
4,F9,13495,MSY,18,18,6,0,0
4,F9,13851,OKC,26,25,5,1,0
4,F9,13871,OMA,8,7,1,1,0
4,F9,13891,ONT,60,59,14,1,0
4,F9,13930,ORD,24,23,16,1,0
4,F9,14057,PDX,30,30,7,0,0
4,F9,14100,PHL,24,24,12,0,0
4,F9,14107,PHX,148,148,44,0,0
4,F9,14193,PNS,12,12,3,0,0
4,F9,14262,PSP,14,14,4,0,0
4,F9,14492,RDU,25,25,8,0,0
4,F9,14570,RNO,13,13,1,0,0
4,F9,14679,SAN,73,73,17,0,0
4,F9,14683,SAT,18,18,5,0,0
4,F9,14747,SEA,28,28,5,0,0
4,F9,14771,SFO,54,54,11,0,0
4,F9,14831,SJC,13,12,2,1,0
4,F9,14869,SLC,85,84,20,1,0
4,F9,14893,SMF,9,9,1,0,0
4,F9,14908,SNA,30,30,6,0,0
4,F9,15016,STL,20,20,4,0,0
4,F9,15304,TPA,54,54,23,0,0
4,F9,15376,TUS,11,11,2,0,0
4,F9,15412,TYS,7,7,1,0,0
4,F9,15919,XNA,12,11,1,1,0
4,G4,10408,ATW,2,2,0,0,0
4,G4,10431,AVL,8,8,4,0,0
4,G4,14108,PIA,8,8,4,0,0
4,G4,15412,TYS,8,8,1,0,0
4,MQ,14107,PHX,30,30,9,0,0
4,OO,10140,ABQ,60,59,13,1,0
4,OO,10157,ACV,30,30,4,0,0
4,OO,10279,AMA,60,59,17,1,0
4,OO,10372,ASE,250,232,47,12,6
4,OO,10408,ATW,33,33,6,0,0
4,OO,10431,AVL,30,30,8,0,0
4,OO,10558,BFF,50,49,11,1,0
4,OO,10561,BFL,60,59,9,0,1
4,OO,10599,BHM,60,60,15,0,0
4,OO,10617,BIH,6,6,0,0,0
4,OO,10620,BIL,90,84,22,4,2
4,OO,10627,BIS,120,118,29,2,0
4,OO,10713,BOI,60,60,10,0,0
4,OO,10779,BTM,30,29,8,1,0
4,OO,11097,COD,60,59,20,0,1
4,OO,11109,COS,270,267,70,2,1
4,OO,11122,CPR,180,177,46,3,0
4,OO,11233,CYS,60,58,14,2,0
4,OO,11267,DAY,30,30,5,0,0
4,OO,11283,DDC,51,49,13,1,1
4,OO,11298,DFW,3,3,0,0,0
4,OO,11315,DIK,56,54,19,1,1
4,OO,11413,DRO,120,118,26,2,0
4,OO,11423,DSM,60,60,13,0,0
4,OO,11447,DVL,25,25,3,0,0
4,OO,11468,EAR,50,48,14,2,0
4,OO,11503,EGE,66,65,9,1,0
4,OO,11637,FAR,59,59,15,0,0
4,OO,11638,FAT,60,60,7,0,0
4,OO,11775,FSD,111,110,20,1,0
4,OO,11865,GCC,60,59,16,1,0
4,OO,11884,GEG,30,30,7,0,0
4,OO,11921,GJT,120,119,32,0,1
4,OO,11995,GSO,30,30,9,0,0
4,OO,11996,GSP,30,30,5,0,0
4,OO,12003,GTF,60,58,16,2,0
4,OO,12012,GUC,60,60,14,0,0
4,OO,12094,HDN,29,29,10,0,0
4,OO,12156,HLN,60,59,15,1,0
4,OO,12177,HOB,30,29,17,0,1
4,OO,12217,HSV,60,60,16,0,0
4,OO,12255,HYS,51,48,11,2,1
4,OO,12278,ICT,90,90,18,0,0
4,OO,12280,IDA,120,118,30,1,1
4,OO,12441,JAC,60,59,8,0,1
4,OO,12511,JLN,30,30,11,0,0
4,OO,12519,JMS,30,30,7,0,0
4,OO,12888,LAR,51,49,10,2,0
4,OO,12892,LAX,135,135,29,0,0
4,OO,12896,LBB,60,58,21,1,1
4,OO,12899,LBF,50,49,10,1,0
4,OO,12902,LBL,51,47,8,1,3
4,OO,12945,LEX,30,30,7,0,0
4,OO,12992,LIT,89,89,26,0,0
4,OO,13029,LNK,120,119,34,1,0
4,OO,13158,MAF,120,117,35,0,3
4,OO,13264,MFR,30,30,5,0,0
4,OO,13342,MKE,30,30,7,0,0
4,OO,13367,MLI,30,30,7,0,0
4,OO,13433,MOT,60,60,10,0,0
4,OO,13476,MRY,60,60,11,0,0
4,OO,13486,MSO,30,30,7,0,0
4,OO,13851,OKC,150,150,48,0,0
4,OO,13891,ONT,3,3,1,0,0
4,OO,14108,PIA,30,30,6,0,0
4,OO,14237,PRC,30,30,6,0,0
4,OO,14252,PSC,30,30,4,0,0
4,OO,14262,PSP,85,85,5,0,0
4,OO,14457,RAP,210,209,47,0,1
4,OO,14534,RIW,60,60,14,0,0
4,OO,14543,RKS,60,58,16,1,1
4,OO,14674,SAF,120,120,19,0,0
4,OO,14689,SBA,24,24,4,0,0
4,OO,14698,SBP,30,30,3,0,0
4,OO,14747,SEA,21,21,4,0,0
4,OO,14783,SGF,89,87,21,1,1
4,OO,14794,SGU,80,80,24,0,0
4,OO,14812,SHR,60,60,16,0,0
4,OO,14814,SHV,30,29,8,0,1
4,OO,14831,SJC,21,21,2,0,0
4,OO,14869,SLC,143,143,27,0,0
4,OO,14877,SLN,30,27,6,0,3
4,OO,15041,SUN,30,30,2,0,0
4,OO,15048,SUX,30,30,5,0,0
4,OO,15370,TUL,119,119,22,0,0
4,OO,15376,TUS,90,89,10,0,1
4,OO,15412,TYS,30,30,8,0,0
4,OO,15919,XNA,59,59,10,0,0
4,OO,16869,XWA,116,115,28,1,0
4,UA,10140,ABQ,60,60,15,0,0
4,UA,10299,ANC,30,30,9,0,0
4,UA,10397,ATL,90,90,25,0,0
4,UA,10423,AUS,137,136,22,1,0
4,UA,10529,BDL,60,60,15,0,0
4,UA,10620,BIL,60,60,15,0,0
4,UA,10693,BNA,102,101,21,0,1
4,UA,10713,BOI,90,90,22,0,0
4,UA,10721,BOS,167,167,17,0,0
4,UA,10800,BUR,90,90,18,0,0
4,UA,10821,BWI,73,73,20,0,0
4,UA,10849,BZN,96,95,16,0,1
4,UA,10994,CHS,30,30,4,0,0
4,UA,11003,CID,60,60,17,0,0
4,UA,11042,CLE,86,86,11,0,0
4,UA,11057,CLT,60,60,19,0,0
4,UA,11066,CMH,60,60,9,0,0
4,UA,11109,COS,60,60,21,0,0
4,UA,11193,CVG,60,60,9,0,0
4,UA,11278,DCA,30,30,4,0,0
4,UA,11298,DFW,164,162,41,1,1
4,UA,11413,DRO,60,60,12,0,0
4,UA,11423,DSM,60,60,12,0,0
4,UA,11433,DTW,60,59,13,0,1
4,UA,11481,ECP,4,4,3,0,0
4,UA,11503,EGE,30,30,5,0,0
4,UA,11540,ELP,60,60,16,0,0
4,UA,11603,EUG,60,60,15,0,0
4,UA,11618,EWR,240,238,76,1,1
4,UA,11637,FAR,30,30,6,0,0
4,UA,11638,FAT,30,30,6,0,0
4,UA,11648,FCA,60,60,14,0,0
4,UA,11697,FLL,90,90,18,0,0
4,UA,11775,FSD,30,30,12,0,0
4,UA,11884,GEG,60,59,14,0,1
4,UA,11921,GJT,60,60,15,0,0
4,UA,11986,GRR,60,60,14,0,0
4,UA,12094,HDN,31,30,7,1,0
4,UA,12173,HNL,60,60,10,0,0
4,UA,12264,IAD,210,210,36,0,0
4,UA,12266,IAH,300,298,55,0,2
4,UA,12278,ICT,30,30,9,0,0
4,UA,12339,IND,60,59,13,0,1
4,UA,12441,JAC,60,60,18,0,0
4,UA,12451,JAX,60,60,13,0,0
4,UA,12758,KOA,30,30,5,0,0
4,UA,12889,LAS,227,227,44,0,0
4,UA,12892,LAX,256,256,36,0,0
4,UA,12953,LGA,164,163,34,0,1
4,UA,12982,LIH,34,34,4,0,0
4,UA,13198,MCI,120,120,46,0,0
4,UA,13204,MCO,150,150,40,0,0
4,UA,13244,MEM,60,58,23,0,2
4,UA,13264,MFR,30,30,7,0,0
4,UA,13303,MIA,90,90,19,0,0
4,UA,13342,MKE,30,30,4,0,0
4,UA,13485,MSN,60,60,15,0,0
4,UA,13486,MSO,60,60,10,0,0
4,UA,13487,MSP,120,120,35,0,0
4,UA,13495,MSY,81,80,19,1,0
4,UA,13502,MTJ,60,60,21,0,0
4,UA,13830,OGG,30,30,2,0,0
4,UA,13871,OMA,120,120,28,0,0
4,UA,13891,ONT,77,77,18,0,0
4,UA,13930,ORD,291,289,75,1,1
4,UA,13931,ORF,30,30,12,0,0
4,UA,14057,PDX,141,141,36,0,0
4,UA,14100,PHL,73,72,19,0,1
4,UA,14107,PHX,227,226,48,1,0
4,UA,14122,PIT,60,60,15,0,0
4,UA,14193,PNS,4,4,3,0,0
4,UA,14252,PSC,30,30,12,0,0
4,UA,14262,PSP,69,69,15,0,0
4,UA,14457,RAP,30,29,11,0,1
4,UA,14489,RDM,60,60,12,0,0
4,UA,14492,RDU,60,60,13,0,0
4,UA,14524,RIC,30,30,13,0,0
4,UA,14570,RNO,120,119,18,1,0
4,UA,14635,RSW,60,60,17,0,0
4,UA,14679,SAN,167,167,30,0,0
4,UA,14683,SAT,90,90,23,0,0
4,UA,14685,SAV,30,30,4,0,0
4,UA,14689,SBA,60,60,12,0,0
4,UA,14698,SBP,30,29,6,0,1
4,UA,14730,SDF,60,60,12,0,0
4,UA,14747,SEA,141,141,27,0,0
4,UA,14771,SFO,282,282,47,0,0
4,UA,14831,SJC,78,78,19,0,0
4,UA,14843,SJU,30,30,4,0,0
4,UA,14869,SLC,66,66,20,0,0
4,UA,14893,SMF,141,141,28,0,0
4,UA,14908,SNA,146,145,21,1,0
4,UA,15016,STL,91,90,14,1,0
4,UA,15096,SYR,30,30,9,0,0
4,UA,15304,TPA,90,90,21,0,0
4,UA,15370,TUL,1,1,1,0,0
4,UA,15376,TUS,60,60,19,0,0
4,UA,15412,TYS,30,30,8,0,0
4,UA,15919,XNA,30,29,9,0,1
4,WN,10140,ABQ,130,130,37,0,0
4,WN,10257,ALB,30,30,12,0,0
4,WN,10397,ATL,82,82,34,0,0
4,WN,10423,AUS,202,201,39,1,0
4,WN,10529,BDL,30,30,11,0,0
4,WN,10599,BHM,30,29,18,1,0
4,WN,10693,BNA,198,194,65,2,2
4,WN,10713,BOI,92,91,26,1,0
4,WN,10721,BOS,59,59,14,0,0
4,WN,10792,BUF,30,30,19,0,0
4,WN,10800,BUR,110,109,32,1,0
4,WN,10821,BWI,165,164,32,0,1
4,WN,10849,BZN,86,86,26,0,0
4,WN,10994,CHS,30,30,14,0,0
4,WN,11042,CLE,53,52,16,1,0
4,WN,11057,CLT,30,30,13,0,0
4,WN,11066,CMH,80,80,25,0,0
4,WN,11109,COS,100,100,28,0,0
4,WN,11193,CVG,30,29,6,0,1
4,WN,11259,DAL,265,257,78,7,1
4,WN,11423,DSM,30,30,14,0,0
4,WN,11433,DTW,56,56,13,0,0
4,WN,11481,ECP,28,28,9,0,0
4,WN,11540,ELP,60,59,13,1,0
4,WN,11638,FAT,30,30,6,0,0
4,WN,11697,FLL,32,32,18,0,0
4,WN,11884,GEG,66,66,20,0,0
4,WN,11986,GRR,30,30,13,0,0
4,WN,12094,HDN,30,30,9,0,0
4,WN,12191,HOU,176,173,48,1,2
4,WN,12264,IAD,82,82,25,0,0
4,WN,12278,ICT,30,30,16,0,0
4,WN,12339,IND,123,123,23,0,0
4,WN,12451,JAX,31,31,14,0,0
4,WN,12889,LAS,291,288,80,3,0
4,WN,12892,LAX,161,161,47,0,0
4,WN,12896,LBB,20,20,9,0,0
4,WN,12953,LGA,112,111,16,0,1
4,WN,12954,LGB,86,86,20,0,0
4,WN,12992,LIT,30,30,9,0,0
4,WN,13158,MAF,16,16,4,0,0
4,WN,13198,MCI,199,196,36,2,1
4,WN,13204,MCO,143,140,41,1,2
4,WN,13232,MDW,168,164,32,4,0
4,WN,13244,MEM,30,29,13,1,0
4,WN,13303,MIA,35,35,12,0,0
4,WN,13342,MKE,93,92,29,1,0
4,WN,13487,MSP,138,138,38,0,0
4,WN,13495,MSY,102,101,32,1,0
4,WN,13502,MTJ,30,30,5,0,0
4,WN,13577,MYR,3,3,0,0,0
4,WN,13796,OAK,150,150,39,0,0
4,WN,13851,OKC,92,92,30,0,0
4,WN,13871,OMA,116,115,29,1,0
4,WN,13891,ONT,112,109,26,3,0
4,WN,13930,ORD,87,86,22,1,0
4,WN,13931,ORF,30,30,13,0,0
4,WN,14057,PDX,136,136,46,0,0
4,WN,14100,PHL,63,63,20,0,0
4,WN,14107,PHX,359,350,102,9,0
4,WN,14122,PIT,66,65,17,1,0
4,WN,14193,PNS,28,28,8,0,0
4,WN,14262,PSP,55,54,17,0,1
4,WN,14307,PVD,30,30,9,0,0
4,WN,14492,RDU,60,59,18,1,0
4,WN,14524,RIC,30,30,16,0,0
4,WN,14570,RNO,89,89,17,0,0
4,WN,14635,RSW,31,31,9,0,0
4,WN,14679,SAN,194,191,54,3,0
4,WN,14683,SAT,128,128,34,0,0
4,WN,14685,SAV,7,7,1,0,0
4,WN,14730,SDF,30,29,11,0,1
4,WN,14747,SEA,110,110,34,0,0
4,WN,14771,SFO,127,127,50,0,0
4,WN,14831,SJC,128,128,34,0,0
4,WN,14869,SLC,194,191,35,3,0
4,WN,14893,SMF,162,161,49,1,0
4,WN,14908,SNA,131,130,27,1,0
4,WN,14986,SRQ,10,10,6,0,0
4,WN,15016,STL,186,185,40,1,0
4,WN,15304,TPA,105,105,38,0,0
4,WN,15370,TUL,86,85,25,1,0
4,WN,15376,TUS,115,115,27,0,0
5,AA,11057,CLT,152,150,27,2,0
5,AA,11298,DFW,275,265,73,9,1
5,AA,13303,MIA,61,61,9,0,0
5,AA,13930,ORD,135,133,22,0,2
5,AA,14100,PHL,83,81,14,2,0
5,AA,14107,PHX,64,64,9,0,0
5,AS,10299,ANC,17,17,7,0,0
5,AS,14057,PDX,62,61,20,1,0
5,AS,14747,SEA,138,136,47,2,0
5,B6,10721,BOS,55,55,17,0,0
5,B6,12478,JFK,62,62,25,0,0
5,DL,10397,ATL,242,239,55,1,2
5,DL,10721,BOS,31,31,8,0,0
5,DL,11433,DTW,110,110,24,0,0
5,DL,12478,JFK,62,62,8,0,0
5,DL,12892,LAX,81,81,21,0,0
5,DL,12953,LGA,87,86,25,1,0
5,DL,13487,MSP,171,171,44,0,0
5,DL,14747,SEA,89,89,25,0,0
5,DL,14869,SLC,151,151,32,0,0
5,F9,10397,ATL,53,53,20,0,0
5,F9,10423,AUS,37,37,18,0,0
5,F9,10693,BNA,20,20,8,0,0
5,F9,10713,BOI,7,7,1,0,0
5,F9,10792,BUF,3,3,1,0,0
5,F9,10800,BUR,9,9,1,0,0
5,F9,10821,BWI,12,12,5,0,0
5,F9,11003,CID,13,12,5,1,0
5,F9,11042,CLE,17,17,1,0,0
5,F9,11057,CLT,10,10,3,0,0
5,F9,11066,CMH,3,3,2,0,0
5,F9,11193,CVG,22,22,12,0,0
5,F9,11278,DCA,92,90,24,1,1
5,F9,11298,DFW,86,85,29,1,0
5,F9,11423,DSM,11,11,2,0,0
5,F9,11433,DTW,27,27,9,0,0
5,F9,11540,ELP,25,25,4,0,0
5,F9,11637,FAR,12,12,4,0,0
5,F9,11775,FSD,12,12,5,0,0
5,F9,11884,GEG,5,5,1,0,0
5,F9,11977,GRB,6,6,1,0,0
5,F9,11986,GRR,12,12,6,0,0
5,F9,12266,IAH,53,52,8,1,0
5,F9,12339,IND,21,21,2,0,0
5,F9,12889,LAS,150,149,41,1,0
5,F9,12892,LAX,62,61,19,1,0
5,F9,12953,LGA,10,10,3,0,0
5,F9,12992,LIT,10,9,3,1,0
5,F9,13198,MCI,15,15,8,0,0
5,F9,13204,MCO,61,61,15,0,0
5,F9,13232,MDW,16,16,5,0,0
5,F9,13244,MEM,9,9,1,0,0
5,F9,13303,MIA,30,30,8,0,0
5,F9,13342,MKE,11,11,3,0,0
5,F9,13485,MSN,9,9,4,0,0
5,F9,13486,MSO,1,1,1,0,0
5,F9,13487,MSP,49,48,18,1,0
5,F9,13495,MSY,12,12,3,0,0
5,F9,13851,OKC,27,27,9,0,0
5,F9,13871,OMA,16,15,10,1,0
5,F9,13891,ONT,49,48,5,1,0
5,F9,13930,ORD,19,19,12,0,0
5,F9,14057,PDX,39,37,14,2,0
5,F9,14100,PHL,27,27,12,0,0
5,F9,14107,PHX,100,99,26,1,0
5,F9,14122,PIT,3,3,0,0,0
5,F9,14193,PNS,12,12,2,0,0
5,F9,14262,PSP,9,9,0,0,0
5,F9,14492,RDU,17,17,2,0,0
5,F9,14570,RNO,13,13,2,0,0
5,F9,14679,SAN,85,83,21,2,0
5,F9,14683,SAT,17,17,4,0,0
5,F9,14747,SEA,51,50,8,1,0
5,F9,14771,SFO,59,58,17,1,0
5,F9,14831,SJC,12,12,2,0,0
5,F9,14869,SLC,82,82,20,0,0
5,F9,14893,SMF,12,12,0,0,0
5,F9,14908,SNA,31,30,4,1,0
5,F9,15016,STL,19,19,2,0,0
5,F9,15304,TPA,51,51,12,0,0
5,F9,15376,TUS,9,9,2,0,0
5,F9,15412,TYS,3,3,0,0,0
5,F9,15919,XNA,10,10,3,0,0
5,G4,10135,ABE,3,3,1,0,0
5,G4,10408,ATW,3,3,3,0,0
5,G4,10431,AVL,11,11,5,0,0
5,G4,11193,CVG,3,3,1,0,0
5,G4,12280,IDA,3,3,1,0,0
5,G4,14108,PIA,9,9,4,0,0
5,G4,14716,SCK,3,3,2,0,0
5,G4,15412,TYS,9,9,2,0,0
5,MQ,14107,PHX,30,30,16,0,0
5,OO,10140,ABQ,89,86,22,3,0
5,OO,10157,ACV,31,31,7,0,0
5,OO,10279,AMA,88,86,24,2,0
5,OO,10372,ASE,32,32,3,0,0
5,OO,10408,ATW,31,30,10,1,0
5,OO,10431,AVL,29,29,4,0,0
5,OO,10558,BFF,54,52,14,2,0
5,OO,10561,BFL,62,62,18,0,0
5,OO,10599,BHM,62,62,15,0,0
5,OO,10620,BIL,103,101,20,1,1
5,OO,10627,BIS,134,131,29,2,1
5,OO,10713,BOI,51,50,12,1,0
5,OO,10779,BTM,31,30,14,1,0
5,OO,10849,BZN,26,25,6,1,0
5,OO,11003,CID,23,23,3,0,0
5,OO,11097,COD,74,72,24,2,0
5,OO,11109,COS,289,284,77,4,1
5,OO,11122,CPR,197,194,58,3,0
5,OO,11233,CYS,62,61,18,1,0
5,OO,11267,DAY,31,31,17,0,0
5,OO,11283,DDC,53,50,8,2,1
5,OO,11298,DFW,3,3,0,0,0
5,OO,11315,DIK,57,55,19,1,1
5,OO,11413,DRO,124,124,29,0,0
5,OO,11423,DSM,55,55,6,0,0
5,OO,11447,DVL,27,27,3,0,0
5,OO,11468,EAR,54,52,9,1,1
5,OO,11503,EGE,63,62,12,1,0
5,OO,11540,ELP,10,10,3,0,0
5,OO,11603,EUG,31,31,2,0,0
5,OO,11637,FAR,88,88,25,0,0
5,OO,11638,FAT,62,62,10,0,0
5,OO,11648,FCA,37,36,4,1,0
5,OO,11711,FMN,24,24,6,0,0
5,OO,11775,FSD,121,117,22,3,1
5,OO,11865,GCC,62,62,18,0,0
5,OO,11884,GEG,21,21,2,0,0
5,OO,11921,GJT,124,123,32,1,0
5,OO,11995,GSO,31,31,14,0,0
5,OO,11996,GSP,21,21,1,0,0
5,OO,12003,GTF,42,41,8,1,0
5,OO,12012,GUC,72,71,15,1,0
5,OO,12094,HDN,41,39,20,2,0
5,OO,12156,HLN,72,70,17,2,0
5,OO,12177,HOB,31,30,16,1,0
5,OO,12217,HSV,62,61,20,0,1
5,OO,12255,HYS,53,52,13,1,0
5,OO,12278,ICT,103,101,19,2,0
5,OO,12280,IDA,154,150,35,3,1
5,OO,12323,ILM,2,2,0,0,0
5,OO,12441,JAC,41,41,8,0,0
5,OO,12511,JLN,31,31,6,0,0
5,OO,12519,JMS,31,31,4,0,0
5,OO,12888,LAR,53,50,13,3,0
5,OO,12892,LAX,104,104,26,0,0
5,OO,12896,LBB,62,61,27,1,0
5,OO,12899,LBF,54,52,10,2,0
5,OO,12902,LBL,53,47,7,2,4
5,OO,12945,LEX,31,31,13,0,0
5,OO,12992,LIT,93,91,22,2,0
5,OO,13029,LNK,134,133,46,0,1
5,OO,13158,MAF,124,121,31,1,2
5,OO,13198,MCI,25,24,2,1,0
5,OO,13342,MKE,31,29,11,2,0
5,OO,13367,MLI,31,30,11,1,0
5,OO,13433,MOT,113,112,28,1,0
5,OO,13476,MRY,62,62,7,0,0
5,OO,13485,MSN,9,9,0,0,0
5,OO,13486,MSO,26,25,6,1,0
5,OO,13487,MSP,15,15,1,0,0
5,OO,13502,MTJ,10,10,2,0,0
5,OO,13851,OKC,154,152,44,1,1
5,OO,13871,OMA,24,24,2,0,0
5,OO,13891,ONT,3,3,0,0,0
5,OO,13964,OTH,10,10,3,0,0
5,OO,14107,PHX,1,1,0,0,0
5,OO,14108,PIA,31,31,13,0,0
5,OO,14237,PRC,31,31,11,0,0
5,OO,14252,PSC,31,31,5,0,0
5,OO,14262,PSP,57,55,9,1,1
5,OO,14457,RAP,196,188,54,4,4
5,OO,14487,RDD,10,10,5,0,0
5,OO,14534,RIW,62,62,14,0,0
5,OO,14543,RKS,62,60,16,2,0
5,OO,14674,SAF,124,123,29,1,0
5,OO,14683,SAT,31,28,11,3,0
5,OO,14689,SBA,21,21,2,0,0
5,OO,14698,SBP,31,31,10,0,0
5,OO,14747,SEA,4,4,2,0,0
5,OO,14783,SGF,120,119,33,1,0
5,OO,14794,SGU,93,92,16,0,1
5,OO,14812,SHR,62,61,15,1,0
5,OO,14814,SHV,31,31,14,0,0
5,OO,14831,SJC,31,31,1,0,0
5,OO,14869,SLC,119,118,34,1,0
5,OO,14877,SLN,31,31,10,0,0
5,OO,15016,STL,30,29,11,1,0
5,OO,15041,SUN,42,41,7,1,0
5,OO,15048,SUX,31,30,10,1,0
5,OO,15370,TUL,91,88,26,2,1
5,OO,15376,TUS,101,100,18,1,0
5,OO,15380,TVC,17,17,2,0,0
5,OO,15412,TYS,31,30,11,1,0
5,OO,15897,WYS,30,28,4,0,2
5,OO,15919,XNA,62,62,13,0,0
5,OO,16869,XWA,131,130,30,1,0
5,UA,10140,ABQ,62,62,17,0,0
5,UA,10299,ANC,41,41,6,0,0
5,UA,10397,ATL,100,99,26,0,1
5,UA,10423,AUS,176,175,53,1,0
5,UA,10431,AVL,2,2,0,0,0
5,UA,10529,BDL,62,61,23,1,0
5,UA,10620,BIL,62,62,22,0,0
5,UA,10693,BNA,101,100,29,0,1
5,UA,10713,BOI,103,103,30,0,0
5,UA,10721,BOS,179,179,72,0,0
5,UA,10785,BTV,10,10,0,0,0
5,UA,10792,BUF,10,10,6,0,0
5,UA,10800,BUR,93,92,25,1,0
5,UA,10821,BWI,81,81,28,0,0
5,UA,10849,BZN,93,92,18,1,0
5,UA,10994,CHS,31,31,7,0,0
5,UA,11003,CID,62,62,18,0,0
5,UA,11042,CLE,87,87,21,0,0
5,UA,11057,CLT,62,62,16,0,0
5,UA,11066,CMH,62,61,15,0,1
5,UA,11109,COS,62,62,23,0,0
5,UA,11193,CVG,62,62,17,0,0
5,UA,11278,DCA,31,31,2,0,0
5,UA,11298,DFW,174,174,57,0,0
5,UA,11413,DRO,62,62,20,0,0
5,UA,11423,DSM,93,90,29,2,1
5,UA,11433,DTW,62,62,14,0,0
5,UA,11481,ECP,5,5,2,0,0
5,UA,11503,EGE,41,41,11,0,0
5,UA,11540,ELP,52,52,14,0,0
5,UA,11603,EUG,62,62,17,0,0
5,UA,11618,EWR,234,227,103,6,1
5,UA,11630,FAI,10,10,3,0,0
5,UA,11637,FAR,31,31,10,0,0
5,UA,11638,FAT,31,30,11,1,0
5,UA,11648,FCA,62,62,18,0,0
5,UA,11697,FLL,93,92,26,1,0
5,UA,11775,FSD,31,31,12,0,0
5,UA,11884,GEG,72,71,20,1,0
5,UA,11921,GJT,62,62,18,0,0
5,UA,11986,GRR,62,62,24,0,0
5,UA,11996,GSP,10,10,0,0,0
5,UA,12003,GTF,20,20,7,0,0
5,UA,12094,HDN,31,31,7,0,0
5,UA,12173,HNL,62,62,16,0,0
5,UA,12264,IAD,227,226,53,1,0
5,UA,12266,IAH,320,319,89,1,0
5,UA,12278,ICT,31,30,9,1,0
5,UA,12339,IND,82,81,15,1,0
5,UA,12441,JAC,93,92,21,1,0
5,UA,12451,JAX,52,51,15,0,1
5,UA,12758,KOA,31,31,3,0,0
5,UA,12889,LAS,218,217,54,1,0
5,UA,12892,LAX,276,276,58,0,0
5,UA,12953,LGA,164,162,55,0,2
5,UA,12982,LIH,31,31,4,0,0
5,UA,13198,MCI,124,123,48,1,0
5,UA,13204,MCO,161,158,28,1,2
5,UA,13244,MEM,62,62,24,0,0
5,UA,13264,MFR,62,61,13,1,0
5,UA,13303,MIA,88,87,22,1,0
5,UA,13342,MKE,62,60,20,0,2
5,UA,13485,MSN,76,76,20,0,0
5,UA,13486,MSO,67,67,18,0,0
5,UA,13487,MSP,131,131,49,0,0
5,UA,13495,MSY,77,77,20,0,0
5,UA,13502,MTJ,62,61,15,1,0
5,UA,13577,MYR,2,2,1,0,0
5,UA,13830,OGG,33,33,7,0,0
5,UA,13871,OMA,130,129,35,1,0
5,UA,13891,ONT,90,90,21,0,0
5,UA,13930,ORD,310,309,80,1,0
5,UA,13931,ORF,31,30,18,1,0
5,UA,14057,PDX,155,153,32,2,0
5,UA,14100,PHL,80,80,31,0,0
5,UA,14107,PHX,188,187,50,1,0
5,UA,14122,PIT,62,62,20,0,0
5,UA,14193,PNS,13,13,3,0,0
5,UA,14252,PSC,31,30,12,0,1
5,UA,14262,PSP,51,51,13,0,0
5,UA,14321,PWM,10,10,1,0,0
5,UA,14457,RAP,62,60,16,2,0
5,UA,14489,RDM,62,61,18,0,1
5,UA,14492,RDU,72,72,26,0,0
5,UA,14524,RIC,31,31,17,0,0
5,UA,14570,RNO,134,133,32,0,1
5,UA,14635,RSW,54,54,14,0,0
5,UA,14679,SAN,180,179,35,1,0
5,UA,14683,SAT,93,92,21,0,1
5,UA,14685,SAV,31,31,5,0,0
5,UA,14689,SBA,72,70,17,1,1
5,UA,14698,SBP,31,30,11,1,0
5,UA,14730,SDF,65,64,15,0,1
5,UA,14747,SEA,162,162,38,0,0
5,UA,14771,SFO,297,296,64,1,0
5,UA,14831,SJC,87,87,23,0,0
5,UA,14843,SJU,31,31,11,0,0
5,UA,14869,SLC,104,104,27,0,0
5,UA,14893,SMF,156,156,30,0,0
5,UA,14908,SNA,160,159,33,0,1
5,UA,15016,STL,94,94,23,0,0
5,UA,15096,SYR,31,31,18,0,0
5,UA,15304,TPA,93,93,25,0,0
5,UA,15370,TUL,32,32,19,0,0
5,UA,15376,TUS,42,42,11,0,0
5,UA,15380,TVC,10,10,1,0,0
5,UA,15412,TYS,31,31,5,0,0
5,UA,15919,XNA,31,31,14,0,0
5,WN,10140,ABQ,136,134,41,1,1
5,WN,10257,ALB,31,31,16,0,0
5,WN,10397,ATL,80,79,30,1,0
5,WN,10423,AUS,213,210,70,2,1
5,WN,10529,BDL,31,31,19,0,0
5,WN,10599,BHM,31,30,22,1,0
5,WN,10693,BNA,202,202,60,0,0
5,WN,10713,BOI,96,96,30,0,0
5,WN,10721,BOS,68,67,33,0,1
5,WN,10792,BUF,31,31,22,0,0
5,WN,10800,BUR,113,112,39,1,0
5,WN,10821,BWI,175,173,51,0,2
5,WN,10849,BZN,88,88,25,0,0
5,WN,10994,CHS,31,31,13,0,0
5,WN,11042,CLE,57,57,24,0,0
5,WN,11057,CLT,30,30,12,0,0
5,WN,11066,CMH,83,83,37,0,0
5,WN,11109,COS,105,105,41,0,0
5,WN,11193,CVG,31,30,13,0,1
5,WN,11259,DAL,256,251,85,3,2
5,WN,11423,DSM,31,31,22,0,0
5,WN,11433,DTW,57,56,24,0,1
5,WN,11481,ECP,31,31,9,0,0
5,WN,11540,ELP,62,62,22,0,0
5,WN,11638,FAT,31,31,9,0,0
5,WN,11697,FLL,31,31,18,0,0
5,WN,11884,GEG,71,70,20,1,0
5,WN,11986,GRR,31,30,18,1,0
5,WN,12094,HDN,23,23,5,0,0
5,WN,12191,HOU,184,182,47,1,1
5,WN,12264,IAD,84,84,33,0,0
5,WN,12278,ICT,31,31,17,0,0
5,WN,12339,IND,127,124,36,2,1
5,WN,12451,JAX,31,30,9,1,0
5,WN,12889,LAS,297,294,94,3,0
5,WN,12892,LAX,168,168,53,0,0
5,WN,12896,LBB,23,23,9,0,0
5,WN,12953,LGA,114,113,45,1,0
5,WN,12954,LGB,90,90,25,0,0
5,WN,12992,LIT,31,31,13,0,0
5,WN,13158,MAF,17,17,3,0,0
5,WN,13198,MCI,206,205,51,1,0
5,WN,13204,MCO,136,135,33,0,1
5,WN,13232,MDW,171,170,59,1,0
5,WN,13244,MEM,31,31,12,0,0
5,WN,13303,MIA,36,36,11,0,0
5,WN,13342,MKE,99,99,30,0,0
5,WN,13487,MSP,138,137,52,0,1
5,WN,13495,MSY,105,104,33,0,1
5,WN,13502,MTJ,23,23,5,0,0
5,WN,13577,MYR,5,5,0,0,0
5,WN,13796,OAK,158,157,58,1,0
5,WN,13851,OKC,97,97,37,0,0
5,WN,13871,OMA,119,118,32,1,0
5,WN,13891,ONT,118,115,40,3,0
5,WN,13930,ORD,88,88,38,0,0
5,WN,13931,ORF,31,31,16,0,0
5,WN,14057,PDX,146,144,59,2,0
5,WN,14100,PHL,68,68,29,0,0
5,WN,14107,PHX,335,332,124,3,0
5,WN,14122,PIT,71,71,34,0,0
5,WN,14193,PNS,31,30,8,0,1
5,WN,14262,PSP,53,52,16,0,1
5,WN,14307,PVD,31,31,19,0,0
5,WN,14492,RDU,60,60,26,0,0
5,WN,14524,RIC,31,30,18,1,0
5,WN,14570,RNO,92,92,30,0,0
5,WN,14635,RSW,31,31,8,0,0
5,WN,14679,SAN,193,193,63,0,0
5,WN,14683,SAT,132,131,34,1,0
5,WN,14685,SAV,8,8,5,0,0
5,WN,14730,SDF,33,33,13,0,0
5,WN,14747,SEA,119,118,47,1,0
5,WN,14771,SFO,133,133,51,0,0
5,WN,14831,SJC,136,135,45,1,0
5,WN,14869,SLC,189,188,58,0,1
5,WN,14893,SMF,172,172,64,0,0
5,WN,14908,SNA,137,135,39,1,1
5,WN,14986,SRQ,5,5,1,0,0
5,WN,15016,STL,186,183,51,2,1
5,WN,15304,TPA,101,101,38,0,0
5,WN,15370,TUL,87,86,35,1,0
5,WN,15376,TUS,118,118,25,0,0
6,AA,11057,CLT,146,143,45,2,1
6,AA,11298,DFW,270,260,100,8,2
6,AA,13303,MIA,60,57,19,1,2
6,AA,13930,ORD,147,145,61,1,1
6,AA,14100,PHL,87,85,32,2,0
6,AA,14107,PHX,76,75,20,0,1
6,AS,10299,ANC,33,30,11,1,2
6,AS,14057,PDX,57,57,24,0,0
6,AS,14747,SEA,163,159,68,3,1
6,B6,10721,BOS,70,70,20,0,0
6,B6,12478,JFK,60,58,31,1,1
6,DL,10397,ATL,252,245,62,3,4
6,DL,10721,BOS,45,45,13,0,0
6,DL,11433,DTW,112,111,22,0,1
6,DL,12478,JFK,83,80,20,2,1
6,DL,12892,LAX,90,89,22,1,0
6,DL,12953,LGA,86,78,26,4,4
6,DL,13487,MSP,173,172,41,1,0
6,DL,14747,SEA,90,88,31,2,0
6,DL,14869,SLC,144,144,34,0,0
6,F9,10397,ATL,55,54,19,0,1
6,F9,10423,AUS,31,31,15,0,0
6,F9,10693,BNA,35,35,13,0,0
6,F9,10713,BOI,9,9,5,0,0
6,F9,10792,BUF,11,11,2,0,0
6,F9,10800,BUR,9,9,2,0,0
6,F9,10821,BWI,17,17,6,0,0
6,F9,11003,CID,15,15,6,0,0
6,F9,11042,CLE,27,27,4,0,0
6,F9,11057,CLT,13,12,2,1,0
6,F9,11066,CMH,9,9,3,0,0
6,F9,11193,CVG,38,37,19,1,0
6,F9,11278,DCA,79,78,33,0,1
6,F9,11298,DFW,71,69,28,2,0
6,F9,11423,DSM,9,9,2,0,0
6,F9,11433,DTW,47,47,23,0,0
6,F9,11540,ELP,24,24,3,0,0
6,F9,11637,FAR,20,20,6,0,0
6,F9,11775,FSD,20,20,8,0,0
6,F9,11884,GEG,11,11,3,0,0
6,F9,11977,GRB,9,8,2,1,0
6,F9,11986,GRR,20,20,5,0,0
6,F9,12266,IAH,60,60,18,0,0
6,F9,12339,IND,21,21,6,0,0
6,F9,12889,LAS,94,92,36,2,0
6,F9,12892,LAX,52,50,16,2,0
6,F9,12953,LGA,29,26,11,3,0
6,F9,12992,LIT,9,9,7,0,0
6,F9,13198,MCI,14,14,6,0,0
6,F9,13204,MCO,55,54,23,1,0
6,F9,13232,MDW,20,20,11,0,0
6,F9,13244,MEM,9,9,3,0,0
6,F9,13303,MIA,26,26,9,0,0
6,F9,13342,MKE,9,9,2,0,0
6,F9,13485,MSN,11,11,6,0,0
6,F9,13486,MSO,9,9,0,0,0
6,F9,13487,MSP,48,47,20,1,0
6,F9,13495,MSY,9,9,6,0,0
6,F9,13851,OKC,21,20,10,1,0
6,F9,13871,OMA,14,14,6,0,0
6,F9,13891,ONT,55,55,18,0,0
6,F9,13930,ORD,29,29,14,0,0
6,F9,14004,PAE,9,9,0,0,0
6,F9,14057,PDX,55,54,17,1,0
6,F9,14100,PHL,47,46,25,1,0
6,F9,14107,PHX,80,80,34,0,0
6,F9,14122,PIT,9,9,5,0,0
6,F9,14193,PNS,12,12,4,0,0
6,F9,14262,PSP,9,9,2,0,0
6,F9,14492,RDU,24,24,8,0,0
6,F9,14570,RNO,9,9,0,0,0
6,F9,14679,SAN,74,73,25,1,0
6,F9,14683,SAT,14,14,11,0,0
6,F9,14747,SEA,50,49,22,1,0
6,F9,14771,SFO,41,41,17,0,0
6,F9,14831,SJC,9,9,2,0,0
6,F9,14869,SLC,80,80,26,0,0
6,F9,14893,SMF,8,8,0,0,0
6,F9,14908,SNA,29,29,4,0,0
6,F9,15016,STL,17,17,1,0,0
6,F9,15304,TPA,48,48,13,0,0
6,F9,15376,TUS,9,8,2,1,0
6,F9,15412,TYS,9,9,2,0,0
6,F9,15919,XNA,11,11,2,0,0
6,G4,10135,ABE,9,9,1,0,0
6,G4,10408,ATW,11,10,7,1,0
6,G4,10431,AVL,15,15,6,0,0
6,G4,11193,CVG,9,9,3,0,0
6,G4,12280,IDA,9,9,3,0,0
6,G4,14108,PIA,9,9,6,0,0
6,G4,14716,SCK,9,8,8,1,0
6,G4,15412,TYS,9,9,9,0,0
6,MQ,13930,ORD,1,1,1,0,0
6,MQ,14107,PHX,14,14,11,0,0
6,OO,10140,ABQ,90,89,28,1,0
6,OO,10157,ACV,32,32,6,0,0
6,OO,10279,AMA,74,71,32,1,2
6,OO,10372,ASE,234,222,98,7,5
6,OO,10408,ATW,30,30,12,0,0
6,OO,10431,AVL,26,26,5,0,0
6,OO,10558,BFF,52,50,16,1,1
6,OO,10561,BFL,60,60,23,0,0
6,OO,10599,BHM,60,59,21,0,1
6,OO,10620,BIL,120,117,35,1,2
6,OO,10627,BIS,150,144,46,4,2
6,OO,10713,BOI,30,30,14,0,0
6,OO,10779,BTM,30,30,17,0,0
6,OO,10849,BZN,64,63,14,0,1
6,OO,11003,CID,26,26,5,0,0
6,OO,11097,COD,98,93,29,3,2
6,OO,11109,COS,300,294,116,5,1
6,OO,11122,CPR,209,206,77,2,1
6,OO,11233,CYS,60,59,25,1,0
6,OO,11267,DAY,25,25,10,0,0
6,OO,11283,DDC,52,51,14,0,1
6,OO,11315,DIK,56,53,24,3,0
6,OO,11413,DRO,120,116,28,2,2
6,OO,11423,DSM,66,66,9,0,0
6,OO,11447,DVL,30,30,4,0,0
6,OO,11468,EAR,52,51,14,0,1
6,OO,11503,EGE,30,28,4,1,1
6,OO,11540,ELP,30,30,6,0,0
6,OO,11603,EUG,30,30,3,0,0
6,OO,11637,FAR,90,87,40,2,1
6,OO,11638,FAT,60,60,13,0,0
6,OO,11648,FCA,55,54,8,0,1
6,OO,11711,FMN,30,30,10,0,0
6,OO,11775,FSD,123,122,34,1,0
6,OO,11865,GCC,60,60,18,0,0
6,OO,11921,GJT,120,115,36,3,2
6,OO,11995,GSO,30,30,13,0,0
6,OO,12012,GUC,89,89,24,0,0
6,OO,12094,HDN,58,57,21,0,1
6,OO,12156,HLN,90,88,35,2,0
6,OO,12177,HOB,30,29,21,1,0
6,OO,12217,HSV,60,59,21,1,0
6,OO,12255,HYS,52,52,20,0,0
6,OO,12278,ICT,119,116,31,2,1
6,OO,12280,IDA,155,154,60,1,0
6,OO,12323,ILM,4,4,2,0,0
6,OO,12441,JAC,55,53,11,1,1
6,OO,12511,JLN,30,30,12,0,0
6,OO,12519,JMS,34,33,6,0,1
6,OO,12888,LAR,52,51,10,1,0
6,OO,12892,LAX,89,89,31,0,0
6,OO,12896,LBB,60,58,26,1,1
6,OO,12899,LBF,52,52,15,0,0
6,OO,12902,LBL,52,51,13,1,0
6,OO,12945,LEX,30,30,13,0,0
6,OO,12992,LIT,90,89,31,1,0
6,OO,13029,LNK,150,147,55,2,1
6,OO,13158,MAF,114,112,56,0,2
6,OO,13198,MCI,31,31,3,0,0
6,OO,13342,MKE,35,35,20,0,0
6,OO,13367,MLI,30,30,13,0,0
6,OO,13433,MOT,150,149,46,1,0
6,OO,13476,MRY,60,59,22,0,1
6,OO,13485,MSN,26,26,4,0,0
6,OO,13486,MSO,35,34,11,0,1
6,OO,13487,MSP,1,1,0,0,0
6,OO,13502,MTJ,30,30,11,0,0
6,OO,13851,OKC,148,146,34,0,2
6,OO,13871,OMA,30,30,6,0,0
6,OO,13964,OTH,30,30,6,0,0
6,OO,14108,PIA,30,30,14,0,0
6,OO,14237,PRC,30,29,10,1,0
6,OO,14252,PSC,30,30,1,0,0
6,OO,14262,PSP,31,31,16,0,0
6,OO,14457,RAP,210,208,70,2,0
6,OO,14487,RDD,30,30,6,0,0
6,OO,14534,RIW,60,60,19,0,0
6,OO,14543,RKS,60,59,22,1,0
6,OO,14674,SAF,120,119,42,0,1
6,OO,14698,SBP,30,30,6,0,0
6,OO,14783,SGF,120,118,46,1,1
6,OO,14794,SGU,90,90,27,0,0
6,OO,14812,SHR,60,58,17,2,0
6,OO,14814,SHV,30,29,15,0,1
6,OO,14831,SJC,1,1,0,0,0
6,OO,14869,SLC,93,93,38,0,0
6,OO,14877,SLN,30,30,9,0,0
6,OO,15016,STL,30,30,17,0,0
6,OO,15041,SUN,60,60,20,0,0
6,OO,15048,SUX,30,30,17,0,0
6,OO,15370,TUL,90,87,22,1,2
6,OO,15376,TUS,81,81,27,0,0
6,OO,15412,TYS,30,30,15,0,0
6,OO,15897,WYS,35,35,9,0,0
6,OO,15919,XNA,59,59,15,0,0
6,OO,16869,XWA,150,148,50,0,2
6,UA,10140,ABQ,60,59,21,1,0
6,UA,10299,ANC,60,56,12,0,4
6,UA,10397,ATL,111,110,35,1,0
6,UA,10423,AUS,190,190,58,0,0
6,UA,10431,AVL,4,4,0,0,0
6,UA,10529,BDL,60,60,14,0,0
6,UA,10620,BIL,60,60,24,0,0
6,UA,10693,BNA,104,104,34,0,0
6,UA,10713,BOI,120,120,30,0,0
6,UA,10721,BOS,185,184,52,0,1
6,UA,10785,BTV,31,31,6,0,0
6,UA,10792,BUF,30,30,16,0,0
6,UA,10800,BUR,90,89,33,0,1
6,UA,10821,BWI,90,88,21,0,2
6,UA,10849,BZN,86,86,27,0,0
6,UA,10994,CHS,30,30,7,0,0
6,UA,11003,CID,60,60,20,0,0
6,UA,11042,CLE,87,87,21,0,0
6,UA,11057,CLT,60,60,27,0,0
6,UA,11066,CMH,60,60,19,0,0
6,UA,11109,COS,60,58,24,1,1
6,UA,11193,CVG,60,59,20,0,1
6,UA,11267,DAY,5,5,2,0,0
6,UA,11278,DCA,30,29,2,0,1
6,UA,11298,DFW,190,189,70,1,0
6,UA,11413,DRO,60,60,19,0,0
6,UA,11423,DSM,84,83,31,1,0
6,UA,11433,DTW,60,60,17,0,0
6,UA,11481,ECP,4,4,3,0,0
6,UA,11503,EGE,60,60,18,0,0
6,UA,11540,ELP,30,30,17,0,0
6,UA,11603,EUG,60,60,21,0,0
6,UA,11618,EWR,231,229,85,0,2
6,UA,11630,FAI,30,28,8,0,2
6,UA,11637,FAR,30,30,16,0,0
6,UA,11638,FAT,30,30,14,0,0
6,UA,11648,FCA,65,65,31,0,0
6,UA,11697,FLL,90,89,20,0,1
6,UA,11775,FSD,30,30,11,0,0
6,UA,11884,GEG,90,89,30,1,0
6,UA,11921,GJT,60,60,31,0,0
6,UA,11986,GRR,60,60,24,0,0
6,UA,11996,GSP,30,30,5,0,0
6,UA,12003,GTF,60,60,24,0,0
6,UA,12094,HDN,32,32,6,0,0
6,UA,12173,HNL,60,57,17,1,2
6,UA,12264,IAD,245,238,71,4,3
6,UA,12266,IAH,330,324,119,4,2
6,UA,12278,ICT,30,30,15,0,0
6,UA,12339,IND,86,86,31,0,0
6,UA,12441,JAC,95,95,30,0,0
6,UA,12451,JAX,33,33,16,0,0
6,UA,12758,KOA,30,28,4,0,2
6,UA,12889,LAS,179,178,60,0,1
6,UA,12892,LAX,257,257,58,0,0
6,UA,12953,LGA,164,160,54,1,3
6,UA,12982,LIH,30,29,6,0,1
6,UA,13198,MCI,119,119,55,0,0
6,UA,13204,MCO,172,172,47,0,0
6,UA,13244,MEM,60,59,26,1,0
6,UA,13264,MFR,60,60,24,0,0
6,UA,13303,MIA,82,82,33,0,0
6,UA,13342,MKE,59,59,30,0,0
6,UA,13485,MSN,60,59,20,1,0
6,UA,13486,MSO,60,60,16,0,0
6,UA,13487,MSP,149,148,43,1,0
6,UA,13495,MSY,60,59,17,1,0
6,UA,13502,MTJ,60,60,21,0,0
6,UA,13577,MYR,4,4,2,0,0
6,UA,13830,OGG,34,30,9,1,3
6,UA,13871,OMA,120,118,43,1,1
6,UA,13891,ONT,90,88,36,2,0
6,UA,13930,ORD,301,300,105,0,1
6,UA,13931,ORF,33,33,22,0,0
6,UA,14057,PDX,172,172,43,0,0
6,UA,14100,PHL,90,90,25,0,0
6,UA,14107,PHX,150,149,54,1,0
6,UA,14122,PIT,83,83,31,0,0
6,UA,14193,PNS,30,30,5,0,0
6,UA,14252,PSC,30,30,13,0,0
6,UA,14262,PSP,30,30,3,0,0
6,UA,14321,PWM,31,31,8,0,0
6,UA,14457,RAP,60,60,23,0,0
6,UA,14489,RDM,60,60,20,0,0
6,UA,14492,RDU,90,90,25,0,0
6,UA,14524,RIC,30,30,19,0,0
6,UA,14570,RNO,150,148,48,0,2
6,UA,14635,RSW,33,33,9,0,0
6,UA,14679,SAN,180,180,45,0,0
6,UA,14683,SAT,120,117,36,0,3
6,UA,14685,SAV,30,30,8,0,0
6,UA,14689,SBA,90,89,31,1,0
6,UA,14698,SBP,30,30,19,0,0
6,UA,14730,SDF,60,60,21,0,0
6,UA,14747,SEA,198,198,55,0,0
6,UA,14771,SFO,298,295,85,3,0
6,UA,14831,SJC,88,88,31,0,0
6,UA,14843,SJU,30,28,14,0,2
6,UA,14869,SLC,138,137,42,1,0
6,UA,14893,SMF,176,176,47,0,0
6,UA,14908,SNA,176,176,44,0,0
6,UA,15016,STL,90,90,24,0,0
6,UA,15096,SYR,34,34,14,0,0
6,UA,15304,TPA,91,90,28,1,0
6,UA,15370,TUL,30,30,17,0,0
6,UA,15376,TUS,5,5,2,0,0
6,UA,15380,TVC,35,35,12,0,0
6,UA,15412,TYS,30,30,4,0,0
6,UA,15919,XNA,32,32,16,0,0
6,WN,10140,ABQ,134,134,55,0,0
6,WN,10257,ALB,30,27,18,2,1
6,WN,10397,ATL,88,87,44,0,1
6,WN,10423,AUS,211,211,82,0,0
6,WN,10529,BDL,30,29,19,1,0
6,WN,10599,BHM,30,30,23,0,0
6,WN,10693,BNA,208,206,91,2,0
6,WN,10713,BOI,95,95,48,0,0
6,WN,10721,BOS,82,82,37,0,0
6,WN,10792,BUF,38,38,21,0,0
6,WN,10800,BUR,120,119,46,1,0
6,WN,10821,BWI,198,193,68,3,2
6,WN,10849,BZN,112,112,43,0,0
6,WN,10994,CHS,30,30,12,0,0
6,WN,11042,CLE,60,60,28,0,0
6,WN,11057,CLT,30,30,11,0,0
6,WN,11066,CMH,86,86,47,0,0
6,WN,11109,COS,96,96,41,0,0
6,WN,11193,CVG,30,30,12,0,0
6,WN,11259,DAL,279,276,109,2,1
6,WN,11423,DSM,56,56,24,0,0
6,WN,11433,DTW,60,60,30,0,0
6,WN,11481,ECP,34,34,10,0,0
6,WN,11540,ELP,76,76,35,0,0
6,WN,11603,EUG,30,30,16,0,0
6,WN,11638,FAT,30,30,9,0,0
6,WN,11697,FLL,30,29,12,1,0
6,WN,11884,GEG,87,87,39,0,0
6,WN,11986,GRR,38,38,15,0,0
6,WN,11996,GSP,8,8,2,0,0
6,WN,12094,HDN,28,28,8,0,0
6,WN,12191,HOU,194,193,83,0,1
6,WN,12264,IAD,81,79,37,2,0
6,WN,12278,ICT,56,55,27,1,0
6,WN,12339,IND,147,146,59,0,1
6,WN,12451,JAX,30,30,15,0,0
6,WN,12889,LAS,278,275,95,2,1
6,WN,12892,LAX,173,173,74,0,0
6,WN,12896,LBB,22,21,12,0,1
6,WN,12953,LGA,116,113,54,1,2
6,WN,12954,LGB,92,91,33,1,0
6,WN,12992,LIT,30,30,14,0,0
6,WN,13158,MAF,22,22,16,0,0
6,WN,13198,MCI,215,212,76,2,1
6,WN,13204,MCO,192,188,82,2,2
6,WN,13232,MDW,254,252,103,2,0
6,WN,13244,MEM,30,29,21,1,0
6,WN,13303,MIA,30,30,16,0,0
6,WN,13342,MKE,129,128,55,1,0
6,WN,13487,MSP,164,164,55,0,0
6,WN,13495,MSY,88,88,50,0,0
6,WN,13502,MTJ,28,28,5,0,0
6,WN,13577,MYR,26,25,7,0,1
6,WN,13796,OAK,155,153,76,2,0
6,WN,13851,OKC,113,111,50,1,1
6,WN,13871,OMA,138,137,57,0,1
6,WN,13891,ONT,116,114,50,2,0
6,WN,13930,ORD,90,90,52,0,0
6,WN,13931,ORF,30,30,10,0,0
6,WN,14057,PDX,159,158,71,1,0
6,WN,14100,PHL,82,81,42,0,1
6,WN,14107,PHX,327,316,127,11,0
6,WN,14122,PIT,77,76,45,1,0
6,WN,14193,PNS,30,30,11,0,0
6,WN,14262,PSP,33,33,11,0,0
6,WN,14307,PVD,24,24,15,0,0
6,WN,14492,RDU,65,65,35,0,0
6,WN,14524,RIC,30,29,16,0,1
6,WN,14570,RNO,94,94,37,0,0
6,WN,14635,RSW,30,30,14,0,0
6,WN,14679,SAN,204,203,88,1,0
6,WN,14683,SAT,133,131,54,1,1
6,WN,14685,SAV,21,21,10,0,0
6,WN,14689,SBA,20,20,3,0,0
6,WN,14730,SDF,34,34,17,0,0
6,WN,14747,SEA,142,142,78,0,0
6,WN,14771,SFO,131,129,62,2,0
6,WN,14831,SJC,143,142,56,1,0
6,WN,14869,SLC,209,208,90,0,1
6,WN,14893,SMF,185,184,99,1,0
6,WN,14908,SNA,134,133,53,1,0
6,WN,15016,STL,204,203,71,1,0
6,WN,15304,TPA,136,135,56,0,1
6,WN,15370,TUL,90,87,40,2,1
6,WN,15376,TUS,94,94,42,0,0
7,AA,11057,CLT,147,144,46,3,0
7,AA,11298,DFW,276,266,104,9,1
7,AA,13303,MIA,62,61,22,1,0
7,AA,13930,ORD,150,140,48,7,3
7,AA,14100,PHL,89,80,23,6,3
7,AA,14107,PHX,78,77,19,1,0
7,AS,10299,ANC,35,35,15,0,0
7,AS,14057,PDX,57,55,24,2,0
7,AS,14747,SEA,176,172,76,4,0
7,B6,10721,BOS,88,85,35,3,0
7,B6,12478,JFK,61,52,25,6,3
7,DL,10397,ATL,257,251,55,2,4
7,DL,10721,BOS,59,57,11,2,0
7,DL,11433,DTW,115,111,22,2,2
7,DL,12478,JFK,92,85,27,6,1
7,DL,12892,LAX,92,89,25,3,0
7,DL,12953,LGA,89,81,23,7,1
7,DL,13487,MSP,177,175,56,1,1
7,DL,14747,SEA,93,92,28,1,0
7,DL,14869,SLC,145,142,50,2,1
7,F9,10397,ATL,61,60,15,1,0
7,F9,10423,AUS,31,29,16,2,0
7,F9,10693,BNA,48,48,17,0,0
7,F9,10713,BOI,9,9,4,0,0
7,F9,10792,BUF,13,13,3,0,0
7,F9,10800,BUR,9,9,4,0,0
7,F9,10821,BWI,17,17,8,0,0
7,F9,11003,CID,18,18,5,0,0
7,F9,11042,CLE,31,30,4,0,1
7,F9,11057,CLT,14,14,2,0,0
7,F9,11066,CMH,9,9,2,0,0
7,F9,11193,CVG,48,46,19,2,0
7,F9,11278,DCA,83,79,26,1,3
7,F9,11298,DFW,71,70,25,1,0
7,F9,11423,DSM,8,8,5,0,0
7,F9,11433,DTW,48,48,12,0,0
7,F9,11540,ELP,26,25,4,1,0
7,F9,11637,FAR,22,22,3,0,0
7,F9,11775,FSD,22,22,7,0,0
7,F9,11884,GEG,14,14,3,0,0
7,F9,11977,GRB,8,8,0,0,0
7,F9,11986,GRR,21,21,3,0,0
7,F9,12266,IAH,62,62,24,0,0
7,F9,12339,IND,47,47,12,0,0
7,F9,12889,LAS,104,104,32,0,0
7,F9,12892,LAX,52,51,18,1,0
7,F9,12953,LGA,31,29,16,2,0
7,F9,12992,LIT,9,8,5,1,0
7,F9,13198,MCI,13,13,6,0,0
7,F9,13204,MCO,57,55,24,2,0
7,F9,13232,MDW,20,19,10,0,1
7,F9,13244,MEM,9,9,5,0,0
7,F9,13303,MIA,31,29,10,2,0
7,F9,13342,MKE,8,8,3,0,0
7,F9,13485,MSN,14,14,5,0,0
7,F9,13486,MSO,8,7,1,0,1
7,F9,13487,MSP,48,48,23,0,0
7,F9,13495,MSY,9,9,3,0,0
7,F9,13851,OKC,48,46,22,2,0
7,F9,13871,OMA,18,18,7,0,0
7,F9,13891,ONT,62,61,18,1,0
7,F9,13930,ORD,32,31,12,1,0
7,F9,14004,PAE,8,8,1,0,0
7,F9,14057,PDX,62,60,18,2,0
7,F9,14100,PHL,48,48,23,0,0
7,F9,14107,PHX,80,80,24,0,0
7,F9,14122,PIT,8,8,4,0,0
7,F9,14193,PNS,12,12,2,0,0
7,F9,14262,PSP,7,7,0,0,0
7,F9,14492,RDU,26,26,4,0,0
7,F9,14570,RNO,8,8,1,0,0
7,F9,14679,SAN,61,61,21,0,0
7,F9,14683,SAT,18,18,2,0,0
7,F9,14747,SEA,50,48,22,2,0
7,F9,14771,SFO,31,30,21,1,0
7,F9,14831,SJC,8,8,1,0,0
7,F9,14869,SLC,82,79,24,3,0
7,F9,14893,SMF,8,7,1,1,0
7,F9,14908,SNA,30,30,7,0,0
7,F9,15016,STL,17,17,3,0,0
7,F9,15304,TPA,48,47,12,1,0
7,F9,15376,TUS,9,9,1,0,0
7,F9,15412,TYS,9,9,2,0,0
7,F9,15919,XNA,13,13,3,0,0
7,G4,10135,ABE,9,9,0,0,0
7,G4,10408,ATW,14,13,7,1,0
7,G4,10431,AVL,17,17,5,0,0
7,G4,11193,CVG,8,8,0,0,0
7,G4,12280,IDA,9,9,4,0,0
7,G4,14108,PIA,9,9,7,0,0
7,G4,14716,SCK,9,7,5,2,0
7,G4,15412,TYS,9,8,8,1,0
7,MQ,14107,PHX,14,14,8,0,0
7,OO,10140,ABQ,90,89,30,1,0
7,OO,10157,ACV,40,40,11,0,0
7,OO,10279,AMA,62,60,22,1,1
7,OO,10372,ASE,245,222,89,16,7
7,OO,10408,ATW,48,48,12,0,0
7,OO,10431,AVL,27,27,6,0,0
7,OO,10558,BFF,52,50,15,0,2
7,OO,10561,BFL,62,60,26,1,1
7,OO,10599,BHM,62,62,14,0,0
7,OO,10620,BIL,121,117,39,3,1
7,OO,10627,BIS,154,150,48,2,2
7,OO,10713,BOI,32,31,15,1,0
7,OO,10779,BTM,31,26,8,5,0
7,OO,10849,BZN,64,64,8,0,0
7,OO,11003,CID,26,26,5,0,0
7,OO,11097,COD,123,120,35,2,1
7,OO,11109,COS,307,293,112,13,1
7,OO,11122,CPR,210,203,65,5,2
7,OO,11233,CYS,72,68,28,3,1
7,OO,11283,DDC,53,51,12,1,1
7,OO,11315,DIK,57,53,23,4,0
7,OO,11413,DRO,121,118,44,3,0
7,OO,11423,DSM,95,93,17,1,1
7,OO,11447,DVL,53,53,10,0,0
7,OO,11468,EAR,52,52,15,0,0
7,OO,11503,EGE,31,30,8,1,0
7,OO,11540,ELP,31,31,4,0,0
7,OO,11603,EUG,31,31,1,0,0
7,OO,11637,FAR,93,92,28,1,0
7,OO,11638,FAT,62,62,16,0,0
7,OO,11648,FCA,31,31,3,0,0
7,OO,11711,FMN,31,31,10,0,0
7,OO,11775,FSD,144,140,30,2,2
7,OO,11865,GCC,62,60,18,1,1
7,OO,11921,GJT,121,120,32,1,0
7,OO,11995,GSO,31,31,15,0,0
7,OO,12012,GUC,93,92,23,1,0
7,OO,12094,HDN,53,52,21,1,0
7,OO,12156,HLN,91,86,32,4,1
7,OO,12177,HOB,31,29,16,2,0
7,OO,12217,HSV,62,62,22,0,0
7,OO,12255,HYS,53,51,24,2,0
7,OO,12278,ICT,123,123,26,0,0
7,OO,12280,IDA,183,180,59,3,0
7,OO,12323,ILM,4,4,3,0,0
7,OO,12441,JAC,31,31,2,0,0
7,OO,12511,JLN,31,31,9,0,0
7,OO,12519,JMS,53,53,8,0,0
7,OO,12888,LAR,53,49,13,3,1
7,OO,12892,LAX,93,92,20,1,0
7,OO,12896,LBB,62,59,27,3,0
7,OO,12899,LBF,52,48,9,4,0
7,OO,12902,LBL,53,51,14,2,0
7,OO,12945,LEX,31,31,18,0,0
7,OO,12992,LIT,93,91,32,1,1
7,OO,13029,LNK,154,151,47,1,2
7,OO,13158,MAF,93,92,27,1,0
7,OO,13198,MCI,30,30,2,0,0
7,OO,13342,MKE,61,61,23,0,0
7,OO,13367,MLI,31,31,20,0,0
7,OO,13433,MOT,154,152,39,1,1
7,OO,13476,MRY,62,61,22,1,0
7,OO,13485,MSN,26,25,6,0,1
7,OO,13486,MSO,62,62,14,0,0
7,OO,13502,MTJ,31,31,4,0,0
7,OO,13851,OKC,154,153,41,0,1
7,OO,13871,OMA,30,29,4,1,0
7,OO,13964,OTH,31,31,7,0,0
7,OO,14108,PIA,31,30,18,0,1
7,OO,14237,PRC,31,30,12,1,0
7,OO,14252,PSC,31,31,4,0,0
7,OO,14262,PSP,31,31,18,0,0
7,OO,14457,RAP,212,207,66,4,1
7,OO,14487,RDD,31,31,5,0,0
7,OO,14534,RIW,62,61,18,1,0
7,OO,14543,RKS,62,58,23,1,3
7,OO,14674,SAF,121,118,37,2,1
7,OO,14698,SBP,31,31,10,0,0
7,OO,14783,SGF,124,124,54,0,0
7,OO,14794,SGU,92,91,24,0,1
7,OO,14812,SHR,62,59,17,2,1
7,OO,14814,SHV,31,30,15,0,1
7,OO,14869,SLC,97,94,44,3,0
7,OO,14877,SLN,31,29,14,2,0
7,OO,15016,STL,31,31,13,0,0
7,OO,15041,SUN,62,62,15,0,0
7,OO,15048,SUX,31,30,12,1,0
7,OO,15370,TUL,93,93,22,0,0
7,OO,15376,TUS,31,30,14,1,0
7,OO,15412,TYS,31,31,18,0,0
7,OO,15897,WYS,36,35,6,0,1
7,OO,15919,XNA,62,62,16,0,0
7,OO,16869,XWA,154,151,43,2,1
7,UA,10140,ABQ,62,61,21,1,0
7,UA,10299,ANC,62,60,18,0,2
7,UA,10397,ATL,114,113,41,0,1
7,UA,10423,AUS,193,188,63,4,1
7,UA,10431,AVL,4,4,1,0,0
7,UA,10529,BDL,62,62,18,0,0
7,UA,10620,BIL,62,61,30,0,1
7,UA,10693,BNA,105,102,41,0,3
7,UA,10713,BOI,123,121,32,2,0
7,UA,10721,BOS,192,192,56,0,0
7,UA,10785,BTV,35,35,11,0,0
7,UA,10792,BUF,31,31,20,0,0
7,UA,10800,BUR,91,90,35,1,0
7,UA,10821,BWI,92,90,33,1,1
7,UA,10849,BZN,89,88,32,1,0
7,UA,10994,CHS,31,30,9,0,1
7,UA,11003,CID,62,60,28,2,0
7,UA,11042,CLE,93,92,32,1,0
7,UA,11057,CLT,62,61,25,0,1
7,UA,11066,CMH,62,62,26,0,0
7,UA,11109,COS,62,58,27,3,1
7,UA,11193,CVG,62,62,25,0,0
7,UA,11267,DAY,31,31,16,0,0
7,UA,11278,DCA,31,29,2,0,2
7,UA,11298,DFW,193,190,68,1,2
7,UA,11413,DRO,62,60,24,2,0
7,UA,11423,DSM,58,58,24,0,0
7,UA,11433,DTW,62,61,19,0,1
7,UA,11481,ECP,4,4,2,0,0
7,UA,11503,EGE,62,62,24,0,0
7,UA,11540,ELP,31,30,17,0,1
7,UA,11603,EUG,62,62,24,0,0
7,UA,11618,EWR,309,291,128,13,5
7,UA,11630,FAI,31,30,15,0,1
7,UA,11637,FAR,31,31,19,0,0
7,UA,11638,FAT,31,30,11,1,0
7,UA,11648,FCA,93,91,24,2,0
7,UA,11697,FLL,93,92,31,0,1
7,UA,11775,FSD,31,31,19,0,0
7,UA,11884,GEG,91,90,40,1,0
7,UA,11921,GJT,62,62,25,0,0
7,UA,11986,GRR,62,60,26,2,0
7,UA,11996,GSP,31,31,7,0,0
7,UA,12003,GTF,62,62,26,0,0
7,UA,12094,HDN,40,39,7,1,0
7,UA,12173,HNL,62,57,27,2,3
7,UA,12264,IAD,277,267,90,3,7
7,UA,12266,IAH,340,336,148,0,4
7,UA,12278,ICT,31,31,17,0,0
7,UA,12339,IND,88,86,28,2,0
7,UA,12441,JAC,124,123,49,1,0
7,UA,12451,JAX,31,31,16,0,0
7,UA,12758,KOA,31,31,8,0,0
7,UA,12889,LAS,173,171,78,2,0
7,UA,12892,LAX,262,262,66,0,0
7,UA,12953,LGA,170,162,65,5,3
7,UA,12982,LIH,31,29,5,1,1
7,UA,13198,MCI,124,123,47,1,0
7,UA,13204,MCO,174,173,45,0,1
7,UA,13244,MEM,62,62,28,0,0
7,UA,13264,MFR,62,61,25,1,0
7,UA,13303,MIA,83,82,34,0,1
7,UA,13342,MKE,58,58,26,0,0
7,UA,13485,MSN,62,61,22,1,0
7,UA,13486,MSO,62,62,21,0,0
7,UA,13487,MSP,172,167,55,3,2
7,UA,13495,MSY,62,61,26,1,0
7,UA,13502,MTJ,62,61,26,0,1
7,UA,13577,MYR,4,4,2,0,0
7,UA,13830,OGG,35,33,8,1,1
7,UA,13871,OMA,124,121,49,2,1
7,UA,13891,ONT,91,91,36,0,0
7,UA,13930,ORD,308,299,134,7,2
7,UA,13931,ORF,31,30,20,1,0
7,UA,14057,PDX,173,171,52,2,0
7,UA,14100,PHL,92,92,32,0,0
7,UA,14107,PHX,153,153,67,0,0
7,UA,14122,PIT,93,91,35,1,1
7,UA,14193,PNS,31,31,6,0,0
7,UA,14252,PSC,31,30,13,1,0
7,UA,14262,PSP,31,31,9,0,0
7,UA,14321,PWM,35,35,10,0,0
7,UA,14457,RAP,62,61,23,1,0
7,UA,14489,RDM,62,61,29,1,0
7,UA,14492,RDU,92,92,30,0,0
7,UA,14524,RIC,31,31,21,0,0
7,UA,14570,RNO,153,153,60,0,0
7,UA,14635,RSW,31,31,7,0,0
7,UA,14679,SAN,184,181,64,2,1
7,UA,14683,SAT,124,124,51,0,0
7,UA,14685,SAV,31,31,11,0,0
7,UA,14689,SBA,91,84,29,5,2
7,UA,14698,SBP,31,31,18,0,0
7,UA,14730,SDF,62,62,24,0,0
7,UA,14747,SEA,200,197,53,3,0
7,UA,14771,SFO,294,286,105,8,0
7,UA,14831,SJC,91,91,41,0,0
7,UA,14843,SJU,31,30,14,0,1
7,UA,14869,SLC,141,141,48,0,0
7,UA,14893,SMF,180,179,63,1,0
7,UA,14908,SNA,181,179,58,0,2
7,UA,15016,STL,93,92,32,0,1
7,UA,15096,SYR,53,53,22,0,0
7,UA,15304,TPA,93,93,39,0,0
7,UA,15370,TUL,31,31,17,0,0
7,UA,15376,TUS,31,31,7,0,0
7,UA,15380,TVC,62,61,21,0,1
7,UA,15412,TYS,31,31,10,0,0
7,UA,15919,XNA,31,31,19,0,0
7,WN,10140,ABQ,136,134,53,2,0
7,WN,10257,ALB,31,29,20,2,0
7,WN,10397,ATL,93,92,42,1,0
7,WN,10423,AUS,213,211,103,2,0
7,WN,10529,BDL,31,30,19,1,0
7,WN,10599,BHM,31,29,18,2,0
7,WN,10693,BNA,217,209,88,4,4
7,WN,10713,BOI,97,96,41,1,0
7,WN,10721,BOS,88,88,41,0,0
7,WN,10792,BUF,39,38,21,1,0
7,WN,10800,BUR,124,123,46,1,0
7,WN,10821,BWI,208,198,79,7,3
7,WN,10849,BZN,120,118,47,2,0
7,WN,10994,CHS,31,30,14,0,1
7,WN,11042,CLE,62,61,27,1,0
7,WN,11057,CLT,31,31,17,0,0
7,WN,11066,CMH,91,90,42,1,0
7,WN,11109,COS,97,96,47,1,0
7,WN,11193,CVG,31,30,15,0,1
7,WN,11259,DAL,289,283,105,2,4
7,WN,11423,DSM,62,61,25,0,1
7,WN,11433,DTW,62,60,30,2,0
7,WN,11481,ECP,34,34,13,0,0
7,WN,11540,ELP,78,77,36,1,0
7,WN,11603,EUG,35,35,15,0,0
7,WN,11638,FAT,31,31,9,0,0
7,WN,11697,FLL,31,29,12,0,2
7,WN,11884,GEG,93,92,35,1,0
7,WN,11986,GRR,39,39,14,0,0
7,WN,11996,GSP,8,8,2,0,0
7,WN,12094,HDN,31,31,5,0,0
7,WN,12191,HOU,203,197,90,2,4
7,WN,12264,IAD,84,83,35,1,0
7,WN,12278,ICT,62,60,27,1,1
7,WN,12339,IND,154,154,72,0,0
7,WN,12451,JAX,31,30,11,0,1
7,WN,12889,LAS,284,279,97,4,1
7,WN,12892,LAX,180,177,71,3,0
7,WN,12896,LBB,21,21,10,0,0
7,WN,12953,LGA,119,110,53,7,2
7,WN,12954,LGB,97,95,32,2,0
7,WN,12992,LIT,31,31,18,0,0
7,WN,13158,MAF,21,20,16,1,0
7,WN,13198,MCI,220,218,92,2,0
7,WN,13204,MCO,207,204,75,1,2
7,WN,13232,MDW,279,267,89,8,4
7,WN,13244,MEM,31,31,21,0,0
7,WN,13303,MIA,31,31,16,0,0
7,WN,13342,MKE,141,140,53,1,0
7,WN,13487,MSP,173,170,64,3,0
7,WN,13495,MSY,89,89,47,0,0
7,WN,13502,MTJ,31,31,11,0,0
7,WN,13577,MYR,31,31,15,0,0
7,WN,13796,OAK,159,157,73,2,0
7,WN,13851,OKC,119,118,51,1,0
7,WN,13871,OMA,145,143,58,2,0
7,WN,13891,ONT,119,118,58,1,0
7,WN,13930,ORD,93,91,48,1,1
7,WN,13931,ORF,30,30,15,0,0
7,WN,14057,PDX,169,164,69,4,1
7,WN,14100,PHL,88,86,35,2,0
7,WN,14107,PHX,333,323,133,9,1
7,WN,14122,PIT,84,82,39,2,0
7,WN,14193,PNS,31,31,14,0,0
7,WN,14262,PSP,31,31,7,0,0
7,WN,14307,PVD,21,21,10,0,0
7,WN,14492,RDU,65,65,37,0,0
7,WN,14524,RIC,31,30,21,0,1
7,WN,14570,RNO,97,95,42,2,0
7,WN,14635,RSW,31,31,13,0,0
7,WN,14679,SAN,213,211,73,2,0
7,WN,14683,SAT,136,136,65,0,0
7,WN,14685,SAV,21,21,7,0,0
7,WN,14689,SBA,21,20,5,0,1
7,WN,14730,SDF,35,34,22,1,0
7,WN,14747,SEA,151,150,62,1,0
7,WN,14771,SFO,139,137,74,2,0
7,WN,14831,SJC,151,149,60,2,0
7,WN,14869,SLC,222,219,109,2,1
7,WN,14893,SMF,196,193,75,3,0
7,WN,14908,SNA,136,132,49,4,0
7,WN,15016,STL,211,210,70,0,1
7,WN,15304,TPA,146,146,70,0,0
7,WN,15370,TUL,92,91,50,1,0
7,WN,15376,TUS,93,90,38,2,1
8,AA,11057,CLT,143,142,28,0,1
8,AA,11298,DFW,257,245,87,9,3
8,AA,13303,MIA,62,62,28,0,0
8,AA,13930,ORD,152,148,47,3,1
8,AA,14100,PHL,89,89,22,0,0
8,AA,14107,PHX,74,74,14,0,0
8,AS,10299,ANC,34,33,10,0,1
8,AS,14057,PDX,54,54,17,0,0
8,AS,14747,SEA,165,164,64,1,0
8,B6,10721,BOS,88,87,18,1,0
8,B6,12478,JFK,62,62,18,0,0
8,DL,10397,ATL,236,234,37,2,0
8,DL,10721,BOS,38,37,6,1,0
8,DL,11433,DTW,109,109,15,0,0
8,DL,12478,JFK,92,90,13,2,0
8,DL,12892,LAX,93,92,22,1,0
8,DL,12953,LGA,87,82,23,2,3
8,DL,13487,MSP,163,163,37,0,0
8,DL,14747,SEA,93,93,23,0,0
8,DL,14869,SLC,148,148,29,0,0
8,F9,10397,ATL,61,60,8,1,0
8,F9,10423,AUS,36,36,17,0,0
8,F9,10693,BNA,43,42,13,1,0
8,F9,10713,BOI,11,11,3,0,0
8,F9,10792,BUF,13,13,2,0,0
8,F9,10800,BUR,9,9,0,0,0
8,F9,10821,BWI,18,18,7,0,0
8,F9,11003,CID,17,17,4,0,0
8,F9,11042,CLE,29,28,8,1,0
8,F9,11057,CLT,14,13,1,1,0
8,F9,11066,CMH,10,9,2,1,0
8,F9,11193,CVG,36,35,13,1,0
8,F9,11278,DCA,85,84,22,0,1
8,F9,11298,DFW,76,74,18,0,2
8,F9,11423,DSM,13,13,2,0,0
8,F9,11433,DTW,49,49,13,0,0
8,F9,11540,ELP,27,27,8,0,0
8,F9,11637,FAR,22,22,6,0,0
8,F9,11775,FSD,22,22,7,0,0
8,F9,11884,GEG,11,11,3,0,0
8,F9,11977,GRB,6,6,2,0,0
8,F9,11986,GRR,23,23,2,0,0
8,F9,12266,IAH,62,62,17,0,0
8,F9,12339,IND,38,38,7,0,0
8,F9,12889,LAS,114,114,27,0,0
8,F9,12892,LAX,57,57,16,0,0
8,F9,12953,LGA,28,27,9,1,0
8,F9,12992,LIT,11,11,4,0,0
8,F9,13198,MCI,15,15,4,0,0
8,F9,13204,MCO,58,56,16,1,1
8,F9,13232,MDW,17,17,8,0,0
8,F9,13244,MEM,10,10,3,0,0
8,F9,13303,MIA,27,26,10,1,0
8,F9,13342,MKE,11,11,2,0,0
8,F9,13485,MSN,14,14,2,0,0
8,F9,13486,MSO,6,6,0,0,0
8,F9,13487,MSP,51,51,21,0,0
8,F9,13495,MSY,5,5,1,0,0
8,F9,13851,OKC,38,38,14,0,0
8,F9,13871,OMA,19,19,6,0,0
8,F9,13891,ONT,56,56,11,0,0
8,F9,13930,ORD,38,38,8,0,0
8,F9,14004,PAE,9,9,1,0,0
8,F9,14057,PDX,56,56,15,0,0
8,F9,14100,PHL,37,36,17,1,0
8,F9,14107,PHX,92,91,25,0,1
8,F9,14122,PIT,6,6,1,0,0
8,F9,14193,PNS,14,14,6,0,0
8,F9,14262,PSP,9,9,3,0,0
8,F9,14492,RDU,25,24,2,1,0
8,F9,14570,RNO,13,13,2,0,0
8,F9,14679,SAN,65,65,14,0,0
8,F9,14683,SAT,19,18,4,0,1
8,F9,14747,SEA,54,53,18,1,0
8,F9,14771,SFO,38,38,15,0,0
8,F9,14831,SJC,12,12,2,0,0
8,F9,14869,SLC,83,82,17,1,0
8,F9,14893,SMF,13,13,0,0,0
8,F9,14908,SNA,27,27,10,0,0
8,F9,15016,STL,24,24,2,0,0
8,F9,15304,TPA,46,46,9,0,0
8,F9,15376,TUS,9,9,0,0,0
8,F9,15412,TYS,10,10,3,0,0
8,F9,15919,XNA,15,15,3,0,0
8,G4,10135,ABE,9,9,2,0,0
8,G4,10408,ATW,10,10,3,0,0
8,G4,10431,AVL,12,12,7,0,0
8,G4,11193,CVG,6,6,1,0,0
8,G4,12280,IDA,9,9,1,0,0
8,G4,14108,PIA,9,9,4,0,0
8,G4,14716,SCK,9,9,3,0,0
8,G4,15412,TYS,9,9,5,0,0
8,MQ,14107,PHX,2,2,1,0,0
8,OO,10140,ABQ,93,91,22,2,0
8,OO,10157,ACV,36,33,3,1,2
8,OO,10279,AMA,60,59,24,0,1
8,OO,10372,ASE,244,230,86,10,4
8,OO,10408,ATW,31,31,9,0,0
8,OO,10409,ATY,31,31,10,0,0
8,OO,10431,AVL,28,28,6,0,0
8,OO,10558,BFF,54,52,17,2,0
8,OO,10561,BFL,62,62,25,0,0
8,OO,10599,BHM,62,62,17,0,0
8,OO,10620,BIL,119,118,31,1,0
8,OO,10627,BIS,152,151,53,1,0
8,OO,10713,BOI,46,46,18,0,0
8,OO,10779,BTM,31,31,15,0,0
8,OO,10849,BZN,60,59,7,1,0
8,OO,11003,CID,23,22,4,0,1
8,OO,11097,COD,123,120,29,3,0
8,OO,11109,COS,307,304,110,3,0
8,OO,11122,CPR,214,211,64,3,0
8,OO,11233,CYS,62,61,23,0,1
8,OO,11283,DDC,53,52,16,1,0
8,OO,11298,DFW,1,1,0,0,0
8,OO,11315,DIK,57,54,19,3,0
8,OO,11413,DRO,124,120,31,1,3
8,OO,11423,DSM,89,88,15,1,0
8,OO,11447,DVL,53,53,12,0,0
8,OO,11468,EAR,54,54,19,0,0
8,OO,11481,ECP,2,2,0,0,0
8,OO,11503,EGE,31,30,4,1,0
8,OO,11603,EUG,31,31,2,0,0
8,OO,11637,FAR,93,92,28,1,0
8,OO,11638,FAT,62,62,9,0,0
8,OO,11648,FCA,31,31,1,0,0
8,OO,11711,FMN,31,31,10,0,0
8,OO,11775,FSD,131,130,34,1,0
8,OO,11865,GCC,62,61,21,1,0
8,OO,11884,GEG,13,13,0,0,0
8,OO,11921,GJT,124,124,42,0,0
8,OO,11995,GSO,31,31,12,0,0
8,OO,12012,GUC,93,91,21,0,2
8,OO,12094,HDN,57,57,17,0,0
8,OO,12156,HLN,93,88,33,2,3
8,OO,12177,HOB,31,30,16,1,0
8,OO,12217,HSV,62,62,19,0,0
8,OO,12255,HYS,53,52,18,1,0
8,OO,12278,ICT,121,121,16,0,0
8,OO,12280,IDA,181,176,44,4,1
8,OO,12323,ILM,3,3,1,0,0
8,OO,12441,JAC,31,31,1,0,0
8,OO,12511,JLN,31,30,8,0,1
8,OO,12519,JMS,53,52,9,0,1
8,OO,12888,LAR,53,52,19,0,1
8,OO,12892,LAX,83,83,19,0,0
8,OO,12896,LBB,60,58,23,1,1
8,OO,12899,LBF,54,51,16,2,1
8,OO,12902,LBL,53,49,14,2,2
8,OO,12945,LEX,31,31,13,0,0
8,OO,12992,LIT,92,91,32,1,0
8,OO,13029,LNK,152,151,55,1,0
8,OO,13158,MAF,104,104,30,0,0
8,OO,13198,MCI,28,28,0,0,0
8,OO,13342,MKE,35,34,14,0,1
8,OO,13367,MLI,31,31,17,0,0
8,OO,13433,MOT,150,148,48,1,1
8,OO,13476,MRY,62,61,13,1,0
8,OO,13485,MSN,21,21,3,0,0
8,OO,13486,MSO,62,62,13,0,0
8,OO,13487,MSP,18,18,5,0,0
8,OO,13502,MTJ,18,18,6,0,0
8,OO,13577,MYR,2,2,1,0,0
8,OO,13851,OKC,148,148,41,0,0
8,OO,13871,OMA,28,28,1,0,0
8,OO,13964,OTH,31,31,3,0,0
8,OO,14108,PIA,31,31,17,0,0
8,OO,14120,PIR,54,52,21,0,2
8,OO,14237,PRC,31,31,10,0,0
8,OO,14252,PSC,31,31,4,0,0
8,OO,14262,PSP,30,29,15,1,0
8,OO,14457,RAP,214,210,62,3,1
8,OO,14487,RDD,31,31,7,0,0
8,OO,14534,RIW,62,61,18,1,0
8,OO,14543,RKS,62,59,17,2,1
8,OO,14674,SAF,124,121,25,2,1
8,OO,14698,SBP,31,31,4,0,0
8,OO,14783,SGF,124,123,30,0,1
8,OO,14794,SGU,92,91,23,1,0
8,OO,14812,SHR,62,62,17,0,0
8,OO,14814,SHV,31,31,13,0,0
8,OO,14869,SLC,110,109,30,1,0
8,OO,14877,SLN,31,31,19,0,0
8,OO,15016,STL,31,31,11,0,0
8,OO,15041,SUN,62,61,16,0,1
8,OO,15048,SUX,31,30,10,1,0
8,OO,15370,TUL,93,93,19,0,0
8,OO,15376,TUS,67,67,13,0,0
8,OO,15412,TYS,31,31,19,0,0
8,OO,15897,WYS,37,36,12,0,1
8,OO,15919,XNA,62,62,8,0,0
8,OO,16869,XWA,150,148,38,0,2
8,UA,10140,ABQ,62,62,22,0,0
8,UA,10299,ANC,62,62,10,0,0
8,UA,10397,ATL,106,105,28,1,0
8,UA,10423,AUS,181,178,44,3,0
8,UA,10431,AVL,3,3,1,0,0
8,UA,10529,BDL,62,61,15,0,1
8,UA,10620,BIL,62,62,24,0,0
8,UA,10693,BNA,102,102,24,0,0
8,UA,10713,BOI,109,108,23,1,0
8,UA,10721,BOS,184,184,44,0,0
8,UA,10785,BTV,34,34,10,0,0
8,UA,10792,BUF,31,31,17,0,0
8,UA,10800,BUR,88,88,25,0,0
8,UA,10821,BWI,93,92,28,1,0
8,UA,10849,BZN,90,90,22,0,0
8,UA,10994,CHS,31,31,9,0,0
8,UA,11003,CID,62,61,19,1,0
8,UA,11042,CLE,91,91,25,0,0
8,UA,11057,CLT,62,62,23,0,0
8,UA,11066,CMH,62,62,17,0,0
8,UA,11109,COS,62,62,22,0,0
8,UA,11193,CVG,62,61,16,1,0
8,UA,11267,DAY,31,31,16,0,0
8,UA,11278,DCA,31,31,4,0,0
8,UA,11298,DFW,180,175,50,5,0
8,UA,11413,DRO,62,62,18,0,0
8,UA,11423,DSM,63,63,19,0,0
8,UA,11433,DTW,62,62,19,0,0
8,UA,11481,ECP,3,3,0,0,0
8,UA,11503,EGE,62,62,19,0,0
8,UA,11540,ELP,62,60,19,2,0
8,UA,11603,EUG,62,62,30,0,0
8,UA,11618,EWR,310,303,105,6,1
8,UA,11630,FAI,31,30,8,1,0
8,UA,11637,FAR,31,29,11,1,1
8,UA,11638,FAT,31,31,12,0,0
8,UA,11648,FCA,93,92,21,1,0
8,UA,11697,FLL,93,91,22,1,1
8,UA,11775,FSD,32,31,12,1,0
8,UA,11884,GEG,80,79,26,1,0
8,UA,11921,GJT,62,61,22,1,0
8,UA,11986,GRR,62,62,17,0,0
8,UA,11996,GSP,31,31,7,0,0
8,UA,12003,GTF,62,61,16,1,0
8,UA,12094,HDN,36,36,9,0,0
8,UA,12173,HNL,51,47,15,1,3
8,UA,12264,IAD,253,253,60,0,0
8,UA,12266,IAH,341,339,116,2,0
8,UA,12278,ICT,31,31,17,0,0
8,UA,12339,IND,85,85,22,0,0
8,UA,12441,JAC,124,120,33,4,0
8,UA,12451,JAX,31,31,18,0,0
8,UA,12758,KOA,31,31,6,0,0
8,UA,12889,LAS,170,170,54,0,0
8,UA,12892,LAX,260,260,51,0,0
8,UA,12953,LGA,170,168,40,1,1
8,UA,12982,LIH,31,28,4,3,0
8,UA,13198,MCI,124,123,42,1,0
8,UA,13204,MCO,156,153,44,2,1
8,UA,13244,MEM,62,62,19,0,0
8,UA,13264,MFR,62,62,21,0,0
8,UA,13303,MIA,74,73,30,1,0
8,UA,13342,MKE,81,81,30,0,0
8,UA,13485,MSN,65,65,13,0,0
8,UA,13486,MSO,62,61,16,0,1
8,UA,13487,MSP,152,152,40,0,0
8,UA,13495,MSY,69,69,19,0,0
8,UA,13502,MTJ,75,75,24,0,0
8,UA,13577,MYR,3,3,0,0,0
8,UA,13830,OGG,34,34,6,0,0
8,UA,13871,OMA,124,123,49,1,0
8,UA,13891,ONT,88,88,23,0,0
8,UA,13930,ORD,322,316,113,4,2
8,UA,13931,ORF,31,31,14,0,0
8,UA,14057,PDX,177,177,35,0,0
8,UA,14100,PHL,93,91,22,1,1
8,UA,14107,PHX,148,145,42,2,1
8,UA,14122,PIT,93,92,31,1,0
8,UA,14193,PNS,20,20,2,0,0
8,UA,14252,PSC,31,31,18,0,0
8,UA,14262,PSP,45,45,10,0,0
8,UA,14321,PWM,34,34,5,0,0
8,UA,14457,RAP,62,61,20,1,0
8,UA,14489,RDM,62,62,21,0,0
8,UA,14492,RDU,79,77,19,1,1
8,UA,14524,RIC,31,30,15,1,0
8,UA,14570,RNO,150,148,47,1,1
8,UA,14635,RSW,31,31,3,0,0
8,UA,14679,SAN,181,180,47,1,0
8,UA,14683,SAT,110,108,28,2,0
8,UA,14685,SAV,31,31,9,0,0
8,UA,14689,SBA,88,88,29,0,0
8,UA,14698,SBP,31,29,10,2,0
8,UA,14730,SDF,62,62,15,0,0
8,UA,14747,SEA,192,191,56,1,0
8,UA,14771,SFO,290,289,73,1,0
8,UA,14831,SJC,82,82,31,0,0
8,UA,14843,SJU,20,20,10,0,0
8,UA,14869,SLC,128,127,36,1,0
8,UA,14893,SMF,175,171,33,4,0
8,UA,14908,SNA,149,143,20,4,2
8,UA,15016,STL,93,93,23,0,0
8,UA,15096,SYR,57,57,14,0,0
8,UA,15304,TPA,92,91,23,0,1
8,UA,15370,TUL,31,31,14,0,0
8,UA,15376,TUS,26,26,2,0,0
8,UA,15380,TVC,49,49,14,0,0
8,UA,15412,TYS,31,31,11,0,0
8,UA,15919,XNA,31,30,13,1,0
8,WN,10140,ABQ,113,113,35,0,0
8,WN,10257,ALB,31,30,21,1,0
8,WN,10397,ATL,92,91,35,0,1
8,WN,10423,AUS,182,182,57,0,0
8,WN,10529,BDL,31,30,17,1,0
8,WN,10599,BHM,31,30,13,1,0
8,WN,10693,BNA,185,184,48,1,0
8,WN,10713,BOI,93,93,34,0,0
8,WN,10721,BOS,87,87,39,0,0
8,WN,10792,BUF,37,36,20,0,1
8,WN,10800,BUR,118,117,42,0,1
8,WN,10821,BWI,171,168,43,2,1
8,WN,10849,BZN,118,118,38,0,0
8,WN,10994,CHS,19,19,6,0,0
8,WN,11042,CLE,57,56,19,1,0
8,WN,11057,CLT,18,18,6,0,0
8,WN,11066,CMH,76,75,30,1,0
8,WN,11109,COS,97,95,34,2,0
8,WN,11193,CVG,31,31,14,0,0
8,WN,11259,DAL,237,236,90,0,1
8,WN,11423,DSM,62,62,22,0,0
8,WN,11433,DTW,62,62,34,0,0
8,WN,11481,ECP,9,9,5,0,0
8,WN,11540,ELP,61,61,12,0,0
8,WN,11603,EUG,28,27,8,1,0
8,WN,11638,FAT,31,31,7,0,0
8,WN,11697,FLL,23,23,11,0,0
8,WN,11884,GEG,83,83,21,0,0
8,WN,11986,GRR,36,36,18,0,0
8,WN,11996,GSP,2,2,0,0,0
8,WN,12094,HDN,23,23,6,0,0
8,WN,12191,HOU,192,189,57,0,3
8,WN,12264,IAD,82,82,36,0,0
8,WN,12278,ICT,62,61,22,1,0
8,WN,12339,IND,117,117,60,0,0
8,WN,12451,JAX,31,31,10,0,0
8,WN,12889,LAS,243,238,78,4,1
8,WN,12892,LAX,165,164,48,0,1
8,WN,12896,LBB,22,22,5,0,0
8,WN,12953,LGA,119,119,36,0,0
8,WN,12954,LGB,89,89,19,0,0
8,WN,12992,LIT,31,31,10,0,0
8,WN,13158,MAF,22,21,6,1,0
8,WN,13198,MCI,202,202,65,0,0
8,WN,13204,MCO,144,142,50,1,1
8,WN,13232,MDW,207,205,69,1,1
8,WN,13244,MEM,31,31,10,0,0
8,WN,13303,MIA,19,18,7,0,1
8,WN,13342,MKE,112,111,44,1,0
8,WN,13487,MSP,165,165,50,0,0
8,WN,13495,MSY,74,73,20,1,0
8,WN,13502,MTJ,23,23,7,0,0
8,WN,13577,MYR,8,8,2,0,0
8,WN,13796,OAK,143,143,54,0,0
8,WN,13851,OKC,110,109,38,1,0
8,WN,13871,OMA,124,124,39,0,0
8,WN,13891,ONT,110,110,40,0,0
8,WN,13930,ORD,88,85,34,1,2
8,WN,13931,ORF,31,31,10,0,0
8,WN,14057,PDX,150,149,57,0,1
8,WN,14100,PHL,91,90,38,0,1
8,WN,14107,PHX,296,291,71,2,3
8,WN,14122,PIT,77,77,38,0,0
8,WN,14193,PNS,11,10,3,0,1
8,WN,14262,PSP,31,30,6,0,1
8,WN,14307,PVD,31,31,13,0,0
8,WN,14492,RDU,58,58,26,0,0
8,WN,14524,RIC,30,30,11,0,0
8,WN,14570,RNO,96,95,35,0,1
8,WN,14635,RSW,4,4,1,0,0
8,WN,14679,SAN,190,189,71,1,0
8,WN,14683,SAT,110,109,26,0,1
8,WN,14685,SAV,4,4,1,0,0
8,WN,14689,SBA,19,19,3,0,0
8,WN,14730,SDF,32,32,14,0,0
8,WN,14747,SEA,141,140,62,1,0
8,WN,14771,SFO,133,133,54,0,0
8,WN,14831,SJC,140,140,33,0,0
8,WN,14869,SLC,200,198,64,2,0
8,WN,14893,SMF,164,164,54,0,0
8,WN,14908,SNA,135,134,41,0,1
8,WN,15016,STL,181,178,62,2,1
8,WN,15304,TPA,94,94,35,0,0
8,WN,15370,TUL,80,80,37,0,0
8,WN,15376,TUS,89,89,29,0,0
9,AA,11057,CLT,137,137,15,0,0
9,AA,11298,DFW,219,212,38,7,0
9,AA,13303,MIA,60,60,18,0,0
9,AA,13930,ORD,146,146,29,0,0
9,AA,14100,PHL,86,86,15,0,0
9,AA,14107,PHX,77,76,20,1,0
9,AS,10299,ANC,7,7,1,0,0
9,AS,14057,PDX,47,47,7,0,0
9,AS,14747,SEA,146,146,33,0,0
9,B6,10721,BOS,50,50,14,0,0
9,B6,12478,JFK,32,31,8,1,0
9,DL,10397,ATL,218,218,22,0,0
9,DL,10721,BOS,30,30,18,0,0
9,DL,11433,DTW,102,102,12,0,0
9,DL,12478,JFK,87,87,5,0,0
9,DL,12892,LAX,90,90,9,0,0
9,DL,12953,LGA,86,84,9,0,2
9,DL,13487,MSP,150,149,18,0,1
9,DL,14747,SEA,90,90,15,0,0
9,DL,14869,SLC,138,138,15,0,0
9,F9,10397,ATL,52,52,9,0,0
9,F9,10423,AUS,43,43,12,0,0
9,F9,10693,BNA,40,40,14,0,0
9,F9,10713,BOI,10,10,2,0,0
9,F9,10792,BUF,13,13,4,0,0
9,F9,10800,BUR,8,8,1,0,0
9,F9,10821,BWI,13,13,2,0,0
9,F9,11003,CID,17,17,5,0,0
9,F9,11042,CLE,21,19,4,1,1
9,F9,11057,CLT,17,17,0,0,0
9,F9,11066,CMH,12,12,3,0,0
9,F9,11193,CVG,43,43,10,0,0
9,F9,11278,DCA,80,79,19,0,1
9,F9,11298,DFW,81,81,20,0,0
9,F9,11423,DSM,17,17,3,0,0
9,F9,11433,DTW,35,35,4,0,0
9,F9,11540,ELP,25,25,2,0,0
9,F9,11637,FAR,17,17,1,0,0
9,F9,11775,FSD,13,13,2,0,0
9,F9,11884,GEG,12,12,1,0,0
9,F9,11986,GRR,21,21,2,0,0
9,F9,12266,IAH,52,52,12,0,0
9,F9,12339,IND,21,21,4,0,0
9,F9,12889,LAS,115,115,33,0,0
9,F9,12892,LAX,68,68,20,0,0
9,F9,12953,LGA,25,25,9,0,0
9,F9,12992,LIT,12,12,4,0,0
9,F9,13198,MCI,17,16,3,0,1
9,F9,13204,MCO,61,61,13,0,0
9,F9,13232,MDW,9,9,1,0,0
9,F9,13244,MEM,12,12,0,0,0
9,F9,13303,MIA,20,20,6,0,0
9,F9,13342,MKE,11,11,0,0,0
9,F9,13485,MSN,17,17,5,0,0
9,F9,13487,MSP,47,47,20,0,0
9,F9,13851,OKC,37,37,13,0,0
9,F9,13871,OMA,17,17,2,0,0
9,F9,13891,ONT,47,47,6,0,0
9,F9,13930,ORD,46,46,13,0,0
9,F9,14004,PAE,9,9,1,0,0
9,F9,14057,PDX,31,31,5,0,0
9,F9,14100,PHL,16,16,3,0,0
9,F9,14107,PHX,115,114,24,0,1
9,F9,14193,PNS,18,18,4,0,0
9,F9,14262,PSP,12,12,2,0,0
9,F9,14492,RDU,17,17,4,0,0
9,F9,14570,RNO,14,14,1,0,0
9,F9,14679,SAN,56,56,13,0,0
9,F9,14683,SAT,27,27,7,0,0
9,F9,14747,SEA,31,31,8,0,0
9,F9,14771,SFO,47,47,11,0,0
9,F9,14831,SJC,17,17,3,0,0
9,F9,14869,SLC,77,77,16,0,0
9,F9,14893,SMF,17,17,5,0,0
9,F9,14908,SNA,29,29,1,0,0
9,F9,15016,STL,30,30,3,0,0
9,F9,15304,TPA,35,35,5,0,0
9,F9,15376,TUS,12,12,3,0,0
9,F9,15412,TYS,13,13,4,0,0
9,F9,15919,XNA,17,17,3,0,0
9,G4,10135,ABE,8,8,1,0,0
9,G4,10408,ATW,8,8,4,0,0
9,G4,10431,AVL,9,9,0,0,0
9,G4,14108,PIA,9,9,1,0,0
9,G4,15412,TYS,8,8,0,0,0
9,MQ,14107,PHX,8,8,1,0,0
9,OO,10140,ABQ,90,90,15,0,0
9,OO,10157,ACV,30,30,2,0,0
9,OO,10279,AMA,56,56,13,0,0
9,OO,10372,ASE,226,223,44,0,3
9,OO,10408,ATW,30,30,11,0,0
9,OO,10409,ATY,30,30,6,0,0
9,OO,10423,AUS,1,1,0,0,0
9,OO,10431,AVL,28,28,5,0,0
9,OO,10558,BFF,51,51,4,0,0
9,OO,10561,BFL,60,60,11,0,0
9,OO,10599,BHM,59,59,14,0,0
9,OO,10620,BIL,107,106,13,0,1
9,OO,10627,BIS,137,137,29,0,0
9,OO,10713,BOI,65,65,16,0,0
9,OO,10779,BTM,30,30,4,0,0
9,OO,10849,BZN,31,31,4,0,0
9,OO,11003,CID,21,21,1,0,0
9,OO,11097,COD,88,87,16,0,1
9,OO,11109,COS,289,289,55,0,0
9,OO,11111,COU,6,6,1,0,0
9,OO,11122,CPR,209,208,44,0,1
9,OO,11233,CYS,60,60,9,0,0
9,OO,11283,DDC,51,50,8,0,1
9,OO,11315,DIK,57,57,13,0,0
9,OO,11413,DRO,120,120,14,0,0
9,OO,11423,DSM,84,84,6,0,0
9,OO,11433,DTW,1,1,0,0,0
9,OO,11447,DVL,51,49,2,0,2
9,OO,11468,EAR,51,51,6,0,0
9,OO,11481,ECP,4,4,1,0,0
9,OO,11503,EGE,30,30,3,0,0
9,OO,11603,EUG,30,30,1,0,0
9,OO,11637,FAR,86,86,7,0,0
9,OO,11638,FAT,59,59,4,0,0
9,OO,11648,FCA,59,59,1,0,0
9,OO,11711,FMN,30,30,4,0,0
9,OO,11775,FSD,116,116,15,0,0
9,OO,11865,GCC,60,60,3,0,0
9,OO,11884,GEG,30,30,0,0,0
9,OO,11921,GJT,118,118,18,0,0
9,OO,11995,GSO,30,30,15,0,0
9,OO,12012,GUC,90,90,14,0,0
9,OO,12094,HDN,54,54,12,0,0
9,OO,12156,HLN,90,90,16,0,0
9,OO,12177,HOB,30,30,9,0,0
9,OO,12217,HSV,60,60,7,0,0
9,OO,12255,HYS,51,51,7,0,0
9,OO,12278,ICT,115,114,14,0,1
9,OO,12280,IDA,164,163,24,0,1
9,OO,12441,JAC,36,36,1,0,0
9,OO,12511,JLN,30,30,6,0,0
9,OO,12519,JMS,51,51,7,0,0
9,OO,12888,LAR,51,51,6,0,0
9,OO,12892,LAX,83,82,13,1,0
9,OO,12896,LBB,56,56,11,0,0
9,OO,12899,LBF,51,51,7,0,0
9,OO,12902,LBL,51,51,5,0,0
9,OO,12945,LEX,30,30,7,0,0
9,OO,12992,LIT,91,91,15,0,0
9,OO,13029,LNK,145,145,31,0,0
9,OO,13158,MAF,109,109,23,0,0
9,OO,13198,MCI,26,26,1,0,0
9,OO,13342,MKE,30,30,5,0,0
9,OO,13367,MLI,30,30,11,0,0
9,OO,13433,MOT,130,130,24,0,0
9,OO,13476,MRY,60,60,10,0,0
9,OO,13485,MSN,22,22,1,0,0
9,OO,13486,MSO,48,48,3,0,0
9,OO,13487,MSP,38,38,6,0,0
9,OO,13577,MYR,4,4,0,0,0
9,OO,13851,OKC,131,131,15,0,0
9,OO,13871,OMA,26,26,0,0,0
9,OO,13964,OTH,30,30,4,0,0
9,OO,14108,PIA,30,30,18,0,0
9,OO,14120,PIR,51,49,7,2,0
9,OO,14237,PRC,30,30,6,0,0
9,OO,14252,PSC,30,30,0,0,0
9,OO,14262,PSP,36,36,4,0,0
9,OO,14457,RAP,195,195,29,0,0
9,OO,14487,RDD,22,22,0,0,0
9,OO,14534,RIW,60,60,5,0,0
9,OO,14543,RKS,60,60,13,0,0
9,OO,14570,RNO,5,5,0,0,0
9,OO,14674,SAF,120,120,18,0,0
9,OO,14698,SBP,27,27,7,0,0
9,OO,14783,SGF,119,119,20,0,0
9,OO,14794,SGU,90,90,11,0,0
9,OO,14812,SHR,60,60,8,0,0
9,OO,14814,SHV,30,30,2,0,0
9,OO,14869,SLC,139,139,20,0,0
9,OO,14877,SLN,30,30,6,0,0
9,OO,15016,STL,30,29,4,0,1
9,OO,15041,SUN,60,60,8,0,0
9,OO,15048,SUX,30,30,2,0,0
9,OO,15370,TUL,90,90,12,0,0
9,OO,15376,TUS,13,13,1,0,0
9,OO,15412,TYS,30,30,8,0,0
9,OO,15897,WYS,35,35,2,0,0
9,OO,15919,XNA,60,60,8,0,0
9,OO,16869,XWA,137,133,13,0,4
9,UA,10140,ABQ,60,60,14,0,0
9,UA,10299,ANC,37,37,1,0,0
9,UA,10397,ATL,90,90,17,0,0
9,UA,10423,AUS,162,162,25,0,0
9,UA,10431,AVL,2,2,0,0,0
9,UA,10529,BDL,60,60,16,0,0
9,UA,10620,BIL,60,60,13,0,0
9,UA,10693,BNA,98,98,20,0,0
9,UA,10713,BOI,85,85,12,0,0
9,UA,10721,BOS,167,166,72,1,0
9,UA,10785,BTV,30,30,5,0,0
9,UA,10792,BUF,30,30,11,0,0
9,UA,10800,BUR,82,82,14,0,0
9,UA,10821,BWI,90,90,21,0,0
9,UA,10849,BZN,90,90,8,0,0
9,UA,10994,CHS,30,30,2,0,0
9,UA,11003,CID,60,60,18,0,0
9,UA,11042,CLE,86,86,15,0,0
9,UA,11057,CLT,60,60,10,0,0
9,UA,11066,CMH,60,60,12,0,0
9,UA,11109,COS,60,60,16,0,0
9,UA,11193,CVG,60,60,12,0,0
9,UA,11267,DAY,30,30,7,0,0
9,UA,11278,DCA,30,30,6,0,0
9,UA,11298,DFW,163,161,34,0,2
9,UA,11413,DRO,60,60,9,0,0
9,UA,11423,DSM,62,62,10,0,0
9,UA,11433,DTW,58,58,8,0,0
9,UA,11503,EGE,60,60,9,0,0
9,UA,11540,ELP,60,59,12,0,1
9,UA,11603,EUG,60,60,16,0,0
9,UA,11618,EWR,296,289,77,3,4
9,UA,11630,FAI,24,24,2,0,0
9,UA,11637,FAR,30,30,9,0,0
9,UA,11638,FAT,30,30,9,0,0
9,UA,11648,FCA,61,61,9,0,0
9,UA,11697,FLL,67,67,16,0,0
9,UA,11775,FSD,30,29,8,0,1
9,UA,11884,GEG,60,60,10,0,0
9,UA,11921,GJT,62,62,12,0,0
9,UA,11986,GRR,60,60,14,0,0
9,UA,11996,GSP,30,30,3,0,0
9,UA,12003,GTF,60,60,11,0,0
9,UA,12094,HDN,36,36,4,0,0
9,UA,12173,HNL,39,38,7,1,0
9,UA,12264,IAD,210,210,32,0,0
9,UA,12266,IAH,330,329,59,1,0
9,UA,12278,ICT,30,30,11,0,0
9,UA,12339,IND,81,80,15,0,1
9,UA,12441,JAC,113,112,14,0,1
9,UA,12451,JAX,36,36,10,0,0
9,UA,12758,KOA,30,30,3,0,0
9,UA,12889,LAS,199,199,43,0,0
9,UA,12892,LAX,250,250,32,0,0
9,UA,12953,LGA,172,170,35,0,2
9,UA,12982,LIH,30,30,6,0,0
9,UA,13198,MCI,120,120,27,0,0
9,UA,13204,MCO,124,124,23,0,0
9,UA,13244,MEM,60,60,10,0,0
9,UA,13264,MFR,60,60,6,0,0
9,UA,13303,MIA,60,60,12,0,0
9,UA,13342,MKE,81,81,16,0,0
9,UA,13485,MSN,58,58,7,0,0
9,UA,13486,MSO,49,49,7,0,0
9,UA,13487,MSP,129,128,25,0,1
9,UA,13495,MSY,82,82,8,0,0
9,UA,13502,MTJ,90,90,20,0,0
9,UA,13830,OGG,30,30,7,0,0
9,UA,13851,OKC,6,6,2,0,0
9,UA,13871,OMA,120,120,23,0,0
9,UA,13891,ONT,82,82,20,0,0
9,UA,13930,ORD,326,326,71,0,0
9,UA,13931,ORF,30,30,13,0,0
9,UA,14057,PDX,171,171,23,0,0
9,UA,14100,PHL,90,90,21,0,0
9,UA,14107,PHX,177,174,36,1,2
9,UA,14122,PIT,90,90,18,0,0
9,UA,14193,PNS,9,8,5,0,1
9,UA,14252,PSC,30,30,6,0,0
9,UA,14262,PSP,60,60,10,0,0
9,UA,14321,PWM,30,30,8,0,0
9,UA,14457,RAP,67,67,9,0,0
9,UA,14489,RDM,60,60,10,0,0
9,UA,14492,RDU,60,60,10,0,0
9,UA,14524,RIC,30,30,13,0,0
9,UA,14570,RNO,135,135,26,0,0
9,UA,14635,RSW,37,37,6,0,0
9,UA,14679,SAN,171,169,40,2,0
9,UA,14683,SAT,90,90,14,0,0
9,UA,14685,SAV,30,30,6,0,0
9,UA,14689,SBA,82,82,18,0,0
9,UA,14698,SBP,28,27,5,0,1
9,UA,14730,SDF,60,60,11,0,0
9,UA,14747,SEA,171,171,24,0,0
9,UA,14771,SFO,271,271,47,0,0
9,UA,14831,SJC,110,110,17,0,0
9,UA,14843,SJU,9,9,3,0,0
9,UA,14869,SLC,92,92,17,0,0
9,UA,14893,SMF,168,168,30,0,0
9,UA,14908,SNA,152,151,26,0,1
9,UA,15016,STL,90,90,14,0,0
9,UA,15096,SYR,54,54,16,0,0
9,UA,15304,TPA,90,90,13,0,0
9,UA,15370,TUL,30,30,8,0,0
9,UA,15376,TUS,83,82,17,1,0
9,UA,15380,TVC,30,29,5,0,1
9,UA,15412,TYS,30,30,3,0,0
9,UA,15919,XNA,30,30,7,0,0
9,WN,10140,ABQ,107,107,28,0,0
9,WN,10257,ALB,30,30,15,0,0
9,WN,10397,ATL,90,90,20,0,0
9,WN,10423,AUS,172,172,48,0,0
9,WN,10529,BDL,30,29,15,1,0
9,WN,10599,BHM,30,30,9,0,0
9,WN,10693,BNA,177,177,37,0,0
9,WN,10713,BOI,90,90,13,0,0
9,WN,10721,BOS,86,85,57,1,0
9,WN,10792,BUF,34,34,13,0,0
9,WN,10800,BUR,116,115,31,1,0
9,WN,10821,BWI,162,162,32,0,0
9,WN,10849,BZN,116,116,24,0,0
9,WN,10994,CHS,17,17,6,0,0
9,WN,11042,CLE,56,56,25,0,0
9,WN,11057,CLT,17,17,7,0,0
9,WN,11066,CMH,74,74,26,0,0
9,WN,11109,COS,94,94,22,0,0
9,WN,11193,CVG,30,30,11,0,0
9,WN,11259,DAL,223,223,55,0,0
9,WN,11423,DSM,60,60,16,0,0
9,WN,11433,DTW,60,60,26,0,0
9,WN,11481,ECP,4,4,0,0,0
9,WN,11540,ELP,56,56,14,0,0
9,WN,11603,EUG,26,26,3,0,0
9,WN,11638,FAT,30,30,3,0,0
9,WN,11697,FLL,21,21,5,0,0
9,WN,11884,GEG,81,81,14,0,0
9,WN,11986,GRR,34,34,9,0,0
9,WN,12094,HDN,21,21,2,0,0
9,WN,12191,HOU,189,189,36,0,0
9,WN,12264,IAD,82,82,29,0,0
9,WN,12278,ICT,60,60,23,0,0
9,WN,12339,IND,111,111,34,0,0
9,WN,12451,JAX,30,30,8,0,0
9,WN,12889,LAS,223,221,78,1,1
9,WN,12892,LAX,159,159,35,0,0
9,WN,12896,LBB,21,21,3,0,0
9,WN,12953,LGA,116,115,42,0,1
9,WN,12954,LGB,86,86,25,0,0
9,WN,12992,LIT,30,30,3,0,0
9,WN,13158,MAF,21,21,4,0,0
9,WN,13198,MCI,198,198,66,0,0
9,WN,13204,MCO,133,133,23,0,0
9,WN,13232,MDW,194,194,42,0,0
9,WN,13244,MEM,30,30,5,0,0
9,WN,13303,MIA,17,17,5,0,0
9,WN,13342,MKE,103,103,24,0,0
9,WN,13487,MSP,163,163,48,0,0
9,WN,13495,MSY,73,73,21,0,0
9,WN,13502,MTJ,21,21,3,0,0
9,WN,13577,MYR,4,4,0,0,0
9,WN,13796,OAK,138,138,38,0,0
9,WN,13851,OKC,106,106,35,0,0
9,WN,13871,OMA,121,121,31,0,0
9,WN,13891,ONT,107,107,31,0,0
9,WN,13930,ORD,86,86,22,0,0
9,WN,13931,ORF,30,30,9,0,0
9,WN,14057,PDX,146,146,36,0,0
9,WN,14100,PHL,90,90,27,0,0
9,WN,14107,PHX,288,281,67,5,2
9,WN,14122,PIT,77,77,27,0,0
9,WN,14193,PNS,8,8,1,0,0
9,WN,14262,PSP,30,30,9,0,0
9,WN,14307,PVD,30,30,8,0,0
9,WN,14492,RDU,56,56,25,0,0
9,WN,14524,RIC,30,29,9,0,1
9,WN,14570,RNO,94,94,24,0,0
9,WN,14679,SAN,184,182,58,1,1
9,WN,14683,SAT,103,103,19,0,0
9,WN,14689,SBA,17,17,6,0,0
9,WN,14730,SDF,30,30,12,0,0
9,WN,14747,SEA,137,137,43,0,0
9,WN,14771,SFO,133,133,58,0,0
9,WN,14831,SJC,137,137,28,0,0
9,WN,14869,SLC,198,198,47,0,0
9,WN,14893,SMF,159,159,47,0,0
9,WN,14908,SNA,133,133,34,0,0
9,WN,15016,STL,176,176,32,0,0
9,WN,15304,TPA,86,86,23,0,0
9,WN,15370,TUL,77,77,24,0,0
9,WN,15376,TUS,86,86,23,0,0
10,AA,11057,CLT,148,148,16,0,0
10,AA,11298,DFW,253,246,52,5,2
10,AA,13303,MIA,62,62,14,0,0
10,AA,13930,ORD,151,151,33,0,0
10,AA,14100,PHL,66,66,12,0,0
10,AA,14107,PHX,102,102,23,0,0
10,AS,14057,PDX,41,41,12,0,0
10,AS,14679,SAN,55,53,10,1,1
10,AS,14747,SEA,125,122,24,3,0
10,B6,10721,BOS,52,52,16,0,0
10,B6,12478,JFK,45,45,18,0,0
10,DL,10397,ATL,227,225,23,0,2
10,DL,10721,BOS,31,31,16,0,0
10,DL,11433,DTW,107,107,9,0,0
10,DL,12478,JFK,87,85,13,2,0
10,DL,12892,LAX,93,93,14,0,0
10,DL,12953,LGA,89,87,19,2,0
10,DL,13487,MSP,154,153,20,1,0
10,DL,14747,SEA,92,92,15,0,0
10,DL,14869,SLC,144,142,19,0,2
10,F9,10397,ATL,61,61,6,0,0
10,F9,10423,AUS,44,44,14,0,0
10,F9,10693,BNA,40,40,11,0,0
10,F9,10713,BOI,13,13,4,0,0
10,F9,10792,BUF,9,9,0,0,0
10,F9,10800,BUR,9,9,2,0,0
10,F9,10821,BWI,12,12,0,0,0
10,F9,11003,CID,18,18,3,0,0
10,F9,11042,CLE,22,22,8,0,0
10,F9,11057,CLT,18,18,2,0,0
10,F9,11066,CMH,17,17,2,0,0
10,F9,11140,CRP,7,7,2,0,0
10,F9,11193,CVG,47,47,9,0,0
10,F9,11278,DCA,84,84,12,0,0
10,F9,11298,DFW,102,102,21,0,0
10,F9,11423,DSM,21,21,2,0,0
10,F9,11433,DTW,31,31,6,0,0
10,F9,11540,ELP,28,28,6,0,0
10,F9,11637,FAR,20,20,5,0,0
10,F9,11775,FSD,17,17,3,0,0
10,F9,11884,GEG,10,10,2,0,0
10,F9,11986,GRR,18,18,5,0,0
10,F9,12266,IAH,61,61,9,0,0
10,F9,12339,IND,25,25,3,0,0
10,F9,12478,JFK,11,11,1,0,0
10,F9,12889,LAS,135,135,31,0,0
10,F9,12892,LAX,71,71,9,0,0
10,F9,12953,LGA,20,19,5,1,0
10,F9,12992,LIT,16,16,6,0,0
10,F9,13198,MCI,24,24,1,0,0
10,F9,13204,MCO,62,61,12,0,1
10,F9,13232,MDW,16,16,1,0,0
10,F9,13244,MEM,13,13,1,0,0
10,F9,13303,MIA,26,26,7,0,0
10,F9,13342,MKE,10,10,0,0,0
10,F9,13485,MSN,18,18,3,0,0
10,F9,13486,MSO,4,4,1,0,0
10,F9,13487,MSP,55,55,12,0,0
10,F9,13495,MSY,15,15,3,0,0
10,F9,13851,OKC,34,33,8,1,0
10,F9,13871,OMA,21,21,5,0,0
10,F9,13891,ONT,49,48,8,1,0
10,F9,13930,ORD,43,43,7,0,0
10,F9,14004,PAE,9,9,2,0,0
10,F9,14057,PDX,29,29,3,0,0
10,F9,14100,PHL,19,19,3,0,0
10,F9,14107,PHX,133,133,28,0,0
10,F9,14122,PIT,7,7,0,0,0
10,F9,14193,PNS,22,22,7,0,0
10,F9,14262,PSP,10,10,3,0,0
10,F9,14492,RDU,21,21,3,0,0
10,F9,14524,RIC,4,4,0,0,0
10,F9,14570,RNO,13,13,3,0,0
10,F9,14679,SAN,62,62,11,0,0
10,F9,14683,SAT,36,36,3,0,0
10,F9,14747,SEA,39,38,6,1,0
10,F9,14771,SFO,49,49,11,0,0
10,F9,14831,SJC,12,12,4,0,0
10,F9,14869,SLC,89,89,14,0,0
10,F9,14893,SMF,14,14,3,0,0
10,F9,14908,SNA,25,24,2,1,0
10,F9,15016,STL,31,31,0,0,0
10,F9,15304,TPA,48,48,7,0,0
10,F9,15370,TUL,6,6,3,0,0
10,F9,15376,TUS,10,10,1,0,0
10,F9,15412,TYS,17,17,5,0,0
10,F9,15919,XNA,24,24,5,0,0
10,G4,10135,ABE,8,8,0,0,0
10,G4,10408,ATW,8,8,3,0,0
10,G4,10431,AVL,8,8,0,0,0
10,G4,14108,PIA,9,9,4,0,0
10,G4,15412,TYS,9,9,1,0,0
10,MQ,14107,PHX,2,2,1,0,0
10,OO,10140,ABQ,93,93,11,0,0
10,OO,10157,ACV,31,31,2,0,0
10,OO,10279,AMA,58,58,13,0,0
10,OO,10372,ASE,210,207,35,0,3
10,OO,10408,ATW,31,31,6,0,0
10,OO,10409,ATY,31,31,3,0,0
10,OO,10431,AVL,31,31,2,0,0
10,OO,10558,BFF,53,53,8,0,0
10,OO,10561,BFL,62,62,11,0,0
10,OO,10599,BHM,62,62,9,0,0
10,OO,10620,BIL,93,93,5,0,0
10,OO,10627,BIS,120,119,22,0,1
10,OO,10713,BOI,79,78,16,0,1
10,OO,10779,BTM,31,31,6,0,0
10,OO,10849,BZN,31,31,2,0,0
10,OO,11003,CID,22,22,2,0,0
10,OO,11097,COD,62,58,7,0,4
10,OO,11109,COS,291,291,51,0,0
10,OO,11111,COU,31,31,3,0,0
10,OO,11122,CPR,216,215,30,0,1
10,OO,11233,CYS,62,61,10,0,1
10,OO,11283,DDC,54,53,7,0,1
10,OO,11315,DIK,62,62,8,0,0
10,OO,11413,DRO,123,123,14,0,0
10,OO,11423,DSM,83,83,3,0,0
10,OO,11447,DVL,54,54,5,0,0
10,OO,11468,EAR,53,52,5,0,1
10,OO,11481,ECP,4,4,1,0,0
10,OO,11503,EGE,31,31,3,0,0
10,OO,11603,EUG,24,24,1,0,0
10,OO,11637,FAR,82,81,10,0,1
10,OO,11638,FAT,63,63,2,0,0
10,OO,11648,FCA,50,50,4,0,0
10,OO,11711,FMN,31,31,2,0,0
10,OO,11775,FSD,113,113,4,0,0
10,OO,11865,GCC,62,62,7,0,0
10,OO,11884,GEG,31,31,1,0,0
10,OO,11921,GJT,124,124,9,0,0
10,OO,11995,GSO,31,31,4,0,0
10,OO,12003,GTF,5,5,0,0,0
10,OO,12012,GUC,87,87,11,0,0
10,OO,12094,HDN,29,29,8,0,0
10,OO,12156,HLN,87,87,9,0,0
10,OO,12177,HOB,31,31,5,0,0
10,OO,12217,HSV,62,62,7,0,0
10,OO,12255,HYS,54,54,6,0,0
10,OO,12278,ICT,112,112,12,0,0
10,OO,12280,IDA,146,145,18,0,1
10,OO,12441,JAC,62,61,3,0,1
10,OO,12511,JLN,31,31,5,0,0
10,OO,12519,JMS,54,53,6,0,1
10,OO,12888,LAR,54,54,5,0,0
10,OO,12892,LAX,87,87,10,0,0
10,OO,12896,LBB,58,58,5,0,0
10,OO,12899,LBF,53,53,9,0,0
10,OO,12902,LBL,54,54,9,0,0
10,OO,12945,LEX,31,31,6,0,0
10,OO,12992,LIT,93,93,14,0,0
10,OO,13029,LNK,145,145,30,0,0
10,OO,13158,MAF,89,89,12,0,0
10,OO,13198,MCI,31,31,2,0,0
10,OO,13264,MFR,7,7,1,0,0
10,OO,13342,MKE,24,24,2,0,0
10,OO,13367,MLI,31,31,6,0,0
10,OO,13433,MOT,89,89,8,0,0
10,OO,13476,MRY,62,61,9,0,1
10,OO,13485,MSN,23,23,2,0,0
10,OO,13486,MSO,56,55,6,0,1
10,OO,13487,MSP,36,36,2,0,0
10,OO,13577,MYR,4,4,0,0,0
10,OO,13851,OKC,107,107,9,0,0
10,OO,13871,OMA,30,30,0,0,0
10,OO,13964,OTH,25,24,7,0,1
10,OO,14057,PDX,7,7,5,0,0
10,OO,14108,PIA,31,31,8,0,0
10,OO,14120,PIR,70,70,10,0,0
10,OO,14193,PNS,6,6,1,0,0
10,OO,14237,PRC,37,37,4,0,0
10,OO,14252,PSC,31,31,3,0,0
10,OO,14262,PSP,63,63,7,0,0
10,OO,14457,RAP,175,175,16,0,0
10,OO,14487,RDD,6,6,2,0,0
10,OO,14534,RIW,62,62,7,0,0
10,OO,14543,RKS,62,60,7,0,2
10,OO,14570,RNO,19,19,0,0,0
10,OO,14674,SAF,122,122,13,0,0
10,OO,14679,SAN,28,28,17,0,0
10,OO,14698,SBP,31,31,10,0,0
10,OO,14783,SGF,117,116,19,0,1
10,OO,14794,SGU,93,92,16,0,1
10,OO,14812,SHR,62,62,2,0,0
10,OO,14814,SHV,31,31,3,0,0
10,OO,14869,SLC,120,119,17,0,1
10,OO,14877,SLN,31,31,9,0,0
10,OO,14893,SMF,1,1,0,0,0
10,OO,15016,STL,24,24,0,0,0
10,OO,15041,SUN,55,54,9,0,1
10,OO,15048,SUX,31,31,3,0,0
10,OO,15370,TUL,93,93,9,0,0
10,OO,15376,TUS,37,37,1,0,0
10,OO,15380,TVC,6,6,0,0,0
10,OO,15412,TYS,31,31,6,0,0
10,OO,15897,WYS,15,15,5,0,0
10,OO,15919,XNA,62,62,8,0,0
10,OO,16869,XWA,120,120,18,0,0
10,UA,10140,ABQ,62,62,7,0,0
10,UA,10299,ANC,31,31,5,0,0
10,UA,10397,ATL,93,93,16,0,0
10,UA,10423,AUS,167,166,31,0,1
10,UA,10529,BDL,61,61,9,0,0
10,UA,10620,BIL,62,62,9,0,0
10,UA,10693,BNA,102,102,18,0,0
10,UA,10713,BOI,75,75,12,0,0
10,UA,10721,BOS,172,171,55,0,1
10,UA,10785,BTV,31,31,6,0,0
10,UA,10792,BUF,31,31,4,0,0
10,UA,10800,BUR,88,88,14,0,0
10,UA,10821,BWI,93,93,6,0,0
10,UA,10849,BZN,93,93,13,0,0
10,UA,10994,CHS,31,31,7,0,0
10,UA,11003,CID,62,62,6,0,0
10,UA,11042,CLE,89,89,16,0,0
10,UA,11057,CLT,62,62,11,0,0
10,UA,11066,CMH,62,61,7,1,0
10,UA,11109,COS,62,62,8,0,0
10,UA,11193,CVG,62,62,2,0,0
10,UA,11267,DAY,31,31,5,0,0
10,UA,11278,DCA,31,31,2,0,0
10,UA,11298,DFW,167,166,28,0,1
10,UA,11413,DRO,62,62,15,0,0
10,UA,11423,DSM,62,62,7,0,0
10,UA,11433,DTW,62,62,8,0,0
10,UA,11503,EGE,62,62,10,0,0
10,UA,11540,ELP,62,62,15,0,0
10,UA,11603,EUG,62,62,13,0,0
10,UA,11618,EWR,300,298,68,1,1
10,UA,11637,FAR,31,31,6,0,0
10,UA,11638,FAT,30,30,6,0,0
10,UA,11648,FCA,62,62,7,0,0
10,UA,11697,FLL,97,97,14,0,0
10,UA,11775,FSD,31,31,7,0,0
10,UA,11884,GEG,62,61,13,0,1
10,UA,11921,GJT,62,62,8,0,0
10,UA,11986,GRR,62,62,8,0,0
10,UA,11996,GSP,31,31,5,0,0
10,UA,12003,GTF,57,57,9,0,0
10,UA,12094,HDN,58,58,5,0,0
10,UA,12173,HNL,56,56,11,0,0
10,UA,12264,IAD,215,215,16,0,0
10,UA,12266,IAH,337,336,46,1,0
10,UA,12278,ICT,31,31,6,0,0
10,UA,12339,IND,80,80,9,0,0
10,UA,12441,JAC,87,87,16,0,0
10,UA,12451,JAX,62,62,10,0,0
10,UA,12758,KOA,31,31,3,0,0
10,UA,12889,LAS,237,236,41,0,1
10,UA,12892,LAX,266,265,24,0,1
10,UA,12953,LGA,176,172,47,2,2
10,UA,12982,LIH,31,31,5,0,0
10,UA,13198,MCI,118,118,20,0,0
10,UA,13204,MCO,142,140,20,1,1
10,UA,13244,MEM,62,62,8,0,0
10,UA,13264,MFR,56,56,13,0,0
10,UA,13303,MIA,62,62,8,0,0
10,UA,13342,MKE,80,80,4,0,0
10,UA,13485,MSN,61,61,9,0,0
10,UA,13486,MSO,62,62,6,0,0
10,UA,13487,MSP,130,130,12,0,0
10,UA,13495,MSY,102,102,11,0,0
10,UA,13502,MTJ,87,87,20,0,0
10,UA,13830,OGG,31,31,4,0,0
10,UA,13851,OKC,31,31,8,0,0
10,UA,13871,OMA,118,118,16,0,0
10,UA,13891,ONT,83,83,17,0,0
10,UA,13930,ORD,330,328,83,2,0
10,UA,13931,ORF,31,31,3,0,0
10,UA,14027,PBI,6,6,2,0,0
10,UA,14057,PDX,171,171,23,0,0
10,UA,14100,PHL,93,93,18,0,0
10,UA,14107,PHX,214,214,38,0,0
10,UA,14122,PIT,93,93,8,0,0
10,UA,14193,PNS,25,25,12,0,0
10,UA,14252,PSC,31,31,7,0,0
10,UA,14262,PSP,67,67,12,0,0
10,UA,14321,PWM,31,31,1,0,0
10,UA,14457,RAP,87,87,13,0,0
10,UA,14489,RDM,62,62,16,0,0
10,UA,14492,RDU,62,62,10,0,0
10,UA,14524,RIC,31,31,2,0,0
10,UA,14570,RNO,111,111,15,0,0
10,UA,14635,RSW,62,61,6,0,1
10,UA,14679,SAN,177,175,28,0,2
10,UA,14683,SAT,93,93,5,0,0
10,UA,14685,SAV,31,31,3,0,0
10,UA,14689,SBA,83,83,19,0,0
10,UA,14698,SBP,31,30,4,0,1
10,UA,14730,SDF,62,62,6,0,0
10,UA,14747,SEA,171,171,30,0,0
10,UA,14771,SFO,279,278,64,1,0
10,UA,14831,SJC,115,115,9,0,0
10,UA,14843,SJU,31,31,4,0,0
10,UA,14869,SLC,111,111,20,0,0
10,UA,14893,SMF,171,171,20,0,0
10,UA,14908,SNA,176,176,21,0,0
10,UA,15016,STL,93,93,8,0,0
10,UA,15096,SYR,31,31,6,0,0
10,UA,15304,TPA,93,93,15,0,0
10,UA,15370,TUL,31,31,2,0,0
10,UA,15376,TUS,93,93,15,0,0
10,UA,15380,TVC,25,25,1,0,0
10,UA,15412,TYS,31,31,2,0,0
10,UA,15919,XNA,31,31,7,0,0
10,WN,10140,ABQ,142,142,32,0,0
10,WN,10257,ALB,31,31,12,0,0
10,WN,10397,ATL,93,93,31,0,0
10,WN,10423,AUS,220,219,52,0,1
10,WN,10529,BDL,31,31,15,0,0
10,WN,10599,BHM,31,31,9,0,0
10,WN,10693,BNA,181,181,44,0,0
10,WN,10713,BOI,93,93,24,0,0
10,WN,10721,BOS,88,88,51,0,0
10,WN,10792,BUF,30,30,7,0,0
10,WN,10800,BUR,119,118,46,0,1
10,WN,10821,BWI,164,164,30,0,0
10,WN,10849,BZN,97,97,10,0,0
10,WN,10994,CHS,21,21,10,0,0
10,WN,11042,CLE,48,48,19,0,0
10,WN,11057,CLT,21,21,4,0,0
10,WN,11066,CMH,87,87,18,0,0
10,WN,11109,COS,97,97,24,0,0
10,WN,11193,CVG,30,30,12,0,0
10,WN,11259,DAL,237,233,63,1,3
10,WN,11423,DSM,32,32,11,0,0
10,WN,11433,DTW,58,58,25,0,0
10,WN,11540,ELP,70,70,20,0,0
10,WN,11603,EUG,31,31,1,0,0
10,WN,11638,FAT,32,32,6,0,0
10,WN,11697,FLL,22,22,5,0,0
10,WN,11884,GEG,61,61,16,0,0
10,WN,11986,GRR,31,31,12,0,0
10,WN,12094,HDN,22,22,4,0,0
10,WN,12191,HOU,198,198,49,0,0
10,WN,12264,IAD,68,68,26,0,0
10,WN,12278,ICT,32,32,11,0,0
10,WN,12339,IND,123,123,31,0,0
10,WN,12451,JAX,30,30,7,0,0
10,WN,12889,LAS,281,281,95,0,0
10,WN,12892,LAX,167,167,50,0,0
10,WN,12896,LBB,21,21,6,0,0
10,WN,12953,LGA,115,112,44,3,0
10,WN,12954,LGB,80,79,33,1,0
10,WN,12992,LIT,31,31,4,0,0
10,WN,13158,MAF,17,17,6,0,0
10,WN,13198,MCI,220,220,49,0,0
10,WN,13204,MCO,166,165,41,1,0
10,WN,13232,MDW,198,198,34,0,0
10,WN,13244,MEM,30,30,9,0,0
10,WN,13303,MIA,22,22,6,0,0
10,WN,13342,MKE,118,118,24,0,0
10,WN,13487,MSP,154,154,39,0,0
10,WN,13495,MSY,108,108,38,0,0
10,WN,13502,MTJ,30,30,4,0,0
10,WN,13796,OAK,148,148,47,0,0
10,WN,13851,OKC,110,110,23,0,0
10,WN,13871,OMA,119,119,30,0,0
10,WN,13891,ONT,110,110,38,0,0
10,WN,13930,ORD,92,92,21,0,0
10,WN,13931,ORF,30,30,10,0,0
10,WN,14057,PDX,145,145,48,0,0
10,WN,14100,PHL,71,71,33,0,0
10,WN,14107,PHX,351,349,111,2,0
10,WN,14122,PIT,78,78,31,0,0
10,WN,14262,PSP,56,56,13,0,0
10,WN,14307,PVD,30,30,14,0,0
10,WN,14492,RDU,53,53,24,0,0
10,WN,14524,RIC,30,30,13,0,0
10,WN,14570,RNO,88,88,27,0,0
10,WN,14635,RSW,29,28,6,0,1
10,WN,14679,SAN,210,208,74,0,2
10,WN,14683,SAT,123,123,34,0,0
10,WN,14689,SBA,22,22,3,0,0
10,WN,14730,SDF,31,31,11,0,0
10,WN,14747,SEA,125,125,36,0,0
10,WN,14771,SFO,132,132,58,0,0
10,WN,14831,SJC,119,118,34,1,0
10,WN,14869,SLC,199,199,50,0,0
10,WN,14893,SMF,150,150,52,0,0
10,WN,14908,SNA,132,132,38,0,0
10,WN,14986,SRQ,21,21,3,0,0
10,WN,15016,STL,185,185,36,0,0
10,WN,15304,TPA,101,101,31,0,0
10,WN,15370,TUL,75,74,25,0,1
10,WN,15376,TUS,117,117,37,0,0
11,AA,11057,CLT,130,130,5,0,0
11,AA,11298,DFW,219,213,39,6,0
11,AA,13303,MIA,88,88,12,0,0
11,AA,13930,ORD,90,87,22,3,0
11,AA,14100,PHL,56,56,4,0,0
11,AA,14107,PHX,78,77,14,1,0
11,AS,14057,PDX,48,48,11,0,0
11,AS,14679,SAN,49,48,13,1,0
11,AS,14747,SEA,115,114,19,1,0
11,B6,10721,BOS,32,32,8,0,0
11,B6,12478,JFK,30,29,10,1,0
11,DL,10397,ATL,212,211,16,1,0
11,DL,10721,BOS,30,30,4,0,0
11,DL,11433,DTW,91,90,6,1,0
11,DL,12478,JFK,82,82,12,0,0
11,DL,12892,LAX,88,85,13,3,0
11,DL,12953,LGA,82,77,20,5,0
11,DL,13487,MSP,142,140,16,2,0
11,DL,14747,SEA,88,87,14,1,0
11,DL,14869,SLC,134,133,17,1,0
11,F9,10397,ATL,61,61,4,0,0
11,F9,10423,AUS,48,48,8,0,0
11,F9,10693,BNA,22,22,4,0,0
11,F9,10713,BOI,11,11,3,0,0
11,F9,10800,BUR,8,8,2,0,0
11,F9,11003,CID,18,18,3,0,0
11,F9,11042,CLE,24,24,3,0,0
11,F9,11057,CLT,19,19,2,0,0
11,F9,11066,CMH,9,9,1,0,0
11,F9,11140,CRP,9,9,0,0,0
11,F9,11193,CVG,43,43,5,0,0
11,F9,11278,DCA,82,82,13,0,0
11,F9,11298,DFW,93,91,15,2,0
11,F9,11423,DSM,16,16,2,0,0
11,F9,11433,DTW,32,32,4,0,0
11,F9,11540,ELP,30,30,4,0,0
11,F9,11637,FAR,13,13,2,0,0
11,F9,11775,FSD,14,14,3,0,0
11,F9,11884,GEG,10,10,1,0,0
11,F9,11986,GRR,11,11,2,0,0
11,F9,12266,IAH,60,60,11,0,0
11,F9,12339,IND,21,21,1,0,0
11,F9,12478,JFK,15,15,1,0,0
11,F9,12889,LAS,130,128,25,2,0
11,F9,12892,LAX,65,63,12,2,0
11,F9,12953,LGA,14,13,6,1,0
11,F9,12992,LIT,9,9,0,0,0
11,F9,13198,MCI,28,28,2,0,0
11,F9,13204,MCO,63,61,8,2,0
11,F9,13232,MDW,16,16,2,0,0
11,F9,13244,MEM,13,13,0,0,0
11,F9,13303,MIA,24,24,4,0,0
11,F9,13342,MKE,8,8,1,0,0
11,F9,13485,MSN,19,19,4,0,0
11,F9,13486,MSO,3,3,0,0,0
11,F9,13487,MSP,53,53,7,0,0
11,F9,13495,MSY,20,20,4,0,0
11,F9,13851,OKC,27,27,3,0,0
11,F9,13871,OMA,17,17,1,0,0
11,F9,13891,ONT,54,54,8,0,0
11,F9,13930,ORD,30,29,9,1,0
11,F9,14004,PAE,7,7,0,0,0
11,F9,14057,PDX,23,23,1,0,0
11,F9,14100,PHL,21,21,3,0,0
11,F9,14107,PHX,128,126,36,2,0
11,F9,14122,PIT,10,10,0,0,0
11,F9,14193,PNS,19,18,3,1,0
11,F9,14262,PSP,8,8,2,0,0
11,F9,14492,RDU,21,21,3,0,0
11,F9,14524,RIC,8,8,1,0,0
11,F9,14570,RNO,10,10,2,0,0
11,F9,14635,RSW,5,5,0,0,0
11,F9,14679,SAN,59,59,9,0,0
11,F9,14683,SAT,36,36,3,0,0
11,F9,14747,SEA,30,30,6,0,0
11,F9,14771,SFO,51,50,15,1,0
11,F9,14831,SJC,5,5,0,0,0
11,F9,14869,SLC,79,79,11,0,0
11,F9,14893,SMF,16,16,4,0,0
11,F9,14908,SNA,30,30,2,0,0
11,F9,15016,STL,30,30,4,0,0
11,F9,15304,TPA,49,49,3,0,0
11,F9,15370,TUL,8,8,2,0,0
11,F9,15376,TUS,9,8,1,1,0
11,F9,15412,TYS,10,10,0,0,0
11,F9,15919,XNA,13,13,2,0,0
11,G4,14108,PIA,9,9,3,0,0
11,G4,15412,TYS,9,9,1,0,0
11,MQ,14107,PHX,15,14,6,1,0
11,OO,10140,ABQ,89,87,5,2,0
11,OO,10157,ACV,29,29,1,0,0
11,OO,10279,AMA,56,52,6,4,0
11,OO,10372,ASE,179,170,21,8,1
11,OO,10408,ATW,29,28,6,0,1
11,OO,10409,ATY,30,30,1,0,0
11,OO,10423,AUS,45,45,7,0,0
11,OO,10431,AVL,30,30,5,0,0
11,OO,10558,BFF,51,50,7,1,0
11,OO,10561,BFL,59,59,4,0,0
11,OO,10599,BHM,59,59,8,0,0
11,OO,10620,BIL,87,83,11,4,0
11,OO,10627,BIS,116,113,9,3,0
11,OO,10713,BOI,87,83,7,0,4
11,OO,10779,BTM,30,30,1,0,0
11,OO,10800,BUR,1,1,0,0,0
11,OO,10849,BZN,29,26,1,2,1
11,OO,11003,CID,20,19,2,1,0
11,OO,11097,COD,60,60,6,0,0
11,OO,11109,COS,274,242,20,32,0
11,OO,11111,COU,30,30,4,0,0
11,OO,11122,CPR,207,204,19,3,0
11,OO,11233,CYS,59,59,3,0,0
11,OO,11283,DDC,50,49,3,0,1
11,OO,11315,DIK,59,58,7,1,0
11,OO,11413,DRO,117,103,10,13,1
11,OO,11423,DSM,57,53,4,3,1
11,OO,11447,DVL,50,49,1,0,1
11,OO,11468,EAR,51,51,6,0,0
11,OO,11481,ECP,5,5,0,0,0
11,OO,11503,EGE,29,29,2,0,0
11,OO,11637,FAR,61,60,13,1,0
11,OO,11638,FAT,59,59,1,0,0
11,OO,11711,FMN,30,29,1,0,1
11,OO,11775,FSD,88,86,7,2,0
11,OO,11865,GCC,60,60,4,0,0
11,OO,11884,GEG,29,28,1,1,0
11,OO,11921,GJT,117,102,8,15,0
11,OO,11995,GSO,30,30,3,0,0
11,OO,12003,GTF,28,28,1,0,0
11,OO,12012,GUC,59,57,7,1,1
11,OO,12094,HDN,29,28,3,0,1
11,OO,12156,HLN,59,58,7,1,0
11,OO,12177,HOB,30,30,2,0,0
11,OO,12217,HSV,59,59,5,0,0
11,OO,12255,HYS,50,49,1,1,0
11,OO,12278,ICT,86,84,9,2,0
11,OO,12280,IDA,141,141,14,0,0
11,OO,12441,JAC,59,52,3,7,0
11,OO,12511,JLN,29,29,2,0,0
11,OO,12519,JMS,50,50,2,0,0
11,OO,12888,LAR,50,49,3,1,0
11,OO,12892,LAX,78,71,8,7,0
11,OO,12896,LBB,56,55,7,1,0
11,OO,12899,LBF,51,50,12,1,0
11,OO,12902,LBL,50,50,4,0,0
11,OO,12945,LEX,30,30,3,0,0
11,OO,12992,LIT,90,90,9,0,0
11,OO,13029,LNK,118,113,16,5,0
11,OO,13158,MAF,84,81,13,3,0
11,OO,13198,MCI,48,48,4,0,0
11,OO,13244,MEM,1,1,0,0,0
11,OO,13264,MFR,30,30,3,0,0
11,OO,13367,MLI,32,32,5,0,0
11,OO,13433,MOT,84,80,5,4,0
11,OO,13476,MRY,59,59,7,0,0
11,OO,13485,MSN,20,20,2,0,0
11,OO,13486,MSO,29,27,5,2,0
11,OO,13487,MSP,48,43,7,5,0
11,OO,13502,MTJ,1,1,0,0,0
11,OO,13851,OKC,87,87,11,0,0
11,OO,13871,OMA,46,46,2,0,0
11,OO,14107,PHX,9,9,2,0,0
11,OO,14108,PIA,30,29,8,0,1
11,OO,14120,PIR,68,66,6,2,0
11,OO,14193,PNS,29,29,3,0,0
11,OO,14237,PRC,59,58,4,0,1
11,OO,14252,PSC,30,30,3,0,0
11,OO,14262,PSP,66,65,4,1,0
11,OO,14457,RAP,163,156,15,6,1
11,OO,14487,RDD,29,29,3,0,0
11,OO,14534,RIW,59,59,4,0,0
11,OO,14543,RKS,59,58,2,0,1
11,OO,14570,RNO,1,1,0,0,0
11,OO,14674,SAF,108,102,12,6,0
11,OO,14679,SAN,39,38,11,1,0
11,OO,14698,SBP,30,30,2,0,0
11,OO,14783,SGF,90,89,6,1,0
11,OO,14794,SGU,88,88,4,0,0
11,OO,14812,SHR,64,64,6,0,0
11,OO,14814,SHV,30,30,6,0,0
11,OO,14869,SLC,112,106,13,6,0
11,OO,14877,SLN,30,30,6,0,0
11,OO,15016,STL,1,1,0,0,0
11,OO,15041,SUN,30,30,1,0,0
11,OO,15048,SUX,29,29,3,0,0
11,OO,15370,TUL,88,87,11,1,0
11,OO,15376,TUS,61,59,2,2,0
11,OO,15380,TVC,30,30,3,0,0
11,OO,15412,TYS,28,28,4,0,0
11,OO,15919,XNA,57,56,5,1,0
11,OO,16869,XWA,112,108,15,3,1
11,UA,10140,ABQ,59,59,6,0,0
11,UA,10299,ANC,30,30,9,0,0
11,UA,10397,ATL,88,86,13,1,1
11,UA,10423,AUS,153,152,30,1,0
11,UA,10529,BDL,59,59,9,0,0
11,UA,10620,BIL,59,59,6,0,0
11,UA,10693,BNA,97,97,15,0,0
11,UA,10713,BOI,59,59,5,0,0
11,UA,10721,BOS,157,157,29,0,0
11,UA,10785,BTV,30,30,9,0,0
11,UA,10792,BUF,30,30,6,0,0
11,UA,10800,BUR,83,82,10,1,0
11,UA,10821,BWI,90,90,13,0,0
11,UA,10849,BZN,88,88,16,0,0
11,UA,10994,CHS,30,30,6,0,0
11,UA,11003,CID,59,58,5,1,0
11,UA,11042,CLE,83,83,9,0,0
11,UA,11057,CLT,59,59,8,0,0
11,UA,11066,CMH,59,58,8,1,0
11,UA,11109,COS,58,58,10,0,0
11,UA,11193,CVG,58,58,4,0,0
11,UA,11267,DAY,30,30,4,0,0
11,UA,11278,DCA,30,30,8,0,0
11,UA,11298,DFW,156,153,35,3,0
11,UA,11413,DRO,61,61,10,0,0
11,UA,11423,DSM,60,60,8,0,0
11,UA,11433,DTW,59,59,5,0,0
11,UA,11503,EGE,59,59,6,0,0
11,UA,11540,ELP,59,59,10,0,0
11,UA,11603,EUG,59,59,7,0,0
11,UA,11618,EWR,266,264,54,2,0
11,UA,11637,FAR,29,29,3,0,0
11,UA,11638,FAT,29,29,7,0,0
11,UA,11648,FCA,59,59,9,0,0
11,UA,11697,FLL,113,113,10,0,0
11,UA,11775,FSD,29,29,5,0,0
11,UA,11884,GEG,60,60,12,0,0
11,UA,11921,GJT,61,61,6,0,0
11,UA,11986,GRR,59,59,10,0,0
11,UA,11996,GSP,30,30,3,0,0
11,UA,12003,GTF,31,31,2,0,0
11,UA,12094,HDN,30,30,3,0,0
11,UA,12173,HNL,35,35,4,0,0
11,UA,12264,IAD,205,205,22,0,0
11,UA,12266,IAH,297,296,60,0,1
11,UA,12278,ICT,33,33,1,0,0
11,UA,12339,IND,59,59,8,0,0
11,UA,12441,JAC,58,58,4,0,0
11,UA,12451,JAX,59,59,2,0,0
11,UA,12758,KOA,30,30,1,0,0
11,UA,12889,LAS,218,213,35,5,0
11,UA,12892,LAX,256,256,28,0,0
11,UA,12953,LGA,157,154,48,2,1
11,UA,12982,LIH,30,30,3,0,0
11,UA,13198,MCI,89,88,7,1,0
11,UA,13204,MCO,137,137,17,0,0
11,UA,13244,MEM,58,58,1,0,0
11,UA,13264,MFR,29,29,1,0,0
11,UA,13303,MIA,60,60,10,0,0
11,UA,13342,MKE,59,59,5,0,0
11,UA,13485,MSN,59,59,8,0,0
11,UA,13486,MSO,59,59,4,0,0
11,UA,13487,MSP,90,90,14,0,0
11,UA,13495,MSY,97,96,4,0,1
11,UA,13502,MTJ,58,58,3,0,0
11,UA,13830,OGG,37,37,5,0,0
11,UA,13851,OKC,32,32,1,0,0
11,UA,13871,OMA,91,90,9,1,0
11,UA,13891,ONT,61,61,5,0,0
11,UA,13930,ORD,295,289,82,6,0
11,UA,13931,ORF,30,30,6,0,0
11,UA,14027,PBI,30,30,5,0,0
11,UA,14057,PDX,140,134,22,6,0
11,UA,14100,PHL,89,89,13,0,0
11,UA,14107,PHX,219,217,51,2,0
11,UA,14122,PIT,88,88,13,0,0
11,UA,14252,PSC,29,29,2,0,0
11,UA,14262,PSP,80,80,12,0,0
11,UA,14321,PWM,30,30,1,0,0
11,UA,14457,RAP,59,59,5,0,0
11,UA,14489,RDM,59,58,8,0,1
11,UA,14492,RDU,59,59,13,0,0
11,UA,14524,RIC,30,30,5,0,0
11,UA,14570,RNO,89,89,11,0,0
11,UA,14635,RSW,60,60,7,0,0
11,UA,14679,SAN,170,166,25,4,0
11,UA,14683,SAT,88,88,8,0,0
11,UA,14685,SAV,30,30,7,0,0
11,UA,14689,SBA,59,59,10,0,0
11,UA,14698,SBP,29,27,3,0,2
11,UA,14730,SDF,59,58,7,1,0
11,UA,14747,SEA,140,135,12,5,0
11,UA,14771,SFO,268,267,72,1,0
11,UA,14831,SJC,110,110,12,0,0
11,UA,14843,SJU,30,29,2,0,1
11,UA,14869,SLC,79,79,20,0,0
11,UA,14893,SMF,140,138,8,1,1
11,UA,14908,SNA,141,140,10,0,1
11,UA,15016,STL,89,89,16,0,0
11,UA,15096,SYR,30,30,5,0,0
11,UA,15304,TPA,89,88,4,0,1
11,UA,15370,TUL,30,30,0,0,0
11,UA,15376,TUS,88,88,10,0,0
11,UA,15412,TYS,31,31,0,0,0
11,UA,15919,XNA,32,32,3,0,0
11,WN,10140,ABQ,115,115,18,0,0
11,WN,10257,ALB,18,18,4,0,0
11,WN,10397,ATL,89,83,9,5,1
11,WN,10423,AUS,180,178,32,1,1
11,WN,10529,BDL,20,20,7,0,0
11,WN,10599,BHM,29,29,4,0,0
11,WN,10693,BNA,169,169,39,0,0
11,WN,10713,BOI,88,86,13,0,2
11,WN,10721,BOS,73,72,17,0,1
11,WN,10792,BUF,22,22,5,0,0
11,WN,10800,BUR,109,109,32,0,0
11,WN,10821,BWI,149,146,28,3,0
11,WN,10849,BZN,92,90,17,2,0
11,WN,10994,CHS,18,18,2,0,0
11,WN,11042,CLE,46,46,7,0,0
11,WN,11057,CLT,18,17,3,1,0
11,WN,11066,CMH,74,73,12,0,1
11,WN,11109,COS,94,92,23,2,0
11,WN,11193,CVG,30,27,4,3,0
11,WN,11259,DAL,234,226,53,7,1
11,WN,11423,DSM,31,30,9,1,0
11,WN,11433,DTW,46,44,10,2,0
11,WN,11540,ELP,62,62,14,0,0
11,WN,11603,EUG,27,27,1,0,0
11,WN,11638,FAT,31,31,3,0,0
11,WN,11697,FLL,34,33,5,1,0
11,WN,11884,GEG,62,62,13,0,0
11,WN,11986,GRR,32,32,10,0,0
11,WN,12094,HDN,30,30,3,0,0
11,WN,12191,HOU,208,206,44,2,0
11,WN,12264,IAD,70,69,13,1,0
11,WN,12278,ICT,31,31,10,0,0
11,WN,12339,IND,110,109,19,1,0
11,WN,12451,JAX,32,32,3,0,0
11,WN,12889,LAS,246,240,48,6,0
11,WN,12892,LAX,161,153,35,8,0
11,WN,12896,LBB,21,19,2,2,0
11,WN,12953,LGA,110,107,38,3,0
11,WN,12954,LGB,81,81,22,0,0
11,WN,12992,LIT,30,30,2,0,0
11,WN,13158,MAF,17,17,3,0,0
11,WN,13198,MCI,184,183,30,1,0
11,WN,13204,MCO,150,147,17,3,0
11,WN,13232,MDW,171,156,24,13,2
11,WN,13244,MEM,30,29,5,1,0
11,WN,13303,MIA,32,31,8,0,1
11,WN,13342,MKE,104,103,22,1,0
11,WN,13487,MSP,132,131,23,1,0
11,WN,13495,MSY,80,80,13,0,0
11,WN,13502,MTJ,30,30,1,0,0
11,WN,13796,OAK,130,126,26,4,0
11,WN,13851,OKC,103,103,16,0,0
11,WN,13871,OMA,116,116,18,0,0
11,WN,13891,ONT,105,104,23,1,0
11,WN,13930,ORD,7,7,4,0,0
11,WN,13931,ORF,20,19,3,1,0
11,WN,14057,PDX,134,134,34,0,0
11,WN,14100,PHL,72,72,17,0,0
11,WN,14107,PHX,318,308,83,10,0
11,WN,14122,PIT,60,59,12,1,0
11,WN,14262,PSP,46,46,13,0,0
11,WN,14307,PVD,20,20,6,0,0
11,WN,14492,RDU,57,57,8,0,0
11,WN,14524,RIC,20,20,7,0,0
11,WN,14570,RNO,85,84,10,1,0
11,WN,14635,RSW,31,31,8,0,0
11,WN,14679,SAN,212,205,48,7,0
11,WN,14683,SAT,119,118,19,1,0
11,WN,14689,SBA,18,18,3,0,0
11,WN,14730,SDF,30,29,10,1,0
11,WN,14747,SEA,91,90,22,1,0
11,WN,14771,SFO,118,116,43,2,0
11,WN,14831,SJC,134,133,15,1,0
11,WN,14869,SLC,184,180,33,4,0
11,WN,14893,SMF,163,163,32,0,0
11,WN,14908,SNA,127,127,20,0,0
11,WN,14986,SRQ,29,29,5,0,0
11,WN,15016,STL,154,153,26,1,0
11,WN,15304,TPA,105,105,16,0,0
11,WN,15370,TUL,74,74,19,0,0
11,WN,15376,TUS,106,103,15,3,0
12,AA,11057,CLT,156,155,24,1,0
12,AA,11298,DFW,242,242,75,0,0
12,AA,13303,MIA,91,90,23,1,0
12,AA,13930,ORD,84,82,27,2,0
12,AA,14100,PHL,66,64,17,2,0
12,AA,14107,PHX,84,84,20,0,0
12,AS,14057,PDX,53,53,14,0,0
12,AS,14679,SAN,31,31,10,0,0
12,AS,14747,SEA,120,120,50,0,0
12,B6,10721,BOS,56,55,13,1,0
12,B6,12478,JFK,54,51,16,3,0
12,DL,10397,ATL,233,228,57,5,0
12,DL,10721,BOS,31,31,6,0,0
12,DL,11433,DTW,102,100,25,2,0
12,DL,12478,JFK,88,83,12,4,1
12,DL,12892,LAX,90,88,18,2,0
12,DL,12953,LGA,88,80,17,7,1
12,DL,13487,MSP,142,141,52,1,0
12,DL,14747,SEA,90,87,36,3,0
12,DL,14869,SLC,132,132,35,0,0
12,F9,10397,ATL,54,54,7,0,0
12,F9,10423,AUS,40,40,9,0,0
12,F9,10693,BNA,16,16,4,0,0
12,F9,10713,BOI,12,12,2,0,0
12,F9,11003,CID,12,11,3,1,0
12,F9,11042,CLE,30,28,6,1,1
12,F9,11057,CLT,21,21,4,0,0
12,F9,11066,CMH,4,4,1,0,0
12,F9,11140,CRP,8,8,0,0,0
12,F9,11193,CVG,29,29,11,0,0
12,F9,11278,DCA,83,83,13,0,0
12,F9,11298,DFW,85,85,21,0,0
12,F9,11423,DSM,12,12,3,0,0
12,F9,11433,DTW,32,32,6,0,0
12,F9,11540,ELP,29,29,10,0,0
12,F9,11637,FAR,13,13,2,0,0
12,F9,11775,FSD,9,9,6,0,0
12,F9,11884,GEG,10,10,1,0,0
12,F9,11986,GRR,7,7,0,0,0
12,F9,12266,IAH,66,66,14,0,0
12,F9,12339,IND,17,17,4,0,0
12,F9,12478,JFK,15,15,4,0,0
12,F9,12889,LAS,106,105,27,1,0
12,F9,12892,LAX,53,53,10,0,0
12,F9,12953,LGA,18,17,7,1,0
12,F9,12992,LIT,5,5,1,0,0
12,F9,13198,MCI,21,21,4,0,0
12,F9,13204,MCO,82,81,27,1,0
12,F9,13232,MDW,11,10,3,1,0
12,F9,13244,MEM,13,13,3,0,0
12,F9,13303,MIA,30,30,10,0,0
12,F9,13485,MSN,11,11,5,0,0
12,F9,13486,MSO,1,1,1,0,0
12,F9,13487,MSP,54,53,12,1,0
12,F9,13495,MSY,21,20,5,1,0
12,F9,13851,OKC,24,24,5,0,0
12,F9,13871,OMA,13,13,7,0,0
12,F9,13891,ONT,26,26,7,0,0
12,F9,13930,ORD,23,23,10,0,0
12,F9,14004,PAE,5,5,1,0,0
12,F9,14057,PDX,15,15,6,0,0
12,F9,14100,PHL,17,15,12,2,0
12,F9,14107,PHX,110,109,16,1,0
12,F9,14122,PIT,4,4,0,0,0
12,F9,14193,PNS,15,15,5,0,0
12,F9,14492,RDU,23,23,6,0,0
12,F9,14524,RIC,7,7,1,0,0
12,F9,14570,RNO,4,4,1,0,0
12,F9,14635,RSW,7,7,2,0,0
12,F9,14679,SAN,56,55,14,1,0
12,F9,14683,SAT,42,42,9,0,0
12,F9,14747,SEA,26,25,9,1,0
12,F9,14771,SFO,48,48,11,0,0
12,F9,14869,SLC,83,83,21,0,0
12,F9,14893,SMF,15,15,5,0,0
12,F9,14908,SNA,31,31,8,0,0
12,F9,15016,STL,18,18,1,0,0
12,F9,15304,TPA,52,51,7,1,0
12,F9,15370,TUL,6,6,0,0,0
12,F9,15376,TUS,11,11,3,0,0
12,F9,15412,TYS,14,14,3,0,0
12,F9,15919,XNA,8,8,2,0,0
12,G4,14108,PIA,9,9,5,0,0
12,G4,15412,TYS,9,9,2,0,0
12,MQ,11298,DFW,12,12,4,0,0
12,MQ,13930,ORD,8,8,5,0,0
12,MQ,14107,PHX,19,19,5,0,0
12,OO,10140,ABQ,62,62,8,0,0
12,OO,10157,ACV,31,30,6,0,1
12,OO,10279,AMA,60,60,11,0,0
12,OO,10372,ASE,270,251,91,14,5
12,OO,10408,ATW,31,31,7,0,0
12,OO,10409,ATY,30,30,5,0,0
12,OO,10423,AUS,76,76,21,0,0
12,OO,10431,AVL,15,15,4,0,0
12,OO,10558,BFF,54,54,16,0,0
12,OO,10561,BFL,63,61,15,0,2
12,OO,10599,BHM,62,62,16,0,0
12,OO,10617,BIH,18,18,8,0,0
12,OO,10620,BIL,62,58,16,2,2
12,OO,10627,BIS,122,120,37,0,2
12,OO,10713,BOI,93,93,27,0,0
12,OO,10779,BTM,31,31,7,0,0
12,OO,10849,BZN,29,27,7,1,1
12,OO,11003,CID,1,1,1,0,0
12,OO,11097,COD,62,56,13,0,6
12,OO,11109,COS,326,321,70,5,0
12,OO,11111,COU,31,31,9,0,0
12,OO,11122,CPR,217,216,56,1,0
12,OO,11233,CYS,63,63,14,0,0
12,OO,11283,DDC,55,55,14,0,0
12,OO,11298,DFW,14,14,2,0,0
12,OO,11315,DIK,61,59,9,0,2
12,OO,11413,DRO,123,123,17,0,0
12,OO,11423,DSM,76,76,8,0,0
12,OO,11447,DVL,55,49,8,5,1
12,OO,11468,EAR,54,54,6,0,0
12,OO,11503,EGE,10,10,2,0,0
12,OO,11637,FAR,59,58,17,1,0
12,OO,11638,FAT,76,76,20,0,0
12,OO,11711,FMN,31,31,7,0,0
12,OO,11775,FSD,92,87,21,5,0
12,OO,11865,GCC,62,61,12,1,0
12,OO,11884,GEG,31,31,8,0,0
12,OO,11921,GJT,124,122,13,2,0
12,OO,11995,GSO,31,31,7,0,0
12,OO,11996,GSP,30,30,3,0,0
12,OO,12003,GTF,47,47,8,0,0
12,OO,12012,GUC,75,75,18,0,0
12,OO,12094,HDN,1,1,0,0,0
12,OO,12156,HLN,62,61,13,0,1
12,OO,12177,HOB,31,31,6,0,0
12,OO,12217,HSV,62,62,18,0,0
12,OO,12255,HYS,55,55,8,0,0
12,OO,12278,ICT,91,91,18,0,0
12,OO,12280,IDA,123,122,24,0,1
12,OO,12441,JAC,60,58,11,1,1
12,OO,12511,JLN,29,28,6,0,1
12,OO,12519,JMS,55,51,12,2,2
12,OO,12888,LAR,55,54,12,1,0
12,OO,12892,LAX,69,68,18,1,0
12,OO,12896,LBB,60,60,16,0,0
12,OO,12899,LBF,54,54,17,0,0
12,OO,12902,LBL,55,54,12,0,1
12,OO,12945,LEX,31,31,8,0,0
12,OO,12992,LIT,89,88,21,0,1
12,OO,13029,LNK,124,122,27,0,2
12,OO,13158,MAF,89,87,20,0,2
12,OO,13198,MCI,44,44,9,0,0
12,OO,13264,MFR,32,32,10,0,0
12,OO,13367,MLI,31,31,11,0,0
12,OO,13433,MOT,74,71,22,2,1
12,OO,13476,MRY,62,61,17,0,1
12,OO,13485,MSN,1,1,0,0,0
12,OO,13486,MSO,31,30,8,1,0
12,OO,13487,MSP,16,16,3,0,0
12,OO,13502,MTJ,14,14,0,0,0
12,OO,13851,OKC,90,90,20,0,0
12,OO,13871,OMA,43,43,8,0,0
12,OO,14057,PDX,4,4,1,0,0
12,OO,14107,PHX,2,2,0,0,0
12,OO,14108,PIA,31,30,9,1,0
12,OO,14120,PIR,55,54,10,1,0
12,OO,14193,PNS,1,1,1,0,0
12,OO,14237,PRC,61,61,14,0,0
12,OO,14252,PSC,32,31,13,0,1
12,OO,14262,PSP,62,62,11,0,0
12,OO,14457,RAP,181,180,42,0,1
12,OO,14487,RDD,32,31,11,0,1
12,OO,14534,RIW,62,62,12,0,0
12,OO,14543,RKS,62,62,18,0,0
12,OO,14674,SAF,122,120,27,1,1
12,OO,14679,SAN,51,50,12,1,0
12,OO,14683,SAT,14,14,0,0,0
12,OO,14685,SAV,14,14,1,0,0
12,OO,14698,SBP,31,31,12,0,0
12,OO,14783,SGF,92,92,23,0,0
12,OO,14794,SGU,90,90,17,0,0
12,OO,14812,SHR,63,61,13,1,1
12,OO,14814,SHV,31,31,8,0,0
12,OO,14869,SLC,96,95,24,1,0
12,OO,14877,SLN,31,31,13,0,0
12,OO,15041,SUN,49,48,12,0,1
12,OO,15048,SUX,31,29,11,1,1
12,OO,15370,TUL,92,91,13,1,0
12,OO,15376,TUS,61,61,13,0,0
12,OO,15380,TVC,1,1,1,0,0
12,OO,15412,TYS,61,61,8,0,0
12,OO,15919,XNA,62,61,5,1,0
12,OO,16869,XWA,115,112,36,1,2
12,UA,10140,ABQ,76,75,11,1,0
12,UA,10299,ANC,45,45,19,0,0
12,UA,10397,ATL,79,78,20,0,1
12,UA,10423,AUS,132,132,24,0,0
12,UA,10529,BDL,62,62,15,0,0
12,UA,10620,BIL,62,62,7,0,0
12,UA,10693,BNA,84,84,21,0,0
12,UA,10713,BOI,62,62,15,0,0
12,UA,10721,BOS,141,141,16,0,0
12,UA,10785,BTV,1,1,1,0,0
12,UA,10792,BUF,1,1,0,0,0
12,UA,10800,BUR,63,60,18,0,3
12,UA,10821,BWI,76,76,9,0,0
12,UA,10849,BZN,107,107,27,0,0
12,UA,10994,CHS,31,31,5,0,0
12,UA,11003,CID,62,61,17,0,1
12,UA,11042,CLE,91,91,18,0,0
12,UA,11057,CLT,46,46,12,0,0
12,UA,11066,CMH,62,62,15,0,0
12,UA,11109,COS,18,18,3,0,0
12,UA,11193,CVG,62,62,14,0,0
12,UA,11267,DAY,31,31,9,0,0
12,UA,11278,DCA,31,31,2,0,0
12,UA,11298,DFW,128,128,18,0,0
12,UA,11413,DRO,62,61,20,0,1
12,UA,11423,DSM,48,48,7,0,0
12,UA,11433,DTW,62,62,17,0,0
12,UA,11503,EGE,96,96,30,0,0
12,UA,11540,ELP,62,62,11,0,0
12,UA,11603,EUG,62,62,17,0,0
12,UA,11618,EWR,281,280,55,1,0
12,UA,11637,FAR,31,30,7,0,1
12,UA,11638,FAT,17,17,4,0,0
12,UA,11648,FCA,76,76,28,0,0
12,UA,11697,FLL,143,142,28,1,0
12,UA,11775,FSD,31,31,7,0,0
12,UA,11884,GEG,63,63,20,0,0
12,UA,11921,GJT,62,62,20,0,0
12,UA,11986,GRR,62,62,22,0,0
12,UA,11996,GSP,1,1,0,0,0
12,UA,12003,GTF,15,15,1,0,0
12,UA,12094,HDN,75,73,24,2,0
12,UA,12173,HNL,61,61,11,0,0
12,UA,12264,IAD,234,233,27,1,0
12,UA,12266,IAH,325,324,55,1,0
12,UA,12278,ICT,32,32,5,0,0
12,UA,12280,IDA,14,14,4,0,0
12,UA,12339,IND,62,62,9,0,0
12,UA,12441,JAC,75,69,25,3,3
12,UA,12451,JAX,62,62,19,0,0
12,UA,12758,KOA,31,31,9,0,0
12,UA,12889,LAS,203,203,41,0,0
12,UA,12892,LAX,271,271,56,0,0
12,UA,12953,LGA,167,159,44,7,1
12,UA,12982,LIH,33,33,5,0,0
12,UA,13198,MCI,79,79,15,0,0
12,UA,13204,MCO,156,155,21,0,1
12,UA,13244,MEM,62,62,13,0,0
12,UA,13264,MFR,31,31,6,0,0
12,UA,13303,MIA,89,88,29,0,1
12,UA,13342,MKE,62,62,14,0,0
12,UA,13485,MSN,62,61,11,0,1
12,UA,13486,MSO,62,61,22,0,1
12,UA,13487,MSP,91,91,25,0,0
12,UA,13495,MSY,84,84,14,0,0
12,UA,13502,MTJ,62,62,15,0,0
12,UA,13830,OGG,33,33,6,0,0
12,UA,13851,OKC,32,32,5,0,0
12,UA,13871,OMA,81,81,22,0,0
12,UA,13891,ONT,62,62,15,0,0
12,UA,13930,ORD,290,288,81,1,1
12,UA,13931,ORF,31,31,9,0,0
12,UA,14027,PBI,45,45,14,0,0
12,UA,14057,PDX,138,137,34,0,1
12,UA,14100,PHL,77,77,16,0,0
12,UA,14107,PHX,230,229,38,1,0
12,UA,14122,PIT,63,63,7,0,0
12,UA,14252,PSC,31,31,6,0,0
12,UA,14262,PSP,93,93,23,0,0
12,UA,14321,PWM,1,1,0,0,0
12,UA,14457,RAP,33,33,9,0,0
12,UA,14489,RDM,62,62,19,0,0
12,UA,14492,RDU,62,62,10,0,0
12,UA,14524,RIC,31,31,6,0,0
12,UA,14570,RNO,104,103,18,0,1
12,UA,14635,RSW,88,88,16,0,0
12,UA,14679,SAN,179,178,45,0,1
12,UA,14683,SAT,93,93,14,0,0
12,UA,14685,SAV,1,1,1,0,0
12,UA,14689,SBA,62,61,12,0,1
12,UA,14698,SBP,31,30,4,0,1
12,UA,14730,SDF,62,62,11,0,0
12,UA,14747,SEA,137,137,35,0,0
12,UA,14771,SFO,278,278,90,0,0
12,UA,14831,SJC,79,79,16,0,0
12,UA,14843,SJU,31,31,6,0,0
12,UA,14869,SLC,122,122,37,0,0
12,UA,14893,SMF,123,123,32,0,0
12,UA,14908,SNA,151,148,17,0,3
12,UA,14986,SRQ,14,14,3,0,0
12,UA,15016,STL,79,79,15,0,0
12,UA,15096,SYR,31,31,10,0,0
12,UA,15304,TPA,120,119,25,0,1
12,UA,15370,TUL,32,32,7,0,0
12,UA,15376,TUS,92,92,21,0,0
12,UA,15412,TYS,1,1,0,0,0
12,UA,15919,XNA,31,31,7,0,0
12,WN,10140,ABQ,128,126,42,1,1
12,WN,10257,ALB,15,15,7,0,0
12,WN,10397,ATL,93,93,33,0,0
12,WN,10423,AUS,202,202,45,0,0
12,WN,10529,BDL,17,17,7,0,0
12,WN,10599,BHM,31,31,9,0,0
12,WN,10693,BNA,179,178,53,1,0
12,WN,10713,BOI,92,92,26,0,0
12,WN,10721,BOS,75,74,8,1,0
12,WN,10792,BUF,19,19,8,0,0
12,WN,10800,BUR,109,106,33,1,2
12,WN,10821,BWI,164,162,42,2,0
12,WN,10849,BZN,95,94,36,1,0
12,WN,10994,CHS,15,15,2,0,0
12,WN,11042,CLE,46,46,15,0,0
12,WN,11057,CLT,15,14,4,1,0
12,WN,11066,CMH,75,75,22,0,0
12,WN,11109,COS,97,97,32,0,0
12,WN,11193,CVG,31,31,9,0,0
12,WN,11259,DAL,253,253,79,0,0
12,WN,11423,DSM,31,31,11,0,0
12,WN,11433,DTW,46,45,13,1,0
12,WN,11540,ELP,72,72,24,0,0
12,WN,11603,EUG,29,29,14,0,0
12,WN,11638,FAT,33,33,10,0,0
12,WN,11697,FLL,42,42,17,0,0
12,WN,11884,GEG,71,71,26,0,0
12,WN,11986,GRR,33,33,15,0,0
12,WN,12094,HDN,47,47,14,0,0
12,WN,12191,HOU,226,225,51,1,0
12,WN,12264,IAD,73,72,18,1,0
12,WN,12278,ICT,31,30,12,1,0
12,WN,12339,IND,113,111,31,2,0
12,WN,12451,JAX,33,33,10,0,0
12,WN,12889,LAS,251,250,74,1,0
12,WN,12892,LAX,168,165,58,1,2
12,WN,12896,LBB,17,17,8,0,0
12,WN,12953,LGA,118,115,38,3,0
12,WN,12954,LGB,81,79,25,1,1
12,WN,12992,LIT,31,31,6,0,0
12,WN,13158,MAF,15,15,7,0,0
12,WN,13198,MCI,192,187,45,5,0
12,WN,13204,MCO,165,164,43,1,0
12,WN,13232,MDW,184,182,52,1,1
12,WN,13244,MEM,31,31,11,0,0
12,WN,13303,MIA,33,33,11,0,0
12,WN,13342,MKE,106,106,26,0,0
12,WN,13487,MSP,135,135,46,0,0
12,WN,13495,MSY,87,86,22,1,0
12,WN,13502,MTJ,47,47,13,0,0
12,WN,13796,OAK,137,135,56,2,0
12,WN,13851,OKC,106,106,36,0,0
12,WN,13871,OMA,122,122,36,0,0
12,WN,13891,ONT,106,106,38,0,0
12,WN,13930,ORD,11,11,3,0,0
12,WN,13931,ORF,17,16,4,1,0
12,WN,14057,PDX,136,135,62,1,0
12,WN,14100,PHL,75,74,24,1,0
12,WN,14107,PHX,330,328,105,2,0
12,WN,14122,PIT,71,71,23,0,0
12,WN,14262,PSP,46,46,16,0,0
12,WN,14307,PVD,17,16,7,1,0
12,WN,14492,RDU,62,62,13,0,0
12,WN,14524,RIC,17,17,6,0,0
12,WN,14570,RNO,91,89,28,1,1
12,WN,14635,RSW,33,33,10,0,0
12,WN,14679,SAN,221,218,75,1,2
12,WN,14683,SAT,133,132,44,1,0
12,WN,14689,SBA,15,15,7,0,0
12,WN,14730,SDF,31,31,12,0,0
12,WN,14747,SEA,95,95,59,0,0
12,WN,14771,SFO,131,130,63,1,0
12,WN,14831,SJC,139,137,42,2,0
12,WN,14869,SLC,195,194,58,1,0
12,WN,14893,SMF,165,165,58,0,0
12,WN,14908,SNA,134,133,40,1,0
12,WN,14986,SRQ,31,31,12,0,0
12,WN,15016,STL,169,168,37,0,1
12,WN,15304,TPA,108,107,25,0,1
12,WN,15370,TUL,73,73,30,0,0
12,WN,15376,TUS,106,106,35,0,0
