Month,Reporting_Airline,DestAirportID,Dest,scheduled_flights,eligible_arrivals,delayed_arrivals,cancelled_flights,diverted_flights
1,AA,10140,ABQ,179,168,43,11,0
1,AA,10257,ALB,6,5,3,1,0
1,AA,10279,AMA,5,4,2,1,0
1,AA,10299,ANC,6,6,1,0,0
1,AA,10397,ATL,211,194,39,17,0
1,AA,10423,AUS,373,351,84,22,0
1,AA,10529,BDL,44,42,12,2,0
1,AA,10561,BFL,20,19,6,1,0
1,AA,10599,BHM,44,41,15,3,0
1,AA,10693,BNA,246,224,51,22,0
1,AA,10713,BOI,62,59,29,3,0
1,AA,10721,BOS,200,189,33,11,0
1,AA,10792,BUF,5,5,2,0,0
1,AA,10800,BUR,62,59,17,2,1
1,AA,10821,BWI,75,69,16,6,0
1,AA,10849,BZN,54,51,22,2,1
1,AA,10868,CAE,12,12,6,0,0
1,AA,10994,CHS,69,60,12,9,0
1,AA,11003,CID,51,47,11,3,1
1,AA,11042,CLE,124,116,29,7,1
1,AA,11057,CLT,341,318,47,23,0
1,AA,11066,CMH,100,94,15,6,0
1,AA,11109,COS,93,88,21,5,0
1,AA,11193,CVG,120,113,21,7,0
1,AA,11278,DCA,308,278,43,29,1
1,AA,11292,DEN,246,229,55,17,0
1,AA,11423,DSM,70,63,19,6,1
1,AA,11433,DTW,150,141,27,9,0
1,AA,11503,EGE,114,110,41,4,0
1,AA,11540,ELP,211,197,61,14,0
1,AA,11603,EUG,6,6,4,0,0
1,AA,11618,EWR,109,103,24,6,0
1,AA,11624,EYW,31,30,10,1,0
1,AA,11638,FAT,93,90,34,3,0
1,AA,11697,FLL,153,142,29,11,0
1,AA,11775,FSD,12,11,3,1,0
1,AA,11884,GEG,25,24,7,1,0
1,AA,11986,GRR,62,58,16,4,0
1,AA,11995,GSO,62,57,14,5,0
1,AA,11996,GSP,61,58,13,3,0
1,AA,12012,GUC,37,36,11,1,0
1,AA,12094,HDN,37,34,13,1,2
1,AA,12173,HNL,62,61,15,1,0
1,AA,12264,IAD,62,59,14,3,0
1,AA,12266,IAH,219,193,43,26,0
1,AA,12278,ICT,2,2,1,0,0
1,AA,12339,IND,145,134,19,11,0
1,AA,12441,JAC,62,56,14,3,3
1,AA,12451,JAX,122,115,24,7,0
1,AA,12478,JFK,89,85,17,4,0
1,AA,12889,LAS,346,328,91,18,0
1,AA,12892,LAX,380,364,88,16,0
1,AA,12896,LBB,52,48,18,4,0
1,AA,12953,LGA,330,306,56,22,2
1,AA,12992,LIT,36,33,10,3,0
1,AA,13198,MCI,189,168,35,21,0
1,AA,13204,MCO,307,289,64,18,0
1,AA,13230,MDT,31,31,14,0,0
1,AA,13244,MEM,136,126,32,10,0
1,AA,13256,MFE,181,171,46,10,0
1,AA,13303,MIA,366,350,98,15,1
1,AA,13342,MKE,110,103,27,7,0
1,AA,13476,MRY,20,19,4,1,0
1,AA,13485,MSN,93,88,21,5,0
1,AA,13486,MSO,6,6,5,0,0
1,AA,13487,MSP,151,142,26,8,1
1,AA,13495,MSY,150,132,33,18,0
1,AA,13502,MTJ,37,36,7,1,0
1,AA,13830,OGG,31,31,9,0,0
1,AA,13851,OKC,169,155,53,14,0
1,AA,13871,OMA,82,76,28,6,0
1,AA,13891,ONT,143,132,31,7,4
1,AA,13930,ORD,322,307,51,14,1
1,AA,13931,ORF,75,68,18,7,0
1,AA,14027,PBI,105,99,19,6,0
1,AA,14057,PDX,142,135,31,7,0
1,AA,14100,PHL,252,241,41,10,1
1,AA,14107,PHX,341,323,72,18,0
1,AA,14122,PIT,119,115,25,4,0
1,AA,14193,PNS,50,45,16,5,0
1,AA,14262,PSP,96,91,26,5,0
1,AA,14492,RDU,152,141,25,11,0
1,AA,14524,RIC,75,69,16,6,0
1,AA,14570,RNO,98,93,19,5,0
1,AA,14635,RSW,115,108,22,7,0
1,AA,14679,SAN,230,213,63,15,2
1,AA,14683,SAT,354,330,105,23,1
1,AA,14685,SAV,68,58,18,10,0
1,AA,14689,SBA,20,18,6,2,0
1,AA,14698,SBP,6,6,3,0,0
1,AA,14730,SDF,93,87,20,6,0
1,AA,14747,SEA,214,206,41,8,0
1,AA,14771,SFO,249,235,64,14,0
1,AA,14831,SJC,93,87,12,6,0
1,AA,14843,SJU,39,37,8,1,1
1,AA,14869,SLC,186,177,42,9,0
1,AA,14893,SMF,137,129,31,8,0
1,AA,14908,SNA,240,223,42,15,2
1,AA,14986,SRQ,31,30,7,1,0
1,AA,15016,STL,128,112,26,16,0
1,AA,15024,STT,4,4,1,0,0
1,AA,15096,SYR,5,5,3,0,0
1,AA,15304,TPA,209,198,44,11,0
1,AA,15370,TUL,153,143,36,9,1
1,AA,15376,TUS,217,204,46,13,0
1,AA,15412,TYS,82,75,14,7,0
1,AA,15919,XNA,42,39,11,3,0
1,AS,14057,PDX,35,34,12,1,0
1,AS,14747,SEA,124,120,26,4,0
1,B6,10721,BOS,20,19,6,1,0
1,DL,10397,ATL,236,217,33,19,0
1,DL,10721,BOS,61,58,11,3,0
1,DL,11433,DTW,119,117,17,2,0
1,DL,12478,JFK,58,56,6,2,0
1,DL,12892,LAX,58,57,5,1,0
1,DL,12953,LGA,165,157,30,5,3
1,DL,13487,MSP,119,116,12,3,0
1,DL,14747,SEA,57,53,10,3,1
1,DL,14869,SLC,121,117,22,4,0
1,F9,10397,ATL,37,33,9,4,0
1,F9,10721,BOS,10,9,4,1,0
1,F9,10821,BWI,11,11,1,0,0
1,F9,11042,CLE,9,8,3,1,0
1,F9,11057,CLT,17,15,3,2,0
1,F9,11193,CVG,11,9,2,2,0
1,F9,11292,DEN,84,78,15,6,0
1,F9,11433,DTW,10,9,2,1,0
1,F9,11503,EGE,12,10,2,1,1
1,F9,12266,IAH,41,36,15,5,0
1,F9,12339,IND,2,2,1,0,0
1,F9,12889,LAS,76,72,19,4,0
1,F9,12892,LAX,31,29,5,2,0
1,F9,12953,LGA,31,30,10,1,0
1,F9,13204,MCO,52,50,12,2,0
1,F9,13232,MDW,20,19,6,1,0
1,F9,13303,MIA,4,4,2,0,0
1,F9,13487,MSP,2,2,1,0,0
1,F9,13891,ONT,13,12,3,1,0
1,F9,13930,ORD,20,19,8,1,0
1,F9,14057,PDX,6,5,0,1,0
1,F9,14100,PHL,10,9,1,1,0
1,F9,14107,PHX,27,25,3,2,0
1,F9,14492,RDU,9,8,1,1,0
1,F9,14679,SAN,13,12,5,1,0
1,F9,14747,SEA,10,10,6,0,0
1,F9,14771,SFO,12,12,4,0,0
1,F9,14843,SJU,6,6,1,0,0
1,F9,14869,SLC,13,12,1,1,0
1,F9,15016,STL,2,1,0,1,0
1,F9,15304,TPA,26,25,3,1,0
1,MQ,10136,ABI,151,147,36,4,0
1,MQ,10140,ABQ,13,13,2,0,0
1,MQ,10208,AGS,13,11,1,2,0
1,MQ,10279,AMA,182,170,26,9,3
1,MQ,10397,ATL,1,1,0,0,0
1,MQ,10408,ATW,31,30,6,1,0
1,MQ,10423,AUS,10,9,0,1,0
1,MQ,10431,AVL,51,49,8,2,0
1,MQ,10599,BHM,103,94,12,9,0
1,MQ,10620,BIL,62,60,13,2,0
1,MQ,10627,BIS,62,61,11,1,0
1,MQ,10685,BMI,62,59,7,3,0
1,MQ,10693,BNA,13,13,6,0,0
1,MQ,10747,BRO,69,64,11,5,0
1,MQ,10781,BTR,72,64,12,8,0
1,MQ,10868,CAE,50,47,7,3,0
1,MQ,10980,CHA,61,57,7,4,0
1,MQ,10994,CHS,8,8,1,0,0
1,MQ,11003,CID,32,31,3,1,0
1,MQ,11049,CLL,8,8,1,0,0
1,MQ,11066,CMH,35,34,8,1,0
1,MQ,11067,CMI,63,61,8,2,0
1,MQ,11111,COU,62,53,9,9,0
1,MQ,11140,CRP,217,202,37,13,2
1,MQ,11193,CVG,5,5,0,0,0
1,MQ,11267,DAY,31,30,6,1,0
1,MQ,11292,DEN,5,5,1,0,0
1,MQ,11423,DSM,10,10,1,0,0
1,MQ,11433,DTW,1,1,0,0,0
1,MQ,11481,ECP,62,56,4,6,0
1,MQ,11540,ELP,39,38,5,1,0
1,MQ,11612,EVV,62,55,6,7,0
1,MQ,11637,FAR,93,90,21,3,0
1,MQ,11775,FSD,79,76,14,3,0
1,MQ,11778,FSM,93,85,8,8,0
1,MQ,11823,FWA,93,91,13,2,0
1,MQ,11867,GCK,62,57,7,4,1
1,MQ,11921,GJT,62,60,7,2,0
1,MQ,11953,GNV,6,5,0,1,0
1,MQ,11973,GPT,31,26,4,5,0
1,MQ,11982,GRK,103,99,23,4,0
1,MQ,11986,GRR,13,12,2,1,0
1,MQ,11996,GSP,32,31,5,1,0
1,MQ,12191,HOU,119,107,16,12,0
1,MQ,12206,HRL,124,114,16,10,0
1,MQ,12217,HSV,77,71,12,6,0
1,MQ,12266,IAH,71,64,10,7,0
1,MQ,12278,ICT,71,65,13,6,0
1,MQ,12323,ILM,51,49,6,2,0
1,MQ,12339,IND,1,1,0,0,0
1,MQ,12448,JAN,39,37,5,2,0
1,MQ,12896,LBB,115,111,17,4,0
1,MQ,12945,LEX,68,63,11,5,0
1,MQ,12951,LFT,47,41,6,6,0
1,MQ,12992,LIT,134,126,20,8,0
1,MQ,13061,LRD,155,141,27,12,2
1,MQ,13158,MAF,189,182,25,7,0
1,MQ,13198,MCI,6,3,0,3,0
1,MQ,13244,MEM,38,35,6,3,0
1,MQ,13256,MFE,52,49,11,3,0
1,MQ,13290,MHK,93,81,16,12,0
1,MQ,13367,MLI,62,60,10,2,0
1,MQ,13377,MLU,93,88,18,5,0
1,MQ,13422,MOB,81,68,10,13,0
1,MQ,13486,MSO,25,24,7,1,0
1,MQ,13495,MSY,59,49,9,10,0
1,MQ,13502,MTJ,25,24,2,1,0
1,MQ,13577,MYR,6,5,0,1,0
1,MQ,13851,OKC,58,54,7,4,0
1,MQ,13871,OMA,26,26,5,0,0
1,MQ,13930,ORD,1,1,0,0,0
1,MQ,14108,PIA,37,36,7,1,0
1,MQ,14193,PNS,56,47,9,9,0
1,MQ,14457,RAP,68,66,13,2,0
1,MQ,14492,RDU,1,1,1,0,0
1,MQ,14683,SAT,6,5,1,1,0
1,MQ,14730,SDF,34,25,3,9,0
1,MQ,14783,SGF,240,228,43,12,0
1,MQ,14814,SHV,64,62,11,2,0
1,MQ,14960,SPS,12,12,2,0,0
1,MQ,14986,SRQ,7,6,0,1,0
1,MQ,15016,STL,54,52,7,2,0
1,MQ,15249,TLH,62,56,12,6,0
1,MQ,15323,TRI,25,23,1,2,0
1,MQ,15370,TUL,64,62,7,2,0
1,MQ,15412,TYS,6,6,2,0,0
1,MQ,15624,VPS,93,83,24,10,0
1,MQ,15919,XNA,228,214,38,14,0
1,NK,10397,ATL,52,47,9,5,0
1,NK,10721,BOS,1,1,1,0,0
1,NK,10821,BWI,25,24,7,1,0
1,NK,11057,CLT,8,7,3,1,0
1,NK,11433,DTW,54,51,15,3,0
1,NK,11618,EWR,39,38,7,1,0
1,NK,11697,FLL,70,67,8,3,0
1,NK,12889,LAS,79,77,11,2,0
1,NK,12892,LAX,100,95,16,5,0
1,NK,12953,LGA,28,27,8,1,0
1,NK,13204,MCO,52,50,6,2,0
1,NK,13303,MIA,22,20,1,2,0
1,NK,13495,MSY,21,19,6,2,0
1,NK,13930,ORD,23,20,2,3,0
1,NK,14107,PHX,24,23,4,1,0
1,NK,14635,RSW,1,1,0,0,0
1,NK,14831,SJC,22,21,6,1,0
1,NK,14843,SJU,28,27,7,0,1
1,OH,10208,AGS,6,6,1,0,0
1,OH,10599,BHM,31,29,6,2,0
1,OH,10693,BNA,3,3,1,0,0
1,OH,10781,BTR,32,28,6,4,0
1,OH,10980,CHA,58,54,12,4,0
1,OH,10994,CHS,4,4,0,0,0
1,OH,11267,DAY,78,72,12,5,1
1,OH,11423,DSM,25,22,5,3,0
1,OH,11953,GNV,25,24,6,1,0
1,OH,11973,GPT,57,48,9,9,0
1,OH,12191,HOU,25,22,4,2,1
1,OH,12217,HSV,99,93,28,6,0
1,OH,12266,IAH,2,2,0,0,0
1,OH,12278,ICT,86,79,20,7,0
1,OH,12448,JAN,107,100,27,7,0
1,OH,12945,LEX,7,7,2,0,0
1,OH,12951,LFT,45,40,9,5,0
1,OH,12992,LIT,67,60,15,7,0
1,OH,13277,MGM,75,67,15,8,0
1,OH,13342,MKE,6,6,0,0,0
1,OH,13422,MOB,12,12,5,0,0
1,OH,14108,PIA,25,23,5,2,0
1,OH,14122,PIT,3,3,0,0,0
1,OH,14730,SDF,25,21,5,4,0
1,OH,14814,SHV,110,102,27,8,0
1,OH,15249,TLH,31,28,9,3,0
1,OH,15323,TRI,6,5,0,1,0
1,OH,15370,TUL,29,25,9,4,0
1,OH,15412,TYS,25,23,5,2,0
1,OH,15624,VPS,6,5,2,1,0
1,OO,10155,ACT,93,87,18,5,1
1,OO,10185,AEX,93,84,14,9,0
1,OO,10372,ASE,158,142,54,11,5
1,OO,10423,AUS,5,5,1,0,0
1,OO,10693,BNA,31,30,13,1,0
1,OO,10728,BPT,62,53,8,9,0
1,OO,10747,BRO,68,61,17,4,3
1,OO,10781,BTR,47,42,9,5,0
1,OO,11049,CLL,85,78,14,7,0
1,OO,11109,COS,62,60,12,2,0
1,OO,11111,COU,31,28,8,3,0
1,OO,11413,DRO,68,64,14,4,0
1,OO,11695,FLG,38,36,9,1,1
1,OO,11905,GGG,62,58,11,2,2
1,OO,11973,GPT,8,8,4,0,0
1,OO,11980,GRI,62,59,12,3,0
1,OO,11982,GRK,49,47,16,2,0
1,OO,12191,HOU,38,35,7,3,0
1,OO,12206,HRL,13,10,2,2,1
1,OO,12266,IAH,1,1,0,0,0
1,OO,12278,ICT,73,67,15,6,0
1,OO,12280,IDA,31,28,4,2,1
1,OO,12448,JAN,7,6,2,1,0
1,OO,12891,LAW,93,89,18,4,0
1,OO,12896,LBB,34,32,8,2,0
1,OO,12915,LCH,93,77,11,16,0
1,OO,12951,LFT,52,44,9,8,0
1,OO,13158,MAF,44,40,10,4,0
1,OO,13198,MCI,3,3,1,0,0
1,OO,13244,MEM,10,9,4,1,0
1,OO,13256,MFE,7,6,1,1,0
1,OO,13277,MGM,18,16,2,2,0
1,OO,13851,OKC,25,24,5,1,0
1,OO,13871,OMA,1,1,0,0,0
1,OO,14314,PVU,93,90,30,3,0
1,OO,14588,ROW,93,85,17,7,1
1,OO,14674,SAF,124,117,32,6,1
1,OO,14683,SAT,14,12,2,2,0
1,OO,14696,SBN,93,90,17,3,0
1,OO,14794,SGU,31,30,6,1,0
1,OO,14842,SJT,93,89,16,4,0
1,OO,14960,SPS,50,47,12,3,0
1,OO,15016,STL,3,2,0,0,1
1,OO,15074,SWO,62,58,9,4,0
1,OO,15370,TUL,4,4,0,0,0
1,OO,15401,TXK,62,57,11,4,1
1,OO,15411,TYR,93,90,16,3,0
1,OO,15919,XNA,11,11,4,0,0
1,OO,16218,YUM,31,30,7,1,0
1,UA,10849,BZN,1,1,0,0,0
1,UA,11292,DEN,142,134,27,8,0
1,UA,11618,EWR,160,152,22,8,0
1,UA,12264,IAD,70,66,10,4,0
1,UA,12266,IAH,171,157,33,14,0
1,UA,13930,ORD,140,133,19,6,1
1,UA,14771,SFO,62,60,11,2,0
1,YX,11618,EWR,1,1,0,0,0
2,AA,10140,ABQ,165,162,35,3,0
2,AA,10257,ALB,16,15,7,1,0
2,AA,10397,ATL,190,188,31,2,0
2,AA,10423,AUS,315,312,63,3,0
2,AA,10529,BDL,31,30,3,1,0
2,AA,10561,BFL,22,22,13,0,0
2,AA,10599,BHM,40,39,18,1,0
2,AA,10693,BNA,218,215,45,3,0
2,AA,10713,BOI,56,55,16,1,0
2,AA,10721,BOS,186,184,37,2,0
2,AA,10792,BUF,16,15,6,1,0
2,AA,10800,BUR,56,54,11,1,1
2,AA,10821,BWI,68,67,11,1,0
2,AA,10849,BZN,50,49,16,0,1
2,AA,10994,CHS,66,65,18,1,0
2,AA,11003,CID,43,43,15,0,0
2,AA,11042,CLE,110,109,33,1,0
2,AA,11057,CLT,308,306,46,2,0
2,AA,11066,CMH,88,88,17,0,0
2,AA,11109,COS,84,82,22,1,1
2,AA,11193,CVG,104,103,16,1,0
2,AA,11252,DAB,1,1,0,0,0
2,AA,11278,DCA,280,272,60,7,1
2,AA,11292,DEN,222,219,47,2,1
2,AA,11423,DSM,60,58,14,2,0
2,AA,11433,DTW,138,136,27,2,0
2,AA,11481,ECP,32,31,21,1,0
2,AA,11503,EGE,106,104,33,1,1
2,AA,11540,ELP,182,178,44,4,0
2,AA,11603,EUG,10,10,4,0,0
2,AA,11618,EWR,104,102,24,2,0
2,AA,11624,EYW,28,26,7,0,2
2,AA,11638,FAT,84,84,19,0,0
2,AA,11697,FLL,138,136,31,2,0
2,AA,11775,FSD,16,16,8,0,0
2,AA,11884,GEG,22,22,7,0,0
2,AA,11986,GRR,54,54,20,0,0
2,AA,11995,GSO,56,55,10,1,0
2,AA,11996,GSP,56,56,20,0,0
2,AA,12012,GUC,28,27,8,0,1
2,AA,12094,HDN,30,28,8,0,2
2,AA,12173,HNL,56,56,13,0,0
2,AA,12264,IAD,56,55,13,1,0
2,AA,12266,IAH,197,196,53,0,1
2,AA,12339,IND,129,128,22,1,0
2,AA,12441,JAC,52,52,18,0,0
2,AA,12451,JAX,116,115,18,1,0
2,AA,12478,JFK,80,78,12,2,0
2,AA,12889,LAS,310,308,65,1,1
2,AA,12892,LAX,351,349,61,2,0
2,AA,12896,LBB,34,34,8,0,0
2,AA,12953,LGA,304,298,68,3,3
2,AA,12992,LIT,28,27,9,1,0
2,AA,13198,MCI,155,153,29,2,0
2,AA,13204,MCO,279,276,71,2,1
2,AA,13230,MDT,28,27,7,1,0
2,AA,13244,MEM,107,105,34,2,0
2,AA,13256,MFE,163,161,46,1,1
2,AA,13303,MIA,337,336,87,1,0
2,AA,13342,MKE,92,91,33,0,1
2,AA,13476,MRY,22,22,5,0,0
2,AA,13485,MSN,84,83,27,1,0
2,AA,13487,MSP,128,127,21,1,0
2,AA,13495,MSY,148,148,38,0,0
2,AA,13502,MTJ,28,28,6,0,0
2,AA,13830,OGG,28,28,5,0,0
2,AA,13851,OKC,137,134,39,2,1
2,AA,13871,OMA,80,79,19,1,0
2,AA,13891,ONT,124,124,24,0,0
2,AA,13930,ORD,283,282,48,1,0
2,AA,13931,ORF,68,66,9,2,0
2,AA,14027,PBI,96,96,27,0,0
2,AA,14057,PDX,125,124,22,0,1
2,AA,14100,PHL,227,221,44,5,1
2,AA,14107,PHX,327,325,61,2,0
2,AA,14122,PIT,110,110,18,0,0
2,AA,14193,PNS,56,56,17,0,0
2,AA,14262,PSP,100,100,13,0,0
2,AA,14492,RDU,136,130,22,5,1
2,AA,14524,RIC,68,68,15,0,0
2,AA,14570,RNO,84,81,18,0,3
2,AA,14635,RSW,112,110,26,1,1
2,AA,14679,SAN,215,215,60,0,0
2,AA,14683,SAT,277,274,75,3,0
2,AA,14685,SAV,56,56,18,0,0
2,AA,14689,SBA,22,22,4,0,0
2,AA,14698,SBP,16,15,5,0,1
2,AA,14730,SDF,82,80,16,1,1
2,AA,14747,SEA,196,196,41,0,0
2,AA,14771,SFO,222,220,52,2,0
2,AA,14831,SJC,84,84,16,0,0
2,AA,14843,SJU,44,44,8,0,0
2,AA,14869,SLC,184,180,40,4,0
2,AA,14893,SMF,124,123,22,1,0
2,AA,14908,SNA,220,218,36,2,0
2,AA,14986,SRQ,28,27,5,1,0
2,AA,15016,STL,119,119,20,0,0
2,AA,15024,STT,4,4,1,0,0
2,AA,15096,SYR,16,15,5,1,0
2,AA,15304,TPA,194,194,41,0,0
2,AA,15370,TUL,121,119,25,2,0
2,AA,15376,TUS,196,194,31,2,0
2,AA,15412,TYS,91,89,25,2,0
2,AA,15624,VPS,16,16,6,0,0
2,AA,15919,XNA,34,33,9,1,0
2,AS,14057,PDX,28,27,3,1,0
2,AS,14747,SEA,108,106,27,1,1
2,B6,10721,BOS,22,21,9,1,0
2,DL,10397,ATL,210,209,39,0,1
2,DL,10721,BOS,56,55,8,1,0
2,DL,11433,DTW,106,106,14,0,0
2,DL,12478,JFK,52,50,4,2,0
2,DL,12892,LAX,50,50,5,0,0
2,DL,12953,LGA,154,150,23,2,2
2,DL,13487,MSP,106,105,12,1,0
2,DL,14747,SEA,50,50,5,0,0
2,DL,14869,SLC,108,107,22,1,0
2,F9,10397,ATL,39,39,13,0,0
2,F9,10721,BOS,2,2,0,0,0
2,F9,10821,BWI,18,17,2,1,0
2,F9,11042,CLE,13,13,2,0,0
2,F9,11057,CLT,14,14,1,0,0
2,F9,11193,CVG,15,15,3,0,0
2,F9,11292,DEN,91,91,13,0,0
2,F9,11433,DTW,13,13,1,0,0
2,F9,11503,EGE,9,9,3,0,0
2,F9,12266,IAH,33,33,7,0,0
2,F9,12339,IND,5,5,0,0,0
2,F9,12889,LAS,68,68,13,0,0
2,F9,12892,LAX,28,27,3,0,1
2,F9,12953,LGA,28,27,7,1,0
2,F9,13204,MCO,51,51,9,0,0
2,F9,13232,MDW,23,23,4,0,0
2,F9,13303,MIA,15,15,3,0,0
2,F9,13487,MSP,7,7,3,0,0
2,F9,13891,ONT,20,19,3,1,0
2,F9,13930,ORD,23,23,2,0,0
2,F9,14057,PDX,2,2,0,0,0
2,F9,14100,PHL,12,11,2,1,0
2,F9,14107,PHX,40,39,6,1,0
2,F9,14492,RDU,10,10,1,0,0
2,F9,14679,SAN,20,20,2,0,0
2,F9,14747,SEA,3,3,1,0,0
2,F9,14771,SFO,13,12,3,1,0
2,F9,14869,SLC,14,13,4,1,0
2,F9,15304,TPA,25,25,5,0,0
2,MQ,10136,ABI,136,133,13,3,0
2,MQ,10140,ABQ,3,3,0,0,0
2,MQ,10208,AGS,22,22,3,0,0
2,MQ,10279,AMA,156,152,13,4,0
2,MQ,10408,ATW,28,28,2,0,0
2,MQ,10423,AUS,33,31,5,2,0
2,MQ,10431,AVL,50,49,5,1,0
2,MQ,10599,BHM,96,96,18,0,0
2,MQ,10620,BIL,56,53,11,3,0
2,MQ,10627,BIS,56,56,9,0,0
2,MQ,10685,BMI,56,56,4,0,0
2,MQ,10693,BNA,22,22,8,0,0
2,MQ,10747,BRO,61,61,9,0,0
2,MQ,10781,BTR,55,54,6,1,0
2,MQ,10868,CAE,56,55,17,1,0
2,MQ,10980,CHA,56,55,8,1,0
2,MQ,11003,CID,51,50,12,1,0
2,MQ,11042,CLE,2,2,0,0,0
2,MQ,11066,CMH,32,32,8,0,0
2,MQ,11067,CMI,56,55,9,1,0
2,MQ,11109,COS,16,15,1,1,0
2,MQ,11111,COU,56,51,9,5,0
2,MQ,11140,CRP,194,193,32,1,0
2,MQ,11193,CVG,8,8,1,0,0
2,MQ,11252,DAB,2,2,0,0,0
2,MQ,11267,DAY,24,24,3,0,0
2,MQ,11423,DSM,16,16,6,0,0
2,MQ,11481,ECP,24,24,2,0,0
2,MQ,11540,ELP,32,32,3,0,0
2,MQ,11612,EVV,56,56,6,0,0
2,MQ,11637,FAR,84,83,21,1,0
2,MQ,11775,FSD,68,67,15,1,0
2,MQ,11778,FSM,84,79,12,5,0
2,MQ,11823,FWA,84,84,17,0,0
2,MQ,11867,GCK,56,52,12,3,1
2,MQ,11921,GJT,24,24,0,0,0
2,MQ,11973,GPT,61,61,18,0,0
2,MQ,11982,GRK,84,84,17,0,0
2,MQ,11986,GRR,14,14,2,0,0
2,MQ,11996,GSP,37,37,6,0,0
2,MQ,12191,HOU,112,111,24,1,0
2,MQ,12206,HRL,112,111,17,1,0
2,MQ,12217,HSV,78,77,6,1,0
2,MQ,12266,IAH,42,40,6,2,0
2,MQ,12278,ICT,62,62,6,0,0
2,MQ,12323,ILM,50,50,8,0,0
2,MQ,12448,JAN,12,12,1,0,0
2,MQ,12896,LBB,118,117,15,1,0
2,MQ,12945,LEX,64,63,9,1,0
2,MQ,12951,LFT,44,43,6,1,0
2,MQ,12992,LIT,115,114,20,1,0
2,MQ,13061,LRD,140,136,18,4,0
2,MQ,13158,MAF,132,130,25,1,1
2,MQ,13198,MCI,22,22,5,0,0
2,MQ,13244,MEM,50,49,9,1,0
2,MQ,13256,MFE,29,28,1,1,0
2,MQ,13290,MHK,84,80,12,4,0
2,MQ,13367,MLI,56,56,10,0,0
2,MQ,13377,MLU,84,81,13,2,1
2,MQ,13422,MOB,36,36,5,0,0
2,MQ,13486,MSO,28,28,3,0,0
2,MQ,13495,MSY,51,51,9,0,0
2,MQ,13502,MTJ,30,29,9,0,1
2,MQ,13577,MYR,25,25,2,0,0
2,MQ,13851,OKC,73,70,16,3,0
2,MQ,13871,OMA,18,17,2,1,0
2,MQ,14108,PIA,44,44,5,0,0
2,MQ,14193,PNS,56,56,13,0,0
2,MQ,14457,RAP,56,54,12,2,0
2,MQ,14492,RDU,2,2,1,0,0
2,MQ,14683,SAT,33,31,8,2,0
2,MQ,14685,SAV,9,9,1,0,0
2,MQ,14730,SDF,44,43,9,1,0
2,MQ,14783,SGF,218,208,50,9,1
2,MQ,14814,SHV,64,63,10,1,0
2,MQ,15016,STL,41,41,5,0,0
2,MQ,15249,TLH,56,56,12,0,0
2,MQ,15323,TRI,28,28,4,0,0
2,MQ,15370,TUL,43,41,3,2,0
2,MQ,15624,VPS,61,61,9,0,0
2,MQ,15919,XNA,206,200,35,5,1
2,NK,10397,ATL,34,34,12,0,0
2,NK,10821,BWI,18,18,2,0,0
2,NK,11433,DTW,44,44,6,0,0
2,NK,11618,EWR,28,28,5,0,0
2,NK,11697,FLL,56,56,14,0,0
2,NK,12889,LAS,80,80,10,0,0
2,NK,12892,LAX,67,66,9,0,1
2,NK,12953,LGA,24,24,4,0,0
2,NK,13204,MCO,45,45,8,0,0
2,NK,13303,MIA,18,17,1,1,0
2,NK,13495,MSY,21,21,4,0,0
2,NK,13930,ORD,16,16,2,0,0
2,NK,14107,PHX,25,25,7,0,0
2,NK,14831,SJC,16,16,1,0,0
2,NK,14843,SJU,23,23,7,0,0
2,OH,10599,BHM,28,26,10,2,0
2,OH,10693,BNA,2,2,1,0,0
2,OH,10781,BTR,41,41,16,0,0
2,OH,10980,CHA,54,54,14,0,0
2,OH,10994,CHS,2,2,0,0,0
2,OH,11267,DAY,76,74,19,1,1
2,OH,11423,DSM,12,12,2,0,0
2,OH,11953,GNV,28,26,7,2,0
2,OH,11973,GPT,23,22,7,1,0
2,OH,12191,HOU,12,12,2,0,0
2,OH,12217,HSV,84,79,30,4,1
2,OH,12278,ICT,99,88,37,11,0
2,OH,12448,JAN,91,86,22,5,0
2,OH,12945,LEX,4,2,0,2,0
2,OH,12951,LFT,34,34,10,0,0
2,OH,12992,LIT,59,52,17,7,0
2,OH,13277,MGM,68,66,20,2,0
2,OH,13422,MOB,48,43,16,5,0
2,OH,14108,PIA,13,11,1,2,0
2,OH,14122,PIT,2,2,1,0,0
2,OH,14730,SDF,12,12,0,0,0
2,OH,14814,SHV,78,74,24,4,0
2,OH,15249,TLH,28,28,4,0,0
2,OH,15370,TUL,17,17,3,0,0
2,OH,15412,TYS,12,12,2,0,0
2,OH,15624,VPS,16,13,4,3,0
2,OO,10140,ABQ,16,16,4,0,0
2,OO,10155,ACT,84,84,22,0,0
2,OO,10185,AEX,84,81,24,2,1
2,OO,10372,ASE,140,126,59,8,6
2,OO,10693,BNA,16,16,3,0,0
2,OO,10728,BPT,56,51,14,4,1
2,OO,10747,BRO,63,63,29,0,0
2,OO,10781,BTR,32,32,18,0,0
2,OO,11049,CLL,84,84,17,0,0
2,OO,11109,COS,56,56,20,0,0
2,OO,11111,COU,28,23,9,5,0
2,OO,11413,DRO,72,69,21,3,0
2,OO,11540,ELP,16,16,9,0,0
2,OO,11695,FLG,28,28,11,0,0
2,OO,11905,GGG,56,53,15,2,1
2,OO,11921,GJT,32,30,7,1,1
2,OO,11980,GRI,56,55,16,1,0
2,OO,11982,GRK,50,49,11,1,0
2,OO,12012,GUC,2,2,0,0,0
2,OO,12191,HOU,50,49,12,0,1
2,OO,12206,HRL,12,12,5,0,0
2,OO,12266,IAH,11,11,1,0,0
2,OO,12278,ICT,38,37,4,0,1
2,OO,12280,IDA,28,28,10,0,0
2,OO,12448,JAN,19,19,12,0,0
2,OO,12891,LAW,84,73,20,11,0
2,OO,12896,LBB,26,26,6,0,0
2,OO,12915,LCH,84,75,18,3,6
2,OO,12951,LFT,56,55,14,1,0
2,OO,13158,MAF,62,60,15,1,1
2,OO,13198,MCI,18,18,8,0,0
2,OO,13244,MEM,7,6,2,1,0
2,OO,13256,MFE,12,12,6,0,0
2,OO,13277,MGM,16,16,8,0,0
2,OO,13495,MSY,24,24,8,0,0
2,OO,13851,OKC,12,12,3,0,0
2,OO,14314,PVU,84,84,36,0,0
2,OO,14588,ROW,84,83,23,1,0
2,OO,14674,SAF,112,112,42,0,0
2,OO,14683,SAT,32,32,19,0,0
2,OO,14696,SBN,84,84,21,0,0
2,OO,14783,SGF,8,8,0,0,0
2,OO,14794,SGU,28,28,5,0,0
2,OO,14814,SHV,16,16,5,0,0
2,OO,14842,SJT,84,84,28,0,0
2,OO,14960,SPS,56,53,11,3,0
2,OO,15016,STL,2,2,0,0,0
2,OO,15074,SWO,56,52,7,4,0
2,OO,15370,TUL,25,24,8,1,0
2,OO,15401,TXK,56,56,23,0,0
2,OO,15411,TYR,84,83,19,1,0
2,OO,15412,TYS,2,2,0,0,0
2,OO,15919,XNA,6,6,0,0,0
2,OO,16218,YUM,28,28,7,0,0
2,UA,11292,DEN,140,140,19,0,0
2,UA,11618,EWR,141,139,22,2,0
2,UA,12264,IAD,68,67,12,1,0
2,UA,12266,IAH,169,169,28,0,0
2,UA,13930,ORD,132,132,17,0,0
2,UA,14771,SFO,56,56,12,0,0
2,YX,11618,EWR,4,4,1,0,0
3,AA,10140,ABQ,181,174,48,6,1
3,AA,10257,ALB,31,31,12,0,0
3,AA,10299,ANC,26,26,9,0,0
3,AA,10397,ATL,232,225,57,7,0
3,AA,10423,AUS,278,263,76,14,1
3,AA,10529,BDL,79,77,16,2,0
3,AA,10561,BFL,31,31,12,0,0
3,AA,10599,BHM,58,56,28,2,0
3,AA,10693,BNA,241,235,72,6,0
3,AA,10713,BOI,61,60,21,1,0
3,AA,10721,BOS,213,209,63,4,0
3,AA,10792,BUF,31,30,13,1,0
3,AA,10800,BUR,62,61,16,1,0
3,AA,10821,BWI,88,84,20,4,0
3,AA,10849,BZN,65,65,19,0,0
3,AA,10994,CHS,88,85,28,1,2
3,AA,11003,CID,58,54,26,4,0
3,AA,11042,CLE,119,117,41,2,0
3,AA,11057,CLT,335,328,96,7,0
3,AA,11066,CMH,115,111,34,3,1
3,AA,11109,COS,93,88,18,5,0
3,AA,11193,CVG,109,106,27,3,0
3,AA,11278,DCA,309,300,70,8,1
3,AA,11292,DEN,271,263,76,8,0
3,AA,11423,DSM,62,58,23,4,0
3,AA,11433,DTW,176,173,52,3,0
3,AA,11481,ECP,62,60,24,2,0
3,AA,11503,EGE,127,126,39,1,0
3,AA,11540,ELP,210,204,70,5,1
3,AA,11603,EUG,28,28,9,0,0
3,AA,11618,EWR,124,121,42,3,0
3,AA,11624,EYW,32,32,13,0,0
3,AA,11638,FAT,105,104,29,1,0
3,AA,11697,FLL,179,171,62,7,1
3,AA,11775,FSD,31,30,13,1,0
3,AA,11884,GEG,31,30,15,1,0
3,AA,11986,GRR,59,58,28,1,0
3,AA,11995,GSO,62,61,38,1,0
3,AA,11996,GSP,62,62,27,0,0
3,AA,12012,GUC,31,31,7,0,0
3,AA,12094,HDN,36,35,9,0,1
3,AA,12173,HNL,66,66,20,0,0
3,AA,12264,IAD,84,82,27,1,1
3,AA,12266,IAH,227,220,81,7,0
3,AA,12339,IND,177,173,49,4,0
3,AA,12441,JAC,60,59,15,0,1
3,AA,12451,JAX,151,144,39,6,1
3,AA,12478,JFK,88,87,23,1,0
3,AA,12889,LAS,385,375,123,10,0
3,AA,12892,LAX,427,419,96,8,0
3,AA,12896,LBB,31,30,18,1,0
3,AA,12953,LGA,337,326,97,8,3
3,AA,12992,LIT,31,31,12,0,0
3,AA,13198,MCI,161,155,47,6,0
3,AA,13204,MCO,334,321,118,13,0
3,AA,13230,MDT,31,30,16,1,0
3,AA,13244,MEM,141,136,46,5,0
3,AA,13256,MFE,147,142,54,4,1
3,AA,13303,MIA,369,363,111,5,1
3,AA,13342,MKE,93,92,30,1,0
3,AA,13476,MRY,31,30,6,1,0
3,AA,13485,MSN,93,90,29,3,0
3,AA,13487,MSP,151,148,36,3,0
3,AA,13495,MSY,200,193,68,7,0
3,AA,13502,MTJ,31,31,6,0,0
3,AA,13577,MYR,22,22,3,0,0
3,AA,13830,OGG,55,55,16,0,0
3,AA,13851,OKC,152,149,43,3,0
3,AA,13871,OMA,114,109,34,5,0
3,AA,13891,ONT,150,148,42,2,0
3,AA,13930,ORD,316,310,84,6,0
3,AA,13931,ORF,89,85,21,3,1
3,AA,14027,PBI,120,114,40,5,1
3,AA,14057,PDX,149,148,51,1,0
3,AA,14100,PHL,249,246,57,3,0
3,AA,14107,PHX,435,428,125,7,0
3,AA,14122,PIT,122,119,23,3,0
3,AA,14193,PNS,113,106,46,5,2
3,AA,14262,PSP,123,121,38,1,1
3,AA,14492,RDU,170,165,44,5,0
3,AA,14524,RIC,89,87,17,2,0
3,AA,14570,RNO,105,102,29,2,1
3,AA,14635,RSW,174,170,50,4,0
3,AA,14679,SAN,272,265,75,7,0
3,AA,14683,SAT,296,287,88,9,0
3,AA,14685,SAV,62,62,21,0,0
3,AA,14689,SBA,31,31,9,0,0
3,AA,14698,SBP,31,31,8,0,0
3,AA,14730,SDF,84,81,22,3,0
3,AA,14747,SEA,235,231,78,4,0
3,AA,14771,SFO,264,259,93,5,0
3,AA,14831,SJC,91,90,22,1,0
3,AA,14843,SJU,62,62,19,0,0
3,AA,14869,SLC,217,213,80,4,0
3,AA,14893,SMF,151,148,36,3,0
3,AA,14908,SNA,267,258,53,8,1
3,AA,14986,SRQ,31,30,4,0,1
3,AA,15016,STL,151,145,37,6,0
3,AA,15024,STT,6,6,2,0,0
3,AA,15096,SYR,31,30,15,1,0
3,AA,15304,TPA,241,231,71,8,2
3,AA,15370,TUL,144,141,50,3,0
3,AA,15376,TUS,215,208,63,7,0
3,AA,15412,TYS,93,91,35,2,0
3,AA,15624,VPS,57,56,15,0,1
3,AA,15919,XNA,57,56,21,1,0
3,AS,14057,PDX,31,31,7,0,0
3,AS,14747,SEA,121,120,32,1,0
3,B6,10721,BOS,31,31,7,0,0
3,DL,10397,ATL,235,231,57,3,1
3,DL,10721,BOS,62,62,12,0,0
3,DL,11433,DTW,119,119,17,0,0
3,DL,12478,JFK,57,57,11,0,0
3,DL,12892,LAX,60,59,7,1,0
3,DL,12953,LGA,171,165,44,5,1
3,DL,13487,MSP,119,118,28,1,0
3,DL,14747,SEA,57,56,7,0,1
3,DL,14869,SLC,124,124,21,0,0
3,F9,10397,ATL,47,46,13,1,0
3,F9,10721,BOS,11,11,3,0,0
3,F9,10821,BWI,27,26,5,1,0
3,F9,11042,CLE,10,10,1,0,0
3,F9,11057,CLT,13,13,1,0,0
3,F9,11193,CVG,23,23,3,0,0
3,F9,11292,DEN,89,85,19,4,0
3,F9,11433,DTW,11,11,1,0,0
3,F9,11503,EGE,9,9,0,0,0
3,F9,12266,IAH,31,30,7,1,0
3,F9,12339,IND,9,9,3,0,0
3,F9,12889,LAS,65,63,11,2,0
3,F9,12892,LAX,31,31,5,0,0
3,F9,12953,LGA,31,31,18,0,0
3,F9,13204,MCO,53,50,14,3,0
3,F9,13232,MDW,31,29,8,2,0
3,F9,13303,MIA,28,27,5,1,0
3,F9,13487,MSP,10,10,1,0,0
3,F9,13891,ONT,31,30,8,1,0
3,F9,13930,ORD,31,31,13,0,0
3,F9,14100,PHL,17,17,1,0,0
3,F9,14107,PHX,60,59,18,1,0
3,F9,14492,RDU,13,12,1,1,0
3,F9,14679,SAN,31,29,2,2,0
3,F9,14747,SEA,11,11,0,0,0
3,F9,14771,SFO,18,17,6,1,0
3,F9,14869,SLC,18,18,2,0,0
3,F9,15304,TPA,28,26,3,2,0
3,MQ,10136,ABI,151,145,30,6,0
3,MQ,10140,ABQ,5,5,1,0,0
3,MQ,10208,AGS,31,29,5,2,0
3,MQ,10279,AMA,186,177,42,9,0
3,MQ,10408,ATW,31,31,8,0,0
3,MQ,10423,AUS,119,115,32,4,0
3,MQ,10431,AVL,62,61,9,1,0
3,MQ,10599,BHM,90,87,15,3,0
3,MQ,10620,BIL,62,61,13,1,0
3,MQ,10627,BIS,62,61,9,1,0
3,MQ,10685,BMI,62,61,11,1,0
3,MQ,10693,BNA,53,51,9,2,0
3,MQ,10747,BRO,71,68,9,2,1
3,MQ,10781,BTR,62,60,10,2,0
3,MQ,10868,CAE,62,60,8,2,0
3,MQ,10980,CHA,62,60,17,1,1
3,MQ,11003,CID,40,34,4,6,0
3,MQ,11042,CLE,5,5,2,0,0
3,MQ,11066,CMH,36,35,12,1,0
3,MQ,11067,CMI,62,61,8,1,0
3,MQ,11109,COS,5,4,0,1,0
3,MQ,11111,COU,62,59,14,3,0
3,MQ,11140,CRP,213,207,45,6,0
3,MQ,11193,CVG,15,14,4,1,0
3,MQ,11267,DAY,22,20,3,2,0
3,MQ,11423,DSM,57,55,6,2,0
3,MQ,11481,ECP,26,23,2,3,0
3,MQ,11540,ELP,33,32,1,1,0
3,MQ,11612,EVV,62,60,9,2,0
3,MQ,11637,FAR,93,89,18,3,1
3,MQ,11775,FSD,62,59,13,3,0
3,MQ,11778,FSM,93,91,14,2,0
3,MQ,11823,FWA,93,90,18,3,0
3,MQ,11867,GCK,62,57,16,5,0
3,MQ,11973,GPT,41,39,13,2,0
3,MQ,11982,GRK,119,116,27,2,1
3,MQ,11986,GRR,30,30,4,0,0
3,MQ,11996,GSP,58,57,13,1,0
3,MQ,12191,HOU,125,120,34,5,0
3,MQ,12206,HRL,124,105,20,19,0
3,MQ,12217,HSV,112,106,17,6,0
3,MQ,12266,IAH,71,69,14,2,0
3,MQ,12278,ICT,112,110,24,2,0
3,MQ,12323,ILM,62,61,11,1,0
3,MQ,12896,LBB,164,156,35,7,1
3,MQ,12945,LEX,89,87,16,2,0
3,MQ,12951,LFT,81,78,13,2,1
3,MQ,12992,LIT,113,111,19,2,0
3,MQ,13061,LRD,153,145,25,7,1
3,MQ,13158,MAF,155,149,30,6,0
3,MQ,13198,MCI,41,37,8,4,0
3,MQ,13244,MEM,59,56,6,3,0
3,MQ,13256,MFE,67,65,13,2,0
3,MQ,13290,MHK,93,87,18,5,1
3,MQ,13367,MLI,62,60,13,2,0
3,MQ,13377,MLU,93,89,24,4,0
3,MQ,13486,MSO,31,30,7,0,1
3,MQ,13495,MSY,41,38,9,3,0
3,MQ,13502,MTJ,36,35,7,1,0
3,MQ,13577,MYR,10,9,2,1,0
3,MQ,13851,OKC,94,87,18,7,0
3,MQ,13871,OMA,7,5,1,2,0
3,MQ,14108,PIA,62,61,12,1,0
3,MQ,14193,PNS,42,40,9,2,0
3,MQ,14457,RAP,62,60,10,2,0
3,MQ,14492,RDU,7,6,2,1,0
3,MQ,14683,SAT,36,34,6,2,0
3,MQ,14685,SAV,27,27,10,0,0
3,MQ,14730,SDF,89,85,17,3,1
3,MQ,14783,SGF,207,201,47,6,0
3,MQ,14814,SHV,12,10,2,2,0
3,MQ,14986,SRQ,26,25,7,0,1
3,MQ,15016,STL,31,29,5,2,0
3,MQ,15249,TLH,62,61,9,1,0
3,MQ,15323,TRI,57,56,12,1,0
3,MQ,15370,TUL,59,56,6,3,0
3,MQ,15412,TYS,26,25,5,1,0
3,MQ,15624,VPS,32,32,5,0,0
3,MQ,15919,XNA,255,245,50,10,0
3,NK,10397,ATL,43,43,6,0,0
3,NK,10821,BWI,27,26,4,0,1
3,NK,11057,CLT,13,13,3,0,0
3,NK,11433,DTW,62,62,9,0,0
3,NK,11618,EWR,30,29,6,1,0
3,NK,11697,FLL,78,77,12,1,0
3,NK,12266,IAH,1,1,0,0,0
3,NK,12889,LAS,74,74,14,0,0
3,NK,12892,LAX,88,88,12,0,0
3,NK,12953,LGA,28,28,4,0,0
3,NK,13204,MCO,73,72,10,1,0
3,NK,13303,MIA,29,29,4,0,0
3,NK,13495,MSY,27,27,7,0,0
3,NK,13930,ORD,27,27,5,0,0
3,NK,14100,PHL,1,1,0,0,0
3,NK,14107,PHX,30,30,11,0,0
3,NK,14193,PNS,7,7,1,0,0
3,NK,14831,SJC,25,25,4,0,0
3,NK,14843,SJU,45,45,13,0,0
3,NK,15304,TPA,12,12,3,0,0
3,OH,10599,BHM,31,28,6,3,0
3,OH,10781,BTR,58,54,18,4,0
3,OH,10980,CHA,62,58,13,4,0
3,OH,11267,DAY,92,88,26,4,0
3,OH,11953,GNV,31,28,11,3,0
3,OH,12217,HSV,92,82,22,9,1
3,OH,12278,ICT,116,103,39,13,0
3,OH,12448,JAN,90,86,23,3,1
3,OH,12951,LFT,11,10,5,1,0
3,OH,12992,LIT,88,81,30,7,0
3,OH,13277,MGM,59,54,19,5,0
3,OH,13422,MOB,92,86,25,6,0
3,OH,14814,SHV,77,72,21,5,0
3,OH,15249,TLH,31,30,4,1,0
3,OH,15370,TUL,35,34,9,1,0
3,OH,15624,VPS,31,26,5,4,1
3,OO,10140,ABQ,5,5,0,0,0
3,OO,10155,ACT,93,85,23,8,0
3,OO,10185,AEX,93,88,25,5,0
3,OO,10372,ASE,155,136,49,7,12
3,OO,10693,BNA,5,5,3,0,0
3,OO,10728,BPT,62,59,19,3,0
3,OO,10747,BRO,80,73,22,7,0
3,OO,10781,BTR,26,24,13,2,0
3,OO,11049,CLL,93,90,22,3,0
3,OO,11109,COS,62,58,19,3,1
3,OO,11111,COU,31,29,11,2,0
3,OO,11413,DRO,93,89,20,4,0
3,OO,11540,ELP,5,4,3,1,0
3,OO,11695,FLG,35,33,11,1,1
3,OO,11905,GGG,62,58,11,4,0
3,OO,11921,GJT,62,60,10,2,0
3,OO,11973,GPT,52,51,11,1,0
3,OO,11980,GRI,62,57,15,5,0
3,OO,11982,GRK,33,29,12,4,0
3,OO,12012,GUC,5,5,2,0,0
3,OO,12191,HOU,58,54,17,3,1
3,OO,12206,HRL,27,22,8,5,0
3,OO,12266,IAH,14,14,4,0,0
3,OO,12278,ICT,9,8,4,1,0
3,OO,12280,IDA,31,30,8,1,0
3,OO,12448,JAN,57,51,17,5,1
3,OO,12891,LAW,93,86,28,7,0
3,OO,12896,LBB,22,21,2,1,0
3,OO,12915,LCH,93,84,20,7,2
3,OO,12951,LFT,62,60,19,1,1
3,OO,13158,MAF,73,70,13,3,0
3,OO,13198,MCI,5,3,2,2,0
3,OO,13244,MEM,5,5,2,0,0
3,OO,13256,MFE,27,25,12,2,0
3,OO,13277,MGM,31,28,8,2,1
3,OO,13495,MSY,5,4,1,1,0
3,OO,13851,OKC,26,24,10,2,0
3,OO,14314,PVU,93,89,36,2,2
3,OO,14588,ROW,93,84,22,8,1
3,OO,14674,SAF,124,116,35,5,3
3,OO,14683,SAT,59,56,16,3,0
3,OO,14696,SBN,93,88,21,5,0
3,OO,14783,SGF,26,26,3,0,0
3,OO,14794,SGU,31,31,6,0,0
3,OO,14814,SHV,83,81,15,2,0
3,OO,14842,SJT,93,85,20,8,0
3,OO,14960,SPS,62,58,14,3,1
3,OO,15074,SWO,62,59,12,3,0
3,OO,15370,TUL,25,23,5,2,0
3,OO,15401,TXK,62,59,18,2,1
3,OO,15411,TYR,93,86,22,7,0
3,OO,15412,TYS,5,5,2,0,0
3,OO,16218,YUM,31,30,13,1,0
3,UA,11292,DEN,170,170,25,0,0
3,UA,11618,EWR,139,139,29,0,0
3,UA,12264,IAD,81,80,13,1,0
3,UA,12266,IAH,170,167,23,3,0
3,UA,13930,ORD,171,167,33,3,1
3,UA,14771,SFO,62,61,13,1,0
3,YX,11618,EWR,5,5,1,0,0
4,AA,10140,ABQ,180,169,63,9,2
4,AA,10208,AGS,17,17,6,0,0
4,AA,10257,ALB,30,30,17,0,0
4,AA,10279,AMA,27,25,15,1,1
4,AA,10299,ANC,30,30,7,0,0
4,AA,10397,ATL,236,225,78,10,1
4,AA,10423,AUS,337,330,111,7,0
4,AA,10529,BDL,86,84,21,2,0
4,AA,10561,BFL,30,30,12,0,0
4,AA,10599,BHM,33,31,12,2,0
4,AA,10693,BNA,221,209,76,11,1
4,AA,10713,BOI,60,60,23,0,0
4,AA,10721,BOS,197,190,64,7,0
4,AA,10792,BUF,30,28,15,2,0
4,AA,10800,BUR,60,59,24,1,0
4,AA,10821,BWI,86,82,35,4,0
4,AA,10849,BZN,33,33,12,0,0
4,AA,10868,CAE,54,52,18,2,0
4,AA,10994,CHS,86,85,29,1,0
4,AA,11003,CID,55,53,29,2,0
4,AA,11042,CLE,120,115,29,5,0
4,AA,11057,CLT,299,295,134,4,0
4,AA,11066,CMH,116,111,39,5,0
4,AA,11109,COS,90,86,23,4,0
4,AA,11193,CVG,124,119,39,4,1
4,AA,11278,DCA,300,292,81,8,0
4,AA,11292,DEN,266,257,105,8,1
4,AA,11423,DSM,87,83,28,4,0
4,AA,11433,DTW,164,159,50,5,0
4,AA,11481,ECP,60,60,34,0,0
4,AA,11503,EGE,39,38,16,1,0
4,AA,11540,ELP,204,200,78,4,0
4,AA,11603,EUG,30,29,7,1,0
4,AA,11618,EWR,119,111,43,6,2
4,AA,11624,EYW,30,30,11,0,0
4,AA,11638,FAT,114,110,32,4,0
4,AA,11697,FLL,176,168,53,8,0
4,AA,11775,FSD,3,2,2,1,0
4,AA,11884,GEG,30,30,17,0,0
4,AA,11986,GRR,61,59,19,2,0
4,AA,11995,GSO,60,57,24,3,0
4,AA,11996,GSP,60,59,28,1,0
4,AA,12012,GUC,3,3,2,0,0
4,AA,12094,HDN,3,3,1,0,0
4,AA,12173,HNL,60,60,21,0,0
4,AA,12217,HSV,27,26,11,1,0
4,AA,12264,IAD,59,58,24,1,0
4,AA,12266,IAH,234,222,83,12,0
4,AA,12339,IND,147,142,46,4,1
4,AA,12441,JAC,33,33,11,0,0
4,AA,12451,JAX,146,140,41,6,0
4,AA,12478,JFK,90,88,25,2,0
4,AA,12889,LAS,383,368,122,15,0
4,AA,12892,LAX,412,403,142,9,0
4,AA,12896,LBB,53,52,20,1,0
4,AA,12953,LGA,331,320,88,10,1
4,AA,12992,LIT,26,24,12,2,0
4,AA,13198,MCI,120,114,40,6,0
4,AA,13204,MCO,298,293,125,3,2
4,AA,13230,MDT,30,29,14,1,0
4,AA,13244,MEM,111,106,41,5,0
4,AA,13256,MFE,148,140,52,8,0
4,AA,13303,MIA,330,323,113,5,2
4,AA,13342,MKE,90,87,29,3,0
4,AA,13476,MRY,30,29,9,1,0
4,AA,13485,MSN,90,89,24,0,1
4,AA,13487,MSP,146,139,37,6,1
4,AA,13495,MSY,204,191,67,13,0
4,AA,13502,MTJ,3,3,0,0,0
4,AA,13577,MYR,30,29,12,1,0
4,AA,13830,OGG,30,30,5,0,0
4,AA,13851,OKC,128,125,47,1,2
4,AA,13871,OMA,120,114,33,6,0
4,AA,13891,ONT,177,172,59,5,0
4,AA,13930,ORD,303,294,100,9,0
4,AA,13931,ORF,86,81,25,5,0
4,AA,14027,PBI,86,84,35,2,0
4,AA,14057,PDX,150,145,45,5,0
4,AA,14100,PHL,240,231,72,9,0
4,AA,14107,PHX,412,400,127,12,0
4,AA,14122,PIT,117,116,34,1,0
4,AA,14193,PNS,87,82,34,5,0
4,AA,14262,PSP,120,116,38,2,2
4,AA,14492,RDU,177,173,57,4,0
4,AA,14524,RIC,86,83,28,3,0
4,AA,14570,RNO,116,111,40,5,0
4,AA,14635,RSW,119,113,50,6,0
4,AA,14679,SAN,266,256,86,9,1
4,AA,14683,SAT,269,256,84,13,0
4,AA,14685,SAV,60,57,23,3,0
4,AA,14689,SBA,30,29,7,1,0
4,AA,14698,SBP,30,29,7,1,0
4,AA,14730,SDF,118,112,36,6,0
4,AA,14747,SEA,223,218,51,5,0
4,AA,14771,SFO,266,260,85,6,0
4,AA,14831,SJC,90,86,24,4,0
4,AA,14843,SJU,60,60,21,0,0
4,AA,14869,SLC,181,173,55,7,1
4,AA,14893,SMF,150,147,47,3,0
4,AA,14908,SNA,239,233,57,5,1
4,AA,14986,SRQ,30,29,8,1,0
4,AA,15016,STL,150,143,43,7,0
4,AA,15024,STT,4,4,2,0,0
4,AA,15096,SYR,30,29,13,1,0
4,AA,15304,TPA,203,195,65,8,0
4,AA,15370,TUL,122,117,36,5,0
4,AA,15376,TUS,174,167,52,7,0
4,AA,15412,TYS,117,113,42,4,0
4,AA,15624,VPS,60,56,18,3,1
4,AA,15919,XNA,32,30,10,2,0
4,AS,14057,PDX,30,30,4,0,0
4,AS,14747,SEA,128,128,43,0,0
4,B6,10721,BOS,30,30,11,0,0
4,DL,10397,ATL,226,223,63,1,2
4,DL,10721,BOS,75,75,18,0,0
4,DL,11433,DTW,116,116,27,0,0
4,DL,12478,JFK,58,58,12,0,0
4,DL,12892,LAX,60,60,7,0,0
4,DL,12953,LGA,168,166,38,2,0
4,DL,13487,MSP,116,116,33,0,0
4,DL,14747,SEA,56,56,14,0,0
4,DL,14869,SLC,120,120,37,0,0
4,F9,10397,ATL,49,47,16,2,0
4,F9,10721,BOS,2,2,0,0,0
4,F9,10821,BWI,22,22,9,0,0
4,F9,11042,CLE,9,9,1,0,0
4,F9,11057,CLT,9,9,2,0,0
4,F9,11193,CVG,23,21,5,1,1
4,F9,11292,DEN,82,81,28,1,0
4,F9,11433,DTW,9,9,1,0,0
4,F9,11503,EGE,4,4,2,0,0
4,F9,12339,IND,8,8,0,0,0
4,F9,12478,JFK,4,4,0,0,0
4,F9,12889,LAS,70,68,15,2,0
4,F9,12892,LAX,33,33,1,0,0
4,F9,12953,LGA,30,30,11,0,0
4,F9,13204,MCO,38,37,9,1,0
4,F9,13232,MDW,26,25,5,1,0
4,F9,13303,MIA,14,14,8,0,0
4,F9,13487,MSP,6,6,2,0,0
4,F9,13891,ONT,50,50,15,0,0
4,F9,13930,ORD,25,23,11,2,0
4,F9,14100,PHL,25,25,11,0,0
4,F9,14107,PHX,56,56,8,0,0
4,F9,14492,RDU,11,11,0,0,0
4,F9,14679,SAN,25,25,8,0,0
4,F9,14747,SEA,12,12,2,0,0
4,F9,14771,SFO,21,21,3,0,0
4,F9,14869,SLC,14,14,2,0,0
4,F9,15304,TPA,17,17,6,0,0
4,MQ,10136,ABI,142,138,39,4,0
4,MQ,10140,ABQ,27,25,5,2,0
4,MQ,10208,AGS,23,22,9,1,0
4,MQ,10279,AMA,164,155,40,8,1
4,MQ,10408,ATW,32,32,6,0,0
4,MQ,10423,AUS,86,76,21,10,0
4,MQ,10431,AVL,33,32,8,1,0
4,MQ,10599,BHM,90,88,25,2,0
4,MQ,10620,BIL,60,60,14,0,0
4,MQ,10627,BIS,60,59,17,1,0
4,MQ,10685,BMI,61,60,15,1,0
4,MQ,10693,BNA,69,66,17,2,1
4,MQ,10747,BRO,114,108,17,6,0
4,MQ,10781,BTR,114,110,20,4,0
4,MQ,10868,CAE,6,6,4,0,0
4,MQ,10980,CHA,60,59,14,1,0
4,MQ,11003,CID,31,29,6,2,0
4,MQ,11066,CMH,30,30,14,0,0
4,MQ,11067,CMI,60,58,11,2,0
4,MQ,11111,COU,60,60,19,0,0
4,MQ,11140,CRP,209,203,43,6,0
4,MQ,11267,DAY,29,28,6,1,0
4,MQ,11423,DSM,6,5,0,1,0
4,MQ,11433,DTW,4,4,1,0,0
4,MQ,11481,ECP,3,2,0,1,0
4,MQ,11540,ELP,31,30,5,1,0
4,MQ,11612,EVV,60,57,14,3,0
4,MQ,11637,FAR,90,89,14,1,0
4,MQ,11775,FSD,87,85,22,2,0
4,MQ,11778,FSM,90,82,10,7,1
4,MQ,11823,FWA,90,86,18,4,0
4,MQ,11867,GCK,60,59,19,1,0
4,MQ,11921,GJT,54,53,18,1,0
4,MQ,11973,GPT,58,56,15,1,1
4,MQ,11982,GRK,93,89,18,4,0
4,MQ,11986,GRR,25,25,6,0,0
4,MQ,11995,GSO,27,27,8,0,0
4,MQ,11996,GSP,33,33,6,0,0
4,MQ,12191,HOU,138,133,44,5,0
4,MQ,12206,HRL,120,118,30,2,0
4,MQ,12217,HSV,85,80,19,4,1
4,MQ,12266,IAH,34,31,10,3,0
4,MQ,12278,ICT,88,85,24,3,0
4,MQ,12323,ILM,60,58,12,2,0
4,MQ,12896,LBB,170,156,44,11,3
4,MQ,12945,LEX,86,84,24,2,0
4,MQ,12951,LFT,62,61,13,1,0
4,MQ,12992,LIT,119,116,24,3,0
4,MQ,13061,LRD,148,141,34,7,0
4,MQ,13158,MAF,146,139,41,7,0
4,MQ,13198,MCI,57,53,24,4,0
4,MQ,13244,MEM,91,87,9,4,0
4,MQ,13256,MFE,61,56,9,5,0
4,MQ,13290,MHK,91,86,28,4,1
4,MQ,13367,MLI,60,59,13,1,0
4,MQ,13377,MLU,90,87,21,3,0
4,MQ,13486,MSO,30,29,7,1,0
4,MQ,13495,MSY,30,28,9,2,0
4,MQ,13502,MTJ,30,29,7,1,0
4,MQ,13851,OKC,90,82,18,7,1
4,MQ,14108,PIA,87,86,13,1,0
4,MQ,14193,PNS,59,55,13,4,0
4,MQ,14457,RAP,60,59,11,1,0
4,MQ,14683,SAT,82,76,23,6,0
4,MQ,14685,SAV,26,26,10,0,0
4,MQ,14730,SDF,58,56,11,2,0
4,MQ,14783,SGF,232,220,58,7,5
4,MQ,14814,SHV,82,76,13,6,0
4,MQ,14986,SRQ,3,3,2,0,0
4,MQ,15016,STL,30,27,10,2,1
4,MQ,15249,TLH,60,59,23,1,0
4,MQ,15323,TRI,32,31,9,1,0
4,MQ,15370,TUL,61,60,11,1,0
4,MQ,15412,TYS,3,3,0,0,0
4,MQ,15624,VPS,26,25,11,1,0
4,MQ,15919,XNA,251,240,56,11,0
4,NK,10397,ATL,30,30,8,0,0
4,NK,10821,BWI,19,19,6,0,0
4,NK,11433,DTW,65,65,8,0,0
4,NK,11618,EWR,27,27,9,0,0
4,NK,11697,FLL,83,83,8,0,0
4,NK,12889,LAS,72,72,8,0,0
4,NK,12892,LAX,71,71,13,0,0
4,NK,12953,LGA,23,23,7,0,0
4,NK,13204,MCO,42,41,6,1,0
4,NK,13303,MIA,30,30,4,0,0
4,NK,13495,MSY,19,18,4,1,0
4,NK,13930,ORD,20,20,3,0,0
4,NK,14107,PHX,20,20,2,0,0
4,NK,14831,SJC,30,30,6,0,0
4,NK,14843,SJU,30,30,10,0,0
4,NK,15304,TPA,9,9,2,0,0
4,OH,10599,BHM,30,28,10,2,0
4,OH,10781,BTR,60,57,22,3,0
4,OH,10980,CHA,60,58,16,2,0
4,OH,11267,DAY,90,86,27,4,0
4,OH,11953,GNV,30,26,4,4,0
4,OH,12217,HSV,62,58,21,4,0
4,OH,12278,ICT,89,81,30,8,0
4,OH,12448,JAN,90,85,16,5,0
4,OH,12951,LFT,29,28,10,1,0
4,OH,12992,LIT,90,77,21,13,0
4,OH,13277,MGM,60,56,15,4,0
4,OH,13422,MOB,90,84,22,6,0
4,OH,14814,SHV,62,58,23,3,1
4,OH,15249,TLH,30,28,7,2,0
4,OH,15370,TUL,57,52,9,5,0
4,OH,15624,VPS,30,29,8,1,0
4,OH,15919,XNA,23,22,8,1,0
4,OO,10155,ACT,90,84,25,5,1
4,OO,10185,AEX,90,83,23,6,1
4,OO,10372,ASE,41,37,9,2,2
4,OO,10599,BHM,23,23,9,0,0
4,OO,10728,BPT,60,58,16,2,0
4,OO,10747,BRO,32,30,10,2,0
4,OO,10781,BTR,3,3,3,0,0
4,OO,11049,CLL,90,87,18,3,0
4,OO,11109,COS,60,59,17,1,0
4,OO,11111,COU,30,28,11,2,0
4,OO,11193,CVG,27,26,7,1,0
4,OO,11292,DEN,3,3,0,0,0
4,OO,11413,DRO,63,59,14,2,2
4,OO,11612,EVV,27,27,7,0,0
4,OO,11695,FLG,34,30,7,3,1
4,OO,11905,GGG,60,56,13,4,0
4,OO,11921,GJT,6,5,2,1,0
4,OO,11973,GPT,32,30,3,2,0
4,OO,11980,GRI,60,57,7,3,0
4,OO,11982,GRK,57,54,14,3,0
4,OO,12191,HOU,60,56,16,3,1
4,OO,12206,HRL,26,25,3,1,0
4,OO,12217,HSV,1,1,0,0,0
4,OO,12266,IAH,30,29,9,1,0
4,OO,12278,ICT,55,54,15,1,0
4,OO,12280,IDA,30,29,6,1,0
4,OO,12448,JAN,56,53,17,3,0
4,OO,12891,LAW,90,84,24,6,0
4,OO,12896,LBB,2,2,0,0,0
4,OO,12915,LCH,90,83,24,6,1
4,OO,12951,LFT,59,55,17,4,0
4,OO,13158,MAF,88,84,19,4,0
4,OO,13198,MCI,27,27,5,0,0
4,OO,13256,MFE,26,24,8,2,0
4,OO,13277,MGM,30,30,10,0,0
4,OO,13851,OKC,30,28,7,1,1
4,OO,13930,ORD,1,1,0,0,0
4,OO,14314,PVU,90,85,27,4,1
4,OO,14588,ROW,90,82,12,8,0
4,OO,14674,SAF,147,134,30,11,2
4,OO,14683,SAT,27,26,11,1,0
4,OO,14696,SBN,90,88,27,2,0
4,OO,14783,SGF,3,3,2,0,0
4,OO,14794,SGU,31,31,16,0,0
4,OO,14814,SHV,35,31,7,4,0
4,OO,14842,SJT,90,84,24,5,1
4,OO,14960,SPS,60,56,12,3,1
4,OO,15074,SWO,60,57,13,3,0
4,OO,15370,TUL,3,3,2,0,0
4,OO,15401,TXK,60,55,12,5,0
4,OO,15411,TYR,90,83,24,6,1
4,OO,15919,XNA,7,6,1,1,0
4,OO,16218,YUM,30,30,7,0,0
4,UA,11292,DEN,164,161,48,3,0
4,UA,11618,EWR,116,112,39,2,2
4,UA,12264,IAD,82,82,19,0,0
4,UA,12266,IAH,197,194,44,2,1
4,UA,13930,ORD,175,174,45,1,0
4,UA,14771,SFO,60,60,15,0,0
5,AA,10140,ABQ,178,170,59,7,1
5,AA,10257,ALB,31,30,21,1,0
5,AA,10279,AMA,4,4,3,0,0
5,AA,10299,ANC,31,31,12,0,0
5,AA,10397,ATL,234,223,78,10,1
5,AA,10423,AUS,314,297,120,16,1
5,AA,10431,AVL,27,27,6,0,0
5,AA,10529,BDL,90,89,26,1,0
5,AA,10561,BFL,31,30,16,1,0
5,AA,10599,BHM,4,4,2,0,0
5,AA,10693,BNA,269,261,94,7,1
5,AA,10713,BOI,62,61,16,1,0
5,AA,10721,BOS,242,238,79,2,2
5,AA,10792,BUF,55,54,27,1,0
5,AA,10800,BUR,62,62,26,0,0
5,AA,10821,BWI,90,88,32,1,1
5,AA,10849,BZN,31,30,6,1,0
5,AA,10868,CAE,62,58,26,4,0
5,AA,10994,CHS,115,110,42,5,0
5,AA,11003,CID,61,60,34,1,0
5,AA,11042,CLE,125,121,38,4,0
5,AA,11057,CLT,309,306,100,3,0
5,AA,11066,CMH,123,118,43,5,0
5,AA,11109,COS,92,87,29,4,1
5,AA,11193,CVG,148,143,42,3,2
5,AA,11278,DCA,310,297,85,8,5
5,AA,11292,DEN,275,264,119,9,2
5,AA,11423,DSM,93,89,26,4,0
5,AA,11433,DTW,175,169,64,6,0
5,AA,11481,ECP,85,80,33,5,0
5,AA,11503,EGE,31,30,18,0,1
5,AA,11540,ELP,214,208,96,6,0
5,AA,11603,EUG,31,31,4,0,0
5,AA,11618,EWR,124,113,54,7,4
5,AA,11624,EYW,31,31,7,0,0
5,AA,11638,FAT,145,142,48,3,0
5,AA,11697,FLL,185,178,56,7,0
5,AA,11775,FSD,54,53,23,1,0
5,AA,11884,GEG,58,58,25,0,0
5,AA,11986,GRR,89,83,25,5,1
5,AA,11995,GSO,62,60,34,2,0
5,AA,11996,GSP,62,62,29,0,0
5,AA,12173,HNL,35,35,13,0,0
5,AA,12217,HSV,4,4,3,0,0
5,AA,12264,IAD,61,59,23,2,0
5,AA,12266,IAH,220,210,100,10,0
5,AA,12339,IND,156,152,46,2,2
5,AA,12441,JAC,58,56,11,1,1
5,AA,12451,JAX,154,147,52,5,2
5,AA,12478,JFK,119,117,32,1,1
5,AA,12889,LAS,399,385,148,14,0
5,AA,12892,LAX,421,412,139,9,0
5,AA,12896,LBB,88,86,36,2,0
5,AA,12953,LGA,342,330,116,8,4
5,AA,12992,LIT,3,3,2,0,0
5,AA,13198,MCI,165,160,68,5,0
5,AA,13204,MCO,309,299,132,6,4
5,AA,13230,MDT,31,29,16,2,0
5,AA,13244,MEM,172,168,56,4,0
5,AA,13256,MFE,128,124,57,4,0
5,AA,13303,MIA,352,347,116,4,1
5,AA,13342,MKE,93,90,35,3,0
5,AA,13476,MRY,31,31,12,0,0
5,AA,13485,MSN,93,88,30,4,1
5,AA,13486,MSO,27,26,7,1,0
5,AA,13487,MSP,154,146,44,8,0
5,AA,13495,MSY,176,171,76,5,0
5,AA,13577,MYR,4,3,3,1,0
5,AA,13830,OGG,31,31,15,0,0
5,AA,13851,OKC,125,120,60,5,0
5,AA,13871,OMA,133,130,45,3,0
5,AA,13891,ONT,185,180,72,5,0
5,AA,13930,ORD,337,330,114,6,1
5,AA,13931,ORF,92,91,30,1,0
5,AA,14027,PBI,90,88,33,1,1
5,AA,14057,PDX,154,153,65,1,0
5,AA,14100,PHL,274,269,66,5,0
5,AA,14107,PHX,404,399,148,5,0
5,AA,14122,PIT,122,121,36,1,0
5,AA,14193,PNS,142,137,56,5,0
5,AA,14262,PSP,70,66,24,3,1
5,AA,14492,RDU,181,176,56,5,0
5,AA,14524,RIC,92,91,31,1,0
5,AA,14570,RNO,123,118,38,3,2
5,AA,14635,RSW,96,93,45,2,1
5,AA,14679,SAN,278,271,108,6,1
5,AA,14683,SAT,273,263,107,10,0
5,AA,14685,SAV,63,62,27,1,0
5,AA,14689,SBA,31,31,7,0,0
5,AA,14698,SBP,31,30,9,0,1
5,AA,14730,SDF,159,156,48,3,0
5,AA,14747,SEA,235,229,80,6,0
5,AA,14771,SFO,265,258,95,7,0
5,AA,14831,SJC,93,89,23,4,0
5,AA,14843,SJU,62,60,19,0,2
5,AA,14869,SLC,186,180,64,6,0
5,AA,14893,SMF,153,149,62,4,0
5,AA,14908,SNA,245,238,63,7,0
5,AA,14986,SRQ,31,30,8,1,0
5,AA,15016,STL,124,121,51,3,0
5,AA,15023,STS,27,27,5,0,0
5,AA,15024,STT,5,5,0,0,0
5,AA,15096,SYR,31,30,19,1,0
5,AA,15304,TPA,204,197,68,7,0
5,AA,15370,TUL,192,183,54,9,0
5,AA,15376,TUS,180,174,59,6,0
5,AA,15412,TYS,144,138,50,6,0
5,AA,15624,VPS,70,67,24,3,0
5,AA,15919,XNA,30,29,16,1,0
5,AS,14057,PDX,48,48,15,0,0
5,AS,14747,SEA,172,171,66,1,0
5,B6,10721,BOS,31,30,16,0,1
5,DL,10397,ATL,234,232,71,1,1
5,DL,10721,BOS,88,85,26,2,1
5,DL,11433,DTW,118,117,32,1,0
5,DL,12478,JFK,62,60,8,1,1
5,DL,12892,LAX,62,62,14,0,0
5,DL,12953,LGA,189,185,59,2,2
5,DL,13487,MSP,118,116,30,0,2
5,DL,14747,SEA,56,56,9,0,0
5,DL,14869,SLC,124,124,28,0,0
5,F9,10397,ATL,55,54,17,1,0
5,F9,10721,BOS,9,7,0,1,1
5,F9,10821,BWI,22,20,6,1,1
5,F9,11042,CLE,15,15,2,0,0
5,F9,11057,CLT,9,9,2,0,0
5,F9,11193,CVG,10,10,5,0,0
5,F9,11292,DEN,85,83,23,1,1
5,F9,11433,DTW,15,15,5,0,0
5,F9,12264,IAD,10,10,3,0,0
5,F9,12339,IND,9,8,0,1,0
5,F9,12451,JAX,3,3,0,0,0
5,F9,12478,JFK,22,22,5,0,0
5,F9,12889,LAS,71,69,13,2,0
5,F9,12892,LAX,31,31,11,0,0
5,F9,12953,LGA,31,29,10,2,0
5,F9,13204,MCO,54,53,18,1,0
5,F9,13232,MDW,20,20,9,0,0
5,F9,13303,MIA,13,13,8,0,0
5,F9,13487,MSP,3,3,0,0,0
5,F9,13891,ONT,29,29,7,0,0
5,F9,13930,ORD,22,22,5,0,0
5,F9,13931,ORF,3,3,1,0,0
5,F9,14100,PHL,20,20,9,0,0
5,F9,14107,PHX,40,39,13,1,0
5,F9,14492,RDU,13,13,1,0,0
5,F9,14679,SAN,22,22,8,0,0
5,F9,14747,SEA,9,9,3,0,0
5,F9,14771,SFO,22,22,10,0,0
5,F9,14869,SLC,10,10,2,0,0
5,F9,15304,TPA,17,17,8,0,0
5,MQ,10136,ABI,151,143,38,7,1
5,MQ,10140,ABQ,31,28,8,3,0
5,MQ,10208,AGS,4,3,0,1,0
5,MQ,10279,AMA,153,146,35,7,0
5,MQ,10408,ATW,31,31,11,0,0
5,MQ,10423,AUS,60,55,12,5,0
5,MQ,10431,AVL,31,30,10,1,0
5,MQ,10599,BHM,120,116,16,4,0
5,MQ,10620,BIL,62,62,17,0,0
5,MQ,10627,BIS,62,62,18,0,0
5,MQ,10685,BMI,62,62,13,0,0
5,MQ,10693,BNA,37,37,4,0,0
5,MQ,10747,BRO,70,68,16,2,0
5,MQ,10781,BTR,70,65,13,3,2
5,MQ,10868,CAE,1,1,0,0,0
5,MQ,10980,CHA,62,61,14,1,0
5,MQ,10994,CHS,4,4,1,0,0
5,MQ,11003,CID,31,30,5,1,0
5,MQ,11066,CMH,31,31,10,0,0
5,MQ,11067,CMI,62,62,13,0,0
5,MQ,11111,COU,62,61,12,1,0
5,MQ,11140,CRP,217,208,54,9,0
5,MQ,11267,DAY,4,4,1,0,0
5,MQ,11423,DSM,1,1,0,0,0
5,MQ,11433,DTW,5,5,0,0,0
5,MQ,11481,ECP,31,30,7,1,0
5,MQ,11540,ELP,60,58,7,2,0
5,MQ,11612,EVV,62,62,11,0,0
5,MQ,11637,FAR,93,91,16,2,0
5,MQ,11648,FCA,27,27,6,0,0
5,MQ,11775,FSD,39,38,4,1,0
5,MQ,11778,FSM,93,88,15,5,0
5,MQ,11823,FWA,89,87,19,2,0
5,MQ,11867,GCK,62,62,16,0,0
5,MQ,11921,GJT,35,35,9,0,0
5,MQ,11973,GPT,35,32,8,3,0
5,MQ,11982,GRK,93,90,26,3,0
5,MQ,11986,GRR,3,3,1,0,0
5,MQ,11995,GSO,31,30,1,1,0
5,MQ,11996,GSP,31,31,3,0,0
5,MQ,12191,HOU,42,39,18,3,0
5,MQ,12206,HRL,124,119,22,5,0
5,MQ,12217,HSV,64,61,12,2,1
5,MQ,12266,IAH,58,55,13,3,0
5,MQ,12278,ICT,65,60,15,5,0
5,MQ,12323,ILM,62,60,6,2,0
5,MQ,12896,LBB,128,121,25,7,0
5,MQ,12945,LEX,92,88,22,4,0
5,MQ,12951,LFT,8,8,2,0,0
5,MQ,12992,LIT,178,171,34,7,0
5,MQ,13061,LRD,147,137,33,10,0
5,MQ,13158,MAF,181,173,49,7,1
5,MQ,13198,MCI,46,44,7,2,0
5,MQ,13244,MEM,44,42,4,2,0
5,MQ,13256,MFE,58,55,6,3,0
5,MQ,13290,MHK,93,87,27,6,0
5,MQ,13367,MLI,62,61,14,0,1
5,MQ,13377,MLU,93,86,20,7,0
5,MQ,13486,MSO,4,4,1,0,0
5,MQ,13495,MSY,64,59,15,5,0
5,MQ,13502,MTJ,31,31,6,0,0
5,MQ,13577,MYR,54,53,9,1,0
5,MQ,13851,OKC,93,86,16,7,0
5,MQ,13871,OMA,27,26,3,1,0
5,MQ,14108,PIA,93,91,17,2,0
5,MQ,14122,PIT,1,1,0,0,0
5,MQ,14193,PNS,12,11,3,1,0
5,MQ,14457,RAP,89,82,20,5,2
5,MQ,14683,SAT,123,116,31,7,0
5,MQ,14685,SAV,56,54,13,1,1
5,MQ,14730,SDF,28,28,8,0,0
5,MQ,14783,SGF,247,241,55,5,1
5,MQ,14814,SHV,89,85,21,4,0
5,MQ,15016,STL,85,81,14,4,0
5,MQ,15249,TLH,62,60,16,2,0
5,MQ,15323,TRI,31,30,3,1,0
5,MQ,15370,TUL,8,8,4,0,0
5,MQ,15376,TUS,1,1,0,0,0
5,MQ,15624,VPS,76,73,14,3,0
5,MQ,15919,XNA,218,206,53,10,2
5,NK,10397,ATL,45,45,6,0,0
5,NK,10721,BOS,7,7,3,0,0
5,NK,10821,BWI,21,21,6,0,0
5,NK,11057,CLT,14,14,3,0,0
5,NK,11433,DTW,33,33,9,0,0
5,NK,11618,EWR,30,28,20,2,0
5,NK,11697,FLL,67,66,16,0,1
5,NK,12266,IAH,1,1,1,0,0
5,NK,12339,IND,7,7,2,0,0
5,NK,12889,LAS,79,79,25,0,0
5,NK,12892,LAX,64,64,8,0,0
5,NK,12953,LGA,31,30,11,0,1
5,NK,13204,MCO,49,49,15,0,0
5,NK,13303,MIA,31,31,7,0,0
5,NK,13495,MSY,18,18,13,0,0
5,NK,13930,ORD,11,11,4,0,0
5,NK,14107,PHX,10,10,2,0,0
5,NK,14193,PNS,18,18,3,0,0
5,NK,14492,RDU,7,7,2,0,0
5,NK,14730,SDF,7,7,1,0,0
5,NK,14831,SJC,20,20,3,0,0
5,NK,14843,SJU,31,31,10,0,0
5,NK,15304,TPA,21,21,5,0,0
5,OH,10208,AGS,27,26,4,1,0
5,OH,10599,BHM,58,54,24,4,0
5,OH,10781,BTR,116,104,39,12,0
5,OH,10980,CHA,62,60,15,2,0
5,OH,11267,DAY,119,116,35,3,0
5,OH,11953,GNV,31,29,9,2,0
5,OH,11973,GPT,27,25,11,2,0
5,OH,12191,HOU,54,44,17,10,0
5,OH,12217,HSV,116,108,44,7,1
5,OH,12278,ICT,118,110,39,8,0
5,OH,12448,JAN,66,64,8,2,0
5,OH,12951,LFT,58,54,19,4,0
5,OH,12992,LIT,66,58,28,8,0
5,OH,13277,MGM,62,59,19,3,0
5,OH,13422,MOB,93,82,27,10,1
5,OH,14814,SHV,62,58,33,4,0
5,OH,15249,TLH,31,31,7,0,0
5,OH,15370,TUL,61,56,9,5,0
5,OH,15624,VPS,4,4,1,0,0
5,OH,15919,XNA,58,54,9,4,0
5,OO,10155,ACT,93,86,18,7,0
5,OO,10185,AEX,93,90,16,3,0
5,OO,10279,AMA,81,79,11,2,0
5,OO,10372,ASE,4,4,2,0,0
5,OO,10423,AUS,54,52,4,2,0
5,OO,10599,BHM,30,29,16,1,0
5,OO,10728,BPT,62,55,13,6,1
5,OO,10747,BRO,76,71,18,5,0
5,OO,11049,CLL,93,87,21,5,1
5,OO,11109,COS,89,88,20,1,0
5,OO,11111,COU,31,30,8,1,0
5,OO,11193,CVG,4,4,2,0,0
5,OO,11292,DEN,3,3,2,0,0
5,OO,11413,DRO,89,86,26,2,1
5,OO,11612,EVV,4,4,2,0,0
5,OO,11695,FLG,32,30,9,2,0
5,OO,11905,GGG,62,58,15,4,0
5,OO,11921,GJT,54,52,14,2,0
5,OO,11973,GPT,31,30,1,1,0
5,OO,11980,GRI,62,58,12,4,0
5,OO,11982,GRK,62,57,9,5,0
5,OO,12007,GTR,27,26,4,1,0
5,OO,12191,HOU,62,58,9,4,0
5,OO,12206,HRL,30,27,11,3,0
5,OO,12266,IAH,34,32,7,2,0
5,OO,12278,ICT,35,35,5,0,0
5,OO,12280,IDA,58,57,15,1,0
5,OO,12448,JAN,111,98,24,11,2
5,OO,12891,LAW,93,86,17,7,0
5,OO,12896,LBB,27,27,4,0,0
5,OO,12915,LCH,93,83,15,7,3
5,OO,12951,LFT,89,86,16,3,0
5,OO,13158,MAF,66,64,9,2,0
5,OO,13198,MCI,4,4,1,0,0
5,OO,13256,MFE,34,32,10,2,0
5,OO,13277,MGM,31,31,7,0,0
5,OO,13851,OKC,58,58,11,0,0
5,OO,13871,OMA,4,4,1,0,0
5,OO,13930,ORD,2,2,0,0,0
5,OO,14314,PVU,93,89,35,3,1
5,OO,14588,ROW,66,65,14,1,0
5,OO,14674,SAF,155,149,39,5,1
5,OO,14683,SAT,3,3,1,0,0
5,OO,14696,SBN,93,88,12,2,3
5,OO,14794,SGU,31,31,8,0,0
5,OO,14814,SHV,31,30,5,1,0
5,OO,14842,SJT,93,88,18,5,0
5,OO,14960,SPS,62,59,14,3,0
5,OO,15016,STL,4,4,0,0,0
5,OO,15074,SWO,62,57,5,5,0
5,OO,15401,TXK,62,58,7,4,0
5,OO,15411,TYR,93,87,18,6,0
5,OO,15919,XNA,1,1,1,0,0
5,OO,16218,YUM,31,31,13,0,0
5,UA,11292,DEN,174,171,62,1,2
5,UA,11618,EWR,101,94,41,5,2
5,UA,12264,IAD,86,84,20,2,0
5,UA,12266,IAH,191,185,55,6,0
5,UA,13930,ORD,178,177,56,0,1
5,UA,14771,SFO,77,77,15,0,0
6,AA,10140,ABQ,154,147,71,6,1
6,AA,10257,ALB,30,29,16,1,0
6,AA,10279,AMA,26,24,15,1,1
6,AA,10299,ANC,57,57,31,0,0
6,AA,10397,ATL,230,219,95,9,2
6,AA,10423,AUS,262,253,110,9,0
6,AA,10431,AVL,30,28,13,2,0
6,AA,10529,BDL,84,81,35,2,1
6,AA,10561,BFL,30,30,22,0,0
6,AA,10599,BHM,1,1,1,0,0
6,AA,10693,BNA,272,260,137,11,1
6,AA,10713,BOI,85,83,30,2,0
6,AA,10721,BOS,236,228,96,8,0
6,AA,10792,BUF,53,52,29,1,0
6,AA,10800,BUR,60,60,25,0,0
6,AA,10821,BWI,90,87,40,3,0
6,AA,10849,BZN,86,84,29,2,0
6,AA,10868,CAE,8,8,2,0,0
6,AA,10994,CHS,90,88,30,2,0
6,AA,11003,CID,7,7,4,0,0
6,AA,11042,CLE,143,140,56,3,0
6,AA,11057,CLT,300,288,107,10,2
6,AA,11066,CMH,116,109,39,6,1
6,AA,11109,COS,116,112,51,4,0
6,AA,11193,CVG,122,117,47,5,0
6,AA,11278,DCA,273,253,90,18,2
6,AA,11292,DEN,269,260,122,7,2
6,AA,11413,DRO,4,4,2,0,0
6,AA,11423,DSM,64,62,37,1,1
6,AA,11433,DTW,153,148,45,5,0
6,AA,11481,ECP,53,50,26,3,0
6,AA,11503,EGE,82,78,26,3,1
6,AA,11540,ELP,146,141,77,4,1
6,AA,11603,EUG,30,30,9,0,0
6,AA,11618,EWR,119,114,51,4,1
6,AA,11624,EYW,30,28,9,2,0
6,AA,11638,FAT,149,144,73,4,1
6,AA,11648,FCA,56,55,18,1,0
6,AA,11697,FLL,175,167,78,7,1
6,AA,11775,FSD,56,54,28,2,0
6,AA,11884,GEG,60,60,19,0,0
6,AA,11986,GRR,116,113,40,3,0
6,AA,11995,GSO,60,57,29,2,1
6,AA,11996,GSP,60,59,42,1,0
6,AA,12173,HNL,30,29,17,0,1
6,AA,12217,HSV,26,24,7,2,0
6,AA,12264,IAD,78,77,33,1,0
6,AA,12266,IAH,183,176,94,7,0
6,AA,12278,ICT,27,26,20,1,0
6,AA,12323,ILM,11,11,4,0,0
6,AA,12339,IND,161,155,70,6,0
6,AA,12441,JAC,94,90,29,3,1
6,AA,12451,JAX,176,170,91,6,0
6,AA,12478,JFK,119,119,45,0,0
6,AA,12889,LAS,327,314,150,11,2
6,AA,12892,LAX,403,398,171,5,0
6,AA,12896,LBB,37,33,23,3,1
6,AA,12953,LGA,357,339,157,14,4
6,AA,12992,LIT,33,32,17,1,0
6,AA,13198,MCI,176,170,108,6,0
6,AA,13204,MCO,299,290,154,9,0
6,AA,13230,MDT,30,30,24,0,0
6,AA,13244,MEM,105,100,41,5,0
6,AA,13256,MFE,69,66,36,3,0
6,AA,13303,MIA,357,348,122,8,1
6,AA,13342,MKE,90,88,44,2,0
6,AA,13476,MRY,30,30,10,0,0
6,AA,13485,MSN,90,86,43,3,1
6,AA,13486,MSO,56,56,30,0,0
6,AA,13487,MSP,150,144,58,5,1
6,AA,13495,MSY,170,159,71,10,1
6,AA,13502,MTJ,52,52,18,0,0
6,AA,13577,MYR,33,32,19,1,0
6,AA,13830,OGG,30,30,10,0,0
6,AA,13851,OKC,115,110,62,4,1
6,AA,13871,OMA,143,137,68,6,0
6,AA,13891,ONT,196,190,89,6,0
6,AA,13930,ORD,382,367,123,14,1
6,AA,13931,ORF,90,88,50,1,1
6,AA,14027,PBI,90,89,48,1,0
6,AA,14057,PDX,166,164,77,2,0
6,AA,14100,PHL,269,254,89,14,1
6,AA,14107,PHX,404,396,151,8,0
6,AA,14122,PIT,142,140,57,1,1
6,AA,14193,PNS,86,81,36,5,0
6,AA,14262,PSP,60,60,23,0,0
6,AA,14321,PWM,29,29,10,0,0
6,AA,14489,RDM,26,26,11,0,0
6,AA,14492,RDU,180,175,76,5,0
6,AA,14524,RIC,90,87,40,2,1
6,AA,14570,RNO,119,118,45,1,0
6,AA,14635,RSW,141,137,61,3,1
6,AA,14679,SAN,296,283,122,13,0
6,AA,14683,SAT,265,254,113,10,1
6,AA,14685,SAV,86,85,41,1,0
6,AA,14689,SBA,30,29,10,1,0
6,AA,14698,SBP,30,30,8,0,0
6,AA,14730,SDF,67,65,35,2,0
6,AA,14747,SEA,254,243,98,11,0
6,AA,14771,SFO,283,275,119,7,1
6,AA,14831,SJC,106,104,38,2,0
6,AA,14843,SJU,60,60,29,0,0
6,AA,14869,SLC,188,181,78,6,1
6,AA,14893,SMF,162,159,76,3,0
6,AA,14908,SNA,257,246,77,10,1
6,AA,14986,SRQ,35,34,17,0,1
6,AA,15016,STL,149,144,52,5,0
6,AA,15023,STS,30,29,9,1,0
6,AA,15024,STT,30,30,11,0,0
6,AA,15096,SYR,30,30,26,0,0
6,AA,15304,TPA,208,200,85,7,1
6,AA,15370,TUL,156,150,70,5,1
6,AA,15376,TUS,176,168,68,8,0
6,AA,15380,TVC,26,26,6,0,0
6,AA,15412,TYS,96,95,49,0,1
6,AA,15624,VPS,125,121,48,4,0
6,AA,15919,XNA,56,52,16,3,1
6,AS,14057,PDX,60,60,31,0,0
6,AS,14747,SEA,177,176,78,1,0
6,B6,10721,BOS,30,30,14,0,0
6,DL,10397,ATL,226,218,63,6,2
6,DL,10721,BOS,86,86,20,0,0
6,DL,11433,DTW,114,112,29,2,0
6,DL,12478,JFK,60,59,13,0,1
6,DL,12892,LAX,60,60,7,0,0
6,DL,12953,LGA,189,180,65,8,1
6,DL,13487,MSP,114,114,32,0,0
6,DL,14747,SEA,56,56,8,0,0
6,DL,14869,SLC,120,120,24,0,0
6,F9,10397,ATL,60,58,33,1,1
6,F9,10721,BOS,8,8,0,0,0
6,F9,10821,BWI,27,26,14,1,0
6,F9,11042,CLE,18,18,4,0,0
6,F9,11057,CLT,9,8,1,1,0
6,F9,11193,CVG,10,9,1,1,0
6,F9,11292,DEN,71,68,22,3,0
6,F9,11433,DTW,21,21,1,0,0
6,F9,12264,IAD,21,21,3,0,0
6,F9,12339,IND,9,9,1,0,0
6,F9,12451,JAX,9,9,2,0,0
6,F9,12478,JFK,28,27,5,1,0
6,F9,12889,LAS,53,50,6,3,0
6,F9,12892,LAX,30,30,8,0,0
6,F9,12953,LGA,28,26,11,2,0
6,F9,13204,MCO,52,50,15,2,0
6,F9,13232,MDW,26,26,7,0,0
6,F9,13303,MIA,9,9,0,0,0
6,F9,13487,MSP,9,9,2,0,0
6,F9,13891,ONT,23,21,8,2,0
6,F9,13930,ORD,35,33,17,2,0
6,F9,13931,ORF,9,9,1,0,0
6,F9,14100,PHL,18,17,12,0,1
6,F9,14107,PHX,24,24,10,0,0
6,F9,14492,RDU,10,10,2,0,0
6,F9,14679,SAN,30,29,21,1,0
6,F9,14747,SEA,9,9,1,0,0
6,F9,14771,SFO,19,18,8,1,0
6,F9,14869,SLC,11,11,2,0,0
6,F9,15016,STL,6,6,1,0,0
6,F9,15304,TPA,13,12,7,1,0
6,MQ,10136,ABI,146,142,48,3,1
6,MQ,10140,ABQ,78,76,23,2,0
6,MQ,10155,ACT,54,52,23,2,0
6,MQ,10185,AEX,4,4,0,0,0
6,MQ,10279,AMA,180,174,41,4,2
6,MQ,10397,ATL,26,26,8,0,0
6,MQ,10408,ATW,30,30,7,0,0
6,MQ,10423,AUS,138,130,42,6,2
6,MQ,10431,AVL,34,34,14,0,0
6,MQ,10599,BHM,95,92,19,2,1
6,MQ,10620,BIL,60,60,20,0,0
6,MQ,10627,BIS,60,60,23,0,0
6,MQ,10685,BMI,60,59,7,1,0
6,MQ,10693,BNA,29,29,4,0,0
6,MQ,10713,BOI,1,1,1,0,0
6,MQ,10747,BRO,90,89,28,0,1
6,MQ,10781,BTR,30,28,5,2,0
6,MQ,10792,BUF,1,1,0,0,0
6,MQ,10868,CAE,26,24,9,1,1
6,MQ,10980,CHA,56,56,15,0,0
6,MQ,10994,CHS,1,1,1,0,0
6,MQ,11003,CID,83,83,19,0,0
6,MQ,11049,CLL,78,77,19,1,0
6,MQ,11066,CMH,30,30,11,0,0
6,MQ,11067,CMI,60,59,17,1,0
6,MQ,11111,COU,60,60,19,0,0
6,MQ,11140,CRP,198,194,45,3,1
6,MQ,11423,DSM,52,51,10,1,0
6,MQ,11433,DTW,5,5,0,0,0
6,MQ,11481,ECP,74,73,28,1,0
6,MQ,11540,ELP,71,69,21,2,0
6,MQ,11612,EVV,86,82,27,3,1
6,MQ,11637,FAR,90,90,15,0,0
6,MQ,11648,FCA,4,4,0,0,0
6,MQ,11775,FSD,26,26,7,0,0
6,MQ,11778,FSM,106,103,36,2,1
6,MQ,11823,FWA,64,63,18,0,1
6,MQ,11867,GCK,60,57,15,2,1
6,MQ,11905,GGG,52,51,17,1,0
6,MQ,11921,GJT,4,4,2,0,0
6,MQ,11953,GNV,52,52,16,0,0
6,MQ,11973,GPT,78,76,18,2,0
6,MQ,11982,GRK,131,124,43,7,0
6,MQ,11995,GSO,30,30,4,0,0
6,MQ,11996,GSP,30,29,10,1,0
6,MQ,12191,HOU,134,124,33,8,2
6,MQ,12206,HRL,120,118,31,2,0
6,MQ,12217,HSV,116,115,27,1,0
6,MQ,12266,IAH,111,100,26,7,4
6,MQ,12278,ICT,81,75,21,5,1
6,MQ,12323,ILM,56,56,11,0,0
6,MQ,12339,IND,4,4,0,0,0
6,MQ,12448,JAN,78,77,30,1,0
6,MQ,12896,LBB,137,135,29,2,0
6,MQ,12945,LEX,64,64,21,0,0
6,MQ,12951,LFT,48,48,13,0,0
6,MQ,12992,LIT,165,161,53,4,0
6,MQ,13061,LRD,123,120,37,3,0
6,MQ,13158,MAF,202,197,75,4,1
6,MQ,13198,MCI,32,32,5,0,0
6,MQ,13204,MCO,26,26,5,0,0
6,MQ,13244,MEM,124,118,44,6,0
6,MQ,13256,MFE,130,127,27,3,0
6,MQ,13277,MGM,26,26,3,0,0
6,MQ,13290,MHK,11,11,1,0,0
6,MQ,13367,MLI,60,60,15,0,0
6,MQ,13377,MLU,90,89,20,1,0
6,MQ,13422,MOB,26,24,16,2,0
6,MQ,13495,MSY,54,50,13,1,3
6,MQ,13502,MTJ,4,4,0,0,0
6,MQ,13577,MYR,8,8,1,0,0
6,MQ,13851,OKC,171,166,60,5,0
6,MQ,13871,OMA,4,4,0,0,0
6,MQ,13930,ORD,26,26,13,0,0
6,MQ,13931,ORF,8,8,1,0,0
6,MQ,14108,PIA,12,12,3,0,0
6,MQ,14122,PIT,5,5,2,0,0
6,MQ,14193,PNS,16,16,3,0,0
6,MQ,14457,RAP,120,118,30,1,1
6,MQ,14683,SAT,98,95,23,3,0
6,MQ,14685,SAV,34,34,4,0,0
6,MQ,14730,SDF,52,52,15,0,0
6,MQ,14783,SGF,257,250,81,6,1
6,MQ,14814,SHV,64,63,15,1,0
6,MQ,15016,STL,38,38,9,0,0
6,MQ,15249,TLH,8,8,3,0,0
6,MQ,15304,TPA,26,25,11,1,0
6,MQ,15323,TRI,57,57,25,0,0
6,MQ,15370,TUL,73,72,21,1,0
6,MQ,15380,TVC,8,8,3,0,0
6,MQ,15401,TXK,52,49,17,3,0
6,MQ,15411,TYR,78,76,23,2,0
6,MQ,15624,VPS,15,15,3,0,0
6,MQ,15919,XNA,207,203,53,3,1
6,NK,10397,ATL,35,34,12,1,0
6,NK,10721,BOS,11,11,6,0,0
6,NK,10821,BWI,27,26,13,1,0
6,NK,11057,CLT,22,22,3,0,0
6,NK,11433,DTW,39,38,9,1,0
6,NK,11618,EWR,30,29,13,1,0
6,NK,11697,FLL,59,58,17,1,0
6,NK,12339,IND,9,9,3,0,0
6,NK,12889,LAS,71,69,25,2,0
6,NK,12892,LAX,60,60,16,0,0
6,NK,12953,LGA,30,30,12,0,0
6,NK,13204,MCO,55,54,19,1,0
6,NK,13303,MIA,30,30,5,0,0
6,NK,13495,MSY,18,16,5,2,0
6,NK,13930,ORD,18,18,7,0,0
6,NK,14107,PHX,9,9,3,0,0
6,NK,14193,PNS,22,22,5,0,0
6,NK,14492,RDU,9,9,1,0,0
6,NK,14730,SDF,9,9,4,0,0
6,NK,14831,SJC,25,25,3,0,0
6,NK,14843,SJU,39,39,12,0,0
6,NK,15304,TPA,24,23,4,1,0
6,OH,10208,AGS,30,30,13,0,0
6,OH,10423,AUS,4,4,3,0,0
6,OH,10599,BHM,106,99,57,7,0
6,OH,10693,BNA,4,3,1,1,0
6,OH,10781,BTR,127,121,46,5,1
6,OH,10792,BUF,4,3,3,1,0
6,OH,10868,CAE,52,50,31,2,0
6,OH,10980,CHA,64,61,27,3,0
6,OH,10994,CHS,51,51,30,0,0
6,OH,11003,CID,26,25,11,1,0
6,OH,11042,CLE,4,4,3,0,0
6,OH,11066,CMH,4,3,2,1,0
6,OH,11111,COU,4,4,2,0,0
6,OH,11193,CVG,26,24,12,2,0
6,OH,11267,DAY,119,116,44,3,0
6,OH,11481,ECP,49,40,18,9,0
6,OH,11823,FWA,26,25,9,1,0
6,OH,11953,GNV,4,4,2,0,0
6,OH,11973,GPT,7,7,2,0,0
6,OH,11996,GSP,26,26,8,0,0
6,OH,12191,HOU,8,8,3,0,0
6,OH,12217,HSV,49,44,18,4,1
6,OH,12266,IAH,1,1,0,0,0
6,OH,12278,ICT,123,109,47,14,0
6,OH,12448,JAN,69,67,19,1,1
6,OH,12891,LAW,78,73,32,3,2
6,OH,12945,LEX,52,50,20,2,0
6,OH,12951,LFT,38,35,17,2,1
6,OH,12992,LIT,8,8,1,0,0
6,OH,13198,MCI,23,20,5,2,1
6,OH,13244,MEM,4,4,3,0,0
6,OH,13277,MGM,30,29,12,1,0
6,OH,13422,MOB,64,58,15,6,0
6,OH,13495,MSY,8,6,2,2,0
6,OH,13577,MYR,26,22,17,4,0
6,OH,13851,OKC,2,2,1,0,0
6,OH,13871,OMA,4,4,2,0,0
6,OH,14108,PIA,78,74,35,4,0
6,OH,14193,PNS,100,90,43,9,1
6,OH,14674,SAF,4,3,2,1,0
6,OH,14696,SBN,4,4,2,0,0
6,OH,14730,SDF,59,53,31,6,0
6,OH,14814,SHV,34,32,10,2,0
6,OH,15249,TLH,56,54,34,2,0
6,OH,15370,TUL,39,34,15,5,0
6,OH,15412,TYS,56,55,23,1,0
6,OH,15919,XNA,29,29,11,0,0
6,OO,10140,ABQ,4,4,2,0,0
6,OO,10155,ACT,36,34,8,2,0
6,OO,10185,AEX,86,85,20,1,0
6,OO,10279,AMA,18,17,3,1,0
6,OO,10372,ASE,104,86,25,3,15
6,OO,10423,AUS,34,34,8,0,0
6,OO,10599,BHM,4,4,1,0,0
6,OO,10693,BNA,4,3,1,0,1
6,OO,10728,BPT,60,60,11,0,0
6,OO,10747,BRO,33,31,10,2,0
6,OO,10781,BTR,26,25,11,1,0
6,OO,10980,CHA,26,26,15,0,0
6,OO,11049,CLL,12,11,1,1,0
6,OO,11109,COS,64,63,25,1,0
6,OO,11111,COU,26,26,7,0,0
6,OO,11140,CRP,4,4,3,0,0
6,OO,11413,DRO,116,113,33,3,0
6,OO,11695,FLG,30,29,10,1,0
6,OO,11775,FSD,8,8,1,0,0
6,OO,11905,GGG,8,8,2,0,0
6,OO,11921,GJT,86,83,24,3,0
6,OO,11973,GPT,4,4,0,0,0
6,OO,11980,GRI,60,58,15,2,0
6,OO,11982,GRK,8,8,1,0,0
6,OO,12007,GTR,30,29,8,0,1
6,OO,12191,HOU,56,52,24,4,0
6,OO,12206,HRL,4,4,1,0,0
6,OO,12217,HSV,1,1,1,0,0
6,OO,12266,IAH,4,4,0,0,0
6,OO,12278,ICT,4,4,0,0,0
6,OO,12280,IDA,60,57,19,2,1
6,OO,12448,JAN,36,35,18,1,0
6,OO,12891,LAW,12,12,4,0,0
6,OO,12896,LBB,57,54,14,2,1
6,OO,12915,LCH,90,88,26,2,0
6,OO,12951,LFT,60,58,15,2,0
6,OO,12992,LIT,26,25,15,1,0
6,OO,13061,LRD,26,25,7,1,0
6,OO,13158,MAF,57,57,17,0,0
6,OO,13256,MFE,4,4,2,0,0
6,OO,13277,MGM,34,32,14,2,0
6,OO,13290,MHK,79,75,22,3,1
6,OO,13851,OKC,8,7,2,1,0
6,OO,13871,OMA,1,1,0,0,0
6,OO,14314,PVU,90,88,33,1,1
6,OO,14588,ROW,86,83,31,3,0
6,OO,14674,SAF,150,145,46,4,1
6,OO,14683,SAT,26,25,14,1,0
6,OO,14696,SBN,86,86,28,0,0
6,OO,14794,SGU,56,55,19,1,0
6,OO,14814,SHV,109,103,51,6,0
6,OO,14842,SJT,90,89,32,1,0
6,OO,14960,SPS,60,56,25,4,0
6,OO,15016,STL,27,27,13,0,0
6,OO,15074,SWO,60,57,16,3,0
6,OO,15249,TLH,26,25,3,1,0
6,OO,15370,TUL,26,26,4,0,0
6,OO,15401,TXK,8,8,3,0,0
6,OO,15411,TYR,12,11,1,1,0
6,OO,16218,YUM,30,26,7,4,0
6,UA,11292,DEN,190,186,81,2,2
6,UA,11618,EWR,114,110,32,2,2
6,UA,12264,IAD,88,85,17,1,2
6,UA,12266,IAH,159,154,61,4,1
6,UA,13930,ORD,175,174,45,0,1
6,UA,14771,SFO,60,60,20,0,0
6,YX,11618,EWR,2,2,2,0,0
7,AA,10140,ABQ,154,147,76,6,1
7,AA,10257,ALB,31,29,18,2,0
7,AA,10279,AMA,29,29,17,0,0
7,AA,10299,ANC,62,60,24,0,2
7,AA,10397,ATL,233,221,84,8,4
7,AA,10423,AUS,232,221,97,9,2
7,AA,10431,AVL,31,30,16,0,1
7,AA,10529,BDL,82,77,41,3,2
7,AA,10561,BFL,31,30,20,1,0
7,AA,10599,BHM,1,1,1,0,0
7,AA,10693,BNA,279,265,145,13,1
7,AA,10713,BOI,92,90,24,2,0
7,AA,10721,BOS,241,232,104,9,0
7,AA,10792,BUF,57,56,25,1,0
7,AA,10800,BUR,62,61,20,1,0
7,AA,10821,BWI,91,85,34,4,2
7,AA,10849,BZN,96,95,26,1,0
7,AA,10994,CHS,86,82,33,3,1
7,AA,11003,CID,1,1,1,0,0
7,AA,11042,CLE,149,143,45,5,1
7,AA,11057,CLT,309,302,118,6,1
7,AA,11066,CMH,114,111,43,3,0
7,AA,11109,COS,123,117,61,6,0
7,AA,11193,CVG,122,117,50,4,1
7,AA,11278,DCA,278,255,96,19,4
7,AA,11292,DEN,276,264,144,10,2
7,AA,11413,DRO,4,4,1,0,0
7,AA,11423,DSM,66,59,34,6,1
7,AA,11433,DTW,149,147,54,2,0
7,AA,11481,ECP,42,41,25,1,0
7,AA,11503,EGE,93,91,34,1,1
7,AA,11540,ELP,146,139,66,6,1
7,AA,11603,EUG,31,31,8,0,0
7,AA,11618,EWR,120,110,49,8,2
7,AA,11624,EYW,31,31,13,0,0
7,AA,11638,FAT,152,149,83,3,0
7,AA,11648,FCA,65,65,19,0,0
7,AA,11697,FLL,183,175,74,8,0
7,AA,11775,FSD,57,57,30,0,0
7,AA,11884,GEG,63,60,21,3,0
7,AA,11986,GRR,121,118,39,3,0
7,AA,11995,GSO,61,57,35,3,1
7,AA,11996,GSP,61,60,38,1,0
7,AA,12173,HNL,31,30,17,1,0
7,AA,12217,HSV,30,27,13,3,0
7,AA,12264,IAD,82,75,35,6,1
7,AA,12266,IAH,183,175,74,8,0
7,AA,12278,ICT,31,29,17,2,0
7,AA,12323,ILM,14,13,3,1,0
7,AA,12339,IND,170,162,80,6,2
7,AA,12441,JAC,100,98,27,2,0
7,AA,12451,JAX,182,174,90,8,0
7,AA,12478,JFK,124,115,39,7,2
7,AA,12889,LAS,320,303,142,12,5
7,AA,12892,LAX,407,400,183,6,1
7,AA,12896,LBB,31,29,21,2,0
7,AA,12953,LGA,373,334,132,29,10
7,AA,12992,LIT,58,55,23,3,0
7,AA,13198,MCI,182,173,102,8,1
7,AA,13204,MCO,307,292,171,10,5
7,AA,13230,MDT,31,29,24,2,0
7,AA,13244,MEM,97,95,47,2,0
7,AA,13256,MFE,36,36,16,0,0
7,AA,13303,MIA,366,349,153,11,6
7,AA,13342,MKE,91,88,47,3,0
7,AA,13476,MRY,31,31,2,0,0
7,AA,13485,MSN,91,89,32,2,0
7,AA,13486,MSO,62,60,18,2,0
7,AA,13487,MSP,152,150,61,2,0
7,AA,13495,MSY,181,174,100,7,0
7,AA,13502,MTJ,62,60,19,2,0
7,AA,13577,MYR,40,39,21,1,0
7,AA,13830,OGG,31,30,13,1,0
7,AA,13851,OKC,120,115,57,4,1
7,AA,13871,OMA,149,142,61,7,0
7,AA,13891,ONT,198,193,104,5,0
7,AA,13930,ORD,397,373,152,23,1
7,AA,13931,ORF,91,86,47,3,2
7,AA,14027,PBI,91,86,44,5,0
7,AA,14057,PDX,169,165,61,4,0
7,AA,14100,PHL,275,248,94,24,3
7,AA,14107,PHX,385,375,153,10,0
7,AA,14122,PIT,148,145,56,3,0
7,AA,14193,PNS,93,92,39,1,0
7,AA,14262,PSP,62,60,36,2,0
7,AA,14321,PWM,37,37,12,0,0
7,AA,14489,RDM,31,31,6,0,0
7,AA,14492,RDU,183,175,82,6,2
7,AA,14524,RIC,91,84,37,4,3
7,AA,14570,RNO,121,117,48,3,1
7,AA,14635,RSW,153,148,71,4,1
7,AA,14679,SAN,305,296,140,9,0
7,AA,14683,SAT,275,263,118,12,0
7,AA,14685,SAV,91,87,51,4,0
7,AA,14689,SBA,31,30,9,0,1
7,AA,14698,SBP,31,30,7,1,0
7,AA,14730,SDF,57,55,32,1,1
7,AA,14747,SEA,259,256,94,3,0
7,AA,14771,SFO,290,283,135,7,0
7,AA,14831,SJC,108,103,44,4,1
7,AA,14843,SJU,60,60,30,0,0
7,AA,14869,SLC,193,187,101,5,1
7,AA,14893,SMF,164,160,71,4,0
7,AA,14908,SNA,262,253,80,8,1
7,AA,14986,SRQ,35,35,25,0,0
7,AA,15016,STL,155,150,62,5,0
7,AA,15023,STS,31,31,12,0,0
7,AA,15024,STT,34,34,10,0,0
7,AA,15096,SYR,31,30,13,1,0
7,AA,15304,TPA,213,205,106,8,0
7,AA,15370,TUL,152,147,76,5,0
7,AA,15376,TUS,159,152,73,6,1
7,AA,15380,TVC,31,31,10,0,0
7,AA,15412,TYS,92,89,44,3,0
7,AA,15624,VPS,134,127,54,7,0
7,AA,15919,XNA,31,27,9,3,1
7,AS,14057,PDX,60,58,30,2,0
7,AS,14747,SEA,181,175,82,5,1
7,B6,10721,BOS,31,29,18,1,1
7,DL,10397,ATL,232,227,41,5,0
7,DL,10721,BOS,88,86,23,2,0
7,DL,11433,DTW,116,114,32,1,1
7,DL,12478,JFK,62,57,10,2,3
7,DL,12892,LAX,62,61,12,1,0
7,DL,12953,LGA,196,181,48,11,4
7,DL,13487,MSP,116,114,23,2,0
7,DL,14747,SEA,58,58,6,0,0
7,DL,14869,SLC,124,120,32,4,0
7,F9,10397,ATL,62,56,32,6,0
7,F9,10821,BWI,22,20,12,2,0
7,F9,11042,CLE,17,17,3,0,0
7,F9,11057,CLT,12,12,2,0,0
7,F9,11193,CVG,10,8,4,2,0
7,F9,11292,DEN,71,65,16,6,0
7,F9,11433,DTW,19,18,1,1,0
7,F9,12264,IAD,11,11,0,0,0
7,F9,12339,IND,8,8,1,0,0
7,F9,12451,JAX,8,8,4,0,0
7,F9,12478,JFK,31,30,9,1,0
7,F9,12889,LAS,52,49,10,3,0
7,F9,12892,LAX,31,31,11,0,0
7,F9,12953,LGA,29,26,10,2,1
7,F9,13204,MCO,49,48,13,0,1
7,F9,13232,MDW,31,31,8,0,0
7,F9,13303,MIA,13,13,6,0,0
7,F9,13487,MSP,12,12,2,0,0
7,F9,13891,ONT,26,23,4,3,0
7,F9,13930,ORD,26,24,9,2,0
7,F9,13931,ORF,9,9,1,0,0
7,F9,14100,PHL,17,15,9,2,0
7,F9,14107,PHX,26,26,8,0,0
7,F9,14492,RDU,16,14,3,1,1
7,F9,14679,SAN,31,29,14,2,0
7,F9,14747,SEA,8,8,2,0,0
7,F9,14771,SFO,17,17,7,0,0
7,F9,14869,SLC,12,12,7,0,0
7,F9,15016,STL,4,4,0,0,0
7,F9,15304,TPA,4,4,2,0,0
7,MQ,10136,ABI,149,145,40,4,0
7,MQ,10140,ABQ,91,91,13,0,0
7,MQ,10155,ACT,61,59,18,2,0
7,MQ,10185,AEX,27,27,3,0,0
7,MQ,10279,AMA,187,182,37,4,1
7,MQ,10397,ATL,31,30,4,0,1
7,MQ,10408,ATW,33,33,9,0,0
7,MQ,10423,AUS,156,147,34,8,1
7,MQ,10431,AVL,35,34,8,1,0
7,MQ,10599,BHM,91,89,21,2,0
7,MQ,10620,BIL,62,61,22,0,1
7,MQ,10627,BIS,62,62,19,0,0
7,MQ,10685,BMI,62,60,11,1,1
7,MQ,10693,BNA,35,35,4,0,0
7,MQ,10747,BRO,94,92,18,1,1
7,MQ,10781,BTR,27,26,4,0,1
7,MQ,10868,CAE,28,27,8,0,1
7,MQ,10980,CHA,58,57,11,1,0
7,MQ,11003,CID,91,88,24,2,1
7,MQ,11049,CLL,93,90,19,3,0
7,MQ,11066,CMH,35,35,18,0,0
7,MQ,11067,CMI,62,62,14,0,0
7,MQ,11111,COU,61,60,15,1,0
7,MQ,11140,CRP,203,199,40,4,0
7,MQ,11423,DSM,52,52,9,0,0
7,MQ,11433,DTW,4,4,0,0,0
7,MQ,11481,ECP,94,93,25,1,0
7,MQ,11540,ELP,73,71,22,1,1
7,MQ,11612,EVV,91,89,25,2,0
7,MQ,11637,FAR,91,91,14,0,0
7,MQ,11775,FSD,27,27,7,0,0
7,MQ,11778,FSM,108,104,27,4,0
7,MQ,11823,FWA,61,60,19,0,1
7,MQ,11867,GCK,62,60,15,2,0
7,MQ,11905,GGG,62,59,23,2,1
7,MQ,11953,GNV,62,61,19,0,1
7,MQ,11973,GPT,88,84,18,4,0
7,MQ,11982,GRK,139,134,38,4,1
7,MQ,11995,GSO,31,31,5,0,0
7,MQ,11996,GSP,29,29,13,0,0
7,MQ,12191,HOU,154,148,28,6,0
7,MQ,12206,HRL,122,120,25,2,0
7,MQ,12217,HSV,129,127,22,2,0
7,MQ,12266,IAH,124,116,18,7,1
7,MQ,12278,ICT,88,87,18,1,0
7,MQ,12323,ILM,57,57,16,0,0
7,MQ,12339,IND,4,4,0,0,0
7,MQ,12448,JAN,96,92,30,3,1
7,MQ,12896,LBB,115,115,19,0,0
7,MQ,12945,LEX,60,60,21,0,0
7,MQ,12951,LFT,84,80,20,4,0
7,MQ,12992,LIT,147,143,48,2,2
7,MQ,13061,LRD,121,117,24,4,0
7,MQ,13158,MAF,211,204,64,6,1
7,MQ,13198,MCI,31,31,3,0,0
7,MQ,13204,MCO,31,31,5,0,0
7,MQ,13244,MEM,138,134,47,4,0
7,MQ,13256,MFE,169,167,36,2,0
7,MQ,13277,MGM,31,30,7,1,0
7,MQ,13367,MLI,62,61,16,1,0
7,MQ,13377,MLU,91,88,24,3,0
7,MQ,13422,MOB,30,29,9,1,0
7,MQ,13485,MSN,1,1,0,0,0
7,MQ,13495,MSY,47,46,12,0,1
7,MQ,13851,OKC,186,180,43,6,0
7,MQ,13930,ORD,29,25,11,3,1
7,MQ,13931,ORF,9,9,2,0,0
7,MQ,14122,PIT,4,4,2,0,0
7,MQ,14193,PNS,2,2,0,0,0
7,MQ,14457,RAP,126,125,28,1,0
7,MQ,14683,SAT,89,87,22,2,0
7,MQ,14685,SAV,31,31,1,0,0
7,MQ,14730,SDF,58,57,5,1,0
7,MQ,14783,SGF,267,260,66,7,0
7,MQ,14814,SHV,34,34,6,0,0
7,MQ,15016,STL,35,35,6,0,0
7,MQ,15304,TPA,29,29,9,0,0
7,MQ,15323,TRI,62,60,13,1,1
7,MQ,15370,TUL,91,87,16,4,0
7,MQ,15380,TVC,7,7,2,0,0
7,MQ,15401,TXK,62,60,12,2,0
7,MQ,15411,TYR,92,90,32,2,0
7,MQ,15624,VPS,4,4,1,0,0
7,MQ,15919,XNA,232,225,52,5,2
7,NK,10397,ATL,33,33,8,0,0
7,NK,10721,BOS,9,9,4,0,0
7,NK,10821,BWI,30,29,15,1,0
7,NK,11057,CLT,27,27,13,0,0
7,NK,11433,DTW,46,46,14,0,0
7,NK,11618,EWR,26,26,12,0,0
7,NK,11697,FLL,64,62,16,2,0
7,NK,12339,IND,9,9,3,0,0
7,NK,12889,LAS,61,61,17,0,0
7,NK,12892,LAX,64,64,12,0,0
7,NK,12953,LGA,31,31,8,0,0
7,NK,13204,MCO,60,58,22,2,0
7,NK,13303,MIA,33,33,7,0,0
7,NK,13495,MSY,16,16,7,0,0
7,NK,13930,ORD,22,22,16,0,0
7,NK,14107,PHX,9,9,0,0,0
7,NK,14193,PNS,20,20,5,0,0
7,NK,14492,RDU,7,7,7,0,0
7,NK,14730,SDF,8,8,1,0,0
7,NK,14831,SJC,21,21,5,0,0
7,NK,14843,SJU,37,37,8,0,0
7,NK,15304,TPA,29,29,4,0,0
7,OH,10208,AGS,31,30,14,0,1
7,OH,10423,AUS,4,4,1,0,0
7,OH,10599,BHM,118,112,53,5,1
7,OH,10781,BTR,131,124,40,7,0
7,OH,10792,BUF,4,3,2,1,0
7,OH,10868,CAE,62,59,23,3,0
7,OH,10980,CHA,64,62,31,2,0
7,OH,10994,CHS,62,60,15,2,0
7,OH,11003,CID,31,30,4,1,0
7,OH,11042,CLE,4,3,2,1,0
7,OH,11066,CMH,4,4,3,0,0
7,OH,11111,COU,4,4,2,0,0
7,OH,11193,CVG,31,29,19,2,0
7,OH,11267,DAY,123,121,34,2,0
7,OH,11481,ECP,51,48,19,3,0
7,OH,11823,FWA,31,29,2,2,0
7,OH,11973,GPT,4,4,0,0,0
7,OH,11996,GSP,31,30,0,1,0
7,OH,12217,HSV,38,38,11,0,0
7,OH,12278,ICT,126,122,34,4,0
7,OH,12448,JAN,88,85,25,3,0
7,OH,12891,LAW,92,90,36,2,0
7,OH,12945,LEX,35,32,7,3,0
7,OH,12951,LFT,34,34,16,0,0
7,OH,13198,MCI,27,26,6,1,0
7,OH,13244,MEM,4,4,2,0,0
7,OH,13277,MGM,32,29,7,3,0
7,OH,13422,MOB,62,61,24,1,0
7,OH,13495,MSY,8,6,3,2,0
7,OH,13577,MYR,31,29,16,2,0
7,OH,13871,OMA,4,3,1,1,0
7,OH,14108,PIA,92,87,23,4,1
7,OH,14193,PNS,119,118,39,1,0
7,OH,14674,SAF,4,4,2,0,0
7,OH,14696,SBN,4,3,2,1,0
7,OH,14730,SDF,68,66,20,2,0
7,OH,14814,SHV,32,30,8,2,0
7,OH,15249,TLH,88,85,28,3,0
7,OH,15370,TUL,31,31,6,0,0
7,OH,15412,TYS,65,64,16,1,0
7,OH,15919,XNA,31,31,1,0,0
7,OO,10155,ACT,31,31,5,0,0
7,OO,10185,AEX,65,61,13,4,0
7,OO,10279,AMA,5,5,0,0,0
7,OO,10372,ASE,123,106,24,3,14
7,OO,10423,AUS,58,57,19,1,0
7,OO,10693,BNA,4,4,0,0,0
7,OO,10728,BPT,62,60,9,2,0
7,OO,10747,BRO,29,26,12,2,1
7,OO,10781,BTR,31,30,7,1,0
7,OO,10980,CHA,30,30,7,0,0
7,OO,11109,COS,62,59,16,3,0
7,OO,11111,COU,27,26,6,1,0
7,OO,11140,CRP,4,3,0,1,0
7,OO,11413,DRO,123,120,19,3,0
7,OO,11695,FLG,31,29,4,2,0
7,OO,11775,FSD,8,8,0,0,0
7,OO,11921,GJT,92,87,18,5,0
7,OO,11980,GRI,62,57,12,3,2
7,OO,12007,GTR,31,30,5,0,1
7,OO,12191,HOU,56,51,17,4,1
7,OO,12266,IAH,1,1,1,0,0
7,OO,12280,IDA,62,61,16,1,0
7,OO,12448,JAN,4,4,1,0,0
7,OO,12896,LBB,87,83,10,3,1
7,OO,12915,LCH,92,88,19,3,1
7,OO,12945,LEX,27,27,0,0,0
7,OO,12951,LFT,30,30,1,0,0
7,OO,12992,LIT,30,28,10,2,0
7,OO,13061,LRD,31,29,8,1,1
7,OO,13158,MAF,53,53,10,0,0
7,OO,13277,MGM,30,29,9,1,0
7,OO,13290,MHK,92,91,20,1,0
7,OO,14314,PVU,93,89,19,3,1
7,OO,14588,ROW,92,87,20,3,2
7,OO,14674,SAF,154,147,38,4,3
7,OO,14683,SAT,32,28,8,4,0
7,OO,14696,SBN,88,86,18,2,0
7,OO,14794,SGU,62,61,21,1,0
7,OO,14814,SHV,147,136,40,10,1
7,OO,14842,SJT,93,90,21,3,0
7,OO,14960,SPS,62,58,21,4,0
7,OO,15016,STL,28,28,12,0,0
7,OO,15074,SWO,62,59,16,3,0
7,OO,15249,TLH,4,4,0,0,0
7,OO,15370,TUL,31,31,2,0,0
7,OO,16218,YUM,31,28,3,2,1
7,UA,11292,DEN,193,187,66,2,4
7,UA,11618,EWR,138,125,42,8,5
7,UA,12264,IAD,79,78,18,1,0
7,UA,12266,IAH,149,143,40,6,0
7,UA,13930,ORD,181,178,55,2,1
7,UA,14771,SFO,61,61,15,0,0
7,YX,11618,EWR,8,8,4,0,0
8,AA,10140,ABQ,152,144,70,8,0
8,AA,10257,ALB,31,31,20,0,0
8,AA,10279,AMA,5,4,2,1,0
8,AA,10299,ANC,62,62,23,0,0
8,AA,10397,ATL,221,211,76,9,1
8,AA,10423,AUS,232,220,89,12,0
8,AA,10431,AVL,29,27,8,2,0
8,AA,10529,BDL,70,68,24,2,0
8,AA,10561,BFL,31,30,16,1,0
8,AA,10693,BNA,258,246,98,12,0
8,AA,10713,BOI,67,64,29,2,1
8,AA,10721,BOS,229,226,95,3,0
8,AA,10792,BUF,65,64,33,1,0
8,AA,10800,BUR,62,60,32,2,0
8,AA,10821,BWI,76,70,22,5,1
8,AA,10849,BZN,98,97,39,1,0
8,AA,10994,CHS,74,73,32,1,0
8,AA,11042,CLE,132,128,47,4,0
8,AA,11057,CLT,304,297,105,7,0
8,AA,11066,CMH,107,103,41,4,0
8,AA,11109,COS,95,90,47,5,0
8,AA,11193,CVG,132,128,59,4,0
8,AA,11278,DCA,273,262,65,10,1
8,AA,11292,DEN,257,248,131,8,1
8,AA,11413,DRO,4,3,2,1,0
8,AA,11423,DSM,74,71,28,3,0
8,AA,11433,DTW,136,131,53,4,1
8,AA,11481,ECP,5,5,4,0,0
8,AA,11503,EGE,91,90,29,1,0
8,AA,11540,ELP,140,133,57,7,0
8,AA,11603,EUG,5,5,3,0,0
8,AA,11618,EWR,123,119,55,3,1
8,AA,11624,EYW,27,26,6,1,0
8,AA,11638,FAT,129,126,51,3,0
8,AA,11648,FCA,67,65,23,2,0
8,AA,11697,FLL,141,131,61,8,2
8,AA,11775,FSD,60,59,30,1,0
8,AA,11884,GEG,62,61,27,1,0
8,AA,11986,GRR,98,94,36,4,0
8,AA,11995,GSO,62,58,38,4,0
8,AA,11996,GSP,62,59,28,3,0
8,AA,12173,HNL,31,31,14,0,0
8,AA,12217,HSV,34,33,12,1,0
8,AA,12264,IAD,75,71,24,4,0
8,AA,12266,IAH,222,212,109,10,0
8,AA,12278,ICT,8,7,5,1,0
8,AA,12323,ILM,2,1,0,1,0
8,AA,12339,IND,179,172,69,6,1
8,AA,12441,JAC,99,96,39,2,1
8,AA,12451,JAX,142,138,74,4,0
8,AA,12478,JFK,124,122,36,2,0
8,AA,12889,LAS,290,281,129,9,0
8,AA,12892,LAX,407,393,179,13,1
8,AA,12896,LBB,31,31,18,0,0
8,AA,12953,LGA,364,350,142,14,0
8,AA,12992,LIT,35,34,13,1,0
8,AA,13198,MCI,138,132,77,6,0
8,AA,13204,MCO,266,252,147,11,3
8,AA,13230,MDT,31,31,14,0,0
8,AA,13244,MEM,120,113,54,7,0
8,AA,13256,MFE,92,87,28,5,0
8,AA,13303,MIA,372,360,181,12,0
8,AA,13342,MKE,93,88,40,4,1
8,AA,13476,MRY,31,30,10,1,0
8,AA,13485,MSN,95,93,49,2,0
8,AA,13486,MSO,40,38,11,2,0
8,AA,13487,MSP,138,130,60,8,0
8,AA,13495,MSY,163,156,75,7,0
8,AA,13502,MTJ,58,57,15,1,0
8,AA,13577,MYR,29,27,11,0,2
8,AA,13830,OGG,31,31,12,0,0
8,AA,13851,OKC,149,141,64,8,0
8,AA,13871,OMA,123,120,51,3,0
8,AA,13891,ONT,188,182,80,6,0
8,AA,13930,ORD,346,329,149,16,1
8,AA,13931,ORF,76,74,30,2,0
8,AA,14027,PBI,76,74,42,2,0
8,AA,14057,PDX,182,175,94,7,0
8,AA,14100,PHL,268,262,108,5,1
8,AA,14107,PHX,331,321,137,7,3
8,AA,14122,PIT,132,128,50,4,0
8,AA,14193,PNS,106,100,45,6,0
8,AA,14262,PSP,62,60,34,2,0
8,AA,14321,PWM,36,35,13,1,0
8,AA,14489,RDM,31,30,8,1,0
8,AA,14492,RDU,168,161,59,7,0
8,AA,14524,RIC,97,94,36,3,0
8,AA,14570,RNO,99,94,48,5,0
8,AA,14635,RSW,85,80,32,5,0
8,AA,14679,SAN,273,261,127,12,0
8,AA,14683,SAT,288,273,127,14,1
8,AA,14685,SAV,50,49,27,1,0
8,AA,14689,SBA,31,30,6,1,0
8,AA,14698,SBP,31,31,8,0,0
8,AA,14730,SDF,57,56,26,1,0
8,AA,14747,SEA,241,230,80,10,1
8,AA,14771,SFO,257,252,121,5,0
8,AA,14831,SJC,96,94,40,2,0
8,AA,14843,SJU,35,34,16,1,0
8,AA,14869,SLC,188,178,102,10,0
8,AA,14893,SMF,156,152,68,4,0
8,AA,14908,SNA,255,241,75,11,3
8,AA,14986,SRQ,32,30,17,2,0
8,AA,15016,STL,150,147,75,3,0
8,AA,15023,STS,31,31,6,0,0
8,AA,15024,STT,6,6,1,0,0
8,AA,15096,SYR,31,30,20,1,0
8,AA,15304,TPA,216,204,93,10,2
8,AA,15370,TUL,120,114,59,6,0
8,AA,15376,TUS,155,148,56,7,0
8,AA,15380,TVC,35,33,15,2,0
8,AA,15412,TYS,119,111,29,8,0
8,AA,15624,VPS,110,105,51,4,1
8,AA,15919,XNA,53,50,21,2,1
8,AS,14057,PDX,58,58,23,0,0
8,AS,14747,SEA,171,170,65,1,0
8,B6,10721,BOS,31,30,10,0,1
8,DL,10397,ATL,236,235,44,1,0
8,DL,10721,BOS,82,80,14,2,0
8,DL,11433,DTW,118,117,19,1,0
8,DL,12478,JFK,62,60,8,2,0
8,DL,12892,LAX,62,61,7,1,0
8,DL,12953,LGA,191,186,35,5,0
8,DL,13487,MSP,118,118,22,0,0
8,DL,14747,SEA,57,56,11,1,0
8,DL,14869,SLC,124,123,36,0,1
8,F9,10397,ATL,58,56,24,2,0
8,F9,10693,BNA,3,3,0,0,0
8,F9,10821,BWI,21,21,9,0,0
8,F9,11042,CLE,14,14,2,0,0
8,F9,11057,CLT,9,9,1,0,0
8,F9,11193,CVG,13,13,1,0,0
8,F9,11292,DEN,76,76,24,0,0
8,F9,11433,DTW,23,23,1,0,0
8,F9,12264,IAD,16,16,0,0,0
8,F9,12339,IND,9,9,1,0,0
8,F9,12451,JAX,6,6,0,0,0
8,F9,12478,JFK,31,31,6,0,0
8,F9,12889,LAS,56,56,7,0,0
8,F9,12892,LAX,30,30,9,0,0
8,F9,12953,LGA,31,30,6,1,0
8,F9,13204,MCO,49,49,22,0,0
8,F9,13232,MDW,25,24,6,0,1
8,F9,13303,MIA,15,14,3,1,0
8,F9,13487,MSP,12,12,4,0,0
8,F9,13891,ONT,24,22,6,2,0
8,F9,13930,ORD,32,31,10,0,1
8,F9,13931,ORF,8,8,2,0,0
8,F9,14100,PHL,21,20,6,1,0
8,F9,14107,PHX,29,29,5,0,0
8,F9,14492,RDU,12,11,0,1,0
8,F9,14679,SAN,23,23,13,0,0
8,F9,14747,SEA,6,6,1,0,0
8,F9,14771,SFO,17,16,4,1,0
8,F9,14869,SLC,9,9,4,0,0
8,F9,15016,STL,4,4,0,0,0
8,F9,15304,TPA,7,7,1,0,0
8,MQ,10136,ABI,151,149,40,2,0
8,MQ,10140,ABQ,78,76,18,2,0
8,MQ,10155,ACT,63,62,23,1,0
8,MQ,10185,AEX,5,5,2,0,0
8,MQ,10279,AMA,216,211,43,3,2
8,MQ,10397,ATL,5,5,2,0,0
8,MQ,10408,ATW,31,31,7,0,0
8,MQ,10423,AUS,93,92,25,1,0
8,MQ,10431,AVL,17,17,4,0,0
8,MQ,10599,BHM,124,122,30,2,0
8,MQ,10620,BIL,62,61,16,1,0
8,MQ,10627,BIS,61,61,14,0,0
8,MQ,10685,BMI,62,62,15,0,0
8,MQ,10693,BNA,26,26,5,0,0
8,MQ,10747,BRO,119,117,27,2,0
8,MQ,10781,BTR,4,4,1,0,0
8,MQ,10868,CAE,14,14,5,0,0
8,MQ,10980,CHA,26,26,11,0,0
8,MQ,11003,CID,78,78,10,0,0
8,MQ,11049,CLL,93,90,20,3,0
8,MQ,11066,CMH,32,32,8,0,0
8,MQ,11067,CMI,62,62,12,0,0
8,MQ,11109,COS,54,53,10,1,0
8,MQ,11111,COU,88,86,23,2,0
8,MQ,11140,CRP,187,185,35,2,0
8,MQ,11423,DSM,44,44,8,0,0
8,MQ,11433,DTW,1,1,0,0,0
8,MQ,11481,ECP,99,99,24,0,0
8,MQ,11540,ELP,61,59,13,2,0
8,MQ,11612,EVV,67,67,18,0,0
8,MQ,11637,FAR,93,90,20,0,3
8,MQ,11775,FSD,30,29,3,1,0
8,MQ,11778,FSM,96,95,16,1,0
8,MQ,11823,FWA,88,86,24,2,0
8,MQ,11867,GCK,62,61,18,0,1
8,MQ,11905,GGG,62,62,15,0,0
8,MQ,11921,GJT,52,52,11,0,0
8,MQ,11953,GNV,62,62,13,0,0
8,MQ,11973,GPT,92,91,17,1,0
8,MQ,11982,GRK,132,128,37,3,1
8,MQ,11995,GSO,31,31,2,0,0
8,MQ,11996,GSP,14,13,6,1,0
8,MQ,12191,HOU,162,159,40,2,1
8,MQ,12206,HRL,98,96,25,2,0
8,MQ,12217,HSV,78,77,15,1,0
8,MQ,12266,IAH,69,68,21,1,0
8,MQ,12278,ICT,63,60,16,3,0
8,MQ,12323,ILM,61,61,13,0,0
8,MQ,12339,IND,1,1,0,0,0
8,MQ,12448,JAN,120,116,25,3,1
8,MQ,12896,LBB,166,164,35,1,1
8,MQ,12915,LCH,52,51,12,1,0
8,MQ,12945,LEX,62,61,13,1,0
8,MQ,12951,LFT,78,78,18,0,0
8,MQ,12992,LIT,185,181,46,4,0
8,MQ,13061,LRD,124,121,33,3,0
8,MQ,13158,MAF,174,171,44,3,0
8,MQ,13198,MCI,85,84,12,1,0
8,MQ,13204,MCO,5,5,1,0,0
8,MQ,13244,MEM,92,91,27,1,0
8,MQ,13256,MFE,106,103,27,2,1
8,MQ,13277,MGM,31,31,7,0,0
8,MQ,13290,MHK,3,2,1,1,0
8,MQ,13367,MLI,62,62,14,0,0
8,MQ,13377,MLU,93,90,24,3,0
8,MQ,13422,MOB,31,29,9,1,1
8,MQ,13485,MSN,1,1,0,0,0
8,MQ,13495,MSY,59,56,14,3,0
8,MQ,13577,MYR,3,3,0,0,0
8,MQ,13851,OKC,116,115,24,1,0
8,MQ,13871,OMA,13,13,1,0,0
8,MQ,13930,ORD,14,13,1,1,0
8,MQ,13931,ORF,1,1,0,0,0
8,MQ,14122,PIT,1,1,0,0,0
8,MQ,14193,PNS,27,27,5,0,0
8,MQ,14457,RAP,99,98,27,1,0
8,MQ,14683,SAT,63,62,19,1,0
8,MQ,14685,SAV,57,57,7,0,0
8,MQ,14730,SDF,61,59,14,2,0
8,MQ,14783,SGF,282,278,65,3,1
8,MQ,14814,SHV,27,27,5,0,0
8,MQ,15016,STL,31,30,4,1,0
8,MQ,15304,TPA,5,5,2,0,0
8,MQ,15323,TRI,62,62,13,0,0
8,MQ,15370,TUL,75,72,17,3,0
8,MQ,15380,TVC,2,2,0,0,0
8,MQ,15401,TXK,62,61,14,1,0
8,MQ,15411,TYR,93,92,21,1,0
8,MQ,15624,VPS,9,8,2,1,0
8,MQ,15919,XNA,177,176,48,1,0
8,NK,10397,ATL,33,33,7,0,0
8,NK,10721,BOS,4,4,3,0,0
8,NK,10821,BWI,23,23,4,0,0
8,NK,11057,CLT,12,12,3,0,0
8,NK,11433,DTW,36,36,6,0,0
8,NK,11618,EWR,15,15,4,0,0
8,NK,11697,FLL,63,63,11,0,0
8,NK,12339,IND,9,9,0,0,0
8,NK,12889,LAS,51,51,8,0,0
8,NK,12892,LAX,60,60,17,0,0
8,NK,12953,LGA,15,15,3,0,0
8,NK,13204,MCO,49,48,11,0,1
8,NK,13303,MIA,33,33,5,0,0
8,NK,13495,MSY,12,12,3,0,0
8,NK,13930,ORD,8,8,5,0,0
8,NK,14107,PHX,3,3,1,0,0
8,NK,14193,PNS,9,9,1,0,0
8,NK,14492,RDU,9,9,3,0,0
8,NK,14730,SDF,4,4,1,0,0
8,NK,14831,SJC,7,7,2,0,0
8,NK,14843,SJU,29,29,9,0,0
8,NK,15304,TPA,17,17,6,0,0
8,OH,10208,AGS,31,31,5,0,0
8,OH,10423,AUS,5,5,2,0,0
8,OH,10431,AVL,17,16,5,1,0
8,OH,10599,BHM,71,71,31,0,0
8,OH,10693,BNA,9,9,4,0,0
8,OH,10781,BTR,178,173,58,5,0
8,OH,10792,BUF,1,1,0,0,0
8,OH,10868,CAE,62,57,19,4,1
8,OH,10980,CHA,81,80,29,1,0
8,OH,10994,CHS,10,10,4,0,0
8,OH,11003,CID,28,27,12,1,0
8,OH,11042,CLE,1,1,0,0,0
8,OH,11066,CMH,1,1,1,0,0
8,OH,11111,COU,1,1,0,0,0
8,OH,11193,CVG,5,3,1,2,0
8,OH,11267,DAY,121,116,29,4,1
8,OH,11481,ECP,34,32,5,2,0
8,OH,11823,FWA,5,5,1,0,0
8,OH,11973,GPT,1,0,0,1,0
8,OH,11996,GSP,31,31,5,0,0
8,OH,12206,HRL,26,25,3,1,0
8,OH,12217,HSV,33,31,9,2,0
8,OH,12278,ICT,157,151,44,6,0
8,OH,12448,JAN,40,39,14,1,0
8,OH,12891,LAW,93,91,32,2,0
8,OH,12945,LEX,57,55,14,2,0
8,OH,12951,LFT,58,58,23,0,0
8,OH,13198,MCI,4,3,1,1,0
8,OH,13244,MEM,1,1,0,0,0
8,OH,13277,MGM,57,55,21,2,0
8,OH,13367,MLI,26,26,9,0,0
8,OH,13422,MOB,62,61,11,1,0
8,OH,13495,MSY,2,2,1,0,0
8,OH,13577,MYR,5,5,1,0,0
8,OH,13851,OKC,26,24,8,1,1
8,OH,13871,OMA,1,1,0,0,0
8,OH,14108,PIA,93,91,28,2,0
8,OH,14193,PNS,19,19,7,0,0
8,OH,14674,SAF,1,1,0,0,0
8,OH,14696,SBN,1,1,1,0,0
8,OH,14730,SDF,38,32,6,6,0
8,OH,14814,SHV,31,31,6,0,0
8,OH,15249,TLH,93,92,32,1,0
8,OH,15370,TUL,31,30,8,1,0
8,OH,15412,TYS,37,35,10,2,0
8,OH,15919,XNA,52,48,10,4,0
8,OO,10155,ACT,31,30,6,1,0
8,OO,10185,AEX,88,81,20,7,0
8,OO,10372,ASE,124,111,30,1,12
8,OO,10423,AUS,19,19,6,0,0
8,OO,10693,BNA,1,1,0,0,0
8,OO,10728,BPT,62,61,13,1,0
8,OO,10747,BRO,5,5,2,0,0
8,OO,10781,BTR,5,4,1,1,0
8,OO,10980,CHA,31,31,7,0,0
8,OO,11049,CLL,26,24,2,2,0
8,OO,11109,COS,36,34,11,1,1
8,OO,11111,COU,4,4,1,0,0
8,OO,11140,CRP,7,6,1,1,0
8,OO,11292,DEN,1,1,0,0,0
8,OO,11413,DRO,146,144,30,2,0
8,OO,11612,EVV,26,24,5,2,0
8,OO,11695,FLG,31,31,9,0,0
8,OO,11775,FSD,2,2,0,0,0
8,OO,11921,GJT,15,15,6,0,0
8,OO,11980,GRI,62,60,13,2,0
8,OO,11982,GRK,4,4,1,0,0
8,OO,12007,GTR,31,31,8,0,0
8,OO,12191,HOU,31,29,10,2,0
8,OO,12217,HSV,26,26,9,0,0
8,OO,12280,IDA,62,61,15,1,0
8,OO,12448,JAN,9,8,1,1,0
8,OO,12896,LBB,50,47,15,3,0
8,OO,12915,LCH,41,41,11,0,0
8,OO,12945,LEX,5,5,1,0,0
8,OO,12951,LFT,4,4,0,0,0
8,OO,12992,LIT,31,31,7,0,0
8,OO,13061,LRD,5,4,0,1,0
8,OO,13158,MAF,108,105,36,3,0
8,OO,13277,MGM,5,5,2,0,0
8,OO,13290,MHK,90,87,21,3,0
8,OO,14314,PVU,66,64,17,2,0
8,OO,14588,ROW,93,92,23,1,0
8,OO,14674,SAF,181,178,39,3,0
8,OO,14683,SAT,32,32,8,0,0
8,OO,14696,SBN,92,91,21,1,0
8,OO,14730,SDF,26,25,3,1,0
8,OO,14794,SGU,61,61,14,0,0
8,OO,14814,SHV,128,127,43,1,0
8,OO,14842,SJT,93,89,17,3,1
8,OO,14960,SPS,62,61,13,1,0
8,OO,15016,STL,18,17,9,0,1
8,OO,15074,SWO,62,62,11,0,0
8,OO,15370,TUL,32,31,1,0,1
8,OO,16218,YUM,31,30,7,1,0
8,UA,11292,DEN,180,174,54,4,2
8,UA,11618,EWR,140,139,43,1,0
8,UA,12264,IAD,75,73,12,2,0
8,UA,12266,IAH,173,170,56,2,1
8,UA,13930,ORD,180,175,48,4,1
8,UA,14771,SFO,62,60,16,2,0
8,YX,11618,EWR,6,6,5,0,0
9,AA,10140,ABQ,115,110,37,5,0
9,AA,10257,ALB,30,29,11,1,0
9,AA,10299,ANC,31,31,6,0,0
9,AA,10397,ATL,217,211,40,5,1
9,AA,10423,AUS,239,233,65,6,0
9,AA,10431,AVL,29,28,7,1,0
9,AA,10529,BDL,67,66,19,0,1
9,AA,10561,BFL,30,28,12,2,0
9,AA,10693,BNA,257,250,65,7,0
9,AA,10713,BOI,60,58,16,2,0
9,AA,10721,BOS,206,199,89,6,1
9,AA,10792,BUF,60,58,13,2,0
9,AA,10800,BUR,60,59,16,1,0
9,AA,10821,BWI,68,67,15,1,0
9,AA,10849,BZN,82,80,16,2,0
9,AA,10994,CHS,68,67,17,1,0
9,AA,11042,CLE,116,114,31,2,0
9,AA,11057,CLT,301,294,58,6,1
9,AA,11066,CMH,97,95,16,2,0
9,AA,11109,COS,91,87,20,4,0
9,AA,11193,CVG,127,124,32,3,0
9,AA,11278,DCA,270,261,73,7,2
9,AA,11292,DEN,218,211,61,7,0
9,AA,11413,DRO,56,56,24,0,0
9,AA,11423,DSM,68,66,33,2,0
9,AA,11433,DTW,123,119,26,4,0
9,AA,11503,EGE,62,61,17,1,0
9,AA,11540,ELP,121,115,34,6,0
9,AA,11618,EWR,119,116,30,2,1
9,AA,11624,EYW,2,2,1,0,0
9,AA,11638,FAT,120,117,30,3,0
9,AA,11648,FCA,32,32,9,0,0
9,AA,11697,FLL,127,122,34,5,0
9,AA,11775,FSD,60,58,26,2,0
9,AA,11884,GEG,60,59,14,1,0
9,AA,11986,GRR,90,86,19,4,0
9,AA,11995,GSO,60,58,21,2,0
9,AA,11996,GSP,60,58,10,2,0
9,AA,12173,HNL,30,28,10,0,2
9,AA,12217,HSV,30,30,17,0,0
9,AA,12264,IAD,88,86,13,2,0
9,AA,12266,IAH,194,186,65,8,0
9,AA,12323,ILM,56,54,24,2,0
9,AA,12339,IND,175,170,48,5,0
9,AA,12441,JAC,90,89,29,1,0
9,AA,12451,JAX,127,124,30,3,0
9,AA,12478,JFK,119,117,25,2,0
9,AA,12889,LAS,333,324,95,8,1
9,AA,12892,LAX,337,330,89,7,0
9,AA,12896,LBB,56,53,18,3,0
9,AA,12953,LGA,366,353,74,9,4
9,AA,12992,LIT,30,28,10,2,0
9,AA,13198,MCI,158,152,44,5,1
9,AA,13204,MCO,266,262,65,4,0
9,AA,13230,MDT,30,30,11,0,0
9,AA,13244,MEM,148,146,26,2,0
9,AA,13256,MFE,119,115,42,3,1
9,AA,13303,MIA,358,345,80,13,0
9,AA,13342,MKE,86,84,17,2,0
9,AA,13476,MRY,30,29,6,1,0
9,AA,13485,MSN,90,87,43,2,1
9,AA,13486,MSO,24,24,4,0,0
9,AA,13487,MSP,119,116,28,3,0
9,AA,13495,MSY,180,177,44,3,0
9,AA,13502,MTJ,32,32,7,0,0
9,AA,13577,MYR,29,27,8,2,0
9,AA,13830,OGG,30,30,8,0,0
9,AA,13851,OKC,146,143,34,3,0
9,AA,13871,OMA,67,65,20,2,0
9,AA,13891,ONT,159,155,44,4,0
9,AA,13930,ORD,312,306,83,6,0
9,AA,13931,ORF,68,67,19,1,0
9,AA,14027,PBI,68,65,17,3,0
9,AA,14057,PDX,152,149,46,2,1
9,AA,14100,PHL,242,236,74,6,0
9,AA,14107,PHX,364,349,86,12,3
9,AA,14122,PIT,120,116,20,4,0
9,AA,14193,PNS,91,90,19,1,0
9,AA,14262,PSP,60,58,17,1,1
9,AA,14321,PWM,30,30,7,0,0
9,AA,14489,RDM,2,2,1,0,0
9,AA,14492,RDU,157,152,25,5,0
9,AA,14524,RIC,70,69,21,1,0
9,AA,14570,RNO,91,88,9,3,0
9,AA,14635,RSW,68,67,14,1,0
9,AA,14679,SAN,248,239,80,7,2
9,AA,14683,SAT,277,267,73,10,0
9,AA,14685,SAV,66,62,21,4,0
9,AA,14689,SBA,30,29,4,1,0
9,AA,14698,SBP,27,27,4,0,0
9,AA,14730,SDF,119,114,40,5,0
9,AA,14747,SEA,217,212,52,5,0
9,AA,14771,SFO,220,216,49,4,0
9,AA,14831,SJC,90,89,21,1,0
9,AA,14843,SJU,22,22,2,0,0
9,AA,14869,SLC,180,177,57,3,0
9,AA,14893,SMF,122,120,34,1,1
9,AA,14908,SNA,247,239,42,7,1
9,AA,14986,SRQ,30,29,4,1,0
9,AA,15016,STL,122,118,32,4,0
9,AA,15023,STS,2,2,1,0,0
9,AA,15096,SYR,30,29,10,1,0
9,AA,15304,TPA,181,178,41,3,0
9,AA,15370,TUL,145,138,37,6,1
9,AA,15376,TUS,178,171,51,7,0
9,AA,15380,TVC,30,30,13,0,0
9,AA,15412,TYS,92,89,24,2,1
9,AA,15624,VPS,98,96,20,2,0
9,AA,15919,XNA,84,81,41,3,0
9,AS,14057,PDX,47,47,13,0,0
9,AS,14747,SEA,153,152,42,1,0
9,B6,10721,BOS,26,26,21,0,0
9,DL,10397,ATL,239,239,30,0,0
9,DL,10721,BOS,81,79,28,2,0
9,DL,11433,DTW,119,119,10,0,0
9,DL,12478,JFK,37,34,2,2,1
9,DL,12892,LAX,60,60,6,0,0
9,DL,12953,LGA,190,187,36,2,1
9,DL,13487,MSP,119,119,16,0,0
9,DL,14747,SEA,59,58,12,0,1
9,DL,14869,SLC,120,120,20,0,0
9,F9,10397,ATL,59,59,11,0,0
9,F9,10693,BNA,9,9,1,0,0
9,F9,10821,BWI,21,20,9,1,0
9,F9,11042,CLE,17,17,3,0,0
9,F9,11057,CLT,17,17,3,0,0
9,F9,11193,CVG,16,16,5,0,0
9,F9,11292,DEN,81,80,11,0,1
9,F9,11433,DTW,13,13,1,0,0
9,F9,12264,IAD,21,21,1,0,0
9,F9,12339,IND,13,13,2,0,0
9,F9,12478,JFK,29,29,5,0,0
9,F9,12889,LAS,62,62,15,0,0
9,F9,12892,LAX,30,30,9,0,0
9,F9,12953,LGA,30,30,10,0,0
9,F9,13204,MCO,52,52,7,0,0
9,F9,13232,MDW,28,28,4,0,0
9,F9,13303,MIA,16,16,7,0,0
9,F9,13487,MSP,17,16,4,0,1
9,F9,13891,ONT,24,24,4,0,0
9,F9,13930,ORD,38,37,11,1,0
9,F9,13931,ORF,9,9,5,0,0
9,F9,14100,PHL,18,18,6,0,0
9,F9,14107,PHX,38,36,8,2,0
9,F9,14492,RDU,13,13,1,0,0
9,F9,14679,SAN,17,16,7,1,0
9,F9,14771,SFO,17,16,9,1,0
9,F9,14869,SLC,8,8,1,0,0
9,F9,15016,STL,8,8,2,0,0
9,F9,15304,TPA,16,16,4,0,0
9,MQ,10136,ABI,145,143,35,2,0
9,MQ,10140,ABQ,70,70,20,0,0
9,MQ,10155,ACT,60,59,13,1,0
9,MQ,10279,AMA,209,205,30,3,1
9,MQ,10408,ATW,30,30,6,0,0
9,MQ,10423,AUS,90,89,11,1,0
9,MQ,10431,AVL,30,29,5,0,1
9,MQ,10599,BHM,72,71,9,1,0
9,MQ,10620,BIL,60,59,9,1,0
9,MQ,10627,BIS,60,60,17,0,0
9,MQ,10685,BMI,60,59,10,1,0
9,MQ,10693,BNA,20,20,5,0,0
9,MQ,10747,BRO,120,119,23,1,0
9,MQ,10781,BTR,35,35,2,0,0
9,MQ,10868,CAE,8,8,4,0,0
9,MQ,10980,CHA,29,29,3,0,0
9,MQ,11003,CID,81,80,10,1,0
9,MQ,11042,CLE,11,11,0,0,0
9,MQ,11049,CLL,117,115,13,1,1
9,MQ,11066,CMH,30,30,7,0,0
9,MQ,11067,CMI,60,59,7,1,0
9,MQ,11109,COS,3,3,0,0,0
9,MQ,11111,COU,118,116,23,2,0
9,MQ,11140,CRP,188,186,29,2,0
9,MQ,11423,DSM,30,30,2,0,0
9,MQ,11433,DTW,4,4,0,0,0
9,MQ,11481,ECP,62,61,14,1,0
9,MQ,11540,ELP,67,67,15,0,0
9,MQ,11612,EVV,88,86,15,1,1
9,MQ,11637,FAR,90,89,15,1,0
9,MQ,11648,FCA,28,27,2,0,1
9,MQ,11775,FSD,2,2,0,0,0
9,MQ,11778,FSM,118,116,14,1,1
9,MQ,11823,FWA,90,89,14,1,0
9,MQ,11867,GCK,60,59,14,1,0
9,MQ,11905,GGG,60,59,8,1,0
9,MQ,11921,GJT,88,87,14,1,0
9,MQ,11953,GNV,60,59,6,1,0
9,MQ,11973,GPT,90,89,9,1,0
9,MQ,11982,GRK,107,106,27,1,0
9,MQ,11995,GSO,30,30,3,0,0
9,MQ,11996,GSP,8,8,3,0,0
9,MQ,12191,HOU,157,156,27,0,1
9,MQ,12206,HRL,62,62,9,0,0
9,MQ,12217,HSV,96,95,14,1,0
9,MQ,12266,IAH,83,81,18,1,1
9,MQ,12278,ICT,51,50,9,1,0
9,MQ,12323,ILM,4,4,1,0,0
9,MQ,12339,IND,4,4,1,0,0
9,MQ,12448,JAN,120,118,13,2,0
9,MQ,12896,LBB,179,178,25,1,0
9,MQ,12915,LCH,60,60,7,0,0
9,MQ,12945,LEX,60,59,12,1,0
9,MQ,12951,LFT,111,109,15,2,0
9,MQ,12992,LIT,187,186,23,1,0
9,MQ,13061,LRD,120,117,22,2,1
9,MQ,13158,MAF,178,176,35,1,1
9,MQ,13198,MCI,59,59,14,0,0
9,MQ,13244,MEM,41,40,5,1,0
9,MQ,13256,MFE,13,13,4,0,0
9,MQ,13277,MGM,86,84,10,1,1
9,MQ,13367,MLI,88,87,11,1,0
9,MQ,13377,MLU,90,88,12,1,1
9,MQ,13422,MOB,30,29,6,1,0
9,MQ,13495,MSY,32,31,7,1,0
9,MQ,13502,MTJ,24,24,3,0,0
9,MQ,13577,MYR,1,1,0,0,0
9,MQ,13851,OKC,71,69,10,2,0
9,MQ,13871,OMA,53,53,6,0,0
9,MQ,13930,ORD,8,8,3,0,0
9,MQ,14193,PNS,30,30,2,0,0
9,MQ,14457,RAP,90,89,17,1,0
9,MQ,14524,RIC,16,16,0,0,0
9,MQ,14683,SAT,60,58,8,2,0
9,MQ,14685,SAV,4,4,0,0,0
9,MQ,14730,SDF,29,29,2,0,0
9,MQ,14783,SGF,277,277,54,0,0
9,MQ,14814,SHV,30,30,3,0,0
9,MQ,15016,STL,57,57,5,0,0
9,MQ,15023,STS,28,28,2,0,0
9,MQ,15323,TRI,60,59,8,1,0
9,MQ,15370,TUL,43,43,6,0,0
9,MQ,15401,TXK,60,59,12,1,0
9,MQ,15411,TYR,90,89,18,1,0
9,MQ,15919,XNA,158,157,35,1,0
9,NK,10397,ATL,30,30,8,0,0
9,NK,10821,BWI,17,17,2,0,0
9,NK,11433,DTW,30,30,6,0,0
9,NK,11618,EWR,28,26,12,2,0
9,NK,11697,FLL,76,75,14,1,0
9,NK,12339,IND,8,8,0,0,0
9,NK,12889,LAS,31,29,8,2,0
9,NK,12892,LAX,58,58,8,0,0
9,NK,12953,LGA,4,4,0,0,0
9,NK,13204,MCO,57,56,4,1,0
9,NK,13303,MIA,30,30,4,0,0
9,NK,13495,MSY,17,17,1,0,0
9,NK,14492,RDU,9,9,1,0,0
9,NK,14843,SJU,17,17,2,0,0
9,NK,15304,TPA,9,9,4,0,0
9,OH,10208,AGS,30,30,5,0,0
9,OH,10431,AVL,1,1,0,0,0
9,OH,10599,BHM,59,59,10,0,0
9,OH,10693,BNA,1,1,1,0,0
9,OH,10781,BTR,144,141,29,3,0
9,OH,10868,CAE,60,59,14,1,0
9,OH,10980,CHA,69,68,21,1,0
9,OH,11003,CID,29,29,6,0,0
9,OH,11267,DAY,119,119,26,0,0
9,OH,11423,DSM,21,21,4,0,0
9,OH,11481,ECP,30,30,6,0,0
9,OH,11996,GSP,30,30,5,0,0
9,OH,12206,HRL,58,57,10,1,0
9,OH,12217,HSV,30,29,5,1,0
9,OH,12278,ICT,130,125,29,5,0
9,OH,12448,JAN,29,29,1,0,0
9,OH,12891,LAW,90,87,17,1,2
9,OH,12945,LEX,60,58,9,2,0
9,OH,12951,LFT,39,38,9,1,0
9,OH,12992,LIT,1,1,0,0,0
9,OH,13158,MAF,28,28,4,0,0
9,OH,13244,MEM,28,28,4,0,0
9,OH,13277,MGM,4,4,2,0,0
9,OH,13342,MKE,4,4,1,0,0
9,OH,13367,MLI,2,2,1,0,0
9,OH,13422,MOB,60,59,12,1,0
9,OH,13495,MSY,4,4,2,0,0
9,OH,13577,MYR,28,28,8,0,0
9,OH,13851,OKC,30,29,5,1,0
9,OH,14108,PIA,90,89,15,1,0
9,OH,14193,PNS,7,6,1,1,0
9,OH,14730,SDF,30,30,4,0,0
9,OH,14814,SHV,30,29,2,1,0
9,OH,15249,TLH,90,89,19,1,0
9,OH,15370,TUL,30,29,6,1,0
9,OH,15412,TYS,58,57,13,1,0
9,OH,15919,XNA,31,31,4,0,0
9,OO,10140,ABQ,4,4,0,0,0
9,OO,10155,ACT,30,30,4,0,0
9,OO,10185,AEX,90,88,14,2,0
9,OO,10372,ASE,88,86,17,1,1
9,OO,10423,AUS,41,40,7,1,0
9,OO,10599,BHM,54,52,4,2,0
9,OO,10728,BPT,58,56,7,1,1
9,OO,10980,CHA,30,30,8,0,0
9,OO,11049,CLL,2,2,0,0,0
9,OO,11109,COS,86,85,20,1,0
9,OO,11413,DRO,38,37,12,1,0
9,OO,11612,EVV,2,2,0,0,0
9,OO,11695,FLG,30,29,6,1,0
9,OO,11775,FSD,28,27,7,1,0
9,OO,11980,GRI,60,59,11,1,0
9,OO,11982,GRK,21,20,0,1,0
9,OO,12007,GTR,30,29,6,0,1
9,OO,12191,HOU,29,29,11,0,0
9,OO,12217,HSV,2,2,1,0,0
9,OO,12278,ICT,28,28,3,0,0
9,OO,12280,IDA,60,59,17,1,0
9,OO,12448,JAN,8,8,1,0,0
9,OO,12896,LBB,31,31,6,0,0
9,OO,12915,LCH,30,29,8,1,0
9,OO,12992,LIT,30,29,7,1,0
9,OO,13158,MAF,63,63,9,0,0
9,OO,13256,MFE,56,55,7,1,0
9,OO,13290,MHK,90,88,14,2,0
9,OO,13851,OKC,31,30,0,1,0
9,OO,14314,PVU,60,60,12,0,0
9,OO,14588,ROW,68,66,9,2,0
9,OO,14674,SAF,180,176,34,4,0
9,OO,14683,SAT,30,30,5,0,0
9,OO,14696,SBN,90,89,19,1,0
9,OO,14730,SDF,2,2,0,0,0
9,OO,14794,SGU,60,58,13,1,1
9,OO,14814,SHV,120,117,28,3,0
9,OO,14842,SJT,90,87,14,2,1
9,OO,14960,SPS,60,57,7,3,0
9,OO,15016,STL,8,7,3,1,0
9,OO,15074,SWO,60,57,7,3,0
9,OO,15370,TUL,29,28,2,1,0
9,OO,15919,XNA,28,27,9,1,0
9,OO,16218,YUM,30,27,6,2,1
9,UA,11292,DEN,163,162,47,1,0
9,UA,11618,EWR,142,138,26,1,3
9,UA,12264,IAD,76,76,7,0,0
9,UA,12266,IAH,221,219,59,2,0
9,UA,13930,ORD,176,175,42,1,0
9,UA,14771,SFO,65,65,12,0,0
10,AA,10140,ABQ,133,130,38,3,0
10,AA,10257,ALB,31,31,17,0,0
10,AA,10299,ANC,31,31,9,0,0
10,AA,10397,ATL,229,227,54,2,0
10,AA,10423,AUS,318,309,101,8,1
10,AA,10431,AVL,31,31,9,0,0
10,AA,10529,BDL,76,76,18,0,0
10,AA,10561,BFL,31,30,13,1,0
10,AA,10693,BNA,275,269,84,5,1
10,AA,10713,BOI,60,59,22,1,0
10,AA,10721,BOS,234,230,124,4,0
10,AA,10792,BUF,60,59,14,1,0
10,AA,10800,BUR,62,62,13,0,0
10,AA,10821,BWI,77,77,16,0,0
10,AA,10849,BZN,39,39,8,0,0
10,AA,10994,CHS,77,77,19,0,0
10,AA,11042,CLE,122,121,32,1,0
10,AA,11057,CLT,308,306,73,1,1
10,AA,11066,CMH,113,112,32,1,0
10,AA,11109,COS,93,91,23,2,0
10,AA,11193,CVG,135,133,41,2,0
10,AA,11278,DCA,279,278,71,1,0
10,AA,11292,DEN,252,246,89,6,0
10,AA,11413,DRO,62,62,22,0,0
10,AA,11423,DSM,74,73,35,1,0
10,AA,11433,DTW,135,134,34,1,0
10,AA,11503,EGE,36,35,8,0,1
10,AA,11540,ELP,148,144,46,4,0
10,AA,11618,EWR,124,120,41,4,0
10,AA,11624,EYW,26,26,9,0,0
10,AA,11638,FAT,122,120,41,2,0
10,AA,11648,FCA,5,5,0,0,0
10,AA,11697,FLL,136,136,34,0,0
10,AA,11775,FSD,62,61,18,1,0
10,AA,11884,GEG,62,62,17,0,0
10,AA,11986,GRR,80,79,26,1,0
10,AA,11995,GSO,61,60,29,1,0
10,AA,11996,GSP,63,62,20,1,0
10,AA,12173,HNL,55,55,13,0,0
10,AA,12217,HSV,34,34,16,0,0
10,AA,12264,IAD,80,80,20,0,0
10,AA,12266,IAH,200,194,88,6,0
10,AA,12278,ICT,1,1,1,0,0
10,AA,12323,ILM,61,59,15,2,0
10,AA,12339,IND,184,181,41,3,0
10,AA,12441,JAC,40,40,10,0,0
10,AA,12451,JAX,137,134,43,2,1
10,AA,12478,JFK,125,124,26,1,0
10,AA,12889,LAS,351,346,115,5,0
10,AA,12892,LAX,400,394,116,6,0
10,AA,12896,LBB,35,34,9,1,0
10,AA,12953,LGA,376,366,131,6,4
10,AA,12992,LIT,31,31,15,0,0
10,AA,13198,MCI,162,160,48,2,0
10,AA,13204,MCO,291,283,115,8,0
10,AA,13230,MDT,32,32,17,0,0
10,AA,13244,MEM,157,154,41,3,0
10,AA,13256,MFE,137,135,34,2,0
10,AA,13303,MIA,377,373,102,3,1
10,AA,13342,MKE,91,89,16,2,0
10,AA,13476,MRY,31,31,4,0,0
10,AA,13485,MSN,92,92,35,0,0
10,AA,13486,MSO,5,5,0,0,0
10,AA,13487,MSP,146,144,29,2,0
10,AA,13495,MSY,221,217,66,4,0
10,AA,13502,MTJ,32,30,6,1,1
10,AA,13577,MYR,24,24,10,0,0
10,AA,13830,OGG,31,31,8,0,0
10,AA,13851,OKC,153,152,43,1,0
10,AA,13871,OMA,102,102,33,0,0
10,AA,13891,ONT,180,177,60,2,1
10,AA,13930,ORD,334,331,91,2,1
10,AA,13931,ORF,76,76,11,0,0
10,AA,14027,PBI,77,77,17,0,0
10,AA,14057,PDX,176,172,82,4,0
10,AA,14100,PHL,272,270,81,2,0
10,AA,14107,PHX,378,371,103,6,1
10,AA,14122,PIT,136,136,23,0,0
10,AA,14193,PNS,106,104,28,2,0
10,AA,14262,PSP,87,85,22,2,0
10,AA,14321,PWM,12,12,2,0,0
10,AA,14492,RDU,192,191,53,1,0
10,AA,14524,RIC,103,103,28,0,0
10,AA,14570,RNO,92,91,26,0,1
10,AA,14635,RSW,77,75,21,2,0
10,AA,14679,SAN,281,270,95,5,6
10,AA,14683,SAT,306,300,91,6,0
10,AA,14685,SAV,77,77,25,0,0
10,AA,14689,SBA,31,31,3,0,0
10,AA,14698,SBP,31,31,5,0,0
10,AA,14730,SDF,112,108,41,4,0
10,AA,14747,SEA,226,224,81,1,1
10,AA,14771,SFO,254,246,83,6,2
10,AA,14831,SJC,92,92,24,0,0
10,AA,14843,SJU,29,29,5,0,0
10,AA,14869,SLC,184,181,78,2,1
10,AA,14893,SMF,145,141,41,3,1
10,AA,14908,SNA,260,255,50,3,2
10,AA,14986,SRQ,30,30,10,0,0
10,AA,15016,STL,147,145,43,2,0
10,AA,15096,SYR,31,30,11,1,0
10,AA,15304,TPA,158,156,49,2,0
10,AA,15370,TUL,152,149,43,3,0
10,AA,15376,TUS,159,158,51,1,0
10,AA,15380,TVC,5,5,1,0,0
10,AA,15412,TYS,118,114,27,4,0
10,AA,15624,VPS,108,107,21,1,0
10,AA,15919,XNA,71,69,23,2,0
10,AS,14057,PDX,48,47,10,1,0
10,AS,14747,SEA,149,147,40,2,0
10,B6,10721,BOS,31,31,19,0,0
10,DL,10397,ATL,248,246,37,2,0
10,DL,10721,BOS,85,85,31,0,0
10,DL,11433,DTW,124,123,9,1,0
10,DL,12478,JFK,31,30,3,1,0
10,DL,12892,LAX,62,62,5,0,0
10,DL,12953,LGA,197,190,67,5,2
10,DL,13487,MSP,123,123,30,0,0
10,DL,14747,SEA,62,61,13,1,0
10,DL,14869,SLC,124,124,20,0,0
10,F9,10397,ATL,68,68,18,0,0
10,F9,10693,BNA,10,10,3,0,0
10,F9,10821,BWI,22,21,5,0,1
10,F9,10994,CHS,7,7,1,0,0
10,F9,11042,CLE,11,11,0,0,0
10,F9,11057,CLT,18,18,3,0,0
10,F9,11193,CVG,18,18,5,0,0
10,F9,11292,DEN,103,103,20,0,0
10,F9,11433,DTW,20,20,4,0,0
10,F9,11540,ELP,11,10,2,1,0
10,F9,12264,IAD,14,13,2,1,0
10,F9,12339,IND,16,16,1,0,0
10,F9,12451,JAX,7,7,3,0,0
10,F9,12478,JFK,22,22,1,0,0
10,F9,12889,LAS,73,73,17,0,0
10,F9,12892,LAX,38,37,11,0,1
10,F9,12953,LGA,31,31,13,0,0
10,F9,13204,MCO,62,61,16,1,0
10,F9,13232,MDW,33,33,9,0,0
10,F9,13303,MIA,16,16,8,0,0
10,F9,13487,MSP,29,29,4,0,0
10,F9,13891,ONT,27,27,4,0,0
10,F9,13930,ORD,47,47,15,0,0
10,F9,13931,ORF,7,7,0,0,0
10,F9,14100,PHL,27,26,12,1,0
10,F9,14107,PHX,53,53,15,0,0
10,F9,14492,RDU,14,14,1,0,0
10,F9,14679,SAN,16,15,2,1,0
10,F9,14747,SEA,5,5,2,0,0
10,F9,14771,SFO,17,17,5,0,0
10,F9,14869,SLC,15,15,2,0,0
10,F9,15016,STL,10,10,0,0,0
10,F9,15304,TPA,15,15,3,0,0
10,F9,15376,TUS,7,7,0,0,0
10,MQ,10136,ABI,150,147,31,3,0
10,MQ,10140,ABQ,67,67,10,0,0
10,MQ,10155,ACT,61,60,13,1,0
10,MQ,10185,AEX,52,50,8,1,1
10,MQ,10279,AMA,202,202,27,0,0
10,MQ,10408,ATW,31,31,7,0,0
10,MQ,10423,AUS,64,62,13,2,0
10,MQ,10431,AVL,31,31,9,0,0
10,MQ,10599,BHM,103,101,14,2,0
10,MQ,10620,BIL,62,62,13,0,0
10,MQ,10627,BIS,62,62,18,0,0
10,MQ,10685,BMI,62,62,12,0,0
10,MQ,10693,BNA,19,19,4,0,0
10,MQ,10747,BRO,123,121,18,2,0
10,MQ,10781,BTR,33,33,4,0,0
10,MQ,10868,CAE,15,15,2,0,0
10,MQ,10980,CHA,5,5,0,0,0
10,MQ,10994,CHS,7,7,2,0,0
10,MQ,11003,CID,90,89,7,1,0
10,MQ,11042,CLE,2,2,0,0,0
10,MQ,11049,CLL,98,97,11,1,0
10,MQ,11066,CMH,42,42,9,0,0
10,MQ,11067,CMI,62,62,11,0,0
10,MQ,11109,COS,51,51,8,0,0
10,MQ,11111,COU,96,93,14,3,0
10,MQ,11140,CRP,210,208,29,2,0
10,MQ,11193,CVG,1,1,0,0,0
10,MQ,11423,DSM,42,40,2,2,0
10,MQ,11481,ECP,74,73,23,1,0
10,MQ,11540,ELP,50,50,9,0,0
10,MQ,11612,EVV,66,66,14,0,0
10,MQ,11637,FAR,92,92,9,0,0
10,MQ,11648,FCA,5,5,0,0,0
10,MQ,11775,FSD,25,25,4,0,0
10,MQ,11778,FSM,97,95,12,2,0
10,MQ,11823,FWA,92,92,17,0,0
10,MQ,11867,GCK,62,61,13,0,1
10,MQ,11905,GGG,62,62,10,0,0
10,MQ,11921,GJT,67,67,22,0,0
10,MQ,11953,GNV,63,62,6,0,1
10,MQ,11973,GPT,92,90,12,2,0
10,MQ,11982,GRK,118,115,19,3,0
10,MQ,11995,GSO,31,31,4,0,0
10,MQ,11996,GSP,15,15,1,0,0
10,MQ,12191,HOU,152,152,17,0,0
10,MQ,12206,HRL,61,59,7,2,0
10,MQ,12217,HSV,119,118,24,1,0
10,MQ,12266,IAH,92,90,16,2,0
10,MQ,12278,ICT,80,79,9,1,0
10,MQ,12448,JAN,122,119,22,3,0
10,MQ,12896,LBB,168,167,25,1,0
10,MQ,12915,LCH,62,62,8,0,0
10,MQ,12945,LEX,112,111,15,1,0
10,MQ,12951,LFT,96,96,19,0,0
10,MQ,12992,LIT,195,194,31,1,0
10,MQ,13061,LRD,123,122,21,1,0
10,MQ,13158,MAF,160,159,24,1,0
10,MQ,13198,MCI,67,67,4,0,0
10,MQ,13244,MEM,81,79,17,2,0
10,MQ,13256,MFE,27,27,9,0,0
10,MQ,13277,MGM,41,41,4,0,0
10,MQ,13367,MLI,67,67,4,0,0
10,MQ,13377,MLU,92,89,15,3,0
10,MQ,13422,MOB,30,28,5,2,0
10,MQ,13486,MSO,26,26,7,0,0
10,MQ,13495,MSY,7,7,0,0,0
10,MQ,13502,MTJ,5,5,0,0,0
10,MQ,13577,MYR,32,32,9,0,0
10,MQ,13851,OKC,121,119,17,2,0
10,MQ,13871,OMA,46,45,7,1,0
10,MQ,13930,ORD,27,27,9,0,0
10,MQ,14193,PNS,31,30,2,1,0
10,MQ,14457,RAP,92,91,17,1,0
10,MQ,14524,RIC,3,3,0,0,0
10,MQ,14683,SAT,23,23,8,0,0
10,MQ,14730,SDF,30,29,2,1,0
10,MQ,14783,SGF,287,285,46,1,1
10,MQ,14814,SHV,30,29,8,1,0
10,MQ,15016,STL,37,37,3,0,0
10,MQ,15023,STS,25,25,2,0,0
10,MQ,15323,TRI,62,62,15,0,0
10,MQ,15370,TUL,39,39,5,0,0
10,MQ,15376,TUS,7,7,2,0,0
10,MQ,15380,TVC,8,8,1,0,0
10,MQ,15401,TXK,62,61,13,1,0
10,MQ,15411,TYR,93,92,18,1,0
10,MQ,15919,XNA,164,161,31,3,0
10,NK,10397,ATL,31,31,3,0,0
10,NK,10821,BWI,10,10,3,0,0
10,NK,11433,DTW,31,31,2,0,0
10,NK,11618,EWR,31,30,14,1,0
10,NK,11697,FLL,78,78,19,0,0
10,NK,12339,IND,9,9,0,0,0
10,NK,12889,LAS,52,52,9,0,0
10,NK,12892,LAX,59,59,9,0,0
10,NK,12953,LGA,10,10,3,0,0
10,NK,13204,MCO,35,35,8,0,0
10,NK,13303,MIA,23,23,1,0,0
10,NK,13495,MSY,29,29,6,0,0
10,NK,13930,ORD,17,17,2,0,0
10,NK,14492,RDU,9,9,2,0,0
10,NK,14843,SJU,19,19,1,0,0
10,NK,15304,TPA,9,8,6,1,0
10,OH,10208,AGS,57,54,12,3,0
10,OH,10599,BHM,60,60,12,0,0
10,OH,10693,BNA,10,10,2,0,0
10,OH,10781,BTR,175,171,23,4,0
10,OH,10868,CAE,62,61,11,1,0
10,OH,10980,CHA,129,126,34,3,0
10,OH,11003,CID,27,27,4,0,0
10,OH,11267,DAY,119,118,17,1,0
10,OH,11423,DSM,5,5,1,0,0
10,OH,11481,ECP,32,32,0,0,0
10,OH,11612,EVV,26,26,4,0,0
10,OH,11996,GSP,31,31,3,0,0
10,OH,12206,HRL,62,59,8,3,0
10,OH,12217,HSV,9,9,1,0,0
10,OH,12278,ICT,140,138,30,2,0
10,OH,12448,JAN,5,5,0,0,0
10,OH,12891,LAW,92,90,12,2,0
10,OH,12945,LEX,36,35,10,1,0
10,OH,12951,LFT,58,56,14,2,0
10,OH,13158,MAF,5,5,0,0,0
10,OH,13244,MEM,5,5,2,0,0
10,OH,13277,MGM,24,23,2,1,0
10,OH,13342,MKE,1,1,0,0,0
10,OH,13422,MOB,84,84,12,0,0
10,OH,13495,MSY,1,1,0,0,0
10,OH,13577,MYR,5,5,0,0,0
10,OH,13851,OKC,8,7,2,1,0
10,OH,14108,PIA,92,89,10,3,0
10,OH,14193,PNS,2,2,0,0,0
10,OH,14730,SDF,28,28,0,0,0
10,OH,14814,SHV,27,27,1,0,0
10,OH,15249,TLH,92,92,14,0,0
10,OH,15370,TUL,34,32,4,2,0
10,OH,15412,TYS,36,36,11,0,0
10,OH,15919,XNA,30,30,4,0,0
10,OO,10155,ACT,31,31,3,0,0
10,OO,10185,AEX,40,39,6,1,0
10,OO,10279,AMA,25,24,6,1,0
10,OO,10372,ASE,67,64,14,0,3
10,OO,10423,AUS,35,34,14,1,0
10,OO,10599,BHM,36,36,9,0,0
10,OO,10728,BPT,62,61,12,1,0
10,OO,10980,CHA,5,5,0,0,0
10,OO,11049,CLL,26,25,7,1,0
10,OO,11109,COS,41,41,15,0,0
10,OO,11111,COU,13,13,5,0,0
10,OO,11413,DRO,30,30,4,0,0
10,OO,11540,ELP,26,25,5,0,1
10,OO,11695,FLG,57,57,14,0,0
10,OO,11775,FSD,5,5,0,0,0
10,OO,11921,GJT,25,24,7,1,0
10,OO,11980,GRI,61,58,14,2,1
10,OO,11982,GRK,55,54,14,1,0
10,OO,12007,GTR,33,32,4,1,0
10,OO,12191,HOU,43,42,19,1,0
10,OO,12217,HSV,25,24,5,1,0
10,OO,12278,ICT,5,5,0,0,0
10,OO,12280,IDA,62,62,23,0,0
10,OO,12448,JAN,41,41,11,0,0
10,OO,12896,LBB,57,57,12,0,0
10,OO,12915,LCH,30,29,7,1,0
10,OO,12992,LIT,30,29,5,1,0
10,OO,13158,MAF,112,112,31,0,0
10,OO,13256,MFE,35,35,3,0,0
10,OO,13277,MGM,26,26,4,0,0
10,OO,13290,MHK,92,91,28,1,0
10,OO,13367,MLI,25,25,4,0,0
10,OO,13851,OKC,7,7,0,0,0
10,OO,14107,PHX,1,1,0,0,0
10,OO,14314,PVU,62,62,18,0,0
10,OO,14588,ROW,62,61,12,1,0
10,OO,14674,SAF,185,182,50,3,0
10,OO,14683,SAT,55,54,12,1,0
10,OO,14696,SBN,93,93,27,0,0
10,OO,14730,SDF,26,26,5,0,0
10,OO,14794,SGU,62,62,13,0,0
10,OO,14814,SHV,124,122,24,2,0
10,OO,14842,SJT,92,89,18,3,0
10,OO,14960,SPS,62,61,9,1,0
10,OO,15016,STL,15,15,8,0,0
10,OO,15074,SWO,62,62,11,0,0
10,OO,15370,TUL,30,29,3,0,1
10,OO,15919,XNA,31,30,4,1,0
10,OO,16218,YUM,31,31,8,0,0
10,UA,11292,DEN,167,165,33,1,1
10,UA,11618,EWR,152,151,50,1,0
10,UA,12264,IAD,79,79,14,0,0
10,UA,12266,IAH,211,211,69,0,0
10,UA,13930,ORD,181,179,42,1,1
10,UA,14771,SFO,83,83,16,0,0
11,AA,10140,ABQ,143,139,47,4,0
11,AA,10257,ALB,21,20,12,1,0
11,AA,10279,AMA,31,31,15,0,0
11,AA,10299,ANC,30,29,8,1,0
11,AA,10397,ATL,213,207,48,6,0
11,AA,10423,AUS,388,376,134,12,0
11,AA,10431,AVL,29,28,8,1,0
11,AA,10529,BDL,43,41,14,2,0
11,AA,10561,BFL,30,30,11,0,0
11,AA,10599,BHM,45,43,16,2,0
11,AA,10693,BNA,235,227,65,8,0
11,AA,10713,BOI,59,57,17,2,0
11,AA,10721,BOS,202,197,57,5,0
11,AA,10792,BUF,58,56,28,2,0
11,AA,10800,BUR,59,58,17,1,0
11,AA,10821,BWI,72,70,22,2,0
11,AA,10849,BZN,30,30,9,0,0
11,AA,10994,CHS,72,70,19,2,0
11,AA,11003,CID,39,33,14,6,0
11,AA,11042,CLE,119,116,46,3,0
11,AA,11057,CLT,291,286,66,5,0
11,AA,11066,CMH,93,90,20,3,0
11,AA,11109,COS,88,86,23,2,0
11,AA,11193,CVG,112,109,32,3,0
11,AA,11278,DCA,264,262,86,2,0
11,AA,11292,DEN,219,212,57,7,0
11,AA,11413,DRO,2,2,1,0,0
11,AA,11423,DSM,108,102,38,6,0
11,AA,11433,DTW,128,125,40,3,0
11,AA,11503,EGE,30,29,11,1,0
11,AA,11540,ELP,173,169,69,4,0
11,AA,11618,EWR,116,110,36,5,1
11,AA,11624,EYW,29,27,7,1,1
11,AA,11638,FAT,96,94,35,2,0
11,AA,11697,FLL,145,139,32,6,0
11,AA,11775,FSD,57,54,30,3,0
11,AA,11884,GEG,38,37,14,1,0
11,AA,11986,GRR,59,57,16,2,0
11,AA,11995,GSO,59,56,18,3,0
11,AA,11996,GSP,59,56,15,2,1
11,AA,12173,HNL,54,53,11,1,0
11,AA,12217,HSV,1,1,0,0,0
11,AA,12264,IAD,58,57,23,1,0
11,AA,12266,IAH,238,230,93,8,0
11,AA,12278,ICT,81,79,33,2,0
11,AA,12323,ILM,58,55,25,3,0
11,AA,12339,IND,153,151,48,2,0
11,AA,12441,JAC,30,28,5,2,0
11,AA,12451,JAX,131,127,33,4,0
11,AA,12478,JFK,118,116,21,2,0
11,AA,12758,KOA,10,10,2,0,0
11,AA,12889,LAS,330,318,101,12,0
11,AA,12892,LAX,376,365,94,11,0
11,AA,12896,LBB,55,52,17,3,0
11,AA,12945,LEX,54,53,24,0,1
11,AA,12953,LGA,340,327,138,11,2
11,AA,12992,LIT,57,55,23,2,0
11,AA,13198,MCI,210,201,64,9,0
11,AA,13204,MCO,275,268,97,7,0
11,AA,13230,MDT,29,29,13,0,0
11,AA,13244,MEM,156,152,61,4,0
11,AA,13256,MFE,155,149,47,6,0
11,AA,13303,MIA,371,365,110,6,0
11,AA,13342,MKE,86,82,26,4,0
11,AA,13476,MRY,29,27,7,2,0
11,AA,13485,MSN,88,85,32,2,1
11,AA,13487,MSP,130,125,37,5,0
11,AA,13495,MSY,209,201,50,8,0
11,AA,13502,MTJ,1,1,0,0,0
11,AA,13577,MYR,29,28,14,1,0
11,AA,13830,OGG,41,41,14,0,0
11,AA,13851,OKC,159,155,50,4,0
11,AA,13871,OMA,98,94,27,4,0
11,AA,13891,ONT,159,154,46,5,0
11,AA,13930,ORD,349,325,120,24,0
11,AA,13931,ORF,72,67,27,5,0
11,AA,14027,PBI,127,124,34,2,1
11,AA,14057,PDX,151,147,50,4,0
11,AA,14100,PHL,258,251,66,7,0
11,AA,14107,PHX,348,340,109,8,0
11,AA,14122,PIT,115,112,31,3,0
11,AA,14193,PNS,88,85,37,3,0
11,AA,14262,PSP,87,85,17,2,0
11,AA,14492,RDU,186,183,40,3,0
11,AA,14524,RIC,82,78,18,4,0
11,AA,14570,RNO,95,91,15,4,0
11,AA,14635,RSW,109,107,31,2,0
11,AA,14679,SAN,241,229,72,10,2
11,AA,14683,SAT,314,303,109,10,1
11,AA,14685,SAV,72,69,17,2,1
11,AA,14689,SBA,29,29,7,0,0
11,AA,14698,SBP,29,28,7,1,0
11,AA,14730,SDF,115,111,36,3,1
11,AA,14747,SEA,213,207,63,6,0
11,AA,14771,SFO,247,242,69,5,0
11,AA,14831,SJC,86,84,17,2,0
11,AA,14843,SJU,56,56,7,0,0
11,AA,14869,SLC,174,170,52,4,0
11,AA,14893,SMF,129,125,36,4,0
11,AA,14908,SNA,214,209,48,5,0
11,AA,14986,SRQ,28,27,11,1,0
11,AA,15016,STL,165,158,50,7,0
11,AA,15024,STT,4,4,3,0,0
11,AA,15096,SYR,29,29,15,0,0
11,AA,15304,TPA,214,207,65,7,0
11,AA,15370,TUL,135,131,39,4,0
11,AA,15376,TUS,203,198,41,5,0
11,AA,15412,TYS,116,114,36,2,0
11,AA,15624,VPS,59,57,22,2,0
11,AA,15919,XNA,53,53,22,0,0
11,AS,14057,PDX,51,51,9,0,0
11,AS,14747,SEA,135,133,29,2,0
11,B6,10721,BOS,30,29,6,1,0
11,DL,10397,ATL,240,234,44,6,0
11,DL,10721,BOS,60,60,11,0,0
11,DL,11433,DTW,120,118,22,2,0
11,DL,12478,JFK,30,29,5,1,0
11,DL,12892,LAX,60,56,5,3,1
11,DL,12953,LGA,185,180,65,4,1
11,DL,13487,MSP,120,119,19,1,0
11,DL,14747,SEA,60,60,12,0,0
11,DL,14869,SLC,120,119,12,1,0
11,F9,10397,ATL,71,68,29,3,0
11,F9,10693,BNA,10,10,3,0,0
11,F9,10821,BWI,24,24,5,0,0
11,F9,10994,CHS,8,8,2,0,0
11,F9,11042,CLE,9,9,2,0,0
11,F9,11057,CLT,19,19,2,0,0
11,F9,11193,CVG,16,15,2,1,0
11,F9,11292,DEN,92,90,15,2,0
11,F9,11433,DTW,21,21,7,0,0
11,F9,11540,ELP,11,11,4,0,0
11,F9,11697,FLL,5,5,2,0,0
11,F9,12264,IAD,7,7,2,0,0
11,F9,12339,IND,12,12,3,0,0
11,F9,12451,JAX,11,11,2,0,0
11,F9,12478,JFK,30,30,1,0,0
11,F9,12889,LAS,59,59,10,0,0
11,F9,12892,LAX,37,34,6,3,0
11,F9,12953,LGA,26,24,11,2,0
11,F9,13204,MCO,59,58,15,1,0
11,F9,13232,MDW,32,30,11,1,1
11,F9,13303,MIA,27,27,12,0,0
11,F9,13487,MSP,19,19,3,0,0
11,F9,13891,ONT,29,28,7,0,1
11,F9,13930,ORD,52,49,16,3,0
11,F9,13931,ORF,6,6,2,0,0
11,F9,14100,PHL,27,27,6,0,0
11,F9,14107,PHX,49,48,16,1,0
11,F9,14492,RDU,18,18,7,0,0
11,F9,14679,SAN,20,19,12,1,0
11,F9,14747,SEA,4,4,2,0,0
11,F9,14771,SFO,18,18,5,0,0
11,F9,14869,SLC,11,11,3,0,0
11,F9,15016,STL,9,9,2,0,0
11,F9,15304,TPA,16,16,3,0,0
11,F9,15376,TUS,8,8,2,0,0
11,MQ,10136,ABI,142,136,23,6,0
11,MQ,10140,ABQ,2,2,1,0,0
11,MQ,10155,ACT,30,25,3,5,0
11,MQ,10185,AEX,85,78,9,7,0
11,MQ,10279,AMA,125,116,14,8,1
11,MQ,10408,ATW,30,29,5,0,1
11,MQ,10423,AUS,9,8,2,1,0
11,MQ,10431,AVL,30,30,4,0,0
11,MQ,10599,BHM,33,31,2,2,0
11,MQ,10620,BIL,59,59,7,0,0
11,MQ,10627,BIS,59,58,10,1,0
11,MQ,10685,BMI,59,56,9,3,0
11,MQ,10693,BNA,5,5,2,0,0
11,MQ,10747,BRO,126,116,16,10,0
11,MQ,10781,BTR,25,24,2,1,0
11,MQ,10868,CAE,41,40,3,1,0
11,MQ,10994,CHS,28,28,2,0,0
11,MQ,11003,CID,20,20,1,0,0
11,MQ,11049,CLL,113,107,11,5,1
11,MQ,11066,CMH,65,65,11,0,0
11,MQ,11067,CMI,59,56,6,2,1
11,MQ,11109,COS,4,4,1,0,0
11,MQ,11111,COU,102,95,15,6,1
11,MQ,11140,CRP,109,106,12,3,0
11,MQ,11193,CVG,4,4,1,0,0
11,MQ,11423,DSM,6,6,0,0,0
11,MQ,11433,DTW,2,2,0,0,0
11,MQ,11481,ECP,59,58,8,0,1
11,MQ,11540,ELP,50,48,7,2,0
11,MQ,11612,EVV,87,83,9,4,0
11,MQ,11637,FAR,87,85,12,2,0
11,MQ,11775,FSD,30,28,5,2,0
11,MQ,11778,FSM,98,89,14,9,0
11,MQ,11823,FWA,30,28,3,2,0
11,MQ,11867,GCK,2,2,1,0,0
11,MQ,11905,GGG,59,54,4,5,0
11,MQ,11921,GJT,86,85,13,1,0
11,MQ,11953,GNV,60,59,7,1,0
11,MQ,11973,GPT,43,42,5,1,0
11,MQ,11982,GRK,145,135,18,10,0
11,MQ,11986,GRR,13,11,0,2,0
11,MQ,11995,GSO,2,2,0,0,0
11,MQ,11996,GSP,13,13,1,0,0
11,MQ,12191,HOU,39,35,3,4,0
11,MQ,12206,HRL,107,104,14,3,0
11,MQ,12217,HSV,60,56,8,4,0
11,MQ,12266,IAH,30,28,4,2,0
11,MQ,12278,ICT,104,93,15,11,0
11,MQ,12339,IND,2,2,0,0,0
11,MQ,12448,JAN,16,15,3,1,0
11,MQ,12896,LBB,115,114,17,1,0
11,MQ,12915,LCH,86,79,10,6,1
11,MQ,12945,LEX,6,6,1,0,0
11,MQ,12951,LFT,3,3,0,0,0
11,MQ,12992,LIT,104,96,17,8,0
11,MQ,13061,LRD,118,110,18,8,0
11,MQ,13158,MAF,200,191,26,8,1
11,MQ,13198,MCI,2,2,1,0,0
11,MQ,13244,MEM,3,3,0,0,0
11,MQ,13256,MFE,38,37,3,1,0
11,MQ,13277,MGM,1,1,0,0,0
11,MQ,13290,MHK,84,81,13,3,0
11,MQ,13342,MKE,2,2,0,0,0
11,MQ,13367,MLI,59,57,9,2,0
11,MQ,13377,MLU,87,82,16,4,1
11,MQ,13422,MOB,95,88,7,6,1
11,MQ,13486,MSO,30,30,6,0,0
11,MQ,13495,MSY,4,4,1,0,0
11,MQ,13502,MTJ,29,29,5,0,0
11,MQ,13577,MYR,2,2,0,0,0
11,MQ,13851,OKC,51,50,2,1,0
11,MQ,13871,OMA,36,36,3,0,0
11,MQ,13930,ORD,1,1,0,0,0
11,MQ,13931,ORF,9,9,2,0,0
11,MQ,14108,PIA,53,49,5,4,0
11,MQ,14193,PNS,2,2,0,0,0
11,MQ,14457,RAP,60,59,12,1,0
11,MQ,14524,RIC,18,18,0,0,0
11,MQ,14730,SDF,1,1,0,0,0
11,MQ,14783,SGF,193,186,28,6,1
11,MQ,14814,SHV,19,16,1,3,0
11,MQ,14960,SPS,57,52,6,5,0
11,MQ,14986,SRQ,1,1,0,0,0
11,MQ,15016,STL,32,29,5,2,1
11,MQ,15023,STS,27,27,1,0,0
11,MQ,15249,TLH,11,9,3,0,2
11,MQ,15323,TRI,59,58,9,1,0
11,MQ,15370,TUL,63,59,7,4,0
11,MQ,15376,TUS,14,14,2,0,0
11,MQ,15401,TXK,59,56,5,3,0
11,MQ,15411,TYR,3,3,0,0,0
11,MQ,15624,VPS,14,13,3,1,0
11,MQ,15919,XNA,226,219,25,7,0
11,MQ,16218,YUM,29,29,7,0,0
11,NK,10397,ATL,29,29,11,0,0
11,NK,10821,BWI,11,11,2,0,0
11,NK,11433,DTW,29,28,2,1,0
11,NK,11618,EWR,31,31,5,0,0
11,NK,11697,FLL,57,54,9,3,0
11,NK,12889,LAS,31,31,8,0,0
11,NK,12892,LAX,59,59,15,0,0
11,NK,12953,LGA,31,31,14,0,0
11,NK,13204,MCO,40,39,8,1,0
11,NK,13303,MIA,23,23,1,0,0
11,NK,13495,MSY,14,14,6,0,0
11,NK,13930,ORD,27,27,4,0,0
11,NK,14843,SJU,21,21,5,0,0
11,OH,10208,AGS,59,57,10,2,0
11,OH,10599,BHM,110,105,19,5,0
11,OH,10693,BNA,4,4,2,0,0
11,OH,10781,BTR,135,127,31,8,0
11,OH,10868,CAE,31,30,7,1,0
11,OH,10980,CHA,145,142,24,3,0
11,OH,11003,CID,30,27,7,2,1
11,OH,11140,CRP,29,28,3,1,0
11,OH,11267,DAY,116,114,28,2,0
11,OH,11423,DSM,2,2,0,0,0
11,OH,11481,ECP,30,29,9,1,0
11,OH,11612,EVV,1,1,1,0,0
11,OH,11823,FWA,57,54,18,3,0
11,OH,11973,GPT,43,40,13,2,1
11,OH,11996,GSP,29,28,3,1,0
11,OH,12191,HOU,112,106,22,6,0
11,OH,12206,HRL,37,31,5,6,0
11,OH,12217,HSV,113,107,26,6,0
11,OH,12266,IAH,4,4,2,0,0
11,OH,12278,ICT,30,30,12,0,0
11,OH,12448,JAN,116,108,18,8,0
11,OH,12891,LAW,87,82,22,5,0
11,OH,12896,LBB,29,28,8,1,0
11,OH,12945,LEX,27,25,8,2,0
11,OH,12951,LFT,143,139,35,4,0
11,OH,12992,LIT,27,26,5,1,0
11,OH,13158,MAF,15,14,1,1,0
11,OH,13198,MCI,1,1,1,0,0
11,OH,13277,MGM,85,80,23,5,0
11,OH,13367,MLI,28,25,5,3,0
11,OH,13422,MOB,6,6,3,0,0
11,OH,13495,MSY,3,3,2,0,0
11,OH,13851,OKC,5,5,1,0,0
11,OH,14108,PIA,34,33,13,1,0
11,OH,14193,PNS,12,12,6,0,0
11,OH,14696,SBN,28,26,7,2,0
11,OH,14730,SDF,41,36,4,5,0
11,OH,14783,SGF,73,67,11,6,0
11,OH,14814,SHV,1,1,1,0,0
11,OH,15074,SWO,57,54,20,2,1
11,OH,15249,TLH,76,74,12,2,0
11,OH,15370,TUL,4,4,1,0,0
11,OH,15412,TYS,1,1,0,0,0
11,OH,15624,VPS,28,28,3,0,0
11,OH,15919,XNA,7,6,3,1,0
11,OO,10140,ABQ,30,29,7,1,0
11,OO,10155,ACT,57,50,15,7,0
11,OO,10185,AEX,2,2,0,0,0
11,OO,10279,AMA,31,29,6,2,0
11,OO,10372,ASE,59,56,13,1,2
11,OO,10423,AUS,1,1,1,0,0
11,OO,10599,BHM,1,1,0,0,0
11,OO,10693,BNA,2,2,1,0,0
11,OO,10728,BPT,59,58,14,1,0
11,OO,11049,CLL,1,1,1,0,0
11,OO,11109,COS,55,51,11,4,0
11,OO,11140,CRP,41,35,6,6,0
11,OO,11193,CVG,2,2,0,0,0
11,OO,11413,DRO,85,81,18,3,1
11,OO,11540,ELP,1,1,1,0,0
11,OO,11695,FLG,30,28,3,1,1
11,OO,11867,GCK,57,53,16,2,2
11,OO,11921,GJT,1,1,1,0,0
11,OO,11980,GRI,58,56,16,2,0
11,OO,11982,GRK,28,22,5,5,1
11,OO,12007,GTR,30,29,3,1,0
11,OO,12191,HOU,28,23,2,5,0
11,OO,12217,HSV,1,1,0,0,0
11,OO,12266,IAH,1,1,0,0,0
11,OO,12280,IDA,30,30,5,0,0
11,OO,12448,JAN,14,12,5,2,0
11,OO,12896,LBB,2,2,0,0,0
11,OO,12915,LCH,1,1,0,0,0
11,OO,12951,LFT,2,2,1,0,0
11,OO,12992,LIT,29,28,3,1,0
11,OO,13158,MAF,30,25,3,5,0
11,OO,13198,MCI,4,4,3,0,0
11,OO,13256,MFE,3,3,1,0,0
11,OO,13277,MGM,1,1,0,0,0
11,OO,13290,MHK,3,3,2,0,0
11,OO,13367,MLI,1,1,0,0,0
11,OO,13851,OKC,33,30,1,2,1
11,OO,13871,OMA,2,2,1,0,0
11,OO,14314,PVU,59,56,14,2,1
11,OO,14588,ROW,59,58,9,0,1
11,OO,14674,SAF,118,115,24,2,1
11,OO,14683,SAT,30,29,2,1,0
11,OO,14696,SBN,60,59,11,1,0
11,OO,14730,SDF,1,1,0,0,0
11,OO,14794,SGU,59,59,12,0,0
11,OO,14814,SHV,130,122,30,8,0
11,OO,14842,SJT,87,80,15,5,2
11,OO,14960,SPS,2,2,0,0,0
11,OO,15016,STL,3,3,0,0,0
11,OO,15074,SWO,2,2,0,0,0
11,OO,15370,TUL,16,14,3,2,0
11,OO,15411,TYR,84,72,13,11,1
11,OO,15919,XNA,1,1,0,0,0
11,OO,16218,YUM,1,1,1,0,0
11,UA,11292,DEN,157,153,31,4,0
11,UA,11618,EWR,163,158,53,4,1
11,UA,12264,IAD,78,78,13,0,0
11,UA,12266,IAH,201,188,48,13,0
11,UA,13930,ORD,162,153,44,7,2
11,UA,14771,SFO,61,61,18,0,0
12,AA,10140,ABQ,153,152,60,0,1
12,AA,10257,ALB,14,13,7,1,0
12,AA,10279,AMA,1,1,1,0,0
12,AA,10299,ANC,16,16,8,0,0
12,AA,10397,ATL,222,222,59,0,0
12,AA,10423,AUS,379,379,127,0,0
12,AA,10431,AVL,31,31,11,0,0
12,AA,10529,BDL,47,45,22,0,2
12,AA,10561,BFL,31,29,18,0,2
12,AA,10599,BHM,23,23,12,0,0
12,AA,10693,BNA,243,243,62,0,0
12,AA,10713,BOI,62,62,24,0,0
12,AA,10721,BOS,204,204,45,0,0
12,AA,10792,BUF,38,37,20,1,0
12,AA,10800,BUR,62,61,19,0,1
12,AA,10821,BWI,75,75,22,0,0
12,AA,10849,BZN,43,43,13,0,0
12,AA,10994,CHS,78,78,22,0,0
12,AA,11003,CID,71,68,32,1,2
12,AA,11042,CLE,131,129,50,2,0
12,AA,11057,CLT,303,303,65,0,0
12,AA,11066,CMH,105,104,35,0,1
12,AA,11109,COS,97,96,34,0,1
12,AA,11193,CVG,118,118,33,0,0
12,AA,11278,DCA,274,273,68,0,1
12,AA,11292,DEN,242,240,90,0,2
12,AA,11423,DSM,81,81,42,0,0
12,AA,11433,DTW,137,136,55,0,1
12,AA,11503,EGE,71,70,39,0,1
12,AA,11540,ELP,179,177,63,2,0
12,AA,11618,EWR,119,116,44,2,1
12,AA,11624,EYW,30,30,9,0,0
12,AA,11638,FAT,104,104,25,0,0
12,AA,11697,FLL,183,183,52,0,0
12,AA,11775,FSD,60,59,29,0,1
12,AA,11884,GEG,41,41,23,0,0
12,AA,11986,GRR,73,71,35,1,1
12,AA,11995,GSO,59,59,33,0,0
12,AA,11996,GSP,60,59,28,0,1
12,AA,12094,HDN,26,25,15,0,1
12,AA,12173,HNL,57,57,14,0,0
12,AA,12264,IAD,60,60,18,0,0
12,AA,12266,IAH,240,239,97,1,0
12,AA,12278,ICT,60,60,30,0,0
12,AA,12323,ILM,60,60,34,0,0
12,AA,12339,IND,138,137,51,0,1
12,AA,12441,JAC,43,42,19,0,1
12,AA,12451,JAX,149,149,56,0,0
12,AA,12478,JFK,120,119,33,1,0
12,AA,12758,KOA,25,25,9,0,0
12,AA,12889,LAS,343,343,96,0,0
12,AA,12892,LAX,378,378,116,0,0
12,AA,12896,LBB,46,46,20,0,0
12,AA,12945,LEX,60,60,22,0,0
12,AA,12953,LGA,329,320,135,7,2
12,AA,12992,LIT,59,59,32,0,0
12,AA,13198,MCI,187,184,74,1,2
12,AA,13204,MCO,300,299,90,0,1
12,AA,13230,MDT,31,31,12,0,0
12,AA,13244,MEM,141,141,63,0,0
12,AA,13256,MFE,164,163,68,1,0
12,AA,13303,MIA,349,349,109,0,0
12,AA,13342,MKE,91,91,33,0,0
12,AA,13476,MRY,16,16,1,0,0
12,AA,13485,MSN,93,93,39,0,0
12,AA,13487,MSP,136,135,63,0,1
12,AA,13495,MSY,191,190,71,0,1
12,AA,13502,MTJ,28,28,7,0,0
12,AA,13577,MYR,31,31,12,0,0
12,AA,13830,OGG,47,47,13,0,0
12,AA,13851,OKC,147,146,50,0,1
12,AA,13871,OMA,110,109,39,0,1
12,AA,13891,ONT,168,168,49,0,0
12,AA,13930,ORD,341,339,125,1,1
12,AA,13931,ORF,78,76,30,0,2
12,AA,14027,PBI,126,126,42,0,0
12,AA,14057,PDX,159,159,61,0,0
12,AA,14100,PHL,251,247,70,4,0
12,AA,14107,PHX,371,371,84,0,0
12,AA,14122,PIT,128,128,33,0,0
12,AA,14193,PNS,103,101,48,0,2
12,AA,14262,PSP,89,89,19,0,0
12,AA,14492,RDU,182,182,61,0,0
12,AA,14524,RIC,86,85,19,0,1
12,AA,14570,RNO,102,100,29,0,2
12,AA,14635,RSW,123,123,47,0,0
12,AA,14679,SAN,258,256,73,0,2
12,AA,14683,SAT,319,318,110,0,1
12,AA,14685,SAV,78,78,28,0,0
12,AA,14689,SBA,31,30,9,0,1
12,AA,14698,SBP,31,30,7,0,1
12,AA,14730,SDF,106,106,43,0,0
12,AA,14747,SEA,249,248,112,0,1
12,AA,14771,SFO,255,255,98,0,0
12,AA,14831,SJC,91,91,26,0,0
12,AA,14843,SJU,72,72,23,0,0
12,AA,14869,SLC,189,189,62,0,0
12,AA,14893,SMF,137,136,36,0,1
12,AA,14908,SNA,224,220,62,0,4
12,AA,14986,SRQ,31,31,9,0,0
12,AA,15016,STL,160,159,57,1,0
12,AA,15024,STT,4,4,2,0,0
12,AA,15096,SYR,31,31,17,0,0
12,AA,15304,TPA,228,228,66,0,0
12,AA,15370,TUL,122,122,51,0,0
12,AA,15376,TUS,200,200,67,0,0
12,AA,15412,TYS,108,108,29,0,0
12,AA,15624,VPS,64,64,27,0,0
12,AA,15919,XNA,54,54,22,0,0
12,AS,14057,PDX,54,54,13,0,0
12,AS,14747,SEA,140,138,44,2,0
12,B6,10721,BOS,29,27,10,1,1
12,DL,10397,ATL,240,229,38,11,0
12,DL,10721,BOS,57,54,12,3,0
12,DL,11433,DTW,117,115,22,2,0
12,DL,12478,JFK,31,27,7,4,0
12,DL,12892,LAX,62,62,5,0,0
12,DL,12953,LGA,165,147,47,17,1
12,DL,13487,MSP,124,122,28,2,0
12,DL,14747,SEA,59,58,18,1,0
12,DL,14869,SLC,125,124,24,1,0
12,F9,10397,ATL,77,75,24,2,0
12,F9,10693,BNA,8,8,0,0,0
12,F9,10821,BWI,19,19,6,0,0
12,F9,10994,CHS,1,1,0,0,0
12,F9,11042,CLE,13,13,0,0,0
12,F9,11057,CLT,19,18,3,1,0
12,F9,11193,CVG,15,14,5,1,0
12,F9,11292,DEN,85,84,21,0,1
12,F9,11433,DTW,19,19,2,0,0
12,F9,11540,ELP,5,5,3,0,0
12,F9,11697,FLL,10,9,4,1,0
12,F9,12264,IAD,1,1,0,0,0
12,F9,12339,IND,8,8,3,0,0
12,F9,12451,JAX,11,11,3,0,0
12,F9,12478,JFK,23,22,0,1,0
12,F9,12889,LAS,71,65,6,6,0
12,F9,12892,LAX,35,35,6,0,0
12,F9,12953,LGA,17,16,3,1,0
12,F9,13204,MCO,56,56,16,0,0
12,F9,13232,MDW,20,19,5,1,0
12,F9,13303,MIA,22,21,8,1,0
12,F9,13487,MSP,14,14,5,0,0
12,F9,13891,ONT,33,31,3,2,0
12,F9,13930,ORD,34,32,10,2,0
12,F9,14100,PHL,22,21,7,1,0
12,F9,14107,PHX,48,48,9,0,0
12,F9,14492,RDU,21,21,2,0,0
12,F9,14679,SAN,23,22,6,0,1
12,F9,14747,SEA,5,5,2,0,0
12,F9,14771,SFO,11,10,2,1,0
12,F9,14843,SJU,14,13,7,1,0
12,F9,14869,SLC,15,13,0,2,0
12,F9,15016,STL,1,1,0,0,0
12,F9,15304,TPA,23,22,4,1,0
12,F9,15376,TUS,8,8,2,0,0
12,MQ,10136,ABI,148,148,27,0,0
12,MQ,10155,ACT,31,31,5,0,0
12,MQ,10185,AEX,91,90,17,0,1
12,MQ,10279,AMA,130,130,18,0,0
12,MQ,10397,ATL,2,2,0,0,0
12,MQ,10408,ATW,31,31,2,0,0
12,MQ,10423,AUS,2,2,0,0,0
12,MQ,10431,AVL,30,30,5,0,0
12,MQ,10599,BHM,33,33,4,0,0
12,MQ,10620,BIL,62,60,10,1,1
12,MQ,10627,BIS,62,61,15,1,0
12,MQ,10685,BMI,62,61,6,1,0
12,MQ,10693,BNA,8,8,1,0,0
12,MQ,10747,BRO,107,106,12,0,1
12,MQ,10781,BTR,31,31,0,0,0
12,MQ,10821,BWI,2,2,0,0,0
12,MQ,10868,CAE,61,61,15,0,0
12,MQ,10980,CHA,13,13,0,0,0
12,MQ,10994,CHS,30,30,2,0,0
12,MQ,11003,CID,16,14,1,2,0
12,MQ,11042,CLE,2,2,0,0,0
12,MQ,11049,CLL,95,95,12,0,0
12,MQ,11066,CMH,52,52,7,0,0
12,MQ,11067,CMI,62,58,11,2,2
12,MQ,11109,COS,18,18,1,0,0
12,MQ,11111,COU,96,94,12,1,1
12,MQ,11140,CRP,111,111,15,0,0
12,MQ,11193,CVG,4,4,1,0,0
12,MQ,11292,DEN,12,12,2,0,0
12,MQ,11423,DSM,31,29,8,2,0
12,MQ,11481,ECP,62,59,6,1,2
12,MQ,11540,ELP,49,49,8,0,0
12,MQ,11612,EVV,65,65,7,0,0
12,MQ,11637,FAR,91,88,14,2,1
12,MQ,11775,FSD,29,28,5,0,1
12,MQ,11778,FSM,93,92,18,0,1
12,MQ,11823,FWA,30,30,7,0,0
12,MQ,11905,GGG,60,59,13,0,1
12,MQ,11921,GJT,91,91,14,0,0
12,MQ,11953,GNV,60,60,7,0,0
12,MQ,11973,GPT,53,53,6,0,0
12,MQ,11982,GRK,95,95,20,0,0
12,MQ,11986,GRR,5,5,0,0,0
12,MQ,11996,GSP,11,11,0,0,0
12,MQ,12191,HOU,58,58,8,0,0
12,MQ,12206,HRL,142,141,23,0,1
12,MQ,12217,HSV,79,79,12,0,0
12,MQ,12266,IAH,50,50,11,0,0
12,MQ,12278,ICT,108,106,17,0,2
12,MQ,12448,JAN,9,8,0,0,1
12,MQ,12896,LBB,107,107,22,0,0
12,MQ,12915,LCH,91,88,19,1,2
12,MQ,12945,LEX,17,17,3,0,0
12,MQ,12951,LFT,8,8,4,0,0
12,MQ,12992,LIT,97,95,18,1,1
12,MQ,13061,LRD,131,131,20,0,0
12,MQ,13158,MAF,180,179,23,0,1
12,MQ,13198,MCI,25,25,4,0,0
12,MQ,13244,MEM,12,12,1,0,0
12,MQ,13256,MFE,34,34,5,0,0
12,MQ,13290,MHK,91,88,12,0,3
12,MQ,13342,MKE,2,2,0,0,0
12,MQ,13367,MLI,34,34,0,0,0
12,MQ,13377,MLU,91,91,11,0,0
12,MQ,13422,MOB,77,76,11,0,1
12,MQ,13486,MSO,31,31,15,0,0
12,MQ,13487,MSP,2,2,0,0,0
12,MQ,13495,MSY,7,7,1,0,0
12,MQ,13502,MTJ,17,17,2,0,0
12,MQ,13851,OKC,73,73,15,0,0
12,MQ,13871,OMA,19,19,2,0,0
12,MQ,13930,ORD,2,2,0,0,0
12,MQ,13931,ORF,2,2,1,0,0
12,MQ,14107,PHX,6,6,0,0,0
12,MQ,14108,PIA,54,53,10,1,0
12,MQ,14122,PIT,2,2,1,0,0
12,MQ,14457,RAP,62,61,11,0,1
12,MQ,14492,RDU,6,6,2,0,0
12,MQ,14524,RIC,21,20,2,1,0
12,MQ,14588,ROW,28,28,5,0,0
12,MQ,14683,SAT,4,4,1,0,0
12,MQ,14783,SGF,198,196,35,1,1
12,MQ,14814,SHV,28,27,5,0,1
12,MQ,14869,SLC,5,5,3,0,0
12,MQ,14960,SPS,62,62,4,0,0
12,MQ,15016,STL,37,36,5,1,0
12,MQ,15023,STS,2,2,1,0,0
12,MQ,15249,TLH,15,14,3,0,1
12,MQ,15323,TRI,62,62,6,0,0
12,MQ,15370,TUL,83,82,13,1,0
12,MQ,15376,TUS,9,9,1,0,0
12,MQ,15401,TXK,60,60,11,0,0
12,MQ,15412,TYS,14,14,1,0,0
12,MQ,15624,VPS,20,20,0,0,0
12,MQ,15919,XNA,230,229,34,1,0
12,MQ,16218,YUM,17,17,0,0,0
12,NK,10397,ATL,31,31,6,0,0
12,NK,10821,BWI,23,23,7,0,0
12,NK,11433,DTW,31,31,9,0,0
12,NK,11618,EWR,40,40,10,0,0
12,NK,11697,FLL,61,61,14,0,0
12,NK,12889,LAS,31,31,5,0,0
12,NK,12892,LAX,33,33,8,0,0
12,NK,12953,LGA,31,28,6,3,0
12,NK,13204,MCO,55,53,18,2,0
12,NK,13303,MIA,28,27,4,1,0
12,NK,13495,MSY,1,1,0,0,0
12,NK,13930,ORD,31,29,9,2,0
12,NK,14843,SJU,24,24,13,0,0
12,OH,10208,AGS,60,60,19,0,0
12,OH,10397,ATL,2,2,1,0,0
12,OH,10423,AUS,15,15,7,0,0
12,OH,10431,AVL,1,1,0,0,0
12,OH,10599,BHM,116,114,38,2,0
12,OH,10693,BNA,2,2,1,0,0
12,OH,10781,BTR,129,129,41,0,0
12,OH,10868,CAE,17,16,5,0,1
12,OH,10980,CHA,137,136,37,0,1
12,OH,11003,CID,3,3,2,0,0
12,OH,11140,CRP,41,39,16,2,0
12,OH,11267,DAY,121,121,32,0,0
12,OH,11481,ECP,31,29,10,2,0
12,OH,11612,EVV,28,28,9,0,0
12,OH,11823,FWA,61,61,13,0,0
12,OH,11973,GPT,49,47,15,2,0
12,OH,11996,GSP,25,25,7,0,0
12,OH,12191,HOU,88,88,34,0,0
12,OH,12217,HSV,97,97,34,0,0
12,OH,12278,ICT,43,41,15,2,0
12,OH,12448,JAN,123,123,41,0,0
12,OH,12891,LAW,91,86,35,3,2
12,OH,12896,LBB,40,39,11,1,0
12,OH,12945,LEX,13,13,4,0,0
12,OH,12951,LFT,145,144,51,1,0
12,OH,12992,LIT,17,17,5,0,0
12,OH,13158,MAF,32,29,11,3,0
12,OH,13198,MCI,3,3,1,0,0
12,OH,13244,MEM,14,14,6,0,0
12,OH,13277,MGM,91,88,36,3,0
12,OH,13367,MLI,59,57,16,1,1
12,OH,13422,MOB,28,28,6,0,0
12,OH,13495,MSY,2,2,1,0,0
12,OH,13851,OKC,2,2,2,0,0
12,OH,14108,PIA,35,33,8,2,0
12,OH,14193,PNS,5,4,2,1,0
12,OH,14683,SAT,2,2,1,0,0
12,OH,14696,SBN,16,16,7,0,0
12,OH,14730,SDF,47,47,10,0,0
12,OH,14783,SGF,60,60,14,0,0
12,OH,14814,SHV,1,1,0,0,0
12,OH,14986,SRQ,5,5,5,0,0
12,OH,15074,SWO,62,61,29,1,0
12,OH,15249,TLH,76,75,31,1,0
12,OH,15624,VPS,25,25,7,0,0
12,OH,15919,XNA,7,6,3,1,0
12,OO,10140,ABQ,17,17,4,0,0
12,OO,10155,ACT,60,60,10,0,0
12,OO,10279,AMA,45,45,3,0,0
12,OO,10372,ASE,114,108,49,0,6
12,OO,10423,AUS,14,14,1,0,0
12,OO,10599,BHM,13,13,4,0,0
12,OO,10693,BNA,4,4,2,0,0
12,OO,10728,BPT,62,59,17,2,1
12,OO,10747,BRO,17,17,5,0,0
12,OO,11049,CLL,12,12,1,0,0
12,OO,11109,COS,38,38,9,0,0
12,OO,11140,CRP,48,47,10,0,1
12,OO,11292,DEN,13,13,1,0,0
12,OO,11413,DRO,105,105,17,0,0
12,OO,11423,DSM,10,10,2,0,0
12,OO,11695,FLG,31,31,4,0,0
12,OO,11775,FSD,2,2,0,0,0
12,OO,11867,GCK,62,62,8,0,0
12,OO,11980,GRI,60,60,10,0,0
12,OO,11982,GRK,85,85,16,0,0
12,OO,12007,GTR,31,31,4,0,0
12,OO,12012,GUC,28,28,2,0,0
12,OO,12191,HOU,31,31,1,0,0
12,OO,12266,IAH,9,9,1,0,0
12,OO,12280,IDA,31,31,5,0,0
12,OO,12448,JAN,11,11,5,0,0
12,OO,12896,LBB,14,14,6,0,0
12,OO,12992,LIT,42,42,10,0,0
12,OO,13158,MAF,29,29,4,0,0
12,OO,13244,MEM,14,14,2,0,0
12,OO,13256,MFE,2,2,0,0,0
12,OO,13851,OKC,23,22,2,0,1
12,OO,13871,OMA,2,2,1,0,0
12,OO,14314,PVU,60,60,9,0,0
12,OO,14588,ROW,34,34,7,0,0
12,OO,14674,SAF,122,122,29,0,0
12,OO,14683,SAT,31,31,3,0,0
12,OO,14696,SBN,60,60,7,0,0
12,OO,14771,SFO,13,13,2,0,0
12,OO,14794,SGU,62,62,6,0,0
12,OO,14814,SHV,138,138,33,0,0
12,OO,14842,SJT,91,91,15,0,0
12,OO,15370,TUL,16,16,2,0,0
12,OO,15411,TYR,91,91,21,0,0
12,OO,16218,YUM,14,14,3,0,0
12,UA,11292,DEN,128,128,26,0,0
12,UA,11618,EWR,138,136,24,2,0
12,UA,12264,IAD,71,71,12,0,0
12,UA,12266,IAH,203,203,34,0,0
12,UA,13930,ORD,144,142,37,2,0
12,UA,14771,SFO,58,58,9,0,0
12,YX,12264,IAD,6,6,3,0,0
