Month,Reporting_Airline,DestAirportID,Dest,scheduled_flights,eligible_arrivals,delayed_arrivals,cancelled_flights,diverted_flights
1,AA,10140,ABQ,5,5,0,0,0
1,AA,10397,ATL,13,12,4,1,0
1,AA,10423,AUS,55,50,13,4,1
1,AA,10529,BDL,31,31,9,0,0
1,AA,10721,BOS,87,86,16,1,0
1,AA,10849,BZN,27,26,8,0,1
1,AA,11042,CLE,30,28,4,1,1
1,AA,11057,CLT,277,269,56,8,0
1,AA,11278,DCA,214,201,35,11,2
1,AA,11292,DEN,82,81,22,1,0
1,AA,11298,DFW,322,302,64,16,4
1,AA,11433,DTW,25,25,2,0,0
1,AA,11503,EGE,23,23,7,0,0
1,AA,11618,EWR,31,31,11,0,0
1,AA,11697,FLL,64,64,11,0,0
1,AA,11986,GRR,31,31,5,0,0
1,AA,12266,IAH,8,7,1,1,0
1,AA,12339,IND,29,27,2,2,0
1,AA,12441,JAC,27,26,12,0,1
1,AA,12451,JAX,3,3,1,0,0
1,AA,12478,JFK,62,62,15,0,0
1,AA,12889,LAS,117,117,22,0,0
1,AA,12892,LAX,217,217,29,0,0
1,AA,12953,LGA,245,237,65,5,3
1,AA,13198,MCI,49,47,7,2,0
1,AA,13204,MCO,116,115,30,1,0
1,AA,13303,MIA,254,252,66,1,1
1,AA,13487,MSP,36,36,9,0,0
1,AA,13495,MSY,2,1,0,0,1
1,AA,13871,OMA,6,6,1,0,0
1,AA,14027,PBI,60,60,14,0,0
1,AA,14100,PHL,184,183,28,1,0
1,AA,14107,PHX,228,228,27,0,0
1,AA,14122,PIT,5,5,3,0,0
1,AA,14262,PSP,32,32,5,0,0
1,AA,14492,RDU,28,28,7,0,0
1,AA,14635,RSW,69,69,13,0,0
1,AA,14679,SAN,68,66,19,1,1
1,AA,14683,SAT,23,22,5,1,0
1,AA,14747,SEA,32,32,8,0,0
1,AA,14771,SFO,65,64,14,0,1
1,AA,14843,SJU,31,29,6,0,2
1,AA,14869,SLC,30,30,10,0,0
1,AA,14893,SMF,5,5,3,0,0
1,AA,14908,SNA,90,90,18,0,0
1,AA,14986,SRQ,6,6,1,0,0
1,AA,15016,STL,32,28,5,4,0
1,AA,15024,STT,4,4,0,0,0
1,AA,15304,TPA,86,85,21,0,1
1,AA,15376,TUS,59,59,10,0,0
1,AS,14057,PDX,29,28,7,1,0
1,AS,14747,SEA,99,98,26,1,0
1,AS,14771,SFO,20,20,7,0,0
1,B6,10721,BOS,33,32,10,1,0
1,B6,12478,JFK,20,19,5,1,0
1,DL,10397,ATL,183,177,36,6,0
1,DL,11433,DTW,116,115,24,1,0
1,DL,12953,LGA,89,89,13,0,0
1,DL,13487,MSP,113,113,20,0,0
1,DL,14747,SEA,58,58,17,0,0
1,DL,14869,SLC,75,75,12,0,0
1,F9,10397,ATL,38,34,8,4,0
1,F9,10693,BNA,14,13,2,1,0
1,F9,11057,CLT,2,2,0,0,0
1,F9,11292,DEN,20,20,8,0,0
1,F9,11298,DFW,20,18,7,2,0
1,F9,12266,IAH,13,13,5,0,0
1,F9,12889,LAS,16,16,4,0,0
1,F9,13204,MCO,29,28,6,1,0
1,F9,14027,PBI,8,8,3,0,0
1,F9,14100,PHL,3,3,1,0,0
1,F9,14107,PHX,20,20,4,0,0
1,F9,14635,RSW,12,12,1,0,0
1,F9,14986,SRQ,10,10,2,0,0
1,F9,15304,TPA,19,19,3,0,0
1,MQ,10140,ABQ,15,15,4,0,0
1,MQ,10397,ATL,53,50,9,3,0
1,MQ,10408,ATW,1,1,0,0,0
1,MQ,10423,AUS,26,26,8,0,0
1,MQ,10434,AVP,33,33,5,0,0
1,MQ,10529,BDL,31,31,7,0,0
1,MQ,10599,BHM,6,6,0,0,0
1,MQ,10693,BNA,52,50,9,2,0
1,MQ,10721,BOS,53,53,5,0,0
1,MQ,10792,BUF,56,55,14,0,1
1,MQ,10821,BWI,4,2,0,2,0
1,MQ,10849,BZN,6,6,3,0,0
1,MQ,11003,CID,79,79,16,0,0
1,MQ,11042,CLE,50,50,11,0,0
1,MQ,11066,CMH,109,108,28,1,0
1,MQ,11067,CMI,51,51,18,0,0
1,MQ,11111,COU,55,53,18,2,0
1,MQ,11193,CVG,57,54,12,3,0
1,MQ,11423,DSM,51,51,10,0,0
1,MQ,11433,DTW,81,81,16,0,0
1,MQ,11540,ELP,31,31,7,0,0
1,MQ,11618,EWR,86,85,23,1,0
1,MQ,11624,EYW,31,31,10,0,0
1,MQ,11637,FAR,62,62,18,0,0
1,MQ,11775,FSD,45,45,8,0,0
1,MQ,11986,GRR,28,28,9,0,0
1,MQ,11995,GSO,33,33,5,0,0
1,MQ,11996,GSP,26,25,2,1,0
1,MQ,12094,HDN,6,6,1,0,0
1,MQ,12197,HPN,92,92,16,0,0
1,MQ,12266,IAH,22,21,8,1,0
1,MQ,12278,ICT,58,55,18,3,0
1,MQ,12339,IND,82,80,22,2,0
1,MQ,12451,JAX,34,32,4,2,0
1,MQ,12945,LEX,27,26,5,1,0
1,MQ,12992,LIT,27,26,9,1,0
1,MQ,13076,LSE,38,38,7,0,0
1,MQ,13198,MCI,49,46,8,3,0
1,MQ,13244,MEM,81,79,22,2,0
1,MQ,13367,MLI,5,5,2,0,0
1,MQ,13459,MQT,31,31,4,0,0
1,MQ,13485,MSN,24,24,3,0,0
1,MQ,13487,MSP,71,70,9,0,1
1,MQ,13495,MSY,5,5,1,0,0
1,MQ,13851,OKC,53,51,11,1,1
1,MQ,13871,OMA,23,23,4,0,0
1,MQ,13931,ORF,25,23,2,2,0
1,MQ,14108,PIA,25,25,8,0,0
1,MQ,14122,PIT,21,21,1,0,0
1,MQ,14492,RDU,58,56,7,2,0
1,MQ,14576,ROC,60,60,14,0,0
1,MQ,14683,SAT,22,22,9,0,0
1,MQ,14730,SDF,1,1,0,0,0
1,MQ,14783,SGF,36,36,13,0,0
1,MQ,14869,SLC,6,6,1,0,0
1,MQ,15016,STL,31,30,5,1,0
1,MQ,15096,SYR,10,9,4,0,1
1,MQ,15370,TUL,23,23,2,0,0
1,MQ,15380,TVC,23,22,10,0,1
1,MQ,15412,TYS,23,23,7,0,0
1,MQ,15919,XNA,61,60,16,1,0
1,NK,11298,DFW,23,21,6,2,0
1,NK,11618,EWR,25,25,5,0,0
1,NK,11697,FLL,89,89,19,0,0
1,NK,12266,IAH,52,50,16,2,0
1,NK,12889,LAS,48,48,4,0,0
1,NK,12892,LAX,60,60,12,0,0
1,NK,12953,LGA,58,57,15,1,0
1,NK,13204,MCO,56,55,13,1,0
1,NK,13303,MIA,31,31,9,0,0
1,NK,14100,PHL,1,1,0,0,0
1,NK,14635,RSW,51,51,8,0,0
1,NK,14843,SJU,39,39,5,0,0
1,NK,15304,TPA,51,51,14,0,0
1,OO,10140,ABQ,28,27,10,0,1
1,OO,10257,ALB,36,36,8,0,0
1,OO,10372,ASE,143,139,63,1,3
1,OO,10408,ATW,153,152,41,1,0
1,OO,10431,AVL,20,20,6,0,0
1,OO,10529,BDL,6,6,2,0,0
1,OO,10693,BNA,170,163,43,7,0
1,OO,10713,BOI,52,52,11,0,0
1,OO,10849,BZN,9,9,5,0,0
1,OO,10868,CAE,56,55,16,0,1
1,OO,10874,CAK,86,85,28,1,0
1,OO,10980,CHA,85,81,32,3,1
1,OO,10990,CHO,62,60,12,2,0
1,OO,11003,CID,56,55,10,1,0
1,OO,11042,CLE,11,10,4,1,0
1,OO,11066,CMH,6,6,1,0,0
1,OO,11076,CMX,62,56,17,6,0
1,OO,11109,COS,37,37,17,0,0
1,OO,11146,CRW,65,60,23,5,0
1,OO,11193,CVG,25,25,3,0,0
1,OO,11267,DAY,106,104,30,2,0
1,OO,11278,DCA,30,29,6,1,0
1,OO,11288,DEC,54,52,15,1,1
1,OO,11337,DLH,51,50,12,1,0
1,OO,11423,DSM,6,6,2,0,0
1,OO,11433,DTW,151,151,42,0,0
1,OO,11471,EAU,54,53,16,1,0
1,OO,11481,ECP,6,5,0,1,0
1,OO,11637,FAR,93,91,30,2,0
1,OO,11648,FCA,3,3,0,0,0
1,OO,11721,FNT,62,62,21,0,0
1,OO,11725,FOD,54,53,13,1,0
1,OO,11775,FSD,25,25,6,0,0
1,OO,11823,FWA,117,115,39,2,0
1,OO,11977,GRB,108,105,32,3,0
1,OO,11986,GRR,14,13,7,1,0
1,OO,11995,GSO,11,10,5,1,0
1,OO,11996,GSP,7,7,2,0,0
1,OO,12217,HSV,62,61,24,1,0
1,OO,12278,ICT,58,56,11,2,0
1,OO,12339,IND,6,5,3,1,0
1,OO,12478,JFK,31,31,7,0,0
1,OO,12511,JLN,31,29,6,2,0
1,OO,12559,JST,31,31,8,0,0
1,OO,12945,LEX,28,27,7,1,0
1,OO,12953,LGA,101,98,25,3,0
1,OO,13029,LNK,39,38,5,1,0
1,OO,13184,MBS,89,88,36,1,0
1,OO,13198,MCI,18,15,6,3,0
1,OO,13211,MCW,54,52,11,1,1
1,OO,13230,MDT,8,7,4,1,0
1,OO,13244,MEM,4,4,1,0,0
1,OO,13282,MGW,31,24,7,7,0
1,OO,13342,MKE,192,189,59,3,0
1,OO,13367,MLI,62,62,12,0,0
1,OO,13485,MSN,113,112,32,1,0
1,OO,13487,MSP,25,25,0,0,0
1,OO,13502,MTJ,3,3,1,0,0
1,OO,13851,OKC,36,36,10,0,0
1,OO,13871,OMA,24,23,2,1,0
1,OO,13931,ORF,30,30,9,0,0
1,OO,14108,PIA,110,107,24,3,0
1,OO,14122,PIT,25,25,7,0,0
1,OO,14321,PWM,31,31,13,0,0
1,OO,14457,RAP,5,3,1,2,0
1,OO,14574,ROA,65,63,15,2,0
1,OO,14685,SAV,36,33,6,3,0
1,OO,14696,SBN,185,181,51,4,0
1,OO,14711,SCE,5,4,2,0,1
1,OO,14730,SDF,63,59,21,4,0
1,OO,14783,SGF,68,66,16,2,0
1,OO,14869,SLC,36,36,13,0,0
1,OO,14877,SLN,32,28,9,4,0
1,OO,15016,STL,22,22,9,0,0
1,OO,15041,SUN,31,29,7,0,2
1,OO,15048,SUX,31,30,8,0,1
1,OO,15370,TUL,62,62,24,0,0
1,OO,15376,TUS,55,55,12,0,0
1,OO,15380,TVC,35,35,18,0,0
1,OO,15412,TYS,41,40,11,1,0
1,OO,15919,XNA,57,57,13,0,0
1,UA,10140,ABQ,3,3,2,0,0
1,UA,10257,ALB,31,31,9,0,0
1,UA,10299,ANC,6,6,1,0,0
1,UA,10397,ATL,116,107,23,8,1
1,UA,10423,AUS,80,80,22,0,0
1,UA,10529,BDL,62,62,12,0,0
1,UA,10693,BNA,57,55,7,2,0
1,UA,10721,BOS,168,167,22,1,0
1,UA,10785,BTV,62,62,14,0,0
1,UA,10792,BUF,31,30,15,0,1
1,UA,10821,BWI,65,63,12,2,0
1,UA,10849,BZN,37,37,12,0,0
1,UA,10994,CHS,11,11,2,0,0
1,UA,11003,CID,31,30,9,1,0
1,UA,11042,CLE,140,140,23,0,0
1,UA,11057,CLT,37,37,9,0,0
1,UA,11066,CMH,59,59,12,0,0
1,UA,11193,CVG,56,55,9,1,0
1,UA,11278,DCA,230,218,33,11,1
1,UA,11292,DEN,264,262,46,2,0
1,UA,11298,DFW,140,136,22,3,1
1,UA,11423,DSM,50,50,11,0,0
1,UA,11433,DTW,30,30,4,0,0
1,UA,11503,EGE,50,49,8,0,1
1,UA,11618,EWR,354,353,58,1,0
1,UA,11624,EYW,35,35,9,0,0
1,UA,11638,FAT,6,6,0,0,0
1,UA,11648,FCA,6,6,1,0,0
1,UA,11697,FLL,124,123,18,1,0
1,UA,11775,FSD,25,25,6,0,0
1,UA,11884,GEG,5,5,2,0,0
1,UA,11986,GRR,5,5,2,0,0
1,UA,12094,HDN,31,30,11,0,1
1,UA,12173,HNL,40,40,4,0,0
1,UA,12264,IAD,124,122,22,2,0
1,UA,12266,IAH,306,294,63,11,1
1,UA,12278,ICT,6,5,1,1,0
1,UA,12441,JAC,31,30,6,0,1
1,UA,12451,JAX,62,59,11,3,0
1,UA,12758,KOA,4,4,0,0,0
1,UA,12889,LAS,178,176,29,1,1
1,UA,12892,LAX,243,242,39,0,1
1,UA,12953,LGA,272,270,54,1,1
1,UA,13198,MCI,94,92,14,2,0
1,UA,13204,MCO,214,214,27,0,0
1,UA,13230,MDT,31,31,7,0,0
1,UA,13244,MEM,31,30,5,1,0
1,UA,13303,MIA,124,124,20,0,0
1,UA,13485,MSN,31,31,4,0,0
1,UA,13487,MSP,185,185,28,0,0
1,UA,13495,MSY,67,61,9,6,0
1,UA,13502,MTJ,6,6,0,0,0
1,UA,13830,OGG,23,23,4,0,0
1,UA,13871,OMA,69,69,14,0,0
1,UA,13931,ORF,31,31,10,0,0
1,UA,14027,PBI,78,78,13,0,0
1,UA,14057,PDX,82,82,18,0,0
1,UA,14100,PHL,117,117,18,0,0
1,UA,14107,PHX,166,164,17,1,1
1,UA,14122,PIT,55,55,12,0,0
1,UA,14193,PNS,31,29,5,2,0
1,UA,14262,PSP,37,37,5,0,0
1,UA,14492,RDU,87,86,12,1,0
1,UA,14524,RIC,31,30,9,1,0
1,UA,14570,RNO,31,31,11,0,0
1,UA,14576,ROC,30,30,10,0,0
1,UA,14635,RSW,158,158,18,0,0
1,UA,14679,SAN,122,121,19,0,1
1,UA,14683,SAT,62,62,16,0,0
1,UA,14696,SBN,1,1,0,0,0
1,UA,14747,SEA,95,94,18,0,1
1,UA,14771,SFO,254,253,34,1,0
1,UA,14831,SJC,30,29,7,0,1
1,UA,14843,SJU,44,43,12,0,1
1,UA,14869,SLC,93,93,21,0,0
1,UA,14893,SMF,68,68,8,0,0
1,UA,14908,SNA,89,87,12,0,2
1,UA,14986,SRQ,66,65,11,1,0
1,UA,15016,STL,31,30,3,1,0
1,UA,15024,STT,16,16,3,0,0
1,UA,15096,SYR,31,31,9,0,0
1,UA,15304,TPA,121,120,19,0,1
1,UA,15380,TVC,31,30,10,1,0
1,UA,15412,TYS,1,1,0,0,0
1,WN,10423,AUS,31,31,5,0,0
1,WN,10693,BNA,51,50,7,1,0
1,WN,10821,BWI,57,54,6,3,0
1,WN,11259,DAL,72,69,9,3,0
1,WN,11292,DEN,102,101,8,1,0
1,WN,12889,LAS,31,31,1,0,0
1,WN,13204,MCO,5,5,0,0,0
1,WN,14107,PHX,32,32,6,0,0
1,YX,10397,ATL,28,27,4,1,0
1,YX,10423,AUS,12,12,1,0,0
1,YX,10431,AVL,29,28,5,1,0
1,YX,10529,BDL,28,28,4,0,0
1,YX,10693,BNA,19,18,3,1,0
1,YX,10721,BOS,145,144,21,1,0
1,YX,10785,BTV,5,5,1,0,0
1,YX,10792,BUF,36,34,10,1,1
1,YX,10821,BWI,58,57,13,1,0
1,YX,10994,CHS,74,68,9,6,0
1,YX,11003,CID,38,38,9,0,0
1,YX,11042,CLE,28,28,8,0,0
1,YX,11057,CLT,56,55,5,1,0
1,YX,11066,CMH,120,119,17,1,0
1,YX,11193,CVG,32,29,3,3,0
1,YX,11278,DCA,83,77,14,6,0
1,YX,11337,DLH,11,10,2,1,0
1,YX,11423,DSM,50,50,6,0,0
1,YX,11433,DTW,21,20,4,1,0
1,YX,11540,ELP,31,31,4,0,0
1,YX,11618,EWR,5,5,0,0,0
1,YX,11775,FSD,11,11,1,0,0
1,YX,11977,GRB,4,4,0,0,0
1,YX,11986,GRR,167,166,23,1,0
1,YX,11996,GSP,57,55,9,2,0
1,YX,12266,IAH,56,53,18,3,0
1,YX,12339,IND,240,233,35,7,0
1,YX,12451,JAX,21,21,8,0,0
1,YX,12478,JFK,59,58,18,1,0
1,YX,12953,LGA,158,154,28,4,0
1,YX,13198,MCI,53,46,5,7,0
1,YX,13230,MDT,18,18,3,0,0
1,YX,13244,MEM,2,2,0,0,0
1,YX,13342,MKE,25,25,3,0,0
1,YX,13485,MSN,67,67,10,0,0
1,YX,13487,MSP,30,30,7,0,0
1,YX,13495,MSY,59,53,11,6,0
1,YX,13851,OKC,61,59,7,1,1
1,YX,13871,OMA,74,73,14,1,0
1,YX,13931,ORF,12,11,2,1,0
1,YX,14122,PIT,133,132,20,1,0
1,YX,14307,PVD,64,62,12,1,1
1,YX,14321,PWM,6,6,3,0,0
1,YX,14492,RDU,58,56,8,2,0
1,YX,14576,ROC,37,35,6,2,0
1,YX,14683,SAT,2,2,1,0,0
1,YX,14685,SAV,49,45,3,4,0
1,YX,14711,SCE,8,8,4,0,0
1,YX,14730,SDF,94,89,14,5,0
1,YX,15016,STL,34,31,3,3,0
1,YX,15096,SYR,72,70,18,2,0
1,YX,15370,TUL,36,36,5,0,0
1,YX,15380,TVC,45,44,6,0,1
1,YX,15412,TYS,56,54,8,2,0
1,YX,15919,XNA,25,24,5,1,0
2,AA,10397,ATL,21,21,4,0,0
2,AA,10423,AUS,55,55,23,0,0
2,AA,10529,BDL,28,27,9,1,0
2,AA,10721,BOS,68,67,9,1,0
2,AA,10849,BZN,26,25,9,0,1
2,AA,11042,CLE,28,28,8,0,0
2,AA,11057,CLT,252,251,53,1,0
2,AA,11278,DCA,194,183,61,9,2
2,AA,11292,DEN,70,69,20,1,0
2,AA,11298,DFW,284,281,75,1,2
2,AA,11433,DTW,28,27,5,1,0
2,AA,11503,EGE,20,19,9,0,1
2,AA,11618,EWR,28,28,8,0,0
2,AA,11697,FLL,56,55,9,1,0
2,AA,11986,GRR,28,27,7,0,1
2,AA,12266,IAH,16,16,8,0,0
2,AA,12339,IND,24,24,5,0,0
2,AA,12441,JAC,26,26,10,0,0
2,AA,12478,JFK,52,48,13,3,1
2,AA,12889,LAS,112,112,48,0,0
2,AA,12892,LAX,206,205,52,0,1
2,AA,12953,LGA,229,221,52,7,1
2,AA,13198,MCI,47,47,13,0,0
2,AA,13204,MCO,116,116,39,0,0
2,AA,13303,MIA,236,236,57,0,0
2,AA,13487,MSP,28,28,4,0,0
2,AA,13495,MSY,34,34,11,0,0
2,AA,14027,PBI,54,52,11,1,1
2,AA,14100,PHL,178,170,45,7,1
2,AA,14107,PHX,204,204,41,0,0
2,AA,14262,PSP,28,28,6,0,0
2,AA,14492,RDU,26,25,4,1,0
2,AA,14635,RSW,65,63,13,1,1
2,AA,14679,SAN,66,65,21,0,1
2,AA,14683,SAT,34,34,6,0,0
2,AA,14747,SEA,36,36,9,0,0
2,AA,14771,SFO,64,64,21,0,0
2,AA,14843,SJU,28,28,3,0,0
2,AA,14869,SLC,12,12,5,0,0
2,AA,14908,SNA,80,79,15,0,1
2,AA,14986,SRQ,16,15,4,1,0
2,AA,15016,STL,24,24,8,0,0
2,AA,15024,STT,4,4,1,0,0
2,AA,15304,TPA,78,77,19,1,0
2,AA,15376,TUS,51,51,17,0,0
2,AS,14057,PDX,24,24,5,0,0
2,AS,14747,SEA,91,89,32,2,0
2,AS,14771,SFO,22,22,10,0,0
2,B6,10721,BOS,31,30,5,1,0
2,B6,12478,JFK,22,22,7,0,0
2,DL,10397,ATL,173,173,35,0,0
2,DL,11433,DTW,125,125,26,0,0
2,DL,12953,LGA,80,76,10,3,1
2,DL,13487,MSP,132,132,28,0,0
2,DL,14747,SEA,50,50,12,0,0
2,DL,14869,SLC,74,74,13,0,0
2,F9,10397,ATL,39,39,14,0,0
2,F9,10693,BNA,14,14,5,0,0
2,F9,11057,CLT,7,7,2,0,0
2,F9,11292,DEN,23,23,7,0,0
2,F9,11298,DFW,23,23,8,0,0
2,F9,12266,IAH,14,13,3,1,0
2,F9,12889,LAS,18,17,8,1,0
2,F9,13204,MCO,33,33,9,0,0
2,F9,14027,PBI,12,12,1,0,0
2,F9,14107,PHX,25,24,5,1,0
2,F9,14635,RSW,15,15,4,0,0
2,F9,14986,SRQ,11,11,3,0,0
2,F9,15304,TPA,25,25,7,0,0
2,MQ,10140,ABQ,18,18,3,0,0
2,MQ,10397,ATL,43,43,10,0,0
2,MQ,10408,ATW,12,11,8,1,0
2,MQ,10423,AUS,32,32,5,0,0
2,MQ,10434,AVP,38,38,6,0,0
2,MQ,10529,BDL,12,12,3,0,0
2,MQ,10693,BNA,64,64,14,0,0
2,MQ,10721,BOS,66,66,17,0,0
2,MQ,10792,BUF,66,65,12,1,0
2,MQ,10821,BWI,40,40,8,0,0
2,MQ,10994,CHS,28,28,8,0,0
2,MQ,11003,CID,47,47,13,0,0
2,MQ,11042,CLE,54,53,12,0,1
2,MQ,11066,CMH,116,116,29,0,0
2,MQ,11067,CMI,52,49,24,3,0
2,MQ,11111,COU,56,50,17,6,0
2,MQ,11193,CVG,56,56,20,0,0
2,MQ,11423,DSM,24,24,7,0,0
2,MQ,11433,DTW,86,84,22,1,1
2,MQ,11540,ELP,28,28,3,0,0
2,MQ,11618,EWR,90,90,27,0,0
2,MQ,11624,EYW,28,28,4,0,0
2,MQ,11637,FAR,56,56,17,0,0
2,MQ,11775,FSD,48,47,12,1,0
2,MQ,11986,GRR,28,28,6,0,0
2,MQ,11995,GSO,38,36,8,2,0
2,MQ,11996,GSP,36,36,6,0,0
2,MQ,12094,HDN,16,15,5,0,1
2,MQ,12197,HPN,84,82,17,1,1
2,MQ,12266,IAH,10,10,4,0,0
2,MQ,12278,ICT,46,45,11,1,0
2,MQ,12339,IND,56,55,12,1,0
2,MQ,12451,JAX,33,33,9,0,0
2,MQ,12945,LEX,24,24,10,0,0
2,MQ,12992,LIT,24,24,12,0,0
2,MQ,13076,LSE,34,34,9,0,0
2,MQ,13198,MCI,27,27,8,0,0
2,MQ,13244,MEM,80,79,31,1,0
2,MQ,13459,MQT,28,27,7,1,0
2,MQ,13485,MSN,25,24,10,1,0
2,MQ,13487,MSP,77,75,13,0,2
2,MQ,13851,OKC,48,48,9,0,0
2,MQ,13871,OMA,25,25,4,0,0
2,MQ,13931,ORF,12,12,2,0,0
2,MQ,14108,PIA,12,12,2,0,0
2,MQ,14122,PIT,28,28,7,0,0
2,MQ,14492,RDU,66,64,17,2,0
2,MQ,14576,ROC,66,65,23,1,0
2,MQ,14683,SAT,10,10,3,0,0
2,MQ,14730,SDF,10,9,4,1,0
2,MQ,14783,SGF,26,25,11,1,0
2,MQ,15016,STL,38,37,9,1,0
2,MQ,15096,SYR,10,9,2,1,0
2,MQ,15370,TUL,10,9,2,1,0
2,MQ,15376,TUS,3,3,2,0,0
2,MQ,15380,TVC,32,32,12,0,0
2,MQ,15412,TYS,23,23,6,0,0
2,MQ,15919,XNA,62,60,15,2,0
2,NK,11298,DFW,16,16,2,0,0
2,NK,11618,EWR,25,25,3,0,0
2,NK,11697,FLL,82,81,14,1,0
2,NK,12266,IAH,34,34,10,0,0
2,NK,12889,LAS,53,53,20,0,0
2,NK,12892,LAX,34,34,8,0,0
2,NK,12953,LGA,52,52,17,0,0
2,NK,13204,MCO,36,36,7,0,0
2,NK,13303,MIA,23,21,5,2,0
2,NK,13495,MSY,14,14,2,0,0
2,NK,14635,RSW,34,34,6,0,0
2,NK,14843,SJU,28,28,3,0,0
2,NK,15304,TPA,32,32,6,0,0
2,OO,10140,ABQ,12,12,5,0,0
2,OO,10257,ALB,20,20,4,0,0
2,OO,10372,ASE,132,116,65,8,8
2,OO,10408,ATW,138,136,37,2,0
2,OO,10431,AVL,24,24,6,0,0
2,OO,10529,BDL,7,7,0,0,0
2,OO,10599,BHM,1,1,1,0,0
2,OO,10693,BNA,124,123,38,1,0
2,OO,10713,BOI,51,49,12,0,2
2,OO,10849,BZN,14,13,5,0,1
2,OO,10868,CAE,22,22,5,0,0
2,OO,10874,CAK,82,79,20,2,1
2,OO,10980,CHA,36,35,9,0,1
2,OO,10990,CHO,44,43,8,0,1
2,OO,11003,CID,56,55,17,1,0
2,OO,11042,CLE,2,2,0,0,0
2,OO,11066,CMH,30,30,7,0,0
2,OO,11076,CMX,56,50,22,5,1
2,OO,11109,COS,28,28,12,0,0
2,OO,11146,CRW,56,54,16,2,0
2,OO,11193,CVG,12,12,1,0,0
2,OO,11267,DAY,110,108,31,2,0
2,OO,11278,DCA,14,13,9,1,0
2,OO,11288,DEC,48,47,16,1,0
2,OO,11337,DLH,68,66,25,2,0
2,OO,11423,DSM,4,4,1,0,0
2,OO,11433,DTW,108,99,18,9,0
2,OO,11471,EAU,48,47,15,1,0
2,OO,11637,FAR,84,83,26,1,0
2,OO,11648,FCA,6,6,2,0,0
2,OO,11721,FNT,56,52,22,3,1
2,OO,11725,FOD,48,45,14,2,1
2,OO,11775,FSD,27,26,7,1,0
2,OO,11823,FWA,112,108,34,3,1
2,OO,11977,GRB,87,85,27,1,1
2,OO,11986,GRR,8,8,5,0,0
2,OO,11995,GSO,16,16,3,0,0
2,OO,11996,GSP,19,19,4,0,0
2,OO,12012,GUC,2,2,1,0,0
2,OO,12217,HSV,56,55,21,1,0
2,OO,12278,ICT,39,39,5,0,0
2,OO,12441,JAC,5,5,0,0,0
2,OO,12478,JFK,28,28,3,0,0
2,OO,12511,JLN,28,24,6,3,1
2,OO,12559,JST,28,24,8,4,0
2,OO,12945,LEX,27,27,6,0,0
2,OO,12953,LGA,78,76,10,2,0
2,OO,13029,LNK,26,26,10,0,0
2,OO,13184,MBS,82,80,29,2,0
2,OO,13198,MCI,3,3,1,0,0
2,OO,13211,MCW,48,46,10,2,0
2,OO,13230,MDT,20,20,13,0,0
2,OO,13244,MEM,21,21,7,0,0
2,OO,13282,MGW,28,27,10,1,0
2,OO,13342,MKE,184,181,62,3,0
2,OO,13367,MLI,88,86,28,2,0
2,OO,13485,MSN,64,62,15,2,0
2,OO,13502,MTJ,18,18,6,0,0
2,OO,13851,OKC,44,42,13,2,0
2,OO,13871,OMA,29,29,14,0,0
2,OO,13931,ORF,12,12,3,0,0
2,OO,14108,PIA,104,102,34,1,1
2,OO,14122,PIT,14,14,3,0,0
2,OO,14321,PWM,18,17,2,1,0
2,OO,14574,ROA,32,32,10,0,0
2,OO,14683,SAT,1,1,1,0,0
2,OO,14685,SAV,16,15,3,0,1
2,OO,14696,SBN,167,165,67,2,0
2,OO,14711,SCE,10,7,3,3,0
2,OO,14730,SDF,42,42,17,0,0
2,OO,14783,SGF,57,53,12,4,0
2,OO,14869,SLC,68,68,27,0,0
2,OO,14877,SLN,28,28,12,0,0
2,OO,15016,STL,11,11,3,0,0
2,OO,15041,SUN,28,26,8,0,2
2,OO,15048,SUX,28,27,8,1,0
2,OO,15096,SYR,2,2,0,0,0
2,OO,15370,TUL,56,55,21,1,0
2,OO,15376,TUS,53,52,16,1,0
2,OO,15380,TVC,42,41,20,1,0
2,OO,15412,TYS,24,24,5,0,0
2,OO,15919,XNA,38,37,12,1,0
2,UA,10257,ALB,28,28,7,0,0
2,UA,10397,ATL,104,103,19,1,0
2,UA,10423,AUS,76,76,15,0,0
2,UA,10431,AVL,1,1,1,0,0
2,UA,10529,BDL,56,56,8,0,0
2,UA,10693,BNA,70,70,16,0,0
2,UA,10721,BOS,150,149,26,1,0
2,UA,10785,BTV,56,56,12,0,0
2,UA,10792,BUF,44,44,12,0,0
2,UA,10821,BWI,70,70,5,0,0
2,UA,10849,BZN,28,28,3,0,0
2,UA,10994,CHS,29,29,3,0,0
2,UA,11003,CID,28,28,11,0,0
2,UA,11042,CLE,149,149,20,0,0
2,UA,11057,CLT,60,60,10,0,0
2,UA,11066,CMH,68,68,8,0,0
2,UA,11193,CVG,68,67,17,1,0
2,UA,11278,DCA,210,205,92,3,2
2,UA,11292,DEN,236,236,57,0,0
2,UA,11298,DFW,132,132,20,0,0
2,UA,11423,DSM,48,48,11,0,0
2,UA,11433,DTW,27,27,6,0,0
2,UA,11503,EGE,47,47,10,0,0
2,UA,11618,EWR,326,326,64,0,0
2,UA,11624,EYW,28,28,4,0,0
2,UA,11697,FLL,104,104,17,0,0
2,UA,11775,FSD,28,28,9,0,0
2,UA,11986,GRR,41,41,15,0,0
2,UA,12094,HDN,28,27,5,0,1
2,UA,12173,HNL,40,40,3,0,0
2,UA,12264,IAD,112,112,19,0,0
2,UA,12266,IAH,266,265,42,0,1
2,UA,12278,ICT,16,15,3,1,0
2,UA,12441,JAC,28,27,6,0,1
2,UA,12451,JAX,68,68,24,0,0
2,UA,12758,KOA,4,4,1,0,0
2,UA,12889,LAS,172,172,33,0,0
2,UA,12892,LAX,206,205,42,1,0
2,UA,12953,LGA,259,256,52,1,2
2,UA,13198,MCI,102,102,27,0,0
2,UA,13204,MCO,204,201,35,3,0
2,UA,13230,MDT,28,28,4,0,0
2,UA,13244,MEM,28,28,7,0,0
2,UA,13303,MIA,102,102,15,0,0
2,UA,13485,MSN,28,28,11,0,0
2,UA,13487,MSP,178,178,26,0,0
2,UA,13495,MSY,70,70,18,0,0
2,UA,13830,OGG,24,24,4,0,0
2,UA,13871,OMA,86,86,21,0,0
2,UA,13931,ORF,44,43,8,1,0
2,UA,14027,PBI,72,72,16,0,0
2,UA,14057,PDX,71,71,17,0,0
2,UA,14100,PHL,108,108,21,0,0
2,UA,14107,PHX,166,165,25,0,1
2,UA,14122,PIT,79,79,14,0,0
2,UA,14193,PNS,28,28,4,0,0
2,UA,14262,PSP,40,40,9,0,0
2,UA,14492,RDU,84,84,13,0,0
2,UA,14524,RIC,28,28,8,0,0
2,UA,14570,RNO,28,28,14,0,0
2,UA,14576,ROC,28,28,8,0,0
2,UA,14635,RSW,144,144,19,0,0
2,UA,14679,SAN,102,102,22,0,0
2,UA,14683,SAT,55,55,12,0,0
2,UA,14685,SAV,16,16,7,0,0
2,UA,14747,SEA,82,82,18,0,0
2,UA,14771,SFO,212,211,67,0,1
2,UA,14831,SJC,28,28,9,0,0
2,UA,14843,SJU,36,36,4,0,0
2,UA,14869,SLC,93,93,25,0,0
2,UA,14893,SMF,56,56,12,0,0
2,UA,14908,SNA,80,80,18,0,0
2,UA,14986,SRQ,56,55,10,0,1
2,UA,15016,STL,40,40,5,0,0
2,UA,15024,STT,12,12,1,0,0
2,UA,15096,SYR,28,28,5,0,0
2,UA,15304,TPA,120,119,18,0,1
2,UA,15380,TVC,28,28,3,0,0
2,UA,15412,TYS,17,17,6,0,0
2,WN,10423,AUS,28,28,5,0,0
2,WN,10693,BNA,45,44,10,1,0
2,WN,10821,BWI,44,44,3,0,0
2,WN,11259,DAL,71,71,9,0,0
2,WN,11292,DEN,99,97,18,2,0
2,WN,12889,LAS,28,28,3,0,0
2,WN,14107,PHX,28,28,5,0,0
2,YX,10140,ABQ,16,16,2,0,0
2,YX,10257,ALB,15,15,1,0,0
2,YX,10397,ATL,12,12,3,0,0
2,YX,10423,AUS,3,3,0,0,0
2,YX,10431,AVL,31,31,5,0,0
2,YX,10529,BDL,42,42,7,0,0
2,YX,10693,BNA,42,41,10,1,0
2,YX,10721,BOS,152,147,35,5,0
2,YX,10792,BUF,12,12,2,0,0
2,YX,10821,BWI,24,23,2,1,0
2,YX,10990,CHO,12,11,1,1,0
2,YX,10994,CHS,49,48,8,1,0
2,YX,11003,CID,37,37,12,0,0
2,YX,11042,CLE,26,26,5,0,0
2,YX,11057,CLT,24,24,4,0,0
2,YX,11066,CMH,106,103,22,2,1
2,YX,11193,CVG,44,44,5,0,0
2,YX,11267,DAY,1,1,1,0,0
2,YX,11278,DCA,92,87,30,5,0
2,YX,11423,DSM,56,55,5,1,0
2,YX,11433,DTW,16,15,1,1,0
2,YX,11481,ECP,2,2,1,0,0
2,YX,11540,ELP,28,28,3,0,0
2,YX,11618,EWR,2,2,0,0,0
2,YX,11977,GRB,2,2,0,0,0
2,YX,11986,GRR,96,94,13,2,0
2,YX,11995,GSO,1,0,0,1,0
2,YX,11996,GSP,20,20,0,0,0
2,YX,12266,IAH,50,49,13,1,0
2,YX,12278,ICT,2,2,1,0,0
2,YX,12339,IND,272,271,44,1,0
2,YX,12451,JAX,13,13,2,0,0
2,YX,12478,JFK,54,53,11,1,0
2,YX,12953,LGA,174,169,20,5,0
2,YX,13198,MCI,67,65,10,2,0
2,YX,13230,MDT,24,24,2,0,0
2,YX,13244,MEM,8,8,3,0,0
2,YX,13342,MKE,12,12,2,0,0
2,YX,13485,MSN,39,39,10,0,0
2,YX,13487,MSP,22,22,7,0,0
2,YX,13495,MSY,22,20,5,1,1
2,YX,13851,OKC,56,51,13,4,1
2,YX,13871,OMA,48,48,8,0,0
2,YX,13931,ORF,16,15,3,1,0
2,YX,14122,PIT,93,93,16,0,0
2,YX,14307,PVD,54,54,9,0,0
2,YX,14321,PWM,10,10,2,0,0
2,YX,14492,RDU,38,37,5,1,0
2,YX,14524,RIC,17,16,1,1,0
2,YX,14576,ROC,27,26,4,0,1
2,YX,14635,RSW,1,1,1,0,0
2,YX,14685,SAV,44,44,6,0,0
2,YX,14730,SDF,98,98,21,0,0
2,YX,14986,SRQ,2,2,0,0,0
2,YX,15016,STL,50,50,9,0,0
2,YX,15096,SYR,78,73,16,5,0
2,YX,15370,TUL,52,49,13,3,0
2,YX,15380,TVC,20,20,3,0,0
2,YX,15412,TYS,30,30,4,0,0
2,YX,15919,XNA,28,28,9,0,0
3,AA,10397,ATL,6,6,1,0,0
3,AA,10423,AUS,83,82,27,0,1
3,AA,10529,BDL,31,29,7,2,0
3,AA,10721,BOS,59,59,18,0,0
3,AA,10849,BZN,31,31,10,0,0
3,AA,11042,CLE,28,27,8,1,0
3,AA,11057,CLT,279,277,67,2,0
3,AA,11278,DCA,208,203,80,4,1
3,AA,11292,DEN,85,85,18,0,0
3,AA,11298,DFW,311,302,85,7,2
3,AA,11433,DTW,13,13,3,0,0
3,AA,11503,EGE,26,26,5,0,0
3,AA,11618,EWR,31,31,12,0,0
3,AA,11697,FLL,62,61,19,1,0
3,AA,11986,GRR,31,29,8,2,0
3,AA,12266,IAH,31,30,6,1,0
3,AA,12339,IND,26,26,9,0,0
3,AA,12441,JAC,31,31,7,0,0
3,AA,12478,JFK,56,55,19,0,1
3,AA,12889,LAS,142,141,36,1,0
3,AA,12892,LAX,241,241,55,0,0
3,AA,12953,LGA,251,250,81,1,0
3,AA,13198,MCI,59,58,14,1,0
3,AA,13204,MCO,148,146,39,2,0
3,AA,13303,MIA,277,272,62,5,0
3,AA,13487,MSP,57,54,10,3,0
3,AA,13495,MSY,37,36,14,0,1
3,AA,14027,PBI,62,60,18,1,1
3,AA,14100,PHL,210,206,48,3,1
3,AA,14107,PHX,237,234,41,2,1
3,AA,14262,PSP,31,31,9,0,0
3,AA,14492,RDU,31,31,11,0,0
3,AA,14635,RSW,90,88,21,1,1
3,AA,14679,SAN,90,89,24,0,1
3,AA,14683,SAT,55,54,10,1,0
3,AA,14747,SEA,55,54,13,1,0
3,AA,14771,SFO,86,85,22,0,1
3,AA,14843,SJU,31,31,7,0,0
3,AA,14869,SLC,22,22,4,0,0
3,AA,14908,SNA,88,88,18,0,0
3,AA,14986,SRQ,31,29,6,1,1
3,AA,15016,STL,26,26,6,0,0
3,AA,15024,STT,5,5,1,0,0
3,AA,15304,TPA,93,90,20,3,0
3,AA,15376,TUS,58,57,7,0,1
3,AS,10299,ANC,4,4,0,0,0
3,AS,14057,PDX,31,31,4,0,0
3,AS,14747,SEA,121,120,40,1,0
3,AS,14771,SFO,31,31,7,0,0
3,B6,10721,BOS,54,54,14,0,0
3,B6,12478,JFK,31,31,10,0,0
3,DL,10397,ATL,206,205,39,1,0
3,DL,10721,BOS,39,39,8,0,0
3,DL,11433,DTW,150,150,30,0,0
3,DL,12953,LGA,83,82,22,1,0
3,DL,13487,MSP,153,153,30,0,0
3,DL,14747,SEA,60,59,10,1,0
3,DL,14869,SLC,88,87,12,0,1
3,F9,10397,ATL,49,47,15,2,0
3,F9,10423,AUS,11,11,3,0,0
3,F9,10693,BNA,14,14,6,0,0
3,F9,11057,CLT,10,10,3,0,0
3,F9,11292,DEN,31,31,2,0,0
3,F9,11298,DFW,30,28,11,0,2
3,F9,12266,IAH,14,14,5,0,0
3,F9,12889,LAS,23,22,10,1,0
3,F9,13204,MCO,38,38,12,0,0
3,F9,14027,PBI,14,13,7,1,0
3,F9,14107,PHX,40,39,17,1,0
3,F9,14635,RSW,18,18,7,0,0
3,F9,14869,SLC,8,7,3,0,1
3,F9,14986,SRQ,13,13,7,0,0
3,F9,15304,TPA,36,36,9,0,0
3,MQ,10140,ABQ,29,28,7,0,1
3,MQ,10397,ATL,53,53,14,0,0
3,MQ,10408,ATW,29,28,5,0,1
3,MQ,10423,AUS,30,28,6,1,1
3,MQ,10434,AVP,57,56,11,1,0
3,MQ,10529,BDL,16,16,4,0,0
3,MQ,10693,BNA,35,35,4,0,0
3,MQ,10721,BOS,79,77,13,2,0
3,MQ,10792,BUF,86,86,23,0,0
3,MQ,10821,BWI,86,84,23,1,1
3,MQ,10994,CHS,56,56,6,0,0
3,MQ,11003,CID,28,27,9,1,0
3,MQ,11042,CLE,87,84,25,3,0
3,MQ,11066,CMH,128,127,41,1,0
3,MQ,11067,CMI,54,54,13,0,0
3,MQ,11111,COU,59,55,11,4,0
3,MQ,11193,CVG,82,81,24,1,0
3,MQ,11203,CWA,26,26,5,0,0
3,MQ,11423,DSM,40,39,12,1,0
3,MQ,11433,DTW,125,123,23,2,0
3,MQ,11481,ECP,6,6,2,0,0
3,MQ,11540,ELP,31,31,6,0,0
3,MQ,11618,EWR,117,114,34,2,1
3,MQ,11624,EYW,28,27,7,0,1
3,MQ,11637,FAR,85,83,22,2,0
3,MQ,11775,FSD,50,49,11,1,0
3,MQ,11986,GRR,31,31,7,0,0
3,MQ,11995,GSO,55,55,16,0,0
3,MQ,11996,GSP,55,54,12,1,0
3,MQ,12094,HDN,31,30,10,0,1
3,MQ,12197,HPN,93,83,18,6,4
3,MQ,12278,ICT,58,54,13,4,0
3,MQ,12339,IND,52,52,11,0,0
3,MQ,12451,JAX,58,57,15,1,0
3,MQ,12884,LAN,49,48,16,1,0
3,MQ,12945,LEX,26,26,7,0,0
3,MQ,12992,LIT,27,25,7,1,1
3,MQ,13076,LSE,31,30,11,1,0
3,MQ,13198,MCI,46,46,19,0,0
3,MQ,13244,MEM,60,59,16,1,0
3,MQ,13459,MQT,31,25,5,6,0
3,MQ,13485,MSN,74,73,23,1,0
3,MQ,13487,MSP,21,18,1,3,0
3,MQ,13495,MSY,22,22,5,0,0
3,MQ,13851,OKC,54,52,13,2,0
3,MQ,13871,OMA,27,25,10,2,0
3,MQ,13931,ORF,26,26,9,0,0
3,MQ,14108,PIA,26,25,10,1,0
3,MQ,14122,PIT,28,28,11,0,0
3,MQ,14193,PNS,1,1,0,0,0
3,MQ,14307,PVD,3,3,1,0,0
3,MQ,14492,RDU,85,83,20,2,0
3,MQ,14576,ROC,84,83,20,1,0
3,MQ,14730,SDF,21,19,5,2,0
3,MQ,14783,SGF,52,52,18,0,0
3,MQ,14869,SLC,8,8,1,0,0
3,MQ,15016,STL,32,30,8,2,0
3,MQ,15096,SYR,28,28,5,0,0
3,MQ,15370,TUL,3,3,0,0,0
3,MQ,15380,TVC,7,7,1,0,0
3,MQ,15412,TYS,34,34,15,0,0
3,MQ,15919,XNA,104,101,33,2,1
3,NK,10397,ATL,13,13,4,0,0
3,NK,11298,DFW,27,26,5,1,0
3,NK,11618,EWR,31,29,12,2,0
3,NK,11697,FLL,106,104,24,1,1
3,NK,12266,IAH,58,58,24,0,0
3,NK,12889,LAS,56,56,6,0,0
3,NK,12892,LAX,69,69,12,0,0
3,NK,12953,LGA,48,48,11,0,0
3,NK,13204,MCO,59,59,11,0,0
3,NK,13303,MIA,45,44,7,1,0
3,NK,13495,MSY,31,31,5,0,0
3,NK,14193,PNS,5,5,1,0,0
3,NK,14635,RSW,57,54,14,2,1
3,NK,14843,SJU,58,58,15,0,0
3,NK,15304,TPA,56,55,15,1,0
3,OO,10257,ALB,4,4,1,0,0
3,OO,10372,ASE,176,156,66,5,15
3,OO,10408,ATW,153,148,63,4,1
3,OO,10423,AUS,1,1,0,0,0
3,OO,10431,AVL,68,67,24,1,0
3,OO,10529,BDL,12,12,2,0,0
3,OO,10693,BNA,134,132,56,2,0
3,OO,10713,BOI,62,62,15,0,0
3,OO,10849,BZN,3,3,1,0,0
3,OO,10874,CAK,95,95,32,0,0
3,OO,10980,CHA,27,27,13,0,0
3,OO,10990,CHO,74,74,16,0,0
3,OO,11003,CID,34,32,10,2,0
3,OO,11042,CLE,13,13,4,0,0
3,OO,11066,CMH,1,1,1,0,0
3,OO,11076,CMX,62,57,24,5,0
3,OO,11109,COS,33,33,7,0,0
3,OO,11146,CRW,88,87,31,1,0
3,OO,11193,CVG,16,16,3,0,0
3,OO,11267,DAY,68,68,16,0,0
3,OO,11288,DEC,53,53,13,0,0
3,OO,11337,DLH,83,82,34,0,1
3,OO,11423,DSM,31,31,15,0,0
3,OO,11433,DTW,131,131,28,0,0
3,OO,11471,EAU,53,51,17,2,0
3,OO,11540,ELP,24,23,6,1,0
3,OO,11637,FAR,109,109,29,0,0
3,OO,11648,FCA,10,9,1,0,1
3,OO,11721,FNT,64,63,27,1,0
3,OO,11725,FOD,53,49,12,4,0
3,OO,11775,FSD,28,28,13,0,0
3,OO,11823,FWA,124,120,34,4,0
3,OO,11977,GRB,117,115,42,2,0
3,OO,11986,GRR,30,30,9,0,0
3,OO,11995,GSO,25,25,5,0,0
3,OO,11996,GSP,28,28,7,0,0
3,OO,12012,GUC,5,5,1,0,0
3,OO,12206,HRL,4,3,2,1,0
3,OO,12217,HSV,62,61,24,0,1
3,OO,12278,ICT,53,51,13,2,0
3,OO,12339,IND,23,23,3,0,0
3,OO,12441,JAC,9,9,0,0,0
3,OO,12451,JAX,8,8,1,0,0
3,OO,12478,JFK,31,31,7,0,0
3,OO,12511,JLN,31,30,6,0,1
3,OO,12559,JST,31,31,9,0,0
3,OO,12945,LEX,30,30,6,0,0
3,OO,12953,LGA,34,33,9,1,0
3,OO,12992,LIT,2,2,0,0,0
3,OO,13029,LNK,83,80,23,3,0
3,OO,13184,MBS,93,92,41,1,0
3,OO,13198,MCI,2,2,2,0,0
3,OO,13211,MCW,53,49,15,4,0
3,OO,13230,MDT,22,21,9,1,0
3,OO,13244,MEM,35,35,9,0,0
3,OO,13282,MGW,31,31,9,0,0
3,OO,13342,MKE,243,240,84,3,0
3,OO,13367,MLI,160,159,51,1,0
3,OO,13485,MSN,90,90,31,0,0
3,OO,13487,MSP,1,1,0,0,0
3,OO,13502,MTJ,29,29,3,0,0
3,OO,13851,OKC,68,68,18,0,0
3,OO,13871,OMA,33,29,16,4,0
3,OO,14108,PIA,124,124,32,0,0
3,OO,14122,PIT,6,6,1,0,0
3,OO,14193,PNS,4,4,1,0,0
3,OO,14321,PWM,9,8,0,0,1
3,OO,14574,ROA,19,19,7,0,0
3,OO,14576,ROC,2,2,1,0,0
3,OO,14683,SAT,19,18,4,0,1
3,OO,14685,SAV,23,23,11,0,0
3,OO,14696,SBN,186,185,60,1,0
3,OO,14711,SCE,75,74,21,0,1
3,OO,14730,SDF,32,31,8,1,0
3,OO,14783,SGF,96,95,31,1,0
3,OO,14869,SLC,96,95,33,0,1
3,OO,14877,SLN,31,30,10,1,0
3,OO,15016,STL,24,24,8,0,0
3,OO,15041,SUN,29,29,8,0,0
3,OO,15048,SUX,31,30,12,1,0
3,OO,15096,SYR,2,2,0,0,0
3,OO,15370,TUL,62,62,16,0,0
3,OO,15376,TUS,12,12,3,0,0
3,OO,15380,TVC,35,34,18,1,0
3,OO,15412,TYS,55,55,18,0,0
3,OO,15919,XNA,30,30,7,0,0
3,UA,10140,ABQ,26,26,4,0,0
3,UA,10257,ALB,31,31,6,0,0
3,UA,10299,ANC,2,2,0,0,0
3,UA,10397,ATL,118,118,26,0,0
3,UA,10423,AUS,99,99,13,0,0
3,UA,10529,BDL,63,63,14,0,0
3,UA,10693,BNA,95,95,20,0,0
3,UA,10721,BOS,193,193,46,0,0
3,UA,10785,BTV,60,59,14,0,1
3,UA,10792,BUF,62,62,11,0,0
3,UA,10821,BWI,88,88,25,0,0
3,UA,10849,BZN,49,48,12,1,0
3,UA,10994,CHS,60,60,13,0,0
3,UA,11003,CID,31,30,10,1,0
3,UA,11042,CLE,156,156,25,0,0
3,UA,11057,CLT,93,93,15,0,0
3,UA,11066,CMH,90,90,20,0,0
3,UA,11193,CVG,89,89,32,0,0
3,UA,11278,DCA,285,283,87,1,1
3,UA,11292,DEN,297,296,44,0,1
3,UA,11298,DFW,171,169,23,0,2
3,UA,11423,DSM,56,54,16,2,0
3,UA,11433,DTW,29,29,9,0,0
3,UA,11481,ECP,26,26,11,0,0
3,UA,11503,EGE,49,49,12,0,0
3,UA,11618,EWR,351,351,86,0,0
3,UA,11624,EYW,31,29,7,0,2
3,UA,11697,FLL,126,125,26,1,0
3,UA,11775,FSD,31,31,12,0,0
3,UA,11986,GRR,63,63,22,0,0
3,UA,11996,GSP,3,3,1,0,0
3,UA,12094,HDN,29,27,4,0,2
3,UA,12173,HNL,59,59,7,0,0
3,UA,12264,IAD,152,151,37,0,1
3,UA,12266,IAH,307,306,37,1,0
3,UA,12278,ICT,31,30,11,0,1
3,UA,12441,JAC,30,30,6,0,0
3,UA,12451,JAX,76,76,11,0,0
3,UA,12758,KOA,5,5,1,0,0
3,UA,12889,LAS,207,206,34,1,0
3,UA,12892,LAX,259,259,33,0,0
3,UA,12953,LGA,323,321,90,0,2
3,UA,13198,MCI,117,115,20,2,0
3,UA,13204,MCO,236,236,46,0,0
3,UA,13230,MDT,31,31,11,0,0
3,UA,13244,MEM,31,31,8,0,0
3,UA,13303,MIA,112,112,28,0,0
3,UA,13485,MSN,31,31,11,0,0
3,UA,13487,MSP,201,198,47,1,2
3,UA,13495,MSY,84,84,18,0,0
3,UA,13830,OGG,31,31,5,0,0
3,UA,13871,OMA,94,91,20,3,0
3,UA,13931,ORF,62,62,14,0,0
3,UA,14027,PBI,83,82,19,0,1
3,UA,14057,PDX,92,92,10,0,0
3,UA,14100,PHL,137,137,39,0,0
3,UA,14107,PHX,208,208,28,0,0
3,UA,14122,PIT,101,101,21,0,0
3,UA,14193,PNS,31,31,4,0,0
3,UA,14262,PSP,60,60,8,0,0
3,UA,14492,RDU,93,93,19,0,0
3,UA,14524,RIC,31,31,7,0,0
3,UA,14570,RNO,32,31,9,0,1
3,UA,14576,ROC,31,31,10,0,0
3,UA,14635,RSW,177,176,34,0,1
3,UA,14679,SAN,138,138,15,0,0
3,UA,14683,SAT,62,62,11,0,0
3,UA,14685,SAV,51,51,8,0,0
3,UA,14747,SEA,95,95,27,0,0
3,UA,14771,SFO,277,277,57,0,0
3,UA,14831,SJC,31,30,5,1,0
3,UA,14843,SJU,62,62,13,0,0
3,UA,14869,SLC,99,99,26,0,0
3,UA,14893,SMF,64,64,17,0,0
3,UA,14908,SNA,88,86,11,0,2
3,UA,14986,SRQ,79,79,15,0,0
3,UA,15016,STL,52,52,10,0,0
3,UA,15024,STT,28,27,4,1,0
3,UA,15096,SYR,31,30,9,0,1
3,UA,15304,TPA,150,150,27,0,0
3,UA,15376,TUS,47,47,7,0,0
3,UA,15380,TVC,31,31,14,0,0
3,UA,15412,TYS,31,31,12,0,0
3,WN,10423,AUS,31,31,3,0,0
3,WN,10693,BNA,52,52,7,0,0
3,WN,10821,BWI,40,39,7,1,0
3,WN,11259,DAL,86,85,10,0,1
3,WN,11292,DEN,107,107,11,0,0
3,WN,12889,LAS,35,35,4,0,0
3,WN,14107,PHX,39,39,12,0,0
3,YX,10140,ABQ,5,5,0,0,0
3,YX,10257,ALB,49,49,6,0,0
3,YX,10397,ATL,31,31,10,0,0
3,YX,10423,AUS,9,9,1,0,0
3,YX,10431,AVL,4,4,2,0,0
3,YX,10529,BDL,47,46,4,1,0
3,YX,10693,BNA,97,96,22,1,0
3,YX,10721,BOS,146,144,33,2,0
3,YX,10785,BTV,22,22,3,0,0
3,YX,10980,CHA,1,1,1,0,0
3,YX,10990,CHO,4,4,2,0,0
3,YX,10994,CHS,35,35,6,0,0
3,YX,11003,CID,58,55,9,3,0
3,YX,11042,CLE,54,54,12,0,0
3,YX,11066,CMH,127,127,16,0,0
3,YX,11193,CVG,70,69,9,1,0
3,YX,11267,DAY,1,1,1,0,0
3,YX,11278,DCA,66,66,14,0,0
3,YX,11423,DSM,75,71,10,3,1
3,YX,11433,DTW,46,46,11,0,0
3,YX,11481,ECP,1,1,0,0,0
3,YX,11540,ELP,8,8,0,0,0
3,YX,11618,EWR,1,1,0,0,0
3,YX,11624,EYW,24,24,5,0,0
3,YX,11977,GRB,1,1,1,0,0
3,YX,11986,GRR,56,56,5,0,0
3,YX,11995,GSO,6,6,2,0,0
3,YX,11996,GSP,24,24,4,0,0
3,YX,12266,IAH,51,51,10,0,0
3,YX,12278,ICT,1,1,0,0,0
3,YX,12339,IND,315,310,49,5,0
3,YX,12451,JAX,8,8,2,0,0
3,YX,12478,JFK,15,15,4,0,0
3,YX,12953,LGA,223,222,44,0,1
3,YX,13198,MCI,58,55,7,3,0
3,YX,13230,MDT,6,6,1,0,0
3,YX,13244,MEM,51,51,7,0,0
3,YX,13485,MSN,48,47,5,1,0
3,YX,13487,MSP,80,79,16,1,0
3,YX,13495,MSY,3,3,0,0,0
3,YX,13851,OKC,72,71,11,1,0
3,YX,13871,OMA,58,55,7,3,0
3,YX,13931,ORF,5,5,1,0,0
3,YX,14100,PHL,4,4,1,0,0
3,YX,14122,PIT,130,129,17,1,0
3,YX,14307,PVD,59,58,11,1,0
3,YX,14321,PWM,50,50,11,0,0
3,YX,14457,RAP,1,1,0,0,0
3,YX,14492,RDU,48,48,8,0,0
3,YX,14524,RIC,27,26,4,0,1
3,YX,14576,ROC,32,32,6,0,0
3,YX,14685,SAV,11,11,4,0,0
3,YX,14730,SDF,119,117,26,1,1
3,YX,14986,SRQ,5,5,1,0,0
3,YX,15016,STL,94,92,13,2,0
3,YX,15096,SYR,91,91,16,0,0
3,YX,15370,TUL,82,80,11,1,1
3,YX,15380,TVC,55,53,11,2,0
3,YX,15412,TYS,5,5,0,0,0
3,YX,15624,VPS,27,27,3,0,0
3,YX,15919,XNA,5,5,0,0,0
4,AA,10140,ABQ,27,27,3,0,0
4,AA,10397,ATL,27,26,3,0,1
4,AA,10423,AUS,82,81,27,1,0
4,AA,10529,BDL,30,30,5,0,0
4,AA,10721,BOS,83,82,14,1,0
4,AA,10821,BWI,27,27,4,0,0
4,AA,10849,BZN,3,3,1,0,0
4,AA,10994,CHS,4,4,1,0,0
4,AA,11042,CLE,30,30,7,0,0
4,AA,11057,CLT,269,263,43,6,0
4,AA,11278,DCA,210,207,57,3,0
4,AA,11292,DEN,89,88,32,1,0
4,AA,11298,DFW,301,290,85,10,1
4,AA,11503,EGE,2,1,1,1,0
4,AA,11540,ELP,27,27,7,0,0
4,AA,11618,EWR,30,30,13,0,0
4,AA,11697,FLL,60,59,10,1,0
4,AA,11986,GRR,30,30,5,0,0
4,AA,12266,IAH,80,79,17,1,0
4,AA,12339,IND,30,29,5,1,0
4,AA,12441,JAC,3,3,1,0,0
4,AA,12478,JFK,60,60,12,0,0
4,AA,12889,LAS,136,135,29,1,0
4,AA,12892,LAX,227,224,43,3,0
4,AA,12953,LGA,288,280,69,6,2
4,AA,13198,MCI,60,59,15,1,0
4,AA,13204,MCO,137,134,27,2,1
4,AA,13303,MIA,265,260,47,4,1
4,AA,13487,MSP,59,58,18,1,0
4,AA,13495,MSY,57,56,13,1,0
4,AA,13871,OMA,27,27,9,0,0
4,AA,14027,PBI,52,51,10,1,0
4,AA,14057,PDX,53,53,12,0,0
4,AA,14100,PHL,228,224,45,4,0
4,AA,14107,PHX,266,262,48,3,1
4,AA,14262,PSP,49,49,19,0,0
4,AA,14492,RDU,57,57,11,0,0
4,AA,14635,RSW,89,87,19,2,0
4,AA,14679,SAN,113,111,27,2,0
4,AA,14683,SAT,87,87,31,0,0
4,AA,14747,SEA,85,84,13,1,0
4,AA,14771,SFO,117,116,22,1,0
4,AA,14843,SJU,30,30,2,0,0
4,AA,14869,SLC,30,30,5,0,0
4,AA,14893,SMF,27,27,1,0,0
4,AA,14908,SNA,109,108,23,1,0
4,AA,14986,SRQ,30,30,9,0,0
4,AA,15016,STL,49,49,8,0,0
4,AA,15024,STT,1,1,1,0,0
4,AA,15304,TPA,89,87,11,2,0
4,AA,15376,TUS,60,60,19,0,0
4,AA,15919,XNA,26,24,5,1,1
4,AS,10299,ANC,7,7,2,0,0
4,AS,14057,PDX,30,30,2,0,0
4,AS,14747,SEA,146,146,27,0,0
4,AS,14771,SFO,30,30,8,0,0
4,B6,10721,BOS,55,55,5,0,0
4,B6,12478,JFK,30,30,3,0,0
4,DL,10397,ATL,212,205,51,5,2
4,DL,10721,BOS,74,73,18,0,1
4,DL,11433,DTW,163,162,34,1,0
4,DL,12953,LGA,124,122,28,2,0
4,DL,13487,MSP,159,159,48,0,0
4,DL,14747,SEA,74,73,16,1,0
4,DL,14869,SLC,86,85,22,1,0
4,F9,10397,ATL,46,46,18,0,0
4,F9,10423,AUS,12,12,9,0,0
4,F9,10693,BNA,12,12,7,0,0
4,F9,11057,CLT,9,9,4,0,0
4,F9,11292,DEN,23,23,4,0,0
4,F9,11298,DFW,25,23,8,2,0
4,F9,12266,IAH,12,12,2,0,0
4,F9,12889,LAS,17,17,5,0,0
4,F9,13204,MCO,34,34,9,0,0
4,F9,14027,PBI,8,8,2,0,0
4,F9,14107,PHX,39,39,14,0,0
4,F9,14635,RSW,12,12,5,0,0
4,F9,14869,SLC,6,6,2,0,0
4,F9,14986,SRQ,9,8,1,1,0
4,F9,15304,TPA,26,25,7,1,0
4,MQ,10140,ABQ,30,30,9,0,0
4,MQ,10208,AGS,12,12,3,0,0
4,MQ,10397,ATL,10,7,2,3,0
4,MQ,10408,ATW,78,78,9,0,0
4,MQ,10423,AUS,29,28,4,1,0
4,MQ,10431,AVL,27,27,3,0,0
4,MQ,10434,AVP,6,6,4,0,0
4,MQ,10529,BDL,47,47,5,0,0
4,MQ,10599,BHM,42,42,9,0,0
4,MQ,10685,BMI,54,54,8,0,0
4,MQ,10693,BNA,86,85,14,1,0
4,MQ,10721,BOS,38,37,4,1,0
4,MQ,10792,BUF,77,75,15,1,1
4,MQ,10821,BWI,61,59,12,2,0
4,MQ,10994,CHS,56,53,6,3,0
4,MQ,11003,CID,30,30,6,0,0
4,MQ,11042,CLE,102,100,14,2,0
4,MQ,11066,CMH,135,132,22,3,0
4,MQ,11067,CMI,82,80,9,1,1
4,MQ,11111,COU,78,78,19,0,0
4,MQ,11193,CVG,135,132,27,3,0
4,MQ,11203,CWA,61,60,9,1,0
4,MQ,11423,DSM,6,5,2,0,1
4,MQ,11433,DTW,62,59,17,3,0
4,MQ,11540,ELP,3,3,3,0,0
4,MQ,11618,EWR,77,68,31,8,1
4,MQ,11624,EYW,30,28,6,2,0
4,MQ,11637,FAR,90,89,17,1,0
4,MQ,11775,FSD,58,57,15,1,0
4,MQ,11823,FWA,54,54,3,0,0
4,MQ,11977,GRB,85,85,11,0,0
4,MQ,11986,GRR,48,48,13,0,0
4,MQ,11995,GSO,52,50,12,2,0
4,MQ,11996,GSP,33,31,5,2,0
4,MQ,12094,HDN,3,3,3,0,0
4,MQ,12197,HPN,90,89,10,1,0
4,MQ,12217,HSV,23,23,6,0,0
4,MQ,12278,ICT,60,59,10,1,0
4,MQ,12339,IND,81,80,9,1,0
4,MQ,12451,JAX,59,57,11,2,0
4,MQ,12884,LAN,87,86,19,1,0
4,MQ,12945,LEX,57,56,10,1,0
4,MQ,12992,LIT,75,72,18,2,1
4,MQ,13076,LSE,84,83,16,1,0
4,MQ,13198,MCI,105,105,17,0,0
4,MQ,13230,MDT,27,27,4,0,0
4,MQ,13244,MEM,83,81,19,1,1
4,MQ,13290,MHK,54,54,11,0,0
4,MQ,13342,MKE,1,1,1,0,0
4,MQ,13459,MQT,30,29,9,1,0
4,MQ,13485,MSN,98,97,17,1,0
4,MQ,13487,MSP,56,56,22,0,0
4,MQ,13495,MSY,3,3,1,0,0
4,MQ,13851,OKC,52,50,9,1,1
4,MQ,13871,OMA,10,9,1,1,0
4,MQ,13931,ORF,3,2,1,1,0
4,MQ,14108,PIA,4,4,3,0,0
4,MQ,14122,PIT,41,40,10,1,0
4,MQ,14307,PVD,16,16,4,0,0
4,MQ,14492,RDU,59,56,8,3,0
4,MQ,14524,RIC,54,53,9,1,0
4,MQ,14576,ROC,113,111,17,2,0
4,MQ,14730,SDF,75,74,19,0,1
4,MQ,14783,SGF,83,82,21,0,1
4,MQ,14952,SPI,50,50,6,0,0
4,MQ,15016,STL,83,82,20,1,0
4,MQ,15096,SYR,53,53,12,0,0
4,MQ,15370,TUL,1,1,0,0,0
4,MQ,15380,TVC,71,71,11,0,0
4,MQ,15412,TYS,4,4,4,0,0
4,MQ,15624,VPS,27,27,3,0,0
4,MQ,15919,XNA,80,78,21,2,0
4,NK,10397,ATL,8,8,6,0,0
4,NK,11298,DFW,21,21,4,0,0
4,NK,11618,EWR,30,30,17,0,0
4,NK,11697,FLL,91,91,15,0,0
4,NK,12266,IAH,32,32,14,0,0
4,NK,12889,LAS,50,50,11,0,0
4,NK,12892,LAX,61,61,17,0,0
4,NK,12953,LGA,30,30,1,0,0
4,NK,13204,MCO,63,62,7,1,0
4,NK,13303,MIA,36,35,7,1,0
4,NK,13495,MSY,27,27,4,0,0
4,NK,14193,PNS,4,4,0,0,0
4,NK,14635,RSW,43,42,9,1,0
4,NK,14843,SJU,38,37,4,1,0
4,NK,15304,TPA,44,44,15,0,0
4,OO,10135,ABE,1,1,0,0,0
4,OO,10140,ABQ,26,26,6,0,0
4,OO,10257,ALB,9,9,3,0,0
4,OO,10372,ASE,52,45,10,2,5
4,OO,10408,ATW,150,149,33,1,0
4,OO,10423,AUS,1,1,0,0,0
4,OO,10431,AVL,44,44,4,0,0
4,OO,10693,BNA,141,131,39,7,3
4,OO,10713,BOI,60,60,9,0,0
4,OO,10792,BUF,10,10,0,0,0
4,OO,10874,CAK,120,117,22,3,0
4,OO,10980,CHA,60,58,8,2,0
4,OO,10990,CHO,76,74,17,2,0
4,OO,11003,CID,58,58,9,0,0
4,OO,11042,CLE,11,11,1,0,0
4,OO,11066,CMH,23,23,5,0,0
4,OO,11076,CMX,60,58,12,2,0
4,OO,11109,COS,60,59,7,1,0
4,OO,11146,CRW,89,86,13,2,1
4,OO,11193,CVG,57,57,14,0,0
4,OO,11267,DAY,99,99,19,0,0
4,OO,11288,DEC,51,50,6,1,0
4,OO,11337,DLH,81,78,20,2,1
4,OO,11423,DSM,61,60,22,1,0
4,OO,11433,DTW,87,85,5,2,0
4,OO,11471,EAU,51,49,12,2,0
4,OO,11540,ELP,24,23,6,1,0
4,OO,11637,FAR,106,104,21,2,0
4,OO,11721,FNT,90,89,13,1,0
4,OO,11725,FOD,51,51,8,0,0
4,OO,11775,FSD,56,55,10,1,0
4,OO,11823,FWA,120,119,23,1,0
4,OO,11977,GRB,90,89,10,1,0
4,OO,11986,GRR,67,67,16,0,0
4,OO,11995,GSO,30,30,10,0,0
4,OO,11996,GSP,23,23,0,0,0
4,OO,12206,HRL,4,4,0,0,0
4,OO,12217,HSV,60,58,13,2,0
4,OO,12278,ICT,75,75,18,0,0
4,OO,12339,IND,27,26,4,1,0
4,OO,12451,JAX,29,29,3,0,0
4,OO,12478,JFK,30,29,4,1,0
4,OO,12511,JLN,30,30,7,0,0
4,OO,12559,JST,30,29,7,0,1
4,OO,12945,LEX,73,72,12,1,0
4,OO,12992,LIT,30,29,10,0,1
4,OO,13029,LNK,120,119,20,0,1
4,OO,13184,MBS,90,89,10,1,0
4,OO,13198,MCI,2,2,2,0,0
4,OO,13211,MCW,51,51,7,0,0
4,OO,13230,MDT,47,47,10,0,0
4,OO,13244,MEM,29,29,4,0,0
4,OO,13282,MGW,30,28,7,0,2
4,OO,13342,MKE,357,353,70,4,0
4,OO,13367,MLI,169,163,37,6,0
4,OO,13485,MSN,64,63,9,1,0
4,OO,13577,MYR,9,9,1,0,0
4,OO,13851,OKC,76,75,17,1,0
4,OO,13871,OMA,26,24,13,1,1
4,OO,14108,PIA,201,197,32,4,0
4,OO,14307,PVD,45,45,2,0,0
4,OO,14321,PWM,39,39,3,0,0
4,OO,14492,RDU,1,1,0,0,0
4,OO,14574,ROA,60,59,8,1,0
4,OO,14576,ROC,26,25,2,1,0
4,OO,14633,RST,104,103,26,0,1
4,OO,14683,SAT,21,20,5,1,0
4,OO,14696,SBN,180,176,29,4,0
4,OO,14711,SCE,30,29,3,0,1
4,OO,14730,SDF,37,36,3,1,0
4,OO,14783,SGF,69,67,14,1,1
4,OO,14869,SLC,52,52,15,0,0
4,OO,14877,SLN,30,30,1,0,0
4,OO,15016,STL,4,4,1,0,0
4,OO,15048,SUX,30,29,7,1,0
4,OO,15370,TUL,54,53,13,1,0
4,OO,15376,TUS,29,29,4,0,0
4,OO,15380,TVC,38,37,8,1,0
4,OO,15412,TYS,56,56,10,0,0
4,OO,15919,XNA,34,34,4,0,0
4,UA,10140,ABQ,30,30,5,0,0
4,UA,10257,ALB,30,29,7,1,0
4,UA,10299,ANC,30,30,9,0,0
4,UA,10397,ATL,119,116,22,1,2
4,UA,10423,AUS,109,109,24,0,0
4,UA,10529,BDL,90,89,8,1,0
4,UA,10693,BNA,116,115,22,1,0
4,UA,10721,BOS,192,190,29,2,0
4,UA,10785,BTV,30,30,9,0,0
4,UA,10792,BUF,60,58,2,2,0
4,UA,10821,BWI,86,85,11,1,0
4,UA,10849,BZN,31,30,2,1,0
4,UA,10994,CHS,60,60,11,0,0
4,UA,11003,CID,30,29,8,1,0
4,UA,11042,CLE,147,145,28,2,0
4,UA,11057,CLT,89,87,10,1,1
4,UA,11066,CMH,82,80,12,2,0
4,UA,11193,CVG,86,85,16,1,0
4,UA,11278,DCA,336,331,50,5,0
4,UA,11292,DEN,291,290,65,0,1
4,UA,11298,DFW,175,172,47,2,1
4,UA,11423,DSM,74,73,12,1,0
4,UA,11433,DTW,90,89,12,1,0
4,UA,11481,ECP,30,30,7,0,0
4,UA,11503,EGE,1,1,0,0,0
4,UA,11618,EWR,331,324,112,4,3
4,UA,11624,EYW,34,34,11,0,0
4,UA,11638,FAT,1,1,1,0,0
4,UA,11697,FLL,120,120,20,0,0
4,UA,11775,FSD,30,30,12,0,0
4,UA,11986,GRR,61,61,7,0,0
4,UA,11996,GSP,30,30,11,0,0
4,UA,12173,HNL,36,36,3,0,0
4,UA,12264,IAD,180,177,25,3,0
4,UA,12266,IAH,300,300,60,0,0
4,UA,12278,ICT,30,30,13,0,0
4,UA,12339,IND,30,29,7,1,0
4,UA,12441,JAC,2,2,1,0,0
4,UA,12451,JAX,61,60,13,1,0
4,UA,12758,KOA,3,3,0,0,0
4,UA,12889,LAS,180,180,22,0,0
4,UA,12892,LAX,257,255,37,2,0
4,UA,12953,LGA,422,411,70,9,2
4,UA,13198,MCI,116,116,28,0,0
4,UA,13204,MCO,200,200,28,0,0
4,UA,13230,MDT,30,30,8,0,0
4,UA,13244,MEM,30,29,10,1,0
4,UA,13303,MIA,81,80,10,0,1
4,UA,13485,MSN,30,30,18,0,0
4,UA,13487,MSP,206,206,65,0,0
4,UA,13495,MSY,90,88,17,1,1
4,UA,13830,OGG,21,21,2,0,0
4,UA,13871,OMA,109,108,20,1,0
4,UA,13931,ORF,60,60,15,0,0
4,UA,14027,PBI,60,60,3,0,0
4,UA,14057,PDX,120,120,17,0,0
4,UA,14100,PHL,128,127,13,1,0
4,UA,14107,PHX,196,196,22,0,0
4,UA,14122,PIT,121,121,19,0,0
4,UA,14193,PNS,30,30,4,0,0
4,UA,14262,PSP,59,59,14,0,0
4,UA,14321,PWM,31,30,4,1,0
4,UA,14492,RDU,90,88,13,2,0
4,UA,14524,RIC,30,30,4,0,0
4,UA,14570,RNO,30,30,7,0,0
4,UA,14576,ROC,30,29,5,1,0
4,UA,14635,RSW,165,163,23,2,0
4,UA,14679,SAN,150,150,20,0,0
4,UA,14683,SAT,60,60,13,0,0
4,UA,14685,SAV,60,60,11,0,0
4,UA,14747,SEA,120,120,21,0,0
4,UA,14771,SFO,300,300,43,0,0
4,UA,14831,SJC,30,30,5,0,0
4,UA,14843,SJU,60,60,9,0,0
4,UA,14869,SLC,90,89,20,1,0
4,UA,14893,SMF,90,90,17,0,0
4,UA,14908,SNA,86,86,11,0,0
4,UA,14986,SRQ,60,60,10,0,0
4,UA,15016,STL,52,51,12,0,1
4,UA,15024,STT,8,8,0,0,0
4,UA,15096,SYR,30,29,5,1,0
4,UA,15304,TPA,140,139,18,1,0
4,UA,15376,TUS,30,30,6,0,0
4,UA,15380,TVC,30,30,15,0,0
4,UA,15412,TYS,30,29,6,1,0
4,WN,10423,AUS,30,30,9,0,0
4,WN,10693,BNA,35,34,3,1,0
4,WN,10821,BWI,32,31,7,1,0
4,WN,11259,DAL,86,83,22,2,1
4,WN,11292,DEN,90,89,24,1,0
4,WN,12889,LAS,51,51,8,0,0
4,WN,13204,MCO,46,46,7,0,0
4,WN,14107,PHX,32,32,12,0,0
4,YX,10140,ABQ,2,2,0,0,0
4,YX,10257,ALB,61,59,5,2,0
4,YX,10397,ATL,79,78,13,1,0
4,YX,10431,AVL,17,16,3,1,0
4,YX,10529,BDL,19,18,6,1,0
4,YX,10693,BNA,35,33,9,2,0
4,YX,10721,BOS,101,98,22,3,0
4,YX,10785,BTV,50,50,2,0,0
4,YX,10792,BUF,56,56,5,0,0
4,YX,10994,CHS,30,29,0,1,0
4,YX,11003,CID,25,24,10,1,0
4,YX,11042,CLE,108,107,8,1,0
4,YX,11057,CLT,1,1,0,0,0
4,YX,11066,CMH,151,151,10,0,0
4,YX,11193,CVG,79,77,6,2,0
4,YX,11267,DAY,12,12,2,0,0
4,YX,11337,DLH,1,1,0,0,0
4,YX,11423,DSM,87,87,7,0,0
4,YX,11433,DTW,131,129,17,2,0
4,YX,11540,ELP,6,6,2,0,0
4,YX,11618,EWR,34,33,9,0,1
4,YX,11977,GRB,3,3,0,0,0
4,YX,11986,GRR,86,85,6,1,0
4,YX,12124,HHH,4,4,0,0,0
4,YX,12266,IAH,10,9,4,1,0
4,YX,12339,IND,269,264,34,5,0
4,YX,12478,JFK,10,10,5,0,0
4,YX,12953,LGA,99,98,20,1,0
4,YX,12992,LIT,31,31,3,0,0
4,YX,13198,MCI,47,47,5,0,0
4,YX,13230,MDT,36,35,3,1,0
4,YX,13244,MEM,25,24,3,1,0
4,YX,13342,MKE,10,10,0,0,0
4,YX,13485,MSN,57,56,2,1,0
4,YX,13487,MSP,29,29,4,0,0
4,YX,13577,MYR,7,7,2,0,0
4,YX,13851,OKC,60,59,6,1,0
4,YX,13871,OMA,37,37,6,0,0
4,YX,13931,ORF,42,42,10,0,0
4,YX,14122,PIT,115,114,19,1,0
4,YX,14307,PVD,62,61,7,1,0
4,YX,14321,PWM,10,10,0,0,0
4,YX,14457,RAP,30,30,3,0,0
4,YX,14492,RDU,51,50,9,1,0
4,YX,14524,RIC,29,29,4,0,0
4,YX,14576,ROC,3,3,0,0,0
4,YX,14685,SAV,30,29,3,1,0
4,YX,14730,SDF,113,110,19,3,0
4,YX,15016,STL,77,75,8,2,0
4,YX,15096,SYR,64,63,14,1,0
4,YX,15370,TUL,95,94,19,1,0
4,YX,15380,TVC,6,4,2,2,0
4,YX,15412,TYS,1,1,0,0,0
4,YX,15624,VPS,3,3,2,0,0
5,AA,10140,ABQ,57,57,7,0,0
5,AA,10299,ANC,27,27,4,0,0
5,AA,10397,ATL,31,31,12,0,0
5,AA,10423,AUS,91,90,33,0,1
5,AA,10529,BDL,57,56,16,1,0
5,AA,10693,BNA,25,25,0,0,0
5,AA,10721,BOS,162,161,59,1,0
5,AA,10821,BWI,31,29,14,1,1
5,AA,10994,CHS,12,12,4,0,0
5,AA,11042,CLE,4,4,2,0,0
5,AA,11057,CLT,251,251,55,0,0
5,AA,11278,DCA,215,210,61,3,2
5,AA,11292,DEN,135,135,34,0,0
5,AA,11298,DFW,335,326,95,7,2
5,AA,11423,DSM,26,26,9,0,0
5,AA,11540,ELP,4,4,0,0,0
5,AA,11618,EWR,32,31,18,1,0
5,AA,11697,FLL,48,47,10,0,1
5,AA,11986,GRR,4,4,2,0,0
5,AA,12266,IAH,119,118,31,1,0
5,AA,12339,IND,40,40,4,0,0
5,AA,12451,JAX,27,27,2,0,0
5,AA,12478,JFK,62,59,23,1,2
5,AA,12889,LAS,152,152,27,0,0
5,AA,12892,LAX,264,262,48,2,0
5,AA,12953,LGA,279,272,74,6,1
5,AA,13198,MCI,30,30,7,0,0
5,AA,13204,MCO,150,149,45,0,1
5,AA,13303,MIA,278,275,58,3,0
5,AA,13487,MSP,50,49,10,0,1
5,AA,13495,MSY,60,60,16,0,0
5,AA,13871,OMA,35,35,9,0,0
5,AA,14027,PBI,58,58,8,0,0
5,AA,14057,PDX,75,75,14,0,0
5,AA,14100,PHL,261,256,87,5,0
5,AA,14107,PHX,278,278,43,0,0
5,AA,14122,PIT,23,22,5,1,0
5,AA,14262,PSP,34,34,6,0,0
5,AA,14492,RDU,88,86,16,2,0
5,AA,14635,RSW,92,90,15,0,2
5,AA,14679,SAN,122,122,30,0,0
5,AA,14683,SAT,89,87,27,1,1
5,AA,14730,SDF,5,5,2,0,0
5,AA,14747,SEA,111,111,15,0,0
5,AA,14771,SFO,143,143,33,0,0
5,AA,14843,SJU,31,31,7,0,0
5,AA,14869,SLC,31,31,5,0,0
5,AA,14893,SMF,31,31,3,0,0
5,AA,14908,SNA,122,119,11,1,2
5,AA,14986,SRQ,4,4,0,0,0
5,AA,15016,STL,59,58,17,1,0
5,AA,15304,TPA,92,92,22,0,0
5,AA,15376,TUS,62,62,17,0,0
5,AA,15624,VPS,22,22,1,0,0
5,AA,15919,XNA,28,27,13,0,1
5,AS,10299,ANC,19,19,3,0,0
5,AS,14057,PDX,47,47,7,0,0
5,AS,14747,SEA,184,182,40,2,0
5,AS,14771,SFO,31,31,5,0,0
5,B6,10721,BOS,57,57,21,0,0
5,B6,12478,JFK,62,62,14,0,0
5,DL,10397,ATL,238,238,50,0,0
5,DL,10721,BOS,118,115,40,3,0
5,DL,11433,DTW,174,174,30,0,0
5,DL,12953,LGA,229,221,63,5,3
5,DL,13487,MSP,172,171,54,1,0
5,DL,14747,SEA,87,87,18,0,0
5,DL,14869,SLC,87,87,20,0,0
5,F9,10397,ATL,50,50,21,0,0
5,F9,10423,AUS,12,11,5,0,1
5,F9,10693,BNA,12,12,5,0,0
5,F9,11057,CLT,12,12,3,0,0
5,F9,11292,DEN,19,19,6,0,0
5,F9,11298,DFW,22,22,6,0,0
5,F9,12266,IAH,10,10,1,0,0
5,F9,12889,LAS,18,18,10,0,0
5,F9,12892,LAX,10,10,1,0,0
5,F9,13204,MCO,28,27,7,0,1
5,F9,14100,PHL,12,12,8,0,0
5,F9,14107,PHX,15,15,5,0,0
5,F9,14492,RDU,9,9,1,0,0
5,F9,15304,TPA,16,16,3,0,0
5,MQ,10140,ABQ,4,4,0,0,0
5,MQ,10257,ALB,16,16,3,0,0
5,MQ,10397,ATL,78,77,11,1,0
5,MQ,10408,ATW,92,92,20,0,0
5,MQ,10423,AUS,30,30,6,0,0
5,MQ,10431,AVL,4,4,1,0,0
5,MQ,10529,BDL,60,60,12,0,0
5,MQ,10581,BGR,14,14,2,0,0
5,MQ,10599,BHM,7,7,2,0,0
5,MQ,10685,BMI,88,87,14,1,0
5,MQ,10693,BNA,13,13,3,0,0
5,MQ,10721,BOS,30,30,1,0,0
5,MQ,10792,BUF,91,90,15,0,1
5,MQ,10821,BWI,60,59,13,0,1
5,MQ,10994,CHS,54,54,14,0,0
5,MQ,11003,CID,107,103,19,4,0
5,MQ,11042,CLE,90,90,15,0,0
5,MQ,11066,CMH,163,161,51,2,0
5,MQ,11067,CMI,88,87,13,1,0
5,MQ,11111,COU,91,90,10,1,0
5,MQ,11193,CVG,130,130,34,0,0
5,MQ,11203,CWA,56,55,7,1,0
5,MQ,11267,DAY,1,1,0,0,0
5,MQ,11423,DSM,48,48,7,0,0
5,MQ,11433,DTW,7,7,3,0,0
5,MQ,11540,ELP,54,54,8,0,0
5,MQ,11618,EWR,96,75,40,21,0
5,MQ,11624,EYW,31,31,10,0,0
5,MQ,11637,FAR,92,91,13,1,0
5,MQ,11775,FSD,61,60,12,1,0
5,MQ,11823,FWA,62,61,19,1,0
5,MQ,11977,GRB,91,89,16,2,0
5,MQ,11986,GRR,34,34,3,0,0
5,MQ,11995,GSO,56,56,7,0,0
5,MQ,11996,GSP,58,58,10,0,0
5,MQ,12197,HPN,118,113,30,3,2
5,MQ,12217,HSV,25,25,11,0,0
5,MQ,12278,ICT,61,60,12,1,0
5,MQ,12339,IND,83,83,12,0,0
5,MQ,12451,JAX,35,35,5,0,0
5,MQ,12884,LAN,91,89,22,2,0
5,MQ,12945,LEX,34,34,8,0,0
5,MQ,12992,LIT,87,86,18,1,0
5,MQ,13076,LSE,91,90,9,1,0
5,MQ,13198,MCI,51,51,9,0,0
5,MQ,13230,MDT,29,29,6,0,0
5,MQ,13244,MEM,39,39,6,0,0
5,MQ,13290,MHK,58,58,8,0,0
5,MQ,13296,MHT,54,53,10,0,1
5,MQ,13367,MLI,28,27,9,1,0
5,MQ,13459,MQT,58,58,10,0,0
5,MQ,13485,MSN,92,90,12,2,0
5,MQ,13487,MSP,123,121,37,2,0
5,MQ,13495,MSY,1,1,0,0,0
5,MQ,13851,OKC,86,85,22,0,1
5,MQ,13871,OMA,10,10,3,0,0
5,MQ,13931,ORF,27,26,4,1,0
5,MQ,14122,PIT,113,112,22,1,0
5,MQ,14193,PNS,7,7,1,0,0
5,MQ,14307,PVD,3,3,1,0,0
5,MQ,14321,PWM,27,27,0,0,0
5,MQ,14457,RAP,27,26,1,0,1
5,MQ,14492,RDU,57,56,10,0,1
5,MQ,14524,RIC,86,86,12,0,0
5,MQ,14576,ROC,122,121,15,1,0
5,MQ,14730,SDF,55,54,9,1,0
5,MQ,14783,SGF,92,90,16,2,0
5,MQ,14952,SPI,61,61,7,0,0
5,MQ,15016,STL,91,90,15,1,0
5,MQ,15096,SYR,112,110,16,2,0
5,MQ,15370,TUL,46,46,9,0,0
5,MQ,15380,TVC,91,91,21,0,0
5,MQ,15624,VPS,9,9,2,0,0
5,MQ,15919,XNA,114,112,28,2,0
5,NK,10397,ATL,14,14,3,0,0
5,NK,10693,BNA,7,7,3,0,0
5,NK,10821,BWI,7,6,1,1,0
5,NK,11298,DFW,11,11,5,0,0
5,NK,11618,EWR,30,30,19,0,0
5,NK,11697,FLL,82,81,12,1,0
5,NK,12266,IAH,57,55,19,1,1
5,NK,12889,LAS,52,52,11,0,0
5,NK,12892,LAX,59,59,8,0,0
5,NK,12953,LGA,31,31,2,0,0
5,NK,13204,MCO,53,52,14,0,1
5,NK,13303,MIA,30,30,6,0,0
5,NK,13495,MSY,19,19,2,0,0
5,NK,13577,MYR,11,11,4,0,0
5,NK,14635,RSW,20,20,3,0,0
5,NK,14843,SJU,23,23,4,0,0
5,NK,15304,TPA,31,31,4,0,0
5,OO,10140,ABQ,31,31,9,0,0
5,OO,10257,ALB,24,23,3,0,1
5,OO,10372,ASE,4,4,1,0,0
5,OO,10408,ATW,165,164,28,0,1
5,OO,10431,AVL,56,55,14,0,1
5,OO,10529,BDL,27,27,5,0,0
5,OO,10599,BHM,54,54,15,0,0
5,OO,10620,BIL,10,10,3,0,0
5,OO,10693,BNA,180,176,42,4,0
5,OO,10713,BOI,52,52,12,0,0
5,OO,10785,BTV,3,3,1,0,0
5,OO,10821,BWI,17,16,6,0,1
5,OO,10849,BZN,8,8,0,0,0
5,OO,10874,CAK,124,123,20,0,1
5,OO,10980,CHA,12,12,1,0,0
5,OO,10990,CHO,79,79,19,0,0
5,OO,11003,CID,64,64,14,0,0
5,OO,11013,CIU,17,17,4,0,0
5,OO,11042,CLE,29,28,13,1,0
5,OO,11066,CMH,11,11,6,0,0
5,OO,11076,CMX,62,61,10,1,0
5,OO,11109,COS,52,51,8,0,1
5,OO,11146,CRW,93,91,17,0,2
5,OO,11193,CVG,41,41,18,0,0
5,OO,11267,DAY,139,137,16,2,0
5,OO,11288,DEC,53,53,2,0,0
5,OO,11298,DFW,2,2,0,0,0
5,OO,11337,DLH,90,90,22,0,0
5,OO,11423,DSM,86,86,21,0,0
5,OO,11433,DTW,221,219,35,2,0
5,OO,11471,EAU,54,54,11,0,0
5,OO,11540,ELP,21,21,5,0,0
5,OO,11637,FAR,109,109,17,0,0
5,OO,11721,FNT,93,93,27,0,0
5,OO,11725,FOD,53,52,8,0,1
5,OO,11775,FSD,52,52,11,0,0
5,OO,11823,FWA,124,124,23,0,0
5,OO,11884,GEG,21,21,6,0,0
5,OO,11977,GRB,104,104,15,0,0
5,OO,11986,GRR,149,149,31,0,0
5,OO,11995,GSO,21,21,8,0,0
5,OO,11996,GSP,19,19,13,0,0
5,OO,12003,GTF,2,2,0,0,0
5,OO,12217,HSV,62,61,12,0,1
5,OO,12266,IAH,1,1,0,0,0
5,OO,12278,ICT,101,101,20,0,0
5,OO,12323,ILM,9,9,1,0,0
5,OO,12339,IND,5,5,0,0,0
5,OO,12451,JAX,29,29,2,0,0
5,OO,12478,JFK,6,6,1,0,0
5,OO,12511,JLN,31,31,9,0,0
5,OO,12559,JST,31,31,10,0,0
5,OO,12945,LEX,98,96,14,2,0
5,OO,12992,LIT,7,7,3,0,0
5,OO,13029,LNK,124,122,19,0,2
5,OO,13184,MBS,93,92,15,0,1
5,OO,13198,MCI,74,73,16,0,1
5,OO,13211,MCW,53,51,6,0,2
5,OO,13230,MDT,33,33,3,0,0
5,OO,13244,MEM,111,109,23,2,0
5,OO,13282,MGW,31,31,8,0,0
5,OO,13342,MKE,361,356,85,3,2
5,OO,13367,MLI,168,167,34,1,0
5,OO,13485,MSN,59,59,7,0,0
5,OO,13487,MSP,5,5,1,0,0
5,OO,13502,MTJ,3,3,1,0,0
5,OO,13851,OKC,127,126,27,0,1
5,OO,13871,OMA,50,50,5,0,0
5,OO,14108,PIA,196,195,38,1,0
5,OO,14122,PIT,3,3,1,0,0
5,OO,14150,PLN,32,31,4,0,1
5,OO,14307,PVD,62,62,11,0,0
5,OO,14321,PWM,46,46,5,0,0
5,OO,14457,RAP,29,29,6,0,0
5,OO,14492,RDU,5,5,2,0,0
5,OO,14520,RHI,10,10,2,0,0
5,OO,14574,ROA,18,18,1,0,0
5,OO,14576,ROC,5,5,1,0,0
5,OO,14633,RST,122,121,24,1,0
5,OO,14683,SAT,20,20,4,0,0
5,OO,14685,SAV,6,6,0,0,0
5,OO,14696,SBN,186,181,38,1,4
5,OO,14711,SCE,50,49,6,1,0
5,OO,14730,SDF,20,20,3,0,0
5,OO,14783,SGF,49,49,8,0,0
5,OO,14869,SLC,60,60,9,0,0
5,OO,14877,SLN,31,30,2,0,1
5,OO,14986,SRQ,2,2,0,0,0
5,OO,15016,STL,61,61,13,0,0
5,OO,15048,SUX,31,30,9,0,1
5,OO,15096,SYR,3,3,0,0,0
5,OO,15370,TUL,48,47,12,0,1
5,OO,15376,TUS,10,10,1,0,0
5,OO,15380,TVC,9,9,2,0,0
5,OO,15412,TYS,68,68,10,0,0
5,OO,15919,XNA,26,26,4,0,0
5,UA,10140,ABQ,31,31,2,0,0
5,UA,10257,ALB,56,56,14,0,0
5,UA,10299,ANC,62,61,4,0,1
5,UA,10397,ATL,131,131,24,0,0
5,UA,10423,AUS,113,111,32,2,0
5,UA,10529,BDL,83,83,18,0,0
5,UA,10693,BNA,121,121,24,0,0
5,UA,10713,BOI,10,10,2,0,0
5,UA,10721,BOS,234,233,74,0,1
5,UA,10785,BTV,41,41,10,0,0
5,UA,10792,BUF,62,62,18,0,0
5,UA,10821,BWI,90,89,10,1,0
5,UA,10849,BZN,62,62,8,0,0
5,UA,10994,CHS,60,59,12,0,1
5,UA,11003,CID,31,31,14,0,0
5,UA,11042,CLE,182,182,32,0,0
5,UA,11057,CLT,93,93,18,0,0
5,UA,11066,CMH,118,118,23,0,0
5,UA,11109,COS,10,10,1,0,0
5,UA,11193,CVG,88,88,17,0,0
5,UA,11278,DCA,339,336,98,0,3
5,UA,11292,DEN,311,311,66,0,0
5,UA,11298,DFW,178,177,46,0,1
5,UA,11423,DSM,73,72,17,0,1
5,UA,11433,DTW,25,25,2,0,0
5,UA,11481,ECP,31,31,9,0,0
5,UA,11618,EWR,324,319,162,4,1
5,UA,11630,FAI,22,22,4,0,0
5,UA,11638,FAT,31,31,17,0,0
5,UA,11648,FCA,10,10,0,0,0
5,UA,11697,FLL,93,93,21,0,0
5,UA,11775,FSD,31,31,11,0,0
5,UA,11986,GRR,51,50,14,0,1
5,UA,11996,GSP,21,21,10,0,0
5,UA,12173,HNL,31,31,2,0,0
5,UA,12264,IAD,186,185,50,0,1
5,UA,12266,IAH,319,314,70,1,4
5,UA,12278,ICT,32,32,13,0,0
5,UA,12339,IND,28,28,6,0,0
5,UA,12441,JAC,20,20,2,0,0
5,UA,12451,JAX,62,61,10,0,1
5,UA,12889,LAS,192,191,23,0,1
5,UA,12892,LAX,307,307,28,0,0
5,UA,12953,LGA,422,417,125,3,2
5,UA,13198,MCI,113,112,19,1,0
5,UA,13204,MCO,183,178,19,1,4
5,UA,13230,MDT,31,31,6,0,0
5,UA,13244,MEM,31,31,11,0,0
5,UA,13303,MIA,62,62,8,0,0
5,UA,13485,MSN,20,20,7,0,0
5,UA,13486,MSO,10,10,0,0,0
5,UA,13487,MSP,209,208,57,1,0
5,UA,13495,MSY,83,83,13,0,0
5,UA,13577,MYR,10,10,3,0,0
5,UA,13830,OGG,5,5,0,0,0
5,UA,13871,OMA,118,118,21,0,0
5,UA,13891,ONT,10,10,1,0,0
5,UA,13931,ORF,62,62,9,0,0
5,UA,14027,PBI,21,21,3,0,0
5,UA,14057,PDX,132,132,14,0,0
5,UA,14100,PHL,141,141,33,0,0
5,UA,14107,PHX,188,188,20,0,0
5,UA,14122,PIT,134,134,21,0,0
5,UA,14193,PNS,31,31,2,0,0
5,UA,14262,PSP,21,21,1,0,0
5,UA,14321,PWM,41,41,4,0,0
5,UA,14457,RAP,33,32,3,0,1
5,UA,14492,RDU,93,93,22,0,0
5,UA,14524,RIC,31,31,9,0,0
5,UA,14570,RNO,31,31,11,0,0
5,UA,14576,ROC,39,39,9,0,0
5,UA,14635,RSW,95,95,12,0,0
5,UA,14679,SAN,154,154,18,0,0
5,UA,14683,SAT,62,61,11,0,1
5,UA,14685,SAV,50,50,5,0,0
5,UA,14730,SDF,3,3,1,0,0
5,UA,14747,SEA,155,155,17,0,0
5,UA,14771,SFO,318,312,56,6,0
5,UA,14831,SJC,31,31,10,0,0
5,UA,14843,SJU,62,62,10,0,0
5,UA,14869,SLC,93,93,12,0,0
5,UA,14893,SMF,93,93,15,0,0
5,UA,14908,SNA,88,86,7,0,2
5,UA,14986,SRQ,52,52,8,0,0
5,UA,15016,STL,55,55,8,0,0
5,UA,15024,STT,5,5,0,0,0
5,UA,15096,SYR,38,38,10,0,0
5,UA,15304,TPA,126,126,21,0,0
5,UA,15376,TUS,21,21,1,0,0
5,UA,15380,TVC,31,30,12,0,1
5,UA,15412,TYS,31,30,15,1,0
5,WN,10423,AUS,31,31,16,0,0
5,WN,10693,BNA,31,31,13,0,0
5,WN,10821,BWI,31,30,15,0,1
5,WN,11259,DAL,88,86,22,2,0
5,WN,11292,DEN,88,88,28,0,0
5,WN,12889,LAS,57,56,9,1,0
5,WN,13204,MCO,62,62,11,0,0
5,WN,14107,PHX,31,31,10,0,0
5,YX,10257,ALB,31,31,1,0,0
5,YX,10397,ATL,15,15,4,0,0
5,YX,10431,AVL,27,26,0,0,1
5,YX,10529,BDL,1,1,0,0,0
5,YX,10581,BGR,11,11,1,0,0
5,YX,10693,BNA,51,51,11,0,0
5,YX,10721,BOS,44,43,19,0,1
5,YX,10785,BTV,60,60,7,0,0
5,YX,10792,BUF,79,77,17,2,0
5,YX,10994,CHS,31,31,0,0,0
5,YX,11003,CID,6,6,1,0,0
5,YX,11042,CLE,109,107,21,2,0
5,YX,11066,CMH,124,123,16,0,1
5,YX,11193,CVG,96,95,12,1,0
5,YX,11278,DCA,1,1,1,0,0
5,YX,11423,DSM,35,35,3,0,0
5,YX,11433,DTW,104,102,21,2,0
5,YX,11540,ELP,10,10,3,0,0
5,YX,11618,EWR,27,23,13,3,1
5,YX,11977,GRB,14,14,0,0,0
5,YX,11986,GRR,55,55,3,0,0
5,YX,11995,GSO,10,10,0,0,0
5,YX,11996,GSP,11,11,0,0,0
5,YX,12124,HHH,5,5,0,0,0
5,YX,12323,ILM,1,1,0,0,0
5,YX,12339,IND,268,268,29,0,0
5,YX,12451,JAX,2,2,0,0,0
5,YX,12478,JFK,29,29,4,0,0
5,YX,12953,LGA,20,19,4,1,0
5,YX,12992,LIT,31,31,4,0,0
5,YX,13198,MCI,90,89,12,1,0
5,YX,13230,MDT,41,41,10,0,0
5,YX,13244,MEM,28,28,8,0,0
5,YX,13485,MSN,56,56,5,0,0
5,YX,13487,MSP,7,7,0,0,0
5,YX,13495,MSY,7,7,1,0,0
5,YX,13577,MYR,23,23,0,0,0
5,YX,13851,OKC,14,14,0,0,0
5,YX,13871,OMA,26,26,13,0,0
5,YX,13931,ORF,7,7,3,0,0
5,YX,14108,PIA,20,20,2,0,0
5,YX,14122,PIT,49,49,6,0,0
5,YX,14307,PVD,86,86,17,0,0
5,YX,14492,RDU,46,45,11,0,1
5,YX,14524,RIC,37,36,3,0,1
5,YX,14576,ROC,3,3,0,0,0
5,YX,14685,SAV,35,35,6,0,0
5,YX,14730,SDF,131,131,18,0,0
5,YX,15016,STL,18,18,0,0,0
5,YX,15096,SYR,33,33,2,0,0
5,YX,15370,TUL,39,39,14,0,0
5,YX,15412,TYS,2,2,0,0,0
5,YX,15919,XNA,2,2,1,0,0
6,AA,10140,ABQ,60,57,23,3,0
6,AA,10299,ANC,30,30,17,0,0
6,AA,10397,ATL,96,93,50,1,2
6,AA,10423,AUS,116,114,31,2,0
6,AA,10529,BDL,67,65,35,2,0
6,AA,10693,BNA,72,68,24,3,1
6,AA,10721,BOS,213,209,69,3,1
6,AA,10792,BUF,52,46,23,6,0
6,AA,10821,BWI,4,4,2,0,0
6,AA,10849,BZN,52,52,15,0,0
6,AA,10994,CHS,9,9,1,0,0
6,AA,11042,CLE,26,22,18,4,0
6,AA,11057,CLT,240,232,80,7,1
6,AA,11278,DCA,232,219,94,12,1
6,AA,11292,DEN,147,146,58,1,0
6,AA,11298,DFW,381,368,144,12,1
6,AA,11423,DSM,30,29,15,1,0
6,AA,11618,EWR,56,51,29,5,0
6,AA,11648,FCA,52,51,23,1,0
6,AA,11697,FLL,32,31,7,1,0
6,AA,11884,GEG,26,25,0,1,0
6,AA,11986,GRR,26,23,14,3,0
6,AA,12266,IAH,97,96,41,0,1
6,AA,12323,ILM,30,28,6,2,0
6,AA,12339,IND,26,26,15,0,0
6,AA,12441,JAC,52,52,16,0,0
6,AA,12451,JAX,56,52,16,4,0
6,AA,12478,JFK,60,56,25,4,0
6,AA,12889,LAS,140,139,49,1,0
6,AA,12892,LAX,284,278,96,6,0
6,AA,12953,LGA,279,261,96,13,5
6,AA,13198,MCI,75,74,38,1,0
6,AA,13204,MCO,180,177,83,2,1
6,AA,13303,MIA,244,240,63,2,2
6,AA,13487,MSP,32,32,16,0,0
6,AA,13495,MSY,34,33,9,1,0
6,AA,13577,MYR,4,4,1,0,0
6,AA,13871,OMA,30,28,21,1,1
6,AA,14027,PBI,60,60,19,0,0
6,AA,14057,PDX,88,87,27,1,0
6,AA,14100,PHL,238,229,89,8,1
6,AA,14107,PHX,270,266,83,4,0
6,AA,14122,PIT,56,55,25,1,0
6,AA,14193,PNS,8,8,5,0,0
6,AA,14262,PSP,4,4,1,0,0
6,AA,14307,PVD,26,26,12,0,0
6,AA,14492,RDU,64,63,27,1,0
6,AA,14635,RSW,64,64,15,0,0
6,AA,14679,SAN,146,145,48,0,1
6,AA,14683,SAT,90,88,32,2,0
6,AA,14685,SAV,30,28,13,2,0
6,AA,14747,SEA,134,131,46,3,0
6,AA,14771,SFO,171,165,39,6,0
6,AA,14843,SJU,30,30,3,0,0
6,AA,14869,SLC,56,56,10,0,0
6,AA,14893,SMF,30,29,5,1,0
6,AA,14908,SNA,116,114,19,1,1
6,AA,15016,STL,60,59,22,1,0
6,AA,15304,TPA,90,88,25,0,2
6,AA,15376,TUS,60,59,23,1,0
6,AA,15624,VPS,34,32,6,2,0
6,AA,15919,XNA,10,10,2,0,0
6,AS,10299,ANC,48,48,17,0,0
6,AS,14057,PDX,60,60,18,0,0
6,AS,14747,SEA,196,196,71,0,0
6,AS,14771,SFO,30,30,11,0,0
6,B6,10721,BOS,51,51,14,0,0
6,B6,12478,JFK,60,59,10,1,0
6,DL,10397,ATL,230,223,68,5,2
6,DL,10721,BOS,107,107,38,0,0
6,DL,11433,DTW,164,161,35,3,0
6,DL,12953,LGA,234,225,79,7,2
6,DL,13487,MSP,172,170,62,2,0
6,DL,14747,SEA,86,85,26,0,1
6,DL,14869,SLC,86,86,42,0,0
6,F9,10397,ATL,56,54,32,2,0
6,F9,10423,AUS,9,9,7,0,0
6,F9,10693,BNA,15,15,7,0,0
6,F9,11057,CLT,9,9,7,0,0
6,F9,11292,DEN,29,28,9,1,0
6,F9,11298,DFW,35,33,12,2,0
6,F9,12266,IAH,15,13,4,2,0
6,F9,12889,LAS,10,10,3,0,0
6,F9,12892,LAX,22,21,7,0,1
6,F9,13204,MCO,30,29,9,1,0
6,F9,14100,PHL,15,15,10,0,0
6,F9,14107,PHX,9,9,6,0,0
6,F9,14492,RDU,18,17,8,1,0
6,F9,14679,SAN,19,18,14,1,0
6,F9,15304,TPA,16,14,11,1,1
6,MQ,10257,ALB,86,86,24,0,0
6,MQ,10268,ALO,52,50,17,0,2
6,MQ,10397,ATL,22,22,0,0,0
6,MQ,10408,ATW,90,88,25,2,0
6,MQ,10423,AUS,4,4,0,0,0
6,MQ,10431,AVL,52,52,17,0,0
6,MQ,10434,AVP,52,52,16,0,0
6,MQ,10469,AZO,74,72,25,2,0
6,MQ,10529,BDL,27,27,2,0,0
6,MQ,10581,BGR,29,29,4,0,0
6,MQ,10599,BHM,49,49,18,0,0
6,MQ,10620,BIL,52,52,12,0,0
6,MQ,10627,BIS,26,26,3,0,0
6,MQ,10685,BMI,64,62,14,2,0
6,MQ,10693,BNA,28,28,7,0,0
6,MQ,10713,BOI,26,26,2,0,0
6,MQ,10721,BOS,35,35,3,0,0
6,MQ,10792,BUF,53,53,8,0,0
6,MQ,10821,BWI,86,83,22,2,1
6,MQ,10994,CHS,60,59,19,1,0
6,MQ,11003,CID,112,110,22,2,0
6,MQ,11042,CLE,64,63,18,1,0
6,MQ,11066,CMH,88,88,34,0,0
6,MQ,11067,CMI,72,71,26,1,0
6,MQ,11111,COU,83,82,26,1,0
6,MQ,11193,CVG,117,117,46,0,0
6,MQ,11203,CWA,82,82,20,0,0
6,MQ,11292,DEN,1,1,0,0,0
6,MQ,11298,DFW,26,26,14,0,0
6,MQ,11423,DSM,7,7,2,0,0
6,MQ,11433,DTW,50,49,16,1,0
6,MQ,11481,ECP,2,2,2,0,0
6,MQ,11540,ELP,34,34,10,0,0
6,MQ,11612,EVV,49,47,16,2,0
6,MQ,11618,EWR,64,64,8,0,0
6,MQ,11624,EYW,8,8,3,0,0
6,MQ,11637,FAR,87,86,35,0,1
6,MQ,11775,FSD,8,8,3,0,0
6,MQ,11823,FWA,60,60,16,0,0
6,MQ,11977,GRB,116,116,34,0,0
6,MQ,11986,GRR,82,82,23,0,0
6,MQ,11995,GSO,56,56,8,0,0
6,MQ,11996,GSP,57,56,19,0,1
6,MQ,12124,HHH,4,4,2,0,0
6,MQ,12197,HPN,120,117,25,1,2
6,MQ,12266,IAH,26,25,9,0,1
6,MQ,12278,ICT,12,12,2,0,0
6,MQ,12323,ILM,14,14,5,0,0
6,MQ,12339,IND,47,47,9,0,0
6,MQ,12451,JAX,4,4,0,0,0
6,MQ,12884,LAN,90,90,24,0,0
6,MQ,12945,LEX,4,4,0,0,0
6,MQ,12992,LIT,86,86,25,0,0
6,MQ,13076,LSE,90,90,22,0,0
6,MQ,13198,MCI,58,56,17,1,1
6,MQ,13230,MDT,82,82,22,0,0
6,MQ,13244,MEM,78,78,20,0,0
6,MQ,13290,MHK,7,7,1,0,0
6,MQ,13296,MHT,72,72,18,0,0
6,MQ,13367,MLI,79,78,20,1,0
6,MQ,13459,MQT,60,60,20,0,0
6,MQ,13485,MSN,84,83,26,1,0
6,MQ,13486,MSO,52,52,11,0,0
6,MQ,13487,MSP,88,87,17,1,0
6,MQ,13495,MSY,8,8,0,0,0
6,MQ,13541,MVY,2,2,1,0,0
6,MQ,13577,MYR,26,26,8,0,0
6,MQ,13851,OKC,12,12,4,0,0
6,MQ,13871,OMA,79,79,23,0,0
6,MQ,13931,ORF,30,30,2,0,0
6,MQ,14108,PIA,78,78,25,0,0
6,MQ,14122,PIT,57,56,11,1,0
6,MQ,14193,PNS,1,1,0,0,0
6,MQ,14307,PVD,26,26,6,0,0
6,MQ,14321,PWM,30,30,8,0,0
6,MQ,14457,RAP,56,56,15,0,0
6,MQ,14492,RDU,29,29,7,0,0
6,MQ,14524,RIC,12,12,1,0,0
6,MQ,14576,ROC,100,99,19,1,0
6,MQ,14730,SDF,79,79,14,0,0
6,MQ,14783,SGF,112,112,34,0,0
6,MQ,14952,SPI,30,30,3,0,0
6,MQ,14986,SRQ,4,4,0,0,0
6,MQ,15016,STL,60,60,6,0,0
6,MQ,15096,SYR,107,107,30,0,0
6,MQ,15370,TUL,61,60,25,0,1
6,MQ,15380,TVC,16,16,3,0,0
6,MQ,15919,XNA,139,139,41,0,0
6,NK,10397,ATL,23,23,5,0,0
6,NK,10693,BNA,9,9,4,0,0
6,NK,10821,BWI,9,9,0,0,0
6,NK,11298,DFW,18,18,6,0,0
6,NK,11618,EWR,30,29,13,1,0
6,NK,11697,FLL,72,72,14,0,0
6,NK,12266,IAH,39,39,17,0,0
6,NK,12889,LAS,59,58,17,1,0
6,NK,12892,LAX,60,60,16,0,0
6,NK,12953,LGA,30,28,2,1,1
6,NK,13204,MCO,56,56,6,0,0
6,NK,13303,MIA,30,29,5,0,1
6,NK,13495,MSY,18,17,7,0,1
6,NK,13577,MYR,13,13,6,0,0
6,NK,14635,RSW,23,23,4,0,0
6,NK,14843,SJU,27,27,4,0,0
6,NK,15304,TPA,30,30,5,0,0
6,OH,11267,DAY,78,76,35,2,0
6,OH,11823,FWA,26,25,9,1,0
6,OH,11996,GSP,26,24,21,2,0
6,OH,15370,TUL,26,24,8,2,0
6,OH,15412,TYS,78,76,41,2,0
6,OO,10140,ABQ,30,30,16,0,0
6,OO,10154,ACK,2,2,1,0,0
6,OO,10257,ALB,32,31,5,1,0
6,OO,10372,ASE,56,47,22,0,9
6,OO,10397,ATL,1,1,0,0,0
6,OO,10408,ATW,178,175,62,1,2
6,OO,10423,AUS,4,4,1,0,0
6,OO,10431,AVL,33,33,9,0,0
6,OO,10529,BDL,51,51,12,0,0
6,OO,10599,BHM,8,8,2,0,0
6,OO,10620,BIL,30,30,9,0,0
6,OO,10693,BNA,117,117,55,0,0
6,OO,10713,BOI,30,30,14,0,0
6,OO,10785,BTV,52,50,32,2,0
6,OO,10792,BUF,11,10,6,1,0
6,OO,10821,BWI,15,15,7,0,0
6,OO,10849,BZN,22,22,3,0,0
6,OO,10874,CAK,119,116,38,3,0
6,OO,10980,CHA,11,9,5,1,1
6,OO,10990,CHO,74,74,23,0,0
6,OO,11003,CID,86,86,24,0,0
6,OO,11013,CIU,30,29,8,0,1
6,OO,11042,CLE,105,102,50,3,0
6,OO,11066,CMH,76,76,38,0,0
6,OO,11076,CMX,64,63,27,0,1
6,OO,11109,COS,56,56,25,0,0
6,OO,11146,CRW,90,90,21,0,0
6,OO,11193,CVG,14,14,6,0,0
6,OO,11267,DAY,106,106,25,0,0
6,OO,11278,DCA,1,1,0,0,0
6,OO,11288,DEC,52,52,11,0,0
6,OO,11337,DLH,105,104,30,0,1
6,OO,11423,DSM,117,116,42,1,0
6,OO,11433,DTW,154,153,50,1,0
6,OO,11471,EAU,52,52,21,0,0
6,OO,11481,ECP,3,3,1,0,0
6,OO,11540,ELP,30,30,19,0,0
6,OO,11637,FAR,94,94,27,0,0
6,OO,11648,FCA,7,7,6,0,0
6,OO,11721,FNT,168,167,66,1,0
6,OO,11725,FOD,52,51,6,0,1
6,OO,11775,FSD,83,83,43,0,0
6,OO,11823,FWA,120,119,54,1,0
6,OO,11884,GEG,60,59,12,0,1
6,OO,11977,GRB,134,133,47,0,1
6,OO,11986,GRR,144,142,50,2,0
6,OO,11995,GSO,12,12,3,0,0
6,OO,11996,GSP,4,4,3,0,0
6,OO,12003,GTF,4,4,0,0,0
6,OO,12217,HSV,106,105,41,0,1
6,OO,12278,ICT,165,162,66,2,1
6,OO,12323,ILM,24,23,6,0,1
6,OO,12339,IND,34,33,7,1,0
6,OO,12451,JAX,26,26,6,0,0
6,OO,12511,JLN,30,28,11,1,1
6,OO,12559,JST,30,27,10,0,3
6,OO,12945,LEX,145,144,61,0,1
6,OO,12992,LIT,26,26,8,0,0
6,OO,13029,LNK,120,120,39,0,0
6,OO,13184,MBS,90,90,25,0,0
6,OO,13198,MCI,59,59,18,0,0
6,OO,13211,MCW,52,51,14,0,1
6,OO,13230,MDT,34,33,11,1,0
6,OO,13244,MEM,77,77,25,0,0
6,OO,13282,MGW,30,28,14,0,2
6,OO,13290,MHK,52,52,26,0,0
6,OO,13342,MKE,380,377,147,3,0
6,OO,13367,MLI,82,81,22,0,1
6,OO,13485,MSN,88,87,38,1,0
6,OO,13487,MSP,5,5,2,0,0
6,OO,13495,MSY,5,5,1,0,0
6,OO,13502,MTJ,8,8,2,0,0
6,OO,13851,OKC,199,198,89,0,1
6,OO,13871,OMA,33,32,16,0,1
6,OO,14108,PIA,82,81,25,1,0
6,OO,14122,PIT,24,23,14,1,0
6,OO,14150,PLN,55,55,15,0,0
6,OO,14307,PVD,60,60,11,0,0
6,OO,14321,PWM,2,2,0,0,0
6,OO,14457,RAP,26,26,18,0,0
6,OO,14492,RDU,1,1,0,0,0
6,OO,14520,RHI,33,33,7,0,0
6,OO,14524,RIC,78,77,56,1,0
6,OO,14574,ROA,24,24,13,0,0
6,OO,14633,RST,94,92,40,2,0
6,OO,14683,SAT,18,17,2,0,1
6,OO,14685,SAV,16,16,7,0,0
6,OO,14696,SBN,180,178,72,1,1
6,OO,14711,SCE,22,22,3,0,0
6,OO,14730,SDF,16,16,7,0,0
6,OO,14783,SGF,29,29,2,0,0
6,OO,14869,SLC,35,34,17,1,0
6,OO,14877,SLN,30,30,12,0,0
6,OO,14952,SPI,20,20,11,0,0
6,OO,14986,SRQ,3,3,0,0,0
6,OO,15016,STL,90,89,34,1,0
6,OO,15041,SUN,8,8,3,0,0
6,OO,15048,SUX,30,28,17,0,2
6,OO,15096,SYR,8,8,5,0,0
6,OO,15370,TUL,64,63,8,0,1
6,OO,15376,TUS,30,30,1,0,0
6,OO,15380,TVC,142,141,73,1,0
6,OO,15412,TYS,84,83,22,0,1
6,OO,15919,XNA,11,11,5,0,0
6,UA,10140,ABQ,30,30,2,0,0
6,UA,10257,ALB,49,49,18,0,0
6,UA,10299,ANC,60,60,2,0,0
6,UA,10397,ATL,137,136,40,1,0
6,UA,10423,AUS,109,108,20,0,1
6,UA,10529,BDL,60,60,15,0,0
6,UA,10693,BNA,115,113,16,0,2
6,UA,10713,BOI,30,30,3,0,0
6,UA,10721,BOS,243,243,73,0,0
6,UA,10785,BTV,60,59,14,1,0
6,UA,10792,BUF,63,63,17,0,0
6,UA,10821,BWI,89,89,22,0,0
6,UA,10849,BZN,60,60,14,0,0
6,UA,10994,CHS,52,52,12,0,0
6,UA,11003,CID,30,30,15,0,0
6,UA,11042,CLE,185,184,53,1,0
6,UA,11057,CLT,90,90,28,0,0
6,UA,11066,CMH,115,115,34,0,0
6,UA,11109,COS,30,30,5,0,0
6,UA,11193,CVG,87,87,21,0,0
6,UA,11278,DCA,336,331,99,3,2
6,UA,11292,DEN,300,297,72,0,3
6,UA,11298,DFW,176,175,53,0,1
6,UA,11423,DSM,73,72,16,0,1
6,UA,11433,DTW,34,34,8,0,0
6,UA,11481,ECP,25,25,6,0,0
6,UA,11503,EGE,8,8,2,0,0
6,UA,11618,EWR,323,323,98,0,0
6,UA,11630,FAI,30,30,3,0,0
6,UA,11638,FAT,30,30,12,0,0
6,UA,11648,FCA,30,30,4,0,0
6,UA,11697,FLL,90,89,13,0,1
6,UA,11775,FSD,29,29,16,0,0
6,UA,11986,GRR,38,37,22,1,0
6,UA,12173,HNL,30,30,4,0,0
6,UA,12264,IAD,180,178,62,0,2
6,UA,12266,IAH,322,318,98,3,1
6,UA,12278,ICT,30,30,18,0,0
6,UA,12339,IND,31,30,11,1,0
6,UA,12441,JAC,60,60,12,0,0
6,UA,12451,JAX,59,59,22,0,0
6,UA,12889,LAS,197,197,38,0,0
6,UA,12892,LAX,312,312,52,0,0
6,UA,12953,LGA,422,413,127,7,2
6,UA,13198,MCI,105,103,37,0,2
6,UA,13204,MCO,173,172,22,1,0
6,UA,13230,MDT,30,30,14,0,0
6,UA,13244,MEM,30,30,16,0,0
6,UA,13303,MIA,60,59,7,0,1
6,UA,13485,MSN,5,5,3,0,0
6,UA,13486,MSO,30,30,1,0,0
6,UA,13487,MSP,189,189,50,0,0
6,UA,13495,MSY,60,60,18,0,0
6,UA,13577,MYR,31,31,9,0,0
6,UA,13830,OGG,4,4,1,0,0
6,UA,13871,OMA,105,105,35,0,0
6,UA,13891,ONT,30,30,15,0,0
6,UA,13931,ORF,60,60,13,0,0
6,UA,14057,PDX,142,142,26,0,0
6,UA,14100,PHL,139,136,39,1,2
6,UA,14107,PHX,145,145,22,0,0
6,UA,14122,PIT,94,93,30,0,1
6,UA,14193,PNS,30,30,4,0,0
6,UA,14321,PWM,60,59,13,0,1
6,UA,14457,RAP,34,34,5,0,0
6,UA,14492,RDU,102,102,21,0,0
6,UA,14524,RIC,30,30,12,0,0
6,UA,14570,RNO,30,30,18,0,0
6,UA,14576,ROC,53,53,17,0,0
6,UA,14635,RSW,93,93,20,0,0
6,UA,14679,SAN,150,150,27,0,0
6,UA,14683,SAT,60,60,21,0,0
6,UA,14685,SAV,27,27,3,0,0
6,UA,14747,SEA,155,155,33,0,0
6,UA,14771,SFO,309,307,62,2,0
6,UA,14831,SJC,30,30,20,0,0
6,UA,14843,SJU,60,60,12,0,0
6,UA,14869,SLC,89,88,30,0,1
6,UA,14893,SMF,90,90,25,0,0
6,UA,14908,SNA,86,85,25,0,1
6,UA,14986,SRQ,30,30,2,0,0
6,UA,15016,STL,60,60,26,0,0
6,UA,15024,STT,4,4,1,0,0
6,UA,15096,SYR,58,58,18,0,0
6,UA,15304,TPA,118,117,15,0,1
6,UA,15380,TVC,35,35,18,0,0
6,UA,15412,TYS,30,30,16,0,0
6,UA,15919,XNA,2,2,0,0,0
6,WN,10423,AUS,30,30,13,0,0
6,WN,10693,BNA,30,30,14,0,0
6,WN,10821,BWI,30,30,14,0,0
6,WN,11259,DAL,86,86,26,0,0
6,WN,11292,DEN,90,90,26,0,0
6,WN,12889,LAS,60,60,16,0,0
6,WN,13204,MCO,64,63,16,1,0
6,WN,14107,PHX,30,30,18,0,0
6,YX,10154,ACK,2,2,0,0,0
6,YX,10257,ALB,31,31,4,0,0
6,YX,10431,AVL,4,4,0,0,0
6,YX,10529,BDL,1,1,0,0,0
6,YX,10581,BGR,43,43,12,0,0
6,YX,10599,BHM,22,22,1,0,0
6,YX,10693,BNA,37,37,7,0,0
6,YX,10721,BOS,21,21,7,0,0
6,YX,10785,BTV,4,4,1,0,0
6,YX,10792,BUF,10,10,0,0,0
6,YX,10821,BWI,4,4,0,0,0
6,YX,10994,CHS,48,48,0,0,0
6,YX,11003,CID,1,1,0,0,0
6,YX,11042,CLE,47,47,7,0,0
6,YX,11066,CMH,122,121,40,1,0
6,YX,11193,CVG,162,160,43,0,2
6,YX,11337,DLH,4,4,1,0,0
6,YX,11423,DSM,55,54,18,1,0
6,YX,11433,DTW,126,126,38,0,0
6,YX,11481,ECP,6,5,0,0,1
6,YX,11618,EWR,4,4,0,0,0
6,YX,11977,GRB,25,25,1,0,0
6,YX,11986,GRR,58,57,9,1,0
6,YX,11995,GSO,9,9,1,0,0
6,YX,11996,GSP,38,37,7,1,0
6,YX,12124,HHH,4,4,0,0,0
6,YX,12250,HYA,2,2,1,0,0
6,YX,12266,IAH,8,8,4,0,0
6,YX,12323,ILM,28,28,11,0,0
6,YX,12339,IND,270,269,65,1,0
6,YX,12451,JAX,5,5,1,0,0
6,YX,12478,JFK,34,34,6,0,0
6,YX,12953,LGA,12,12,4,0,0
6,YX,12992,LIT,4,4,0,0,0
6,YX,13198,MCI,48,47,13,1,0
6,YX,13244,MEM,26,26,8,0,0
6,YX,13342,MKE,2,2,0,0,0
6,YX,13485,MSN,78,78,14,0,0
6,YX,13487,MSP,55,55,14,0,0
6,YX,13495,MSY,65,65,11,0,0
6,YX,13577,MYR,3,3,0,0,0
6,YX,13851,OKC,17,17,0,0,0
6,YX,13871,OMA,12,12,2,0,0
6,YX,13931,ORF,52,52,21,0,0
6,YX,14108,PIA,50,50,15,0,0
6,YX,14122,PIT,96,96,18,0,0
6,YX,14307,PVD,12,12,0,0,0
6,YX,14321,PWM,34,34,9,0,0
6,YX,14492,RDU,56,56,14,0,0
6,YX,14524,RIC,70,70,11,0,0
6,YX,14576,ROC,12,12,0,0,0
6,YX,14685,SAV,45,45,6,0,0
6,YX,14730,SDF,129,128,29,1,0
6,YX,15016,STL,23,23,4,0,0
6,YX,15096,SYR,14,14,0,0,0
6,YX,15370,TUL,6,6,3,0,0
6,YX,15380,TVC,6,6,0,0,0
6,YX,15412,TYS,30,30,4,0,0
6,YX,15919,XNA,8,8,1,0,0
7,AA,10140,ABQ,61,58,24,3,0
7,AA,10299,ANC,31,31,13,0,0
7,AA,10397,ATL,111,103,43,7,1
7,AA,10423,AUS,119,112,42,7,0
7,AA,10529,BDL,60,57,24,2,1
7,AA,10693,BNA,94,89,49,3,2
7,AA,10721,BOS,218,212,86,6,0
7,AA,10792,BUF,62,62,39,0,0
7,AA,10849,BZN,61,61,29,0,0
7,AA,10994,CHS,8,8,2,0,0
7,AA,11042,CLE,30,24,16,6,0
7,AA,11057,CLT,246,240,83,6,0
7,AA,11278,DCA,241,204,90,30,7
7,AA,11292,DEN,150,142,44,7,1
7,AA,11298,DFW,394,369,144,23,2
7,AA,11423,DSM,31,28,13,3,0
7,AA,11540,ELP,1,1,0,0,0
7,AA,11618,EWR,59,53,34,6,0
7,AA,11648,FCA,61,60,23,1,0
7,AA,11697,FLL,58,57,14,1,0
7,AA,11884,GEG,31,31,8,0,0
7,AA,11986,GRR,32,32,21,0,0
7,AA,12266,IAH,111,107,39,3,1
7,AA,12323,ILM,34,34,15,0,0
7,AA,12339,IND,48,44,25,4,0
7,AA,12441,JAC,61,61,18,0,0
7,AA,12451,JAX,62,60,29,2,0
7,AA,12478,JFK,62,56,25,6,0
7,AA,12889,LAS,136,128,47,4,4
7,AA,12892,LAX,296,277,107,18,1
7,AA,12953,LGA,289,259,93,27,3
7,AA,13198,MCI,94,88,45,6,0
7,AA,13204,MCO,182,176,94,4,2
7,AA,13303,MIA,246,237,78,7,2
7,AA,13487,MSP,26,26,19,0,0
7,AA,13495,MSY,31,30,11,0,1
7,AA,13577,MYR,4,4,1,0,0
7,AA,13871,OMA,31,26,15,2,3
7,AA,14027,PBI,62,59,22,3,0
7,AA,14057,PDX,90,86,30,4,0
7,AA,14100,PHL,243,222,94,20,1
7,AA,14107,PHX,278,268,101,10,0
7,AA,14122,PIT,61,59,29,2,0
7,AA,14193,PNS,8,8,1,0,0
7,AA,14307,PVD,30,30,11,0,0
7,AA,14492,RDU,62,60,20,2,0
7,AA,14635,RSW,61,56,13,4,1
7,AA,14679,SAN,151,148,55,3,0
7,AA,14683,SAT,89,85,27,4,0
7,AA,14685,SAV,35,34,10,1,0
7,AA,14747,SEA,138,135,48,3,0
7,AA,14771,SFO,181,174,64,6,1
7,AA,14843,SJU,31,31,8,0,0
7,AA,14869,SLC,59,58,24,1,0
7,AA,14893,SMF,31,31,15,0,0
7,AA,14908,SNA,117,114,19,2,1
7,AA,15016,STL,62,61,31,1,0
7,AA,15304,TPA,89,89,39,0,0
7,AA,15376,TUS,61,57,32,4,0
7,AA,15624,VPS,35,34,12,1,0
7,AS,10299,ANC,62,61,14,1,0
7,AS,14057,PDX,61,61,15,0,0
7,AS,14747,SEA,211,208,73,2,1
7,AS,14771,SFO,31,29,12,2,0
7,B6,10721,BOS,47,43,15,4,0
7,B6,12478,JFK,62,54,17,7,1
7,DL,10397,ATL,235,227,54,4,4
7,DL,10721,BOS,107,102,34,5,0
7,DL,11433,DTW,156,154,48,2,0
7,DL,12953,LGA,237,220,73,15,2
7,DL,13487,MSP,168,166,40,1,1
7,DL,14747,SEA,88,87,21,1,0
7,DL,14869,SLC,87,87,28,0,0
7,F9,10397,ATL,60,58,24,1,1
7,F9,10423,AUS,9,8,5,1,0
7,F9,10693,BNA,17,16,6,1,0
7,F9,10821,BWI,10,10,5,0,0
7,F9,11057,CLT,9,9,5,0,0
7,F9,11292,DEN,32,31,10,1,0
7,F9,11298,DFW,26,24,6,2,0
7,F9,12266,IAH,17,17,7,0,0
7,F9,12889,LAS,11,9,4,2,0
7,F9,12892,LAX,21,19,4,2,0
7,F9,13204,MCO,29,29,13,0,0
7,F9,14100,PHL,17,16,10,1,0
7,F9,14107,PHX,8,8,5,0,0
7,F9,14492,RDU,17,16,4,1,0
7,F9,14679,SAN,31,31,19,0,0
7,F9,15304,TPA,17,16,10,1,0
7,MQ,10257,ALB,88,85,22,3,0
7,MQ,10268,ALO,61,57,19,1,3
7,MQ,10397,ATL,1,1,0,0,0
7,MQ,10408,ATW,96,94,29,2,0
7,MQ,10431,AVL,60,58,18,2,0
7,MQ,10434,AVP,61,57,20,4,0
7,MQ,10469,AZO,88,84,33,4,0
7,MQ,10529,BDL,31,31,5,0,0
7,MQ,10581,BGR,32,32,3,0,0
7,MQ,10599,BHM,55,54,13,1,0
7,MQ,10620,BIL,62,61,21,1,0
7,MQ,10627,BIS,31,31,12,0,0
7,MQ,10685,BMI,62,61,22,1,0
7,MQ,10693,BNA,5,5,1,0,0
7,MQ,10713,BOI,31,31,6,0,0
7,MQ,10721,BOS,34,34,4,0,0
7,MQ,10792,BUF,47,47,10,0,0
7,MQ,10821,BWI,90,84,29,6,0
7,MQ,10994,CHS,78,74,30,3,1
7,MQ,11003,CID,112,108,46,3,1
7,MQ,11042,CLE,31,28,16,3,0
7,MQ,11066,CMH,79,79,43,0,0
7,MQ,11067,CMI,69,67,25,2,0
7,MQ,11111,COU,82,82,30,0,0
7,MQ,11193,CVG,115,114,46,1,0
7,MQ,11203,CWA,90,88,31,1,1
7,MQ,11298,DFW,29,27,12,2,0
7,MQ,11433,DTW,81,78,28,3,0
7,MQ,11540,ELP,30,28,10,1,1
7,MQ,11612,EVV,55,54,24,1,0
7,MQ,11618,EWR,62,59,10,3,0
7,MQ,11624,EYW,4,4,0,0,0
7,MQ,11637,FAR,86,85,25,1,0
7,MQ,11823,FWA,58,57,18,1,0
7,MQ,11977,GRB,121,118,44,3,0
7,MQ,11986,GRR,59,55,15,4,0
7,MQ,11995,GSO,57,55,10,1,1
7,MQ,11996,GSP,55,55,17,0,0
7,MQ,12124,HHH,4,4,2,0,0
7,MQ,12197,HPN,122,118,36,4,0
7,MQ,12266,IAH,5,5,2,0,0
7,MQ,12278,ICT,4,4,2,0,0
7,MQ,12323,ILM,14,14,5,0,0
7,MQ,12339,IND,42,41,10,1,0
7,MQ,12884,LAN,91,90,28,1,0
7,MQ,12992,LIT,110,107,36,2,1
7,MQ,13076,LSE,91,89,29,2,0
7,MQ,13198,MCI,58,56,23,2,0
7,MQ,13230,MDT,91,88,29,3,0
7,MQ,13244,MEM,86,85,19,1,0
7,MQ,13296,MHT,74,72,15,2,0
7,MQ,13342,MKE,1,0,0,1,0
7,MQ,13367,MLI,86,83,44,3,0
7,MQ,13459,MQT,61,61,23,0,0
7,MQ,13485,MSN,77,72,21,5,0
7,MQ,13486,MSO,61,60,19,1,0
7,MQ,13487,MSP,93,89,32,2,2
7,MQ,13495,MSY,52,52,14,0,0
7,MQ,13541,MVY,4,4,1,0,0
7,MQ,13577,MYR,31,31,6,0,0
7,MQ,13871,OMA,86,85,30,1,0
7,MQ,13931,ORF,31,31,7,0,0
7,MQ,14108,PIA,91,89,37,2,0
7,MQ,14122,PIT,3,3,0,0,0
7,MQ,14307,PVD,28,27,9,1,0
7,MQ,14321,PWM,4,4,0,0,0
7,MQ,14457,RAP,60,60,18,0,0
7,MQ,14492,RDU,26,26,9,0,0
7,MQ,14524,RIC,1,1,0,0,0
7,MQ,14576,ROC,90,89,16,1,0
7,MQ,14730,SDF,83,82,21,1,0
7,MQ,14783,SGF,119,118,37,1,0
7,MQ,14952,SPI,27,27,3,0,0
7,MQ,14986,SRQ,4,4,1,0,0
7,MQ,15016,STL,34,34,10,0,0
7,MQ,15096,SYR,82,78,24,4,0
7,MQ,15370,TUL,58,57,26,1,0
7,MQ,15380,TVC,5,5,1,0,0
7,MQ,15919,XNA,141,134,41,6,1
7,NK,10397,ATL,30,30,19,0,0
7,NK,10693,BNA,7,7,4,0,0
7,NK,10821,BWI,9,9,4,0,0
7,NK,11298,DFW,20,20,5,0,0
7,NK,11618,EWR,7,7,7,0,0
7,NK,11697,FLL,62,60,12,2,0
7,NK,12266,IAH,33,28,17,5,0
7,NK,12889,LAS,63,63,9,0,0
7,NK,12892,LAX,49,49,10,0,0
7,NK,12953,LGA,31,31,3,0,0
7,NK,13204,MCO,61,61,21,0,0
7,NK,13303,MIA,30,29,6,1,0
7,NK,13495,MSY,10,10,9,0,0
7,NK,13577,MYR,13,13,5,0,0
7,NK,14635,RSW,29,29,9,0,0
7,NK,14843,SJU,34,34,14,0,0
7,NK,15304,TPA,31,31,4,0,0
7,OH,11267,DAY,91,86,40,5,0
7,OH,11823,FWA,28,27,16,1,0
7,OH,11996,GSP,31,28,18,3,0
7,OH,15370,TUL,31,28,12,3,0
7,OH,15412,TYS,91,85,36,6,0
7,OO,10140,ABQ,30,29,22,1,0
7,OO,10154,ACK,8,8,1,0,0
7,OO,10372,ASE,62,50,19,2,10
7,OO,10408,ATW,175,174,74,1,0
7,OO,10431,AVL,49,49,14,0,0
7,OO,10529,BDL,27,27,10,0,0
7,OO,10620,BIL,31,31,10,0,0
7,OO,10693,BNA,126,116,56,8,2
7,OO,10713,BOI,31,31,16,0,0
7,OO,10785,BTV,60,56,33,2,2
7,OO,10792,BUF,13,13,7,0,0
7,OO,10821,BWI,15,13,6,1,1
7,OO,10849,BZN,20,20,3,0,0
7,OO,10874,CAK,122,118,52,3,1
7,OO,10980,CHA,29,29,8,0,0
7,OO,10990,CHO,61,61,32,0,0
7,OO,11003,CID,43,42,21,1,0
7,OO,11013,CIU,31,31,15,0,0
7,OO,11042,CLE,153,148,55,4,1
7,OO,11066,CMH,85,79,29,6,0
7,OO,11076,CMX,83,80,37,2,1
7,OO,11109,COS,62,61,35,1,0
7,OO,11146,CRW,92,92,40,0,0
7,OO,11193,CVG,16,15,6,1,0
7,OO,11267,DAY,7,7,2,0,0
7,OO,11288,DEC,53,52,14,1,0
7,OO,11337,DLH,113,110,35,2,1
7,OO,11423,DSM,148,141,45,7,0
7,OO,11433,DTW,118,115,43,3,0
7,OO,11471,EAU,52,52,22,0,0
7,OO,11481,ECP,23,23,6,0,0
7,OO,11540,ELP,30,28,13,1,1
7,OO,11637,FAR,113,111,40,1,1
7,OO,11648,FCA,31,29,17,1,1
7,OO,11721,FNT,181,176,62,5,0
7,OO,11725,FOD,53,52,12,1,0
7,OO,11775,FSD,124,117,42,6,1
7,OO,11823,FWA,122,119,52,2,1
7,OO,11884,GEG,61,61,16,0,0
7,OO,11977,GRB,137,136,60,1,0
7,OO,11986,GRR,133,131,43,1,1
7,OO,11995,GSO,30,30,6,0,0
7,OO,11996,GSP,27,26,11,1,0
7,OO,12003,GTF,4,4,0,0,0
7,OO,12217,HSV,92,91,28,1,0
7,OO,12278,ICT,180,173,58,5,2
7,OO,12323,ILM,31,31,8,0,0
7,OO,12339,IND,46,44,12,1,1
7,OO,12451,JAX,27,27,3,0,0
7,OO,12511,JLN,31,29,13,2,0
7,OO,12559,JST,31,30,12,1,0
7,OO,12945,LEX,152,149,66,3,0
7,OO,12992,LIT,23,23,4,0,0
7,OO,13029,LNK,123,121,46,2,0
7,OO,13184,MBS,92,89,32,2,1
7,OO,13198,MCI,38,37,9,1,0
7,OO,13211,MCW,53,49,14,3,1
7,OO,13230,MDT,8,8,2,0,0
7,OO,13244,MEM,65,65,12,0,0
7,OO,13282,MGW,31,28,13,3,0
7,OO,13290,MHK,61,58,27,3,0
7,OO,13342,MKE,385,369,155,14,2
7,OO,13367,MLI,61,59,15,2,0
7,OO,13485,MSN,86,82,30,3,1
7,OO,13487,MSP,1,1,0,0,0
7,OO,13495,MSY,22,22,5,0,0
7,OO,13502,MTJ,9,9,3,0,0
7,OO,13851,OKC,225,220,79,2,3
7,OO,13871,OMA,45,43,16,2,0
7,OO,14108,PIA,123,120,54,3,0
7,OO,14122,PIT,26,26,11,0,0
7,OO,14150,PLN,64,64,26,0,0
7,OO,14307,PVD,61,61,20,0,0
7,OO,14321,PWM,4,4,2,0,0
7,OO,14457,RAP,30,26,14,4,0
7,OO,14520,RHI,62,59,25,2,1
7,OO,14524,RIC,111,104,47,7,0
7,OO,14574,ROA,58,58,27,0,0
7,OO,14633,RST,89,87,41,2,0
7,OO,14683,SAT,16,16,4,0,0
7,OO,14685,SAV,29,29,13,0,0
7,OO,14696,SBN,184,180,90,4,0
7,OO,14711,SCE,21,20,3,1,0
7,OO,14730,SDF,82,82,26,0,0
7,OO,14869,SLC,31,31,23,0,0
7,OO,14877,SLN,31,31,13,0,0
7,OO,14952,SPI,20,17,11,3,0
7,OO,14986,SRQ,2,2,1,0,0
7,OO,15016,STL,86,83,30,2,1
7,OO,15041,SUN,13,13,4,0,0
7,OO,15048,SUX,31,27,14,2,2
7,OO,15096,SYR,15,15,3,0,0
7,OO,15370,TUL,122,120,43,2,0
7,OO,15376,TUS,31,31,6,0,0
7,OO,15380,TVC,141,132,58,9,0
7,OO,15412,TYS,92,91,19,1,0
7,UA,10140,ABQ,32,32,7,0,0
7,UA,10257,ALB,81,81,22,0,0
7,UA,10299,ANC,62,62,17,0,0
7,UA,10397,ATL,123,122,47,1,0
7,UA,10423,AUS,109,108,40,1,0
7,UA,10529,BDL,61,61,12,0,0
7,UA,10693,BNA,96,94,29,1,1
7,UA,10713,BOI,31,31,5,0,0
7,UA,10721,BOS,248,244,89,4,0
7,UA,10785,BTV,61,61,22,0,0
7,UA,10792,BUF,82,82,25,0,0
7,UA,10821,BWI,88,87,25,1,0
7,UA,10849,BZN,61,59,28,2,0
7,UA,10994,CHS,51,51,20,0,0
7,UA,11003,CID,31,30,18,1,0
7,UA,11042,CLE,216,211,78,5,0
7,UA,11057,CLT,92,92,33,0,0
7,UA,11066,CMH,114,113,45,1,0
7,UA,11109,COS,31,31,2,0,0
7,UA,11193,CVG,84,84,36,0,0
7,UA,11278,DCA,348,336,133,4,8
7,UA,11292,DEN,308,298,108,7,3
7,UA,11298,DFW,181,179,61,2,0
7,UA,11423,DSM,72,69,29,3,0
7,UA,11433,DTW,71,69,33,2,0
7,UA,11503,EGE,8,8,4,0,0
7,UA,11618,EWR,370,345,162,24,1
7,UA,11630,FAI,31,31,15,0,0
7,UA,11638,FAT,30,30,18,0,0
7,UA,11648,FCA,31,31,3,0,0
7,UA,11697,FLL,92,90,17,1,1
7,UA,11775,FSD,30,29,24,1,0
7,UA,11986,GRR,74,72,30,2,0
7,UA,12173,HNL,31,30,6,1,0
7,UA,12264,IAD,185,181,76,3,1
7,UA,12266,IAH,331,327,114,3,1
7,UA,12278,ICT,30,30,21,0,0
7,UA,12339,IND,58,57,25,1,0
7,UA,12441,JAC,61,61,19,0,0
7,UA,12451,JAX,61,60,32,1,0
7,UA,12889,LAS,204,201,60,1,2
7,UA,12892,LAX,321,316,87,5,0
7,UA,12953,LGA,437,412,163,21,4
7,UA,13198,MCI,118,118,41,0,0
7,UA,13204,MCO,175,174,46,0,1
7,UA,13230,MDT,30,30,17,0,0
7,UA,13244,MEM,31,31,17,0,0
7,UA,13303,MIA,62,61,15,0,1
7,UA,13485,MSN,30,28,13,2,0
7,UA,13486,MSO,31,31,4,0,0
7,UA,13487,MSP,200,198,66,2,0
7,UA,13495,MSY,61,61,26,0,0
7,UA,13577,MYR,35,35,9,0,0
7,UA,13830,OGG,4,4,3,0,0
7,UA,13871,OMA,101,99,39,1,1
7,UA,13891,ONT,31,30,16,1,0
7,UA,13931,ORF,61,60,20,0,1
7,UA,14057,PDX,144,143,37,0,1
7,UA,14100,PHL,144,144,67,0,0
7,UA,14107,PHX,124,124,31,0,0
7,UA,14122,PIT,120,119,29,1,0
7,UA,14193,PNS,31,31,3,0,0
7,UA,14321,PWM,61,61,22,0,0
7,UA,14457,RAP,31,31,5,0,0
7,UA,14492,RDU,113,112,39,0,1
7,UA,14524,RIC,31,30,17,0,1
7,UA,14570,RNO,31,29,17,1,1
7,UA,14576,ROC,61,60,30,1,0
7,UA,14635,RSW,92,92,21,0,0
7,UA,14679,SAN,153,153,39,0,0
7,UA,14683,SAT,62,61,20,1,0
7,UA,14685,SAV,52,51,8,1,0
7,UA,14730,SDF,1,1,0,0,0
7,UA,14747,SEA,185,183,63,2,0
7,UA,14771,SFO,322,316,110,6,0
7,UA,14831,SJC,31,29,14,2,0
7,UA,14843,SJU,62,62,14,0,0
7,UA,14869,SLC,92,92,31,0,0
7,UA,14893,SMF,92,92,37,0,0
7,UA,14908,SNA,88,87,31,0,1
7,UA,14986,SRQ,29,28,3,0,1
7,UA,15016,STL,61,61,27,0,0
7,UA,15024,STT,4,4,1,0,0
7,UA,15096,SYR,48,48,18,0,0
7,UA,15304,TPA,92,92,16,0,0
7,UA,15380,TVC,62,62,34,0,0
7,UA,15412,TYS,31,29,21,2,0
7,WN,10423,AUS,31,30,21,1,0
7,WN,10693,BNA,31,31,19,0,0
7,WN,10821,BWI,31,29,18,2,0
7,WN,11259,DAL,89,87,34,0,2
7,WN,11292,DEN,93,91,30,2,0
7,WN,12889,LAS,61,61,25,0,0
7,WN,13204,MCO,66,66,10,0,0
7,WN,14107,PHX,31,31,20,0,0
7,YX,10154,ACK,4,3,1,0,1
7,YX,10257,ALB,29,29,9,0,0
7,YX,10397,ATL,9,9,0,0,0
7,YX,10529,BDL,20,20,2,0,0
7,YX,10581,BGR,90,90,21,0,0
7,YX,10599,BHM,28,27,5,1,0
7,YX,10693,BNA,43,42,11,0,1
7,YX,10721,BOS,19,19,8,0,0
7,YX,10792,BUF,10,10,1,0,0
7,YX,10821,BWI,4,4,1,0,0
7,YX,10994,CHS,34,34,6,0,0
7,YX,11042,CLE,1,1,0,0,0
7,YX,11066,CMH,120,116,45,4,0
7,YX,11193,CVG,178,170,53,8,0
7,YX,11267,DAY,8,8,4,0,0
7,YX,11423,DSM,43,38,14,5,0
7,YX,11433,DTW,110,106,35,4,0
7,YX,11481,ECP,12,12,1,0,0
7,YX,11977,GRB,5,5,2,0,0
7,YX,11986,GRR,31,31,2,0,0
7,YX,11996,GSP,57,56,16,1,0
7,YX,12124,HHH,4,4,1,0,0
7,YX,12250,HYA,4,4,0,0,0
7,YX,12266,IAH,19,19,4,0,0
7,YX,12323,ILM,26,26,10,0,0
7,YX,12339,IND,215,210,63,5,0
7,YX,12451,JAX,4,4,0,0,0
7,YX,12478,JFK,32,32,4,0,0
7,YX,12953,LGA,17,15,6,2,0
7,YX,13198,MCI,34,33,15,1,0
7,YX,13244,MEM,26,25,11,1,0
7,YX,13342,MKE,8,8,2,0,0
7,YX,13485,MSN,68,67,11,1,0
7,YX,13487,MSP,56,50,20,6,0
7,YX,13495,MSY,5,5,3,0,0
7,YX,13871,OMA,4,4,2,0,0
7,YX,13931,ORF,60,57,25,3,0
7,YX,14122,PIT,128,124,33,4,0
7,YX,14321,PWM,78,76,25,2,0
7,YX,14492,RDU,59,59,24,0,0
7,YX,14524,RIC,38,38,13,0,0
7,YX,14576,ROC,50,49,5,1,0
7,YX,14685,SAV,4,4,1,0,0
7,YX,14711,SCE,10,10,2,0,0
7,YX,14730,SDF,93,87,37,4,2
7,YX,15016,STL,45,45,10,0,0
7,YX,15096,SYR,35,35,6,0,0
7,YX,15380,TVC,7,7,5,0,0
7,YX,15412,TYS,31,31,10,0,0
8,AA,10140,ABQ,36,36,11,0,0
8,AA,10299,ANC,31,31,10,0,0
8,AA,10397,ATL,60,58,16,1,1
8,AA,10423,AUS,113,107,37,6,0
8,AA,10529,BDL,59,57,17,2,0
8,AA,10693,BNA,60,59,18,1,0
8,AA,10713,BOI,26,26,10,0,0
8,AA,10721,BOS,240,232,82,8,0
8,AA,10792,BUF,32,32,14,0,0
8,AA,10849,BZN,59,58,16,0,1
8,AA,10994,CHS,2,2,0,0,0
8,AA,11042,CLE,31,27,20,4,0
8,AA,11057,CLT,229,221,55,7,1
8,AA,11066,CMH,23,22,10,1,0
8,AA,11193,CVG,21,20,8,1,0
8,AA,11278,DCA,243,234,74,7,2
8,AA,11292,DEN,152,146,53,3,3
8,AA,11298,DFW,348,328,128,17,3
8,AA,11423,DSM,31,30,19,1,0
8,AA,11618,EWR,62,59,35,3,0
8,AA,11648,FCA,53,53,15,0,0
8,AA,11697,FLL,36,34,6,0,2
8,AA,11884,GEG,31,31,15,0,0
8,AA,11986,GRR,56,56,23,0,0
8,AA,12266,IAH,80,78,34,2,0
8,AA,12323,ILM,6,6,3,0,0
8,AA,12339,IND,30,28,15,2,0
8,AA,12441,JAC,59,59,19,0,0
8,AA,12451,JAX,70,68,29,2,0
8,AA,12478,JFK,10,10,3,0,0
8,AA,12889,LAS,154,149,39,5,0
8,AA,12892,LAX,279,271,92,8,0
8,AA,12953,LGA,277,267,102,10,0
8,AA,13198,MCI,41,40,16,1,0
8,AA,13204,MCO,169,158,70,5,6
8,AA,13244,MEM,15,15,9,0,0
8,AA,13303,MIA,248,242,58,5,1
8,AA,13487,MSP,4,4,1,0,0
8,AA,13495,MSY,6,6,2,0,0
8,AA,13577,MYR,1,1,1,0,0
8,AA,13871,OMA,45,43,26,2,0
8,AA,14027,PBI,52,52,19,0,0
8,AA,14057,PDX,93,93,27,0,0
8,AA,14100,PHL,272,265,77,7,0
8,AA,14107,PHX,238,228,73,7,3
8,AA,14122,PIT,50,47,17,3,0
8,AA,14193,PNS,2,2,1,0,0
8,AA,14307,PVD,31,30,9,1,0
8,AA,14492,RDU,62,58,23,4,0
8,AA,14635,RSW,59,59,14,0,0
8,AA,14679,SAN,144,142,35,2,0
8,AA,14683,SAT,81,79,27,2,0
8,AA,14685,SAV,32,31,11,0,1
8,AA,14747,SEA,153,148,60,5,0
8,AA,14771,SFO,185,181,49,4,0
8,AA,14843,SJU,31,31,8,0,0
8,AA,14869,SLC,78,75,31,3,0
8,AA,14893,SMF,31,31,12,0,0
8,AA,14908,SNA,118,114,27,3,1
8,AA,15016,STL,64,63,25,1,0
8,AA,15096,SYR,41,40,24,1,0
8,AA,15304,TPA,83,80,23,1,2
8,AA,15376,TUS,35,34,10,1,0
8,AA,15624,VPS,36,36,14,0,0
8,AS,10299,ANC,50,50,10,0,0
8,AS,14057,PDX,57,57,16,0,0
8,AS,14747,SEA,201,197,60,4,0
8,AS,14771,SFO,19,18,8,1,0
8,B6,10721,BOS,49,48,6,0,1
8,B6,12478,JFK,62,61,5,1,0
8,DL,10397,ATL,233,228,33,4,1
8,DL,10721,BOS,108,107,21,1,0
8,DL,11433,DTW,159,157,30,2,0
8,DL,12953,LGA,241,234,47,4,3
8,DL,13487,MSP,169,167,42,1,1
8,DL,14747,SEA,78,77,20,1,0
8,DL,14869,SLC,87,87,23,0,0
8,F9,10397,ATL,58,57,16,1,0
8,F9,10423,AUS,8,8,0,0,0
8,F9,10693,BNA,18,18,6,0,0
8,F9,10821,BWI,16,16,4,0,0
8,F9,11057,CLT,10,10,4,0,0
8,F9,11292,DEN,38,38,6,0,0
8,F9,11298,DFW,32,32,6,0,0
8,F9,12266,IAH,18,17,5,1,0
8,F9,12889,LAS,16,16,6,0,0
8,F9,12892,LAX,23,22,3,1,0
8,F9,13204,MCO,26,25,9,1,0
8,F9,14100,PHL,18,17,10,1,0
8,F9,14107,PHX,13,12,5,1,0
8,F9,14492,RDU,16,15,3,1,0
8,F9,14679,SAN,25,25,10,0,0
8,F9,15304,TPA,18,17,6,1,0
8,MQ,10257,ALB,80,79,20,1,0
8,MQ,10268,ALO,55,55,9,0,0
8,MQ,10408,ATW,82,80,17,2,0
8,MQ,10431,AVL,59,58,14,1,0
8,MQ,10434,AVP,59,56,7,3,0
8,MQ,10469,AZO,85,83,17,2,0
8,MQ,10529,BDL,5,5,1,0,0
8,MQ,10581,BGR,31,30,5,0,1
8,MQ,10599,BHM,78,76,8,2,0
8,MQ,10620,BIL,62,61,8,1,0
8,MQ,10627,BIS,31,31,2,0,0
8,MQ,10685,BMI,62,60,9,2,0
8,MQ,10693,BNA,15,13,3,2,0
8,MQ,10713,BOI,5,5,1,0,0
8,MQ,10721,BOS,32,32,3,0,0
8,MQ,10792,BUF,55,53,9,2,0
8,MQ,10821,BWI,89,86,14,2,1
8,MQ,10994,CHS,50,48,7,2,0
8,MQ,11003,CID,138,134,30,3,1
8,MQ,11042,CLE,47,45,12,2,0
8,MQ,11066,CMH,109,106,16,3,0
8,MQ,11067,CMI,84,81,22,3,0
8,MQ,11111,COU,77,74,22,3,0
8,MQ,11193,CVG,83,80,15,3,0
8,MQ,11203,CWA,81,78,17,2,1
8,MQ,11298,DFW,14,13,3,1,0
8,MQ,11423,DSM,42,41,5,1,0
8,MQ,11433,DTW,53,52,11,1,0
8,MQ,11540,ELP,5,5,0,0,0
8,MQ,11612,EVV,58,55,13,3,0
8,MQ,11618,EWR,62,62,9,0,0
8,MQ,11624,EYW,1,1,0,0,0
8,MQ,11637,FAR,82,81,16,1,0
8,MQ,11823,FWA,14,14,4,0,0
8,MQ,11977,GRB,113,109,21,4,0
8,MQ,11986,GRR,54,54,8,0,0
8,MQ,11995,GSO,54,52,6,2,0
8,MQ,11996,GSP,44,43,11,1,0
8,MQ,12124,HHH,1,1,1,0,0
8,MQ,12197,HPN,124,119,23,4,1
8,MQ,12266,IAH,4,4,1,0,0
8,MQ,12278,ICT,1,1,1,0,0
8,MQ,12323,ILM,42,42,8,0,0
8,MQ,12339,IND,49,47,3,2,0
8,MQ,12884,LAN,90,88,17,2,0
8,MQ,12992,LIT,71,70,11,1,0
8,MQ,13076,LSE,83,81,19,2,0
8,MQ,13198,MCI,78,76,14,2,0
8,MQ,13230,MDT,82,79,14,3,0
8,MQ,13244,MEM,91,88,11,3,0
8,MQ,13290,MHK,2,2,0,0,0
8,MQ,13296,MHT,81,79,14,2,0
8,MQ,13367,MLI,85,82,21,3,0
8,MQ,13459,MQT,85,83,11,2,0
8,MQ,13485,MSN,131,126,27,5,0
8,MQ,13486,MSO,58,58,16,0,0
8,MQ,13487,MSP,88,86,24,2,0
8,MQ,13495,MSY,35,35,5,0,0
8,MQ,13541,MVY,5,5,4,0,0
8,MQ,13577,MYR,29,28,4,1,0
8,MQ,13871,OMA,55,54,7,1,0
8,MQ,13931,ORF,39,38,2,1,0
8,MQ,14108,PIA,90,87,18,3,0
8,MQ,14122,PIT,48,47,4,1,0
8,MQ,14307,PVD,5,5,1,0,0
8,MQ,14457,RAP,33,32,10,1,0
8,MQ,14492,RDU,4,4,3,0,0
8,MQ,14576,ROC,38,38,8,0,0
8,MQ,14633,RST,26,26,6,0,0
8,MQ,14730,SDF,77,76,5,1,0
8,MQ,14783,SGF,73,72,13,1,0
8,MQ,14952,SPI,30,30,1,0,0
8,MQ,14986,SRQ,1,1,0,0,0
8,MQ,15016,STL,31,30,7,1,0
8,MQ,15096,SYR,66,63,17,2,1
8,MQ,15370,TUL,79,77,16,2,0
8,MQ,15380,TVC,1,1,0,0,0
8,MQ,15412,TYS,23,23,5,0,0
8,MQ,15919,XNA,111,108,19,3,0
8,NK,10397,ATL,29,29,9,0,0
8,NK,10693,BNA,4,4,1,0,0
8,NK,10821,BWI,9,9,2,0,0
8,NK,11298,DFW,8,7,1,0,1
8,NK,11697,FLL,78,77,10,1,0
8,NK,12266,IAH,33,32,11,1,0
8,NK,12889,LAS,61,61,14,0,0
8,NK,12892,LAX,56,56,11,0,0
8,NK,12953,LGA,15,15,1,0,0
8,NK,13204,MCO,61,60,14,1,0
8,NK,13303,MIA,31,31,4,0,0
8,NK,13495,MSY,15,15,3,0,0
8,NK,13577,MYR,11,11,1,0,0
8,NK,14635,RSW,31,31,10,0,0
8,NK,14843,SJU,31,30,6,1,0
8,NK,15304,TPA,31,31,5,0,0
8,OH,10397,ATL,4,4,1,0,0
8,OH,11267,DAY,93,89,31,4,0
8,OH,11823,FWA,5,5,4,0,0
8,OH,11996,GSP,31,26,13,5,0
8,OH,12266,IAH,4,4,2,0,0
8,OH,15370,TUL,31,30,6,1,0
8,OH,15380,TVC,23,23,8,0,0
8,OH,15412,TYS,90,88,32,2,0
8,OO,10135,ABE,15,15,2,0,0
8,OO,10140,ABQ,13,13,0,0,0
8,OO,10154,ACK,6,6,1,0,0
8,OO,10257,ALB,6,6,0,0,0
8,OO,10372,ASE,75,67,17,1,7
8,OO,10408,ATW,112,106,33,6,0
8,OO,10431,AVL,45,44,11,1,0
8,OO,10529,BDL,37,37,6,0,0
8,OO,10581,BGR,3,3,1,0,0
8,OO,10620,BIL,31,31,5,0,0
8,OO,10693,BNA,136,130,39,6,0
8,OO,10713,BOI,31,30,7,1,0
8,OO,10785,BTV,53,50,25,3,0
8,OO,10792,BUF,3,3,0,0,0
8,OO,10821,BWI,11,11,3,0,0
8,OO,10849,BZN,23,23,5,0,0
8,OO,10874,CAK,121,116,27,5,0
8,OO,10980,CHA,25,25,3,0,0
8,OO,10990,CHO,72,66,14,4,2
8,OO,11003,CID,61,59,18,2,0
8,OO,11013,CIU,31,30,6,1,0
8,OO,11042,CLE,146,139,35,7,0
8,OO,11066,CMH,56,54,18,2,0
8,OO,11076,CMX,84,82,23,2,0
8,OO,11109,COS,62,57,15,3,2
8,OO,11146,CRW,93,90,29,3,0
8,OO,11193,CVG,54,53,18,1,0
8,OO,11267,DAY,27,24,6,3,0
8,OO,11288,DEC,53,52,13,1,0
8,OO,11337,DLH,107,104,33,3,0
8,OO,11423,DSM,104,97,26,6,1
8,OO,11433,DTW,146,141,38,5,0
8,OO,11471,EAU,54,52,17,2,0
8,OO,11481,ECP,12,12,3,0,0
8,OO,11540,ELP,51,48,13,3,0
8,OO,11637,FAR,113,110,30,3,0
8,OO,11648,FCA,31,28,3,3,0
8,OO,11721,FNT,176,168,55,8,0
8,OO,11725,FOD,53,52,10,1,0
8,OO,11775,FSD,127,121,37,5,1
8,OO,11823,FWA,185,175,41,9,1
8,OO,11884,GEG,48,47,10,1,0
8,OO,11977,GRB,126,120,42,6,0
8,OO,11986,GRR,96,94,33,2,0
8,OO,11995,GSO,43,42,4,1,0
8,OO,11996,GSP,26,26,6,0,0
8,OO,12003,GTF,3,3,1,0,0
8,OO,12217,HSV,148,141,45,7,0
8,OO,12278,ICT,152,148,49,4,0
8,OO,12280,IDA,26,26,13,0,0
8,OO,12323,ILM,18,18,3,0,0
8,OO,12339,IND,31,31,5,0,0
8,OO,12451,JAX,21,19,4,1,1
8,OO,12511,JLN,31,30,8,1,0
8,OO,12559,JST,31,30,10,1,0
8,OO,12878,LAF,43,41,11,2,0
8,OO,12945,LEX,175,169,47,6,0
8,OO,12992,LIT,73,71,18,2,0
8,OO,13029,LNK,120,118,30,2,0
8,OO,13184,MBS,93,91,23,1,1
8,OO,13198,MCI,42,41,2,1,0
8,OO,13211,MCW,53,50,14,3,0
8,OO,13230,MDT,6,6,2,0,0
8,OO,13244,MEM,77,76,17,1,0
8,OO,13282,MGW,31,31,11,0,0
8,OO,13290,MHK,36,34,11,2,0
8,OO,13342,MKE,399,376,120,22,1
8,OO,13367,MLI,74,70,14,4,0
8,OO,13485,MSN,78,77,18,1,0
8,OO,13487,MSP,14,14,2,0,0
8,OO,13495,MSY,13,13,0,0,0
8,OO,13502,MTJ,9,9,0,0,0
8,OO,13577,MYR,11,11,1,0,0
8,OO,13851,OKC,215,207,54,7,1
8,OO,13871,OMA,35,34,10,1,0
8,OO,14108,PIA,108,102,31,5,1
8,OO,14122,PIT,19,19,5,0,0
8,OO,14150,PLN,64,64,17,0,0
8,OO,14307,PVD,77,75,20,1,1
8,OO,14321,PWM,42,42,11,0,0
8,OO,14457,RAP,43,42,13,1,0
8,OO,14520,RHI,61,57,14,4,0
8,OO,14524,RIC,87,82,23,5,0
8,OO,14574,ROA,69,68,20,1,0
8,OO,14576,ROC,8,8,2,0,0
8,OO,14633,RST,57,55,24,2,0
8,OO,14683,SAT,12,12,0,0,0
8,OO,14685,SAV,30,29,10,1,0
8,OO,14696,SBN,186,177,60,9,0
8,OO,14711,SCE,36,36,6,0,0
8,OO,14730,SDF,61,57,17,3,1
8,OO,14783,SGF,74,73,13,1,0
8,OO,14869,SLC,5,5,4,0,0
8,OO,14877,SLN,31,30,8,1,0
8,OO,14952,SPI,30,28,15,2,0
8,OO,15016,STL,85,82,22,3,0
8,OO,15041,SUN,14,13,3,1,0
8,OO,15048,SUX,31,28,11,2,1
8,OO,15096,SYR,5,5,1,0,0
8,OO,15370,TUL,62,62,12,0,0
8,OO,15376,TUS,31,31,2,0,0
8,OO,15380,TVC,127,122,43,5,0
8,OO,15412,TYS,78,77,13,1,0
8,UA,10140,ABQ,48,46,13,2,0
8,UA,10257,ALB,87,84,22,3,0
8,UA,10299,ANC,62,61,8,1,0
8,UA,10397,ATL,134,132,31,1,1
8,UA,10423,AUS,114,113,17,1,0
8,UA,10529,BDL,62,61,14,1,0
8,UA,10693,BNA,108,107,20,1,0
8,UA,10713,BOI,31,31,6,0,0
8,UA,10721,BOS,249,243,61,6,0
8,UA,10785,BTV,62,60,10,2,0
8,UA,10792,BUF,87,86,23,1,0
8,UA,10821,BWI,94,93,23,1,0
8,UA,10849,BZN,62,58,19,4,0
8,UA,10994,CHS,55,53,10,2,0
8,UA,11003,CID,31,29,13,2,0
8,UA,11042,CLE,184,179,48,5,0
8,UA,11057,CLT,91,89,24,1,1
8,UA,11066,CMH,118,115,35,3,0
8,UA,11109,COS,31,31,4,0,0
8,UA,11193,CVG,86,82,25,4,0
8,UA,11278,DCA,342,331,85,9,2
8,UA,11292,DEN,320,314,78,5,1
8,UA,11298,DFW,180,176,53,2,2
8,UA,11423,DSM,92,90,28,2,0
8,UA,11433,DTW,83,81,20,2,0
8,UA,11503,EGE,10,10,3,0,0
8,UA,11618,EWR,369,365,135,3,1
8,UA,11630,FAI,31,30,7,1,0
8,UA,11638,FAT,31,29,16,2,0
8,UA,11648,FCA,31,31,6,0,0
8,UA,11697,FLL,90,88,17,0,2
8,UA,11775,FSD,30,29,13,1,0
8,UA,11986,GRR,70,68,14,2,0
8,UA,12173,HNL,31,31,10,0,0
8,UA,12264,IAD,196,195,57,1,0
8,UA,12266,IAH,333,329,80,4,0
8,UA,12278,ICT,31,30,15,1,0
8,UA,12339,IND,71,68,18,2,1
8,UA,12441,JAC,62,60,21,2,0
8,UA,12451,JAX,61,60,20,1,0
8,UA,12889,LAS,196,192,27,4,0
8,UA,12892,LAX,306,304,75,2,0
8,UA,12953,LGA,432,416,119,16,0
8,UA,13198,MCI,118,116,35,2,0
8,UA,13204,MCO,176,174,43,1,1
8,UA,13230,MDT,41,39,11,2,0
8,UA,13244,MEM,31,29,8,2,0
8,UA,13303,MIA,55,54,17,0,1
8,UA,13485,MSN,64,63,20,1,0
8,UA,13486,MSO,31,31,7,0,0
8,UA,13487,MSP,200,199,73,1,0
8,UA,13495,MSY,62,61,20,1,0
8,UA,13577,MYR,23,23,10,0,0
8,UA,13830,OGG,5,5,2,0,0
8,UA,13871,OMA,111,109,20,2,0
8,UA,13891,ONT,31,31,13,0,0
8,UA,13931,ORF,62,59,17,3,0
8,UA,14057,PDX,145,143,32,2,0
8,UA,14100,PHL,148,142,33,5,1
8,UA,14107,PHX,134,129,14,3,2
8,UA,14122,PIT,100,99,20,1,0
8,UA,14193,PNS,31,31,3,0,0
8,UA,14321,PWM,62,60,21,2,0
8,UA,14457,RAP,32,31,2,1,0
8,UA,14492,RDU,115,115,23,0,0
8,UA,14524,RIC,31,30,12,1,0
8,UA,14570,RNO,31,29,9,2,0
8,UA,14576,ROC,62,59,18,3,0
8,UA,14635,RSW,90,90,16,0,0
8,UA,14679,SAN,151,151,39,0,0
8,UA,14683,SAT,62,59,11,3,0
8,UA,14685,SAV,58,58,7,0,0
8,UA,14747,SEA,170,168,46,2,0
8,UA,14771,SFO,319,309,80,9,1
8,UA,14831,SJC,31,30,11,1,0
8,UA,14843,SJU,49,49,17,0,0
8,UA,14869,SLC,90,88,19,2,0
8,UA,14893,SMF,90,90,29,0,0
8,UA,14908,SNA,88,84,20,1,3
8,UA,14986,SRQ,31,31,7,0,0
8,UA,15016,STL,49,46,14,3,0
8,UA,15024,STT,3,2,0,1,0
8,UA,15096,SYR,54,53,15,1,0
8,UA,15304,TPA,93,93,19,0,0
8,UA,15380,TVC,62,58,17,4,0
8,UA,15412,TYS,31,29,10,2,0
8,WN,10423,AUS,31,31,9,0,0
8,WN,10693,BNA,31,31,9,0,0
8,WN,10821,BWI,31,31,15,0,0
8,WN,11259,DAL,75,73,12,1,1
8,WN,11292,DEN,88,86,22,1,1
8,WN,12889,LAS,58,57,15,1,0
8,WN,13204,MCO,63,62,10,0,1
8,WN,14107,PHX,31,30,15,0,1
8,YX,10154,ACK,5,5,0,0,0
8,YX,10257,ALB,19,19,3,0,0
8,YX,10397,ATL,55,52,15,3,0
8,YX,10529,BDL,44,43,3,1,0
8,YX,10581,BGR,75,73,9,1,1
8,YX,10599,BHM,30,30,2,0,0
8,YX,10693,BNA,40,40,4,0,0
8,YX,10721,BOS,7,7,2,0,0
8,YX,10792,BUF,6,6,0,0,0
8,YX,10821,BWI,3,3,1,0,0
8,YX,10994,CHS,31,30,5,1,0
8,YX,11042,CLE,13,13,2,0,0
8,YX,11057,CLT,2,2,0,0,0
8,YX,11066,CMH,102,97,10,5,0
8,YX,11193,CVG,163,160,19,3,0
8,YX,11423,DSM,24,23,10,1,0
8,YX,11433,DTW,58,57,6,1,0
8,YX,11481,ECP,20,20,1,0,0
8,YX,11540,ELP,6,5,1,1,0
8,YX,11977,GRB,1,1,0,0,0
8,YX,11986,GRR,38,37,4,1,0
8,YX,11995,GSO,1,1,0,0,0
8,YX,11996,GSP,46,44,5,2,0
8,YX,12124,HHH,3,3,1,0,0
8,YX,12250,HYA,5,5,2,0,0
8,YX,12266,IAH,59,56,12,3,0
8,YX,12323,ILM,4,4,1,0,0
8,YX,12339,IND,229,221,46,8,0
8,YX,12451,JAX,3,3,0,0,0
8,YX,12478,JFK,83,81,26,2,0
8,YX,12953,LGA,8,8,5,0,0
8,YX,13198,MCI,32,32,5,0,0
8,YX,13244,MEM,6,6,0,0,0
8,YX,13485,MSN,54,54,7,0,0
8,YX,13487,MSP,67,66,23,1,0
8,YX,13495,MSY,26,24,5,2,0
8,YX,13577,MYR,2,2,0,0,0
8,YX,13871,OMA,7,7,2,0,0
8,YX,13931,ORF,25,25,8,0,0
8,YX,14122,PIT,126,123,19,3,0
8,YX,14321,PWM,73,70,14,3,0
8,YX,14492,RDU,76,75,19,1,0
8,YX,14524,RIC,42,42,6,0,0
8,YX,14574,ROA,26,23,3,3,0
8,YX,14576,ROC,83,81,13,2,0
8,YX,14685,SAV,2,2,1,0,0
8,YX,14730,SDF,104,100,20,4,0
8,YX,15016,STL,27,27,1,0,0
8,YX,15096,SYR,20,20,3,0,0
8,YX,15380,TVC,38,38,9,0,0
8,YX,15412,TYS,5,5,3,0,0
8,YX,15919,XNA,23,23,5,0,0
9,AA,10140,ABQ,19,19,5,0,0
9,AA,10299,ANC,30,30,7,0,0
9,AA,10397,ATL,47,47,6,0,0
9,AA,10423,AUS,99,98,28,1,0
9,AA,10529,BDL,43,43,13,0,0
9,AA,10581,BGR,30,30,8,0,0
9,AA,10693,BNA,71,71,20,0,0
9,AA,10713,BOI,30,30,5,0,0
9,AA,10721,BOS,230,226,102,2,2
9,AA,10792,BUF,61,61,17,0,0
9,AA,10849,BZN,57,57,11,0,0
9,AA,10994,CHS,11,11,3,0,0
9,AA,11042,CLE,45,45,20,0,0
9,AA,11057,CLT,236,235,47,1,0
9,AA,11066,CMH,29,29,12,0,0
9,AA,11193,CVG,21,21,8,0,0
9,AA,11278,DCA,240,238,93,2,0
9,AA,11292,DEN,147,147,43,0,0
9,AA,11298,DFW,312,302,71,6,4
9,AA,11423,DSM,30,30,9,0,0
9,AA,11618,EWR,57,56,28,1,0
9,AA,11648,FCA,42,42,11,0,0
9,AA,11697,FLL,30,30,6,0,0
9,AA,11884,GEG,42,42,8,0,0
9,AA,11986,GRR,57,56,15,1,0
9,AA,12266,IAH,87,87,23,0,0
9,AA,12339,IND,12,12,5,0,0
9,AA,12441,JAC,60,60,17,0,0
9,AA,12451,JAX,60,60,21,0,0
9,AA,12478,JFK,28,28,6,0,0
9,AA,12889,LAS,166,163,50,2,1
9,AA,12892,LAX,267,265,69,2,0
9,AA,12953,LGA,266,265,80,0,1
9,AA,13198,MCI,30,30,13,0,0
9,AA,13204,MCO,134,133,25,1,0
9,AA,13244,MEM,1,1,1,0,0
9,AA,13303,MIA,235,235,41,0,0
9,AA,13487,MSP,27,27,13,0,0
9,AA,13871,OMA,42,42,22,0,0
9,AA,14027,PBI,42,42,16,0,0
9,AA,14057,PDX,87,87,14,0,0
9,AA,14100,PHL,250,250,66,0,0
9,AA,14107,PHX,244,238,58,3,3
9,AA,14122,PIT,2,2,1,0,0
9,AA,14307,PVD,35,35,20,0,0
9,AA,14492,RDU,60,60,20,0,0
9,AA,14635,RSW,57,56,6,0,1
9,AA,14679,SAN,122,120,24,0,2
9,AA,14683,SAT,44,44,18,0,0
9,AA,14685,SAV,29,28,8,1,0
9,AA,14747,SEA,116,116,17,0,0
9,AA,14771,SFO,174,174,41,0,0
9,AA,14843,SJU,2,2,0,0,0
9,AA,14869,SLC,72,72,19,0,0
9,AA,14893,SMF,30,30,5,0,0
9,AA,14908,SNA,104,104,23,0,0
9,AA,15016,STL,60,60,15,0,0
9,AA,15096,SYR,31,31,12,0,0
9,AA,15304,TPA,72,72,15,0,0
9,AA,15376,TUS,30,30,5,0,0
9,AA,15624,VPS,6,6,3,0,0
9,AS,10299,ANC,17,17,5,0,0
9,AS,14057,PDX,47,47,7,0,0
9,AS,14747,SEA,179,176,34,2,1
9,B6,10721,BOS,48,48,14,0,0
9,B6,12478,JFK,49,49,4,0,0
9,DL,10397,ATL,222,222,14,0,0
9,DL,10721,BOS,107,106,39,1,0
9,DL,11433,DTW,122,122,20,0,0
9,DL,12953,LGA,241,237,45,0,4
9,DL,13487,MSP,162,161,41,1,0
9,DL,14747,SEA,72,72,10,0,0
9,DL,14869,SLC,86,86,16,0,0
9,F9,10397,ATL,60,60,17,0,0
9,F9,10423,AUS,8,8,0,0,0
9,F9,10693,BNA,16,15,4,1,0
9,F9,10821,BWI,17,17,6,0,0
9,F9,11057,CLT,12,12,2,0,0
9,F9,11292,DEN,46,46,8,0,0
9,F9,11298,DFW,39,38,11,1,0
9,F9,12266,IAH,17,17,3,0,0
9,F9,12889,LAS,16,15,6,1,0
9,F9,12892,LAX,21,21,3,0,0
9,F9,13204,MCO,20,20,2,0,0
9,F9,14100,PHL,16,16,3,0,0
9,F9,14107,PHX,17,15,4,1,1
9,F9,14492,RDU,13,13,1,0,0
9,F9,14679,SAN,6,6,0,0,0
9,F9,15304,TPA,9,9,2,0,0
9,MQ,10140,ABQ,39,39,9,0,0
9,MQ,10257,ALB,85,85,10,0,0
9,MQ,10268,ALO,52,52,10,0,0
9,MQ,10397,ATL,1,1,0,0,0
9,MQ,10408,ATW,86,86,12,0,0
9,MQ,10431,AVL,53,53,7,0,0
9,MQ,10434,AVP,53,53,7,0,0
9,MQ,10469,AZO,86,85,11,1,0
9,MQ,10529,BDL,42,42,3,0,0
9,MQ,10581,BGR,30,30,4,0,0
9,MQ,10599,BHM,50,50,6,0,0
9,MQ,10620,BIL,60,59,9,0,1
9,MQ,10627,BIS,30,30,3,0,0
9,MQ,10685,BMI,60,60,9,0,0
9,MQ,10693,BNA,18,18,2,0,0
9,MQ,10721,BOS,30,30,1,0,0
9,MQ,10785,BTV,53,53,9,0,0
9,MQ,10792,BUF,29,28,7,1,0
9,MQ,10821,BWI,87,87,16,0,0
9,MQ,10994,CHS,19,19,2,0,0
9,MQ,11003,CID,128,127,19,1,0
9,MQ,11042,CLE,28,27,2,1,0
9,MQ,11066,CMH,78,78,16,0,0
9,MQ,11067,CMI,68,68,10,0,0
9,MQ,11111,COU,96,95,18,1,0
9,MQ,11193,CVG,62,62,11,0,0
9,MQ,11203,CWA,85,85,17,0,0
9,MQ,11267,DAY,28,28,5,0,0
9,MQ,11298,DFW,8,8,1,0,0
9,MQ,11423,DSM,4,4,0,0,0
9,MQ,11433,DTW,28,27,4,1,0
9,MQ,11540,ELP,28,28,6,0,0
9,MQ,11612,EVV,57,57,3,0,0
9,MQ,11618,EWR,60,58,13,2,0
9,MQ,11637,FAR,82,81,5,1,0
9,MQ,11977,GRB,102,100,16,1,1
9,MQ,11986,GRR,70,69,8,1,0
9,MQ,11995,GSO,70,70,4,0,0
9,MQ,11996,GSP,41,40,3,1,0
9,MQ,12124,HHH,4,4,1,0,0
9,MQ,12197,HPN,117,117,13,0,0
9,MQ,12266,IAH,46,46,6,0,0
9,MQ,12323,ILM,31,31,2,0,0
9,MQ,12339,IND,51,51,12,0,0
9,MQ,12451,JAX,11,11,0,0,0
9,MQ,12884,LAN,61,61,9,0,0
9,MQ,12992,LIT,71,70,9,1,0
9,MQ,13076,LSE,83,83,16,0,0
9,MQ,13198,MCI,71,70,7,1,0
9,MQ,13230,MDT,61,61,8,0,0
9,MQ,13244,MEM,70,70,9,0,0
9,MQ,13296,MHT,86,86,19,0,0
9,MQ,13367,MLI,73,73,9,0,0
9,MQ,13459,MQT,62,62,12,0,0
9,MQ,13485,MSN,103,103,18,0,0
9,MQ,13486,MSO,49,49,7,0,0
9,MQ,13487,MSP,26,26,8,0,0
9,MQ,13495,MSY,30,29,1,1,0
9,MQ,13577,MYR,2,2,0,0,0
9,MQ,13871,OMA,59,58,8,1,0
9,MQ,13931,ORF,3,3,0,0,0
9,MQ,14108,PIA,84,83,14,1,0
9,MQ,14122,PIT,25,25,5,0,0
9,MQ,14457,RAP,42,41,8,1,0
9,MQ,14492,RDU,1,1,0,0,0
9,MQ,14524,RIC,28,28,3,0,0
9,MQ,14576,ROC,64,63,8,1,0
9,MQ,14633,RST,30,28,1,1,1
9,MQ,14730,SDF,72,71,8,1,0
9,MQ,14783,SGF,103,103,15,0,0
9,MQ,14952,SPI,30,29,2,1,0
9,MQ,15016,STL,27,27,2,0,0
9,MQ,15096,SYR,68,67,7,1,0
9,MQ,15370,TUL,70,69,11,1,0
9,MQ,15412,TYS,29,29,6,0,0
9,MQ,15919,XNA,119,119,22,0,0
9,NK,10397,ATL,2,2,0,0,0
9,NK,10821,BWI,8,8,0,0,0
9,NK,11697,FLL,90,89,18,1,0
9,NK,12266,IAH,42,41,2,1,0
9,NK,12889,LAS,67,67,6,0,0
9,NK,12892,LAX,49,49,6,0,0
9,NK,12953,LGA,31,30,5,0,1
9,NK,13204,MCO,67,67,7,0,0
9,NK,13303,MIA,30,30,5,0,0
9,NK,13495,MSY,17,17,0,0,0
9,NK,14635,RSW,19,19,0,0,0
9,NK,14843,SJU,19,19,5,0,0
9,NK,15304,TPA,30,30,3,0,0
9,OH,11066,CMH,28,27,8,1,0
9,OH,11267,DAY,79,78,25,1,0
9,OH,11823,FWA,24,24,9,0,0
9,OH,11996,GSP,30,30,10,0,0
9,OH,13487,MSP,28,27,8,1,0
9,OH,15370,TUL,2,2,0,0,0
9,OH,15380,TVC,2,2,0,0,0
9,OH,15412,TYS,56,55,12,1,0
9,OO,10135,ABE,30,30,5,0,0
9,OO,10140,ABQ,1,1,0,0,0
9,OO,10257,ALB,18,17,1,0,1
9,OO,10372,ASE,90,90,16,0,0
9,OO,10397,ATL,28,28,10,0,0
9,OO,10408,ATW,44,43,6,1,0
9,OO,10431,AVL,71,71,15,0,0
9,OO,10434,AVP,4,4,0,0,0
9,OO,10529,BDL,24,24,4,0,0
9,OO,10599,BHM,5,5,2,0,0
9,OO,10620,BIL,30,29,4,0,1
9,OO,10693,BNA,106,106,32,0,0
9,OO,10713,BOI,24,24,3,0,0
9,OO,10785,BTV,9,9,2,0,0
9,OO,10849,BZN,16,15,4,0,1
9,OO,10868,CAE,29,29,4,0,0
9,OO,10874,CAK,116,116,23,0,0
9,OO,10980,CHA,59,59,13,0,0
9,OO,10990,CHO,87,86,28,0,1
9,OO,11003,CID,52,51,11,1,0
9,OO,11013,CIU,28,28,5,0,0
9,OO,11042,CLE,99,99,23,0,0
9,OO,11066,CMH,48,48,16,0,0
9,OO,11076,CMX,80,75,15,0,5
9,OO,11109,COS,60,59,9,1,0
9,OO,11111,COU,12,12,1,0,0
9,OO,11146,CRW,90,88,23,0,2
9,OO,11193,CVG,92,89,25,3,0
9,OO,11288,DEC,51,51,7,0,0
9,OO,11337,DLH,119,117,37,1,1
9,OO,11423,DSM,73,72,14,1,0
9,OO,11433,DTW,196,196,52,0,0
9,OO,11471,EAU,50,48,7,1,1
9,OO,11540,ELP,26,26,6,0,0
9,OO,11637,FAR,105,103,29,0,2
9,OO,11648,FCA,23,23,7,0,0
9,OO,11721,FNT,176,174,39,2,0
9,OO,11725,FOD,51,51,5,0,0
9,OO,11775,FSD,125,123,31,2,0
9,OO,11823,FWA,197,196,54,1,0
9,OO,11884,GEG,30,30,7,0,0
9,OO,11977,GRB,92,91,17,1,0
9,OO,11986,GRR,31,31,10,0,0
9,OO,11995,GSO,54,54,6,0,0
9,OO,11996,GSP,27,27,5,0,0
9,OO,12217,HSV,123,123,24,0,0
9,OO,12278,ICT,132,130,33,1,1
9,OO,12280,IDA,30,29,8,1,0
9,OO,12339,IND,33,31,3,2,0
9,OO,12511,JLN,30,29,5,0,1
9,OO,12559,JST,30,30,7,0,0
9,OO,12878,LAF,47,47,13,0,0
9,OO,12945,LEX,206,205,35,1,0
9,OO,12992,LIT,55,55,13,0,0
9,OO,13029,LNK,116,114,18,1,1
9,OO,13184,MBS,90,89,18,1,0
9,OO,13198,MCI,68,68,10,0,0
9,OO,13211,MCW,51,49,11,0,2
9,OO,13244,MEM,58,58,6,0,0
9,OO,13282,MGW,30,28,11,0,2
9,OO,13290,MHK,30,30,10,0,0
9,OO,13342,MKE,394,390,104,4,0
9,OO,13367,MLI,90,90,17,0,0
9,OO,13485,MSN,92,92,25,0,0
9,OO,13486,MSO,23,22,2,1,0
9,OO,13487,MSP,42,42,15,0,0
9,OO,13502,MTJ,7,7,2,0,0
9,OO,13577,MYR,29,29,7,0,0
9,OO,13851,OKC,216,214,47,2,0
9,OO,13871,OMA,24,24,3,0,0
9,OO,14108,PIA,96,96,24,0,0
9,OO,14122,PIT,25,25,8,0,0
9,OO,14150,PLN,38,37,7,1,0
9,OO,14307,PVD,59,58,17,1,0
9,OO,14321,PWM,45,45,12,0,0
9,OO,14457,RAP,3,3,1,0,0
9,OO,14520,RHI,35,34,5,1,0
9,OO,14524,RIC,91,90,20,1,0
9,OO,14574,ROA,87,85,18,0,2
9,OO,14576,ROC,22,22,4,0,0
9,OO,14633,RST,42,42,17,0,0
9,OO,14683,SAT,2,2,0,0,0
9,OO,14685,SAV,29,29,4,0,0
9,OO,14696,SBN,203,201,44,2,0
9,OO,14711,SCE,49,49,11,0,0
9,OO,14730,SDF,39,39,5,0,0
9,OO,14783,SGF,58,58,15,0,0
9,OO,14877,SLN,30,30,9,0,0
9,OO,14952,SPI,27,27,9,0,0
9,OO,15016,STL,85,83,10,2,0
9,OO,15041,SUN,6,6,3,0,0
9,OO,15048,SUX,30,29,3,0,1
9,OO,15096,SYR,5,5,0,0,0
9,OO,15370,TUL,88,87,11,1,0
9,OO,15376,TUS,1,1,0,0,0
9,OO,15380,TVC,126,125,36,1,0
9,OO,15412,TYS,50,49,12,1,0
9,UA,10140,ABQ,59,59,20,0,0
9,UA,10257,ALB,90,90,21,0,0
9,UA,10299,ANC,54,54,11,0,0
9,UA,10397,ATL,146,145,16,0,1
9,UA,10423,AUS,121,121,19,0,0
9,UA,10529,BDL,71,71,12,0,0
9,UA,10693,BNA,120,120,15,0,0
9,UA,10713,BOI,36,36,5,0,0
9,UA,10721,BOS,241,239,127,1,1
9,UA,10785,BTV,60,60,14,0,0
9,UA,10792,BUF,89,89,15,0,0
9,UA,10821,BWI,106,106,20,0,0
9,UA,10849,BZN,60,60,11,0,0
9,UA,10994,CHS,57,57,13,0,0
9,UA,11003,CID,37,37,11,0,0
9,UA,11042,CLE,230,230,47,0,0
9,UA,11057,CLT,86,86,18,0,0
9,UA,11066,CMH,120,120,27,0,0
9,UA,11109,COS,30,30,3,0,0
9,UA,11193,CVG,120,120,29,0,0
9,UA,11267,DAY,7,7,0,0,0
9,UA,11278,DCA,336,333,92,2,1
9,UA,11292,DEN,326,323,57,1,2
9,UA,11298,DFW,176,174,34,1,1
9,UA,11423,DSM,135,135,22,0,0
9,UA,11433,DTW,109,109,22,0,0
9,UA,11503,EGE,6,6,3,0,0
9,UA,11618,EWR,356,351,87,4,1
9,UA,11630,FAI,24,24,5,0,0
9,UA,11638,FAT,30,30,13,0,0
9,UA,11648,FCA,30,30,0,0,0
9,UA,11697,FLL,86,84,12,0,2
9,UA,11775,FSD,30,30,16,0,0
9,UA,11986,GRR,99,99,24,0,0
9,UA,12173,HNL,30,30,9,0,0
9,UA,12264,IAD,201,201,36,0,0
9,UA,12266,IAH,328,328,49,0,0
9,UA,12278,ICT,30,30,8,0,0
9,UA,12339,IND,92,92,21,0,0
9,UA,12441,JAC,55,55,17,0,0
9,UA,12451,JAX,75,75,13,0,0
9,UA,12889,LAS,176,175,28,0,1
9,UA,12892,LAX,279,279,37,0,0
9,UA,12953,LGA,426,421,92,3,2
9,UA,13198,MCI,119,119,26,0,0
9,UA,13204,MCO,173,173,25,0,0
9,UA,13230,MDT,57,57,11,0,0
9,UA,13244,MEM,30,30,4,0,0
9,UA,13303,MIA,48,48,7,0,0
9,UA,13485,MSN,133,133,36,0,0
9,UA,13486,MSO,1,1,0,0,0
9,UA,13487,MSP,219,219,64,0,0
9,UA,13495,MSY,65,65,9,0,0
9,UA,13577,MYR,1,1,0,0,0
9,UA,13830,OGG,4,4,2,0,0
9,UA,13871,OMA,120,120,26,0,0
9,UA,13891,ONT,30,30,12,0,0
9,UA,13931,ORF,60,60,14,0,0
9,UA,14027,PBI,6,6,1,0,0
9,UA,14057,PDX,123,123,17,0,0
9,UA,14100,PHL,146,146,32,0,0
9,UA,14107,PHX,144,141,24,1,2
9,UA,14122,PIT,121,121,17,0,0
9,UA,14193,PNS,30,30,3,0,0
9,UA,14262,PSP,6,6,0,0,0
9,UA,14307,PVD,30,30,8,0,0
9,UA,14321,PWM,60,60,9,0,0
9,UA,14457,RAP,29,29,2,0,0
9,UA,14492,RDU,113,113,15,0,0
9,UA,14524,RIC,28,28,11,0,0
9,UA,14570,RNO,30,30,10,0,0
9,UA,14576,ROC,59,59,19,0,0
9,UA,14635,RSW,93,93,8,0,0
9,UA,14679,SAN,142,140,35,0,2
9,UA,14683,SAT,77,77,12,0,0
9,UA,14685,SAV,60,60,14,0,0
9,UA,14696,SBN,3,3,0,0,0
9,UA,14747,SEA,142,142,19,0,0
9,UA,14771,SFO,316,316,69,0,0
9,UA,14831,SJC,30,30,3,0,0
9,UA,14843,SJU,30,30,6,0,0
9,UA,14869,SLC,86,85,16,1,0
9,UA,14893,SMF,87,87,19,0,0
9,UA,14908,SNA,86,85,20,0,1
9,UA,14986,SRQ,30,30,5,0,0
9,UA,15016,STL,65,65,11,0,0
9,UA,15096,SYR,60,60,16,0,0
9,UA,15304,TPA,94,94,17,0,0
9,UA,15376,TUS,29,29,4,0,0
9,UA,15380,TVC,55,55,13,0,0
9,UA,15412,TYS,33,33,8,0,0
9,WN,10423,AUS,30,30,4,0,0
9,WN,10693,BNA,30,30,4,0,0
9,WN,10821,BWI,30,30,6,0,0
9,WN,11259,DAL,73,70,12,1,2
9,WN,11292,DEN,86,86,10,0,0
9,WN,12889,LAS,56,56,9,0,0
9,WN,13204,MCO,60,60,4,0,0
9,WN,14107,PHX,30,30,17,0,0
9,YX,10397,ATL,37,37,6,0,0
9,YX,10529,BDL,26,26,1,0,0
9,YX,10581,BGR,48,48,2,0,0
9,YX,10599,BHM,66,66,3,0,0
9,YX,10693,BNA,36,36,3,0,0
9,YX,10721,BOS,4,4,3,0,0
9,YX,10994,CHS,58,58,5,0,0
9,YX,11042,CLE,1,1,0,0,0
9,YX,11057,CLT,4,4,1,0,0
9,YX,11066,CMH,108,108,20,0,0
9,YX,11193,CVG,109,109,6,0,0
9,YX,11267,DAY,5,5,0,0,0
9,YX,11423,DSM,22,22,4,0,0
9,YX,11433,DTW,27,27,1,0,0
9,YX,11481,ECP,30,30,1,0,0
9,YX,11540,ELP,6,6,1,0,0
9,YX,11775,FSD,1,1,0,0,0
9,YX,11986,GRR,52,52,3,0,0
9,YX,11995,GSO,2,2,0,0,0
9,YX,11996,GSP,30,30,7,0,0
9,YX,12266,IAH,12,12,1,0,0
9,YX,12339,IND,201,200,27,1,0
9,YX,12478,JFK,90,90,25,0,0
9,YX,12953,LGA,8,7,5,0,1
9,YX,13198,MCI,13,13,0,0,0
9,YX,13230,MDT,11,11,3,0,0
9,YX,13244,MEM,27,26,3,1,0
9,YX,13485,MSN,8,8,0,0,0
9,YX,13487,MSP,32,32,5,0,0
9,YX,13495,MSY,30,30,6,0,0
9,YX,13871,OMA,2,2,0,0,0
9,YX,13931,ORF,80,80,13,0,0
9,YX,14122,PIT,172,171,20,1,0
9,YX,14321,PWM,60,60,13,0,0
9,YX,14492,RDU,79,79,13,0,0
9,YX,14524,RIC,34,34,4,0,0
9,YX,14574,ROA,30,30,5,0,0
9,YX,14576,ROC,56,56,7,0,0
9,YX,14683,SAT,28,27,2,1,0
9,YX,14685,SAV,1,1,1,0,0
9,YX,14711,SCE,4,4,2,0,0
9,YX,14730,SDF,111,111,12,0,0
9,YX,15016,STL,3,3,1,0,0
9,YX,15096,SYR,26,26,1,0,0
9,YX,15370,TUL,2,2,0,0,0
9,YX,15380,TVC,30,30,2,0,0
9,YX,15412,TYS,23,23,0,0,0
9,YX,15919,XNA,1,1,0,0,0
10,AA,10140,ABQ,30,30,8,0,0
10,AA,10299,ANC,5,5,1,0,0
10,AA,10397,ATL,84,84,27,0,0
10,AA,10423,AUS,117,116,35,1,0
10,AA,10529,BDL,50,50,13,0,0
10,AA,10581,BGR,10,10,6,0,0
10,AA,10693,BNA,87,87,28,0,0
10,AA,10713,BOI,30,30,5,0,0
10,AA,10721,BOS,232,229,112,3,0
10,AA,10792,BUF,36,35,14,0,1
10,AA,10821,BWI,25,25,11,0,0
10,AA,10849,BZN,36,36,8,0,0
10,AA,10994,CHS,2,2,0,0,0
10,AA,11003,CID,1,1,0,0,0
10,AA,11042,CLE,58,57,24,1,0
10,AA,11057,CLT,236,236,40,0,0
10,AA,11066,CMH,31,30,16,1,0
10,AA,11193,CVG,26,26,12,0,0
10,AA,11278,DCA,247,243,63,4,0
10,AA,11292,DEN,151,151,35,0,0
10,AA,11298,DFW,338,334,76,2,2
10,AA,11423,DSM,31,31,7,0,0
10,AA,11618,EWR,62,61,30,1,0
10,AA,11648,FCA,7,7,1,0,0
10,AA,11697,FLL,31,31,8,0,0
10,AA,11884,GEG,35,35,11,0,0
10,AA,11986,GRR,81,80,28,1,0
10,AA,12173,HNL,6,6,1,0,0
10,AA,12266,IAH,104,104,30,0,0
10,AA,12339,IND,25,25,5,0,0
10,AA,12441,JAC,36,36,7,0,0
10,AA,12451,JAX,81,81,24,0,0
10,AA,12478,JFK,57,56,19,1,0
10,AA,12889,LAS,179,179,57,0,0
10,AA,12892,LAX,251,251,95,0,0
10,AA,12953,LGA,286,280,98,4,2
10,AA,13198,MCI,31,31,11,0,0
10,AA,13204,MCO,173,172,46,1,0
10,AA,13303,MIA,252,252,39,0,0
10,AA,13487,MSP,30,30,11,0,0
10,AA,13495,MSY,52,52,11,0,0
10,AA,13871,OMA,50,50,22,0,0
10,AA,14027,PBI,54,53,17,0,1
10,AA,14057,PDX,89,89,31,0,0
10,AA,14100,PHL,272,272,68,0,0
10,AA,14107,PHX,222,221,47,0,1
10,AA,14122,PIT,40,40,17,0,0
10,AA,14262,PSP,50,50,14,0,0
10,AA,14307,PVD,49,49,14,0,0
10,AA,14492,RDU,87,87,35,0,0
10,AA,14635,RSW,60,59,14,0,1
10,AA,14679,SAN,122,122,30,0,0
10,AA,14683,SAT,81,81,18,0,0
10,AA,14685,SAV,31,31,5,0,0
10,AA,14747,SEA,121,120,24,0,1
10,AA,14771,SFO,184,184,66,0,0
10,AA,14843,SJU,26,26,3,0,0
10,AA,14869,SLC,86,86,33,0,0
10,AA,14893,SMF,30,29,8,0,1
10,AA,14908,SNA,119,119,31,0,0
10,AA,15016,STL,62,62,19,0,0
10,AA,15096,SYR,31,31,15,0,0
10,AA,15304,TPA,86,86,20,0,0
10,AA,15376,TUS,31,31,10,0,0
10,AA,15624,VPS,1,1,0,0,0
10,AS,10299,ANC,11,11,8,0,0
10,AS,14057,PDX,48,47,17,1,0
10,AS,14679,SAN,80,76,18,3,1
10,AS,14747,SEA,153,149,55,3,1
10,B6,10721,BOS,58,57,18,1,0
10,B6,12478,JFK,44,43,5,1,0
10,DL,10397,ATL,231,231,33,0,0
10,DL,10721,BOS,115,114,48,1,0
10,DL,11433,DTW,138,138,26,0,0
10,DL,12953,LGA,251,239,85,8,4
10,DL,13487,MSP,168,167,50,0,1
10,DL,14747,SEA,86,86,24,0,0
10,DL,14869,SLC,88,88,15,0,0
10,F9,10397,ATL,68,67,16,0,1
10,F9,10423,AUS,11,11,4,0,0
10,F9,10693,BNA,17,17,2,0,0
10,F9,10821,BWI,15,15,4,0,0
10,F9,11057,CLT,17,17,1,0,0
10,F9,11292,DEN,43,43,11,0,0
10,F9,11298,DFW,47,47,21,0,0
10,F9,12266,IAH,21,21,3,0,0
10,F9,12478,JFK,16,16,6,0,0
10,F9,12889,LAS,14,14,6,0,0
10,F9,12892,LAX,22,22,7,0,0
10,F9,13204,MCO,28,28,6,0,0
10,F9,14100,PHL,21,21,7,0,0
10,F9,14107,PHX,18,17,5,1,0
10,F9,14492,RDU,17,17,10,0,0
10,F9,15304,TPA,12,12,2,0,0
10,MQ,10140,ABQ,31,31,8,0,0
10,MQ,10257,ALB,92,92,21,0,0
10,MQ,10268,ALO,61,61,9,0,0
10,MQ,10397,ATL,25,25,9,0,0
10,MQ,10408,ATW,92,91,25,1,0
10,MQ,10431,AVL,61,61,11,0,0
10,MQ,10434,AVP,61,61,17,0,0
10,MQ,10469,AZO,87,86,17,0,1
10,MQ,10529,BDL,12,12,3,0,0
10,MQ,10581,BGR,31,31,4,0,0
10,MQ,10599,BHM,83,83,14,0,0
10,MQ,10620,BIL,35,35,4,0,0
10,MQ,10627,BIS,31,31,8,0,0
10,MQ,10685,BMI,61,61,8,0,0
10,MQ,10693,BNA,26,26,6,0,0
10,MQ,10721,BOS,37,37,6,0,0
10,MQ,10785,BTV,10,10,2,0,0
10,MQ,10792,BUF,56,56,9,0,0
10,MQ,10821,BWI,67,67,9,0,0
10,MQ,10849,BZN,22,22,12,0,0
10,MQ,10994,CHS,77,77,17,0,0
10,MQ,11003,CID,147,147,30,0,0
10,MQ,11042,CLE,79,79,18,0,0
10,MQ,11066,CMH,132,132,30,0,0
10,MQ,11067,CMI,103,103,28,0,0
10,MQ,11111,COU,117,117,27,0,0
10,MQ,11193,CVG,86,86,25,0,0
10,MQ,11203,CWA,92,92,23,0,0
10,MQ,11267,DAY,56,56,14,0,0
10,MQ,11298,DFW,26,25,7,0,1
10,MQ,11433,DTW,31,31,6,0,0
10,MQ,11540,ELP,31,31,5,0,0
10,MQ,11612,EVV,61,61,13,0,0
10,MQ,11618,EWR,62,61,15,0,1
10,MQ,11637,FAR,91,91,21,0,0
10,MQ,11648,FCA,26,26,9,0,0
10,MQ,11977,GRB,118,117,17,1,0
10,MQ,11986,GRR,79,78,18,0,1
10,MQ,11995,GSO,86,86,11,0,0
10,MQ,11996,GSP,55,55,13,0,0
10,MQ,12124,HHH,4,4,1,0,0
10,MQ,12197,HPN,148,148,33,0,0
10,MQ,12266,IAH,13,13,3,0,0
10,MQ,12323,ILM,31,31,2,0,0
10,MQ,12339,IND,76,76,19,0,0
10,MQ,12451,JAX,6,6,1,0,0
10,MQ,12884,LAN,62,62,9,0,0
10,MQ,12945,LEX,26,26,8,0,0
10,MQ,12992,LIT,86,86,15,0,0
10,MQ,13076,LSE,90,88,19,1,1
10,MQ,13198,MCI,102,102,22,0,0
10,MQ,13230,MDT,101,101,22,0,0
10,MQ,13244,MEM,99,99,25,0,0
10,MQ,13296,MHT,86,86,17,0,0
10,MQ,13367,MLI,63,63,13,0,0
10,MQ,13459,MQT,61,61,17,0,0
10,MQ,13485,MSN,93,93,23,0,0
10,MQ,13486,MSO,9,9,1,0,0
10,MQ,13487,MSP,103,103,18,0,0
10,MQ,13495,MSY,30,30,1,0,0
10,MQ,13871,OMA,41,41,10,0,0
10,MQ,13931,ORF,22,22,4,0,0
10,MQ,14108,PIA,89,89,23,0,0
10,MQ,14122,PIT,34,34,5,0,0
10,MQ,14457,RAP,7,7,2,0,0
10,MQ,14492,RDU,26,26,3,0,0
10,MQ,14524,RIC,5,5,1,0,0
10,MQ,14576,ROC,38,38,5,0,0
10,MQ,14633,RST,31,31,5,0,0
10,MQ,14730,SDF,82,82,8,0,0
10,MQ,14783,SGF,71,69,19,0,2
10,MQ,14952,SPI,57,57,10,0,0
10,MQ,15016,STL,30,30,7,0,0
10,MQ,15096,SYR,77,77,11,0,0
10,MQ,15370,TUL,74,74,20,0,0
10,MQ,15380,TVC,26,26,3,0,0
10,MQ,15412,TYS,31,31,6,0,0
10,MQ,15624,VPS,3,3,0,0,0
10,MQ,15919,XNA,143,143,24,0,0
10,NK,10693,BNA,15,15,3,0,0
10,NK,10821,BWI,1,1,0,0,0
10,NK,11298,DFW,15,14,1,0,1
10,NK,11697,FLL,98,98,17,0,0
10,NK,12266,IAH,23,22,3,1,0
10,NK,12889,LAS,35,35,4,0,0
10,NK,12892,LAX,6,6,2,0,0
10,NK,12953,LGA,38,35,18,2,1
10,NK,13204,MCO,63,62,9,1,0
10,NK,13303,MIA,17,17,3,0,0
10,NK,13495,MSY,40,40,0,0,0
10,NK,14635,RSW,17,17,4,0,0
10,NK,14843,SJU,11,11,4,0,0
10,NK,15304,TPA,26,26,9,0,0
10,OH,10874,CAK,51,51,13,0,0
10,OH,11066,CMH,5,5,1,0,0
10,OH,11267,DAY,66,66,24,0,0
10,OH,11823,FWA,5,5,2,0,0
10,OH,11996,GSP,31,31,18,0,0
10,OH,13485,MSN,25,25,11,0,0
10,OH,13487,MSP,5,5,1,0,0
10,OH,15370,TUL,26,26,11,0,0
10,OH,15380,TVC,51,50,12,1,0
10,OH,15412,TYS,87,86,31,1,0
10,OO,10135,ABE,25,25,4,0,0
10,OO,10257,ALB,26,26,9,0,0
10,OO,10372,ASE,55,52,17,0,3
10,OO,10397,ATL,5,5,3,0,0
10,OO,10408,ATW,89,89,16,0,0
10,OO,10431,AVL,78,78,12,0,0
10,OO,10434,AVP,6,6,1,0,0
10,OO,10469,AZO,4,4,1,0,0
10,OO,10529,BDL,6,6,1,0,0
10,OO,10599,BHM,27,27,14,0,0
10,OO,10620,BIL,25,25,3,0,0
10,OO,10693,BNA,122,122,63,0,0
10,OO,10713,BOI,6,6,2,0,0
10,OO,10785,BTV,91,91,31,0,0
10,OO,10792,BUF,13,13,4,0,0
10,OO,10868,CAE,85,85,22,0,0
10,OO,10874,CAK,120,120,23,0,0
10,OO,10980,CHA,81,81,20,0,0
10,OO,10990,CHO,99,99,16,0,0
10,OO,11003,CID,25,25,9,0,0
10,OO,11042,CLE,66,66,20,0,0
10,OO,11066,CMH,37,37,9,0,0
10,OO,11076,CMX,62,62,10,0,0
10,OO,11109,COS,68,68,21,0,0
10,OO,11111,COU,62,62,13,0,0
10,OO,11146,CRW,86,85,17,0,1
10,OO,11193,CVG,56,56,13,0,0
10,OO,11267,DAY,12,12,5,0,0
10,OO,11278,DCA,6,6,2,0,0
10,OO,11288,DEC,54,54,7,0,0
10,OO,11337,DLH,114,114,30,0,0
10,OO,11423,DSM,87,86,31,1,0
10,OO,11433,DTW,227,227,76,0,0
10,OO,11471,EAU,54,54,12,0,0
10,OO,11540,ELP,31,31,12,0,0
10,OO,11637,FAR,73,73,19,0,0
10,OO,11721,FNT,182,182,55,0,0
10,OO,11725,FOD,54,54,6,0,0
10,OO,11775,FSD,117,117,52,0,0
10,OO,11823,FWA,236,236,71,0,0
10,OO,11884,GEG,31,31,9,0,0
10,OO,11977,GRB,60,60,12,0,0
10,OO,11986,GRR,34,34,3,0,0
10,OO,11995,GSO,40,40,4,0,0
10,OO,11996,GSP,56,56,16,0,0
10,OO,12217,HSV,122,122,42,0,0
10,OO,12278,ICT,162,162,50,0,0
10,OO,12280,IDA,31,31,20,0,0
10,OO,12339,IND,25,25,2,0,0
10,OO,12511,JLN,31,30,6,0,1
10,OO,12559,JST,31,31,11,0,0
10,OO,12878,LAF,49,49,19,0,0
10,OO,12945,LEX,202,202,58,0,0
10,OO,12992,LIT,38,38,8,0,0
10,OO,13029,LNK,126,126,37,0,0
10,OO,13184,MBS,93,93,21,0,0
10,OO,13198,MCI,42,42,8,0,0
10,OO,13211,MCW,54,53,13,0,1
10,OO,13230,MDT,5,5,1,0,0
10,OO,13244,MEM,62,61,12,0,1
10,OO,13282,MGW,31,31,12,0,0
10,OO,13290,MHK,56,56,26,0,0
10,OO,13342,MKE,449,449,148,0,0
10,OO,13367,MLI,127,127,43,0,0
10,OO,13485,MSN,131,131,38,0,0
10,OO,13486,MSO,25,25,4,0,0
10,OO,13487,MSP,11,11,1,0,0
10,OO,13495,MSY,24,24,5,0,0
10,OO,13577,MYR,21,21,4,0,0
10,OO,13851,OKC,236,236,82,0,0
10,OO,13871,OMA,50,49,10,1,0
10,OO,14108,PIA,112,112,36,0,0
10,OO,14122,PIT,4,4,4,0,0
10,OO,14307,PVD,54,54,25,0,0
10,OO,14321,PWM,42,42,11,0,0
10,OO,14457,RAP,6,6,1,0,0
10,OO,14524,RIC,111,110,48,1,0
10,OO,14574,ROA,81,81,23,0,0
10,OO,14576,ROC,1,1,0,0,0
10,OO,14633,RST,56,56,34,0,0
10,OO,14683,SAT,10,10,1,0,0
10,OO,14685,SAV,25,25,5,0,0
10,OO,14696,SBN,236,236,53,0,0
10,OO,14711,SCE,50,49,9,0,1
10,OO,14730,SDF,73,73,15,0,0
10,OO,14783,SGF,72,70,26,0,2
10,OO,14869,SLC,4,4,1,0,0
10,OO,14877,SLN,31,31,8,0,0
10,OO,14952,SPI,5,5,1,0,0
10,OO,15016,STL,85,85,31,0,0
10,OO,15048,SUX,31,30,9,0,1
10,OO,15096,SYR,36,36,6,0,0
10,OO,15370,TUL,74,74,13,0,0
10,OO,15376,TUS,12,12,2,0,0
10,OO,15380,TVC,143,143,50,0,0
10,OO,15412,TYS,86,86,23,0,0
10,UA,10140,ABQ,56,56,14,0,0
10,UA,10257,ALB,81,81,16,0,0
10,UA,10299,ANC,31,30,4,0,1
10,UA,10397,ATL,150,150,35,0,0
10,UA,10423,AUS,140,140,28,0,0
10,UA,10529,BDL,108,108,15,0,0
10,UA,10693,BNA,117,117,28,0,0
10,UA,10713,BOI,56,56,11,0,0
10,UA,10721,BOS,251,249,107,1,1
10,UA,10785,BTV,62,62,10,0,0
10,UA,10792,BUF,70,70,14,0,0
10,UA,10821,BWI,107,107,23,0,0
10,UA,10849,BZN,56,56,17,0,0
10,UA,10994,CHS,68,68,12,0,0
10,UA,11003,CID,55,54,16,0,1
10,UA,11042,CLE,222,222,44,0,0
10,UA,11057,CLT,77,77,14,0,0
10,UA,11066,CMH,122,122,34,0,0
10,UA,11109,COS,25,25,10,0,0
10,UA,11193,CVG,106,106,24,0,0
10,UA,11267,DAY,31,31,4,0,0
10,UA,11278,DCA,324,324,76,0,0
10,UA,11292,DEN,330,329,66,1,0
10,UA,11298,DFW,181,177,42,0,4
10,UA,11423,DSM,117,117,28,0,0
10,UA,11433,DTW,92,92,23,0,0
10,UA,11618,EWR,378,377,140,1,0
10,UA,11638,FAT,25,25,9,0,0
10,UA,11648,FCA,25,25,4,0,0
10,UA,11697,FLL,90,90,16,0,0
10,UA,11775,FSD,31,30,15,1,0
10,UA,11986,GRR,126,126,36,0,0
10,UA,12173,HNL,31,31,7,0,0
10,UA,12264,IAD,177,177,45,0,0
10,UA,12266,IAH,335,334,68,0,1
10,UA,12278,ICT,31,31,12,0,0
10,UA,12339,IND,97,97,23,0,0
10,UA,12441,JAC,27,26,9,0,1
10,UA,12451,JAX,86,86,21,0,0
10,UA,12889,LAS,199,199,45,0,0
10,UA,12892,LAX,286,286,51,0,0
10,UA,12953,LGA,441,434,157,6,1
10,UA,13198,MCI,126,126,32,0,0
10,UA,13204,MCO,209,204,32,2,3
10,UA,13230,MDT,56,56,9,0,0
10,UA,13244,MEM,31,31,8,0,0
10,UA,13303,MIA,60,60,14,0,0
10,UA,13485,MSN,99,99,18,0,0
10,UA,13487,MSP,230,230,51,0,0
10,UA,13495,MSY,84,84,14,0,0
10,UA,13577,MYR,4,4,0,0,0
10,UA,13830,OGG,4,4,0,0,0
10,UA,13871,OMA,124,124,31,0,0
10,UA,13891,ONT,31,31,6,0,0
10,UA,13931,ORF,62,62,14,0,0
10,UA,14027,PBI,31,31,7,0,0
10,UA,14057,PDX,125,125,37,0,0
10,UA,14100,PHL,150,150,28,0,0
10,UA,14107,PHX,168,167,44,0,1
10,UA,14122,PIT,120,118,28,1,1
10,UA,14193,PNS,31,31,5,0,0
10,UA,14262,PSP,31,31,3,0,0
10,UA,14307,PVD,32,32,3,0,0
10,UA,14321,PWM,56,56,10,0,0
10,UA,14457,RAP,25,25,3,0,0
10,UA,14492,RDU,120,119,15,1,0
10,UA,14524,RIC,20,20,6,0,0
10,UA,14570,RNO,31,31,10,0,0
10,UA,14576,ROC,58,58,15,0,0
10,UA,14635,RSW,124,123,14,0,1
10,UA,14679,SAN,155,153,42,0,2
10,UA,14683,SAT,83,83,10,0,0
10,UA,14685,SAV,68,68,8,0,0
10,UA,14696,SBN,5,5,0,0,0
10,UA,14747,SEA,136,136,22,0,0
10,UA,14771,SFO,338,336,86,2,0
10,UA,14831,SJC,31,31,12,0,0
10,UA,14843,SJU,37,37,8,0,0
10,UA,14869,SLC,87,86,26,1,0
10,UA,14893,SMF,93,93,26,0,0
10,UA,14908,SNA,89,89,28,0,0
10,UA,14986,SRQ,37,37,4,0,0
10,UA,15016,STL,80,80,17,0,0
10,UA,15024,STT,1,1,0,0,0
10,UA,15096,SYR,55,55,16,0,0
10,UA,15304,TPA,112,112,18,0,0
10,UA,15376,TUS,25,25,10,0,0
10,UA,15380,TVC,31,31,6,0,0
10,UA,15412,TYS,25,25,7,0,0
10,WN,10423,AUS,31,31,4,0,0
10,WN,10693,BNA,31,31,12,0,0
10,WN,10821,BWI,31,31,6,0,0
10,WN,11259,DAL,87,86,11,0,1
10,WN,11292,DEN,92,92,20,0,0
10,WN,12889,LAS,57,57,6,0,0
10,WN,13204,MCO,62,62,12,0,0
10,WN,14107,PHX,31,31,13,0,0
10,YX,10257,ALB,10,10,2,0,0
10,YX,10397,ATL,6,6,1,0,0
10,YX,10529,BDL,36,36,4,0,0
10,YX,10581,BGR,68,68,12,0,0
10,YX,10599,BHM,4,4,0,0,0
10,YX,10693,BNA,63,63,16,0,0
10,YX,10721,BOS,2,2,1,0,0
10,YX,10792,BUF,6,6,2,0,0
10,YX,10980,CHA,51,50,19,1,0
10,YX,10994,CHS,30,30,5,0,0
10,YX,11042,CLE,16,16,2,0,0
10,YX,11057,CLT,16,16,4,0,0
10,YX,11066,CMH,112,112,15,0,0
10,YX,11193,CVG,143,143,19,0,0
10,YX,11278,DCA,18,18,7,0,0
10,YX,11423,DSM,62,62,11,0,0
10,YX,11433,DTW,32,32,2,0,0
10,YX,11481,ECP,25,25,6,0,0
10,YX,11624,EYW,6,6,2,0,0
10,YX,11977,GRB,36,36,2,0,0
10,YX,11986,GRR,40,40,3,0,0
10,YX,11995,GSO,11,11,1,0,0
10,YX,11996,GSP,31,31,6,0,0
10,YX,12266,IAH,22,22,3,0,0
10,YX,12339,IND,191,190,29,0,1
10,YX,12478,JFK,67,66,15,1,0
10,YX,12953,LGA,9,9,4,0,0
10,YX,13198,MCI,49,49,10,0,0
10,YX,13230,MDT,9,9,2,0,0
10,YX,13244,MEM,9,9,0,0,0
10,YX,13342,MKE,14,14,1,0,0
10,YX,13485,MSN,5,5,1,0,0
10,YX,13487,MSP,27,27,1,0,0
10,YX,13495,MSY,5,5,3,0,0
10,YX,13871,OMA,1,1,0,0,0
10,YX,13931,ORF,86,86,15,0,0
10,YX,14122,PIT,174,173,21,0,1
10,YX,14307,PVD,6,6,0,0,0
10,YX,14321,PWM,68,68,20,0,0
10,YX,14492,RDU,78,77,20,0,1
10,YX,14524,RIC,62,62,5,0,0
10,YX,14574,ROA,31,31,9,0,0
10,YX,14576,ROC,81,80,22,0,1
10,YX,14683,SAT,5,5,0,0,0
10,YX,14711,SCE,1,1,1,0,0
10,YX,14730,SDF,101,101,15,0,0
10,YX,15016,STL,16,16,0,0,0
10,YX,15096,SYR,24,24,2,0,0
10,YX,15380,TVC,35,35,2,0,0
10,YX,15412,TYS,4,4,1,0,0
11,AA,10140,ABQ,1,1,0,0,0
11,AA,10397,ATL,57,53,13,4,0
11,AA,10423,AUS,119,113,28,6,0
11,AA,10529,BDL,1,1,0,0,0
11,AA,10693,BNA,4,4,0,0,0
11,AA,10713,BOI,1,1,0,0,0
11,AA,10721,BOS,104,99,27,5,0
11,AA,10792,BUF,29,29,13,0,0
11,AA,10821,BWI,1,1,0,0,0
11,AA,10849,BZN,1,1,0,0,0
11,AA,11042,CLE,2,2,0,0,0
11,AA,11057,CLT,234,225,39,9,0
11,AA,11066,CMH,1,1,1,0,0
11,AA,11278,DCA,151,145,44,6,0
11,AA,11292,DEN,91,88,25,3,0
11,AA,11298,DFW,350,324,76,24,2
11,AA,11423,DSM,1,1,0,0,0
11,AA,11433,DTW,4,3,0,1,0
11,AA,11618,EWR,31,28,10,3,0
11,AA,11697,FLL,84,83,24,1,0
11,AA,11884,GEG,29,28,10,1,0
11,AA,11986,GRR,22,21,10,1,0
11,AA,12173,HNL,30,30,5,0,0
11,AA,12266,IAH,52,47,21,5,0
11,AA,12339,IND,1,1,0,0,0
11,AA,12441,JAC,1,1,0,0,0
11,AA,12451,JAX,32,32,8,0,0
11,AA,12478,JFK,88,84,32,4,0
11,AA,12889,LAS,124,120,16,4,0
11,AA,12892,LAX,243,232,51,10,1
11,AA,12953,LGA,247,237,96,8,2
11,AA,13198,MCI,24,23,5,1,0
11,AA,13204,MCO,169,164,38,5,0
11,AA,13303,MIA,239,229,45,9,1
11,AA,13487,MSP,1,1,0,0,0
11,AA,13495,MSY,31,30,8,1,0
11,AA,13871,OMA,30,30,7,0,0
11,AA,14027,PBI,90,86,26,4,0
11,AA,14057,PDX,32,31,9,1,0
11,AA,14100,PHL,248,233,59,15,0
11,AA,14107,PHX,242,229,44,13,0
11,AA,14122,PIT,45,43,18,2,0
11,AA,14262,PSP,66,63,12,3,0
11,AA,14307,PVD,30,29,7,1,0
11,AA,14492,RDU,83,79,18,4,0
11,AA,14635,RSW,122,120,26,2,0
11,AA,14679,SAN,88,82,26,6,0
11,AA,14683,SAT,78,75,16,3,0
11,AA,14685,SAV,3,3,2,0,0
11,AA,14747,SEA,78,74,23,4,0
11,AA,14771,SFO,91,89,25,2,0
11,AA,14843,SJU,24,24,8,0,0
11,AA,14869,SLC,80,76,16,4,0
11,AA,14893,SMF,1,1,0,0,0
11,AA,14908,SNA,90,84,12,6,0
11,AA,14986,SRQ,29,28,10,1,0
11,AA,15016,STL,2,2,0,0,0
11,AA,15024,STT,4,4,1,0,0
11,AA,15304,TPA,108,103,20,5,0
11,AA,15376,TUS,31,30,4,1,0
11,AS,14057,PDX,53,51,20,2,0
11,AS,14679,SAN,88,84,42,4,0
11,AS,14747,SEA,124,115,51,7,2
11,B6,10721,BOS,51,48,17,2,1
11,B6,12478,JFK,33,32,7,1,0
11,DL,10397,ATL,219,212,44,6,1
11,DL,10721,BOS,107,106,37,1,0
11,DL,11433,DTW,92,88,23,4,0
11,DL,12953,LGA,229,216,91,13,0
11,DL,13487,MSP,155,149,44,6,0
11,DL,14747,SEA,80,77,30,2,1
11,DL,14869,SLC,83,81,24,2,0
11,F9,10397,ATL,61,54,16,7,0
11,F9,10423,AUS,8,8,3,0,0
11,F9,10693,BNA,12,11,4,1,0
11,F9,10821,BWI,16,16,8,0,0
11,F9,11057,CLT,24,22,8,2,0
11,F9,11292,DEN,30,29,7,1,0
11,F9,11298,DFW,52,49,22,3,0
11,F9,11697,FLL,5,4,0,1,0
11,F9,12266,IAH,22,21,6,1,0
11,F9,12478,JFK,24,23,5,1,0
11,F9,12889,LAS,13,10,4,3,0
11,F9,12892,LAX,24,22,4,2,0
11,F9,13204,MCO,30,29,8,1,0
11,F9,13487,MSP,3,3,1,0,0
11,F9,14100,PHL,19,17,7,2,0
11,F9,14107,PHX,14,12,5,2,0
11,F9,14492,RDU,20,18,6,2,0
11,F9,15304,TPA,13,12,4,1,0
11,MQ,10140,ABQ,58,57,16,1,0
11,MQ,10257,ALB,50,48,9,2,0
11,MQ,10268,ALO,54,50,10,3,1
11,MQ,10397,ATL,41,38,4,3,0
11,MQ,10408,ATW,111,100,23,10,1
11,MQ,10431,AVL,59,56,8,3,0
11,MQ,10434,AVP,51,48,8,3,0
11,MQ,10469,AZO,87,75,10,12,0
11,MQ,10529,BDL,2,2,1,0,0
11,MQ,10581,BGR,1,1,0,0,0
11,MQ,10599,BHM,57,55,9,2,0
11,MQ,10620,BIL,1,1,0,0,0
11,MQ,10627,BIS,28,28,4,0,0
11,MQ,10685,BMI,86,75,12,11,0
11,MQ,10693,BNA,75,72,20,3,0
11,MQ,10713,BOI,28,28,8,0,0
11,MQ,10721,BOS,54,47,5,5,2
11,MQ,10792,BUF,76,73,12,3,0
11,MQ,10821,BWI,107,96,13,11,0
11,MQ,10994,CHS,58,56,12,2,0
11,MQ,11003,CID,96,90,32,6,0
11,MQ,11042,CLE,110,101,27,9,0
11,MQ,11066,CMH,101,99,19,2,0
11,MQ,11067,CMI,104,93,22,11,0
11,MQ,11111,COU,107,99,25,7,1
11,MQ,11193,CVG,104,96,28,8,0
11,MQ,11203,CWA,89,83,20,6,0
11,MQ,11267,DAY,81,78,14,3,0
11,MQ,11278,DCA,28,27,5,1,0
11,MQ,11298,DFW,1,1,0,0,0
11,MQ,11423,DSM,25,25,9,0,0
11,MQ,11433,DTW,35,32,4,3,0
11,MQ,11481,ECP,1,0,0,1,0
11,MQ,11540,ELP,30,29,7,1,0
11,MQ,11612,EVV,59,55,12,4,0
11,MQ,11618,EWR,59,50,9,9,0
11,MQ,11624,EYW,39,37,6,2,0
11,MQ,11637,FAR,96,91,19,4,1
11,MQ,11648,FCA,1,1,0,0,0
11,MQ,11977,GRB,143,130,33,13,0
11,MQ,11986,GRR,98,88,20,10,0
11,MQ,11995,GSO,67,63,11,4,0
11,MQ,11996,GSP,77,70,15,6,1
11,MQ,12124,HHH,1,1,0,0,0
11,MQ,12197,HPN,147,135,27,10,2
11,MQ,12266,IAH,17,17,3,0,0
11,MQ,12278,ICT,24,24,9,0,0
11,MQ,12323,ILM,1,1,0,0,0
11,MQ,12339,IND,2,2,0,0,0
11,MQ,12451,JAX,23,22,3,1,0
11,MQ,12884,LAN,59,56,16,3,0
11,MQ,12945,LEX,1,1,1,0,0
11,MQ,12992,LIT,74,73,15,1,0
11,MQ,13076,LSE,89,77,10,12,0
11,MQ,13198,MCI,60,56,12,4,0
11,MQ,13230,MDT,108,102,18,6,0
11,MQ,13244,MEM,99,90,17,9,0
11,MQ,13296,MHT,1,1,0,0,0
11,MQ,13367,MLI,30,27,6,3,0
11,MQ,13459,MQT,59,55,8,4,0
11,MQ,13485,MSN,55,51,11,4,0
11,MQ,13487,MSP,90,83,20,7,0
11,MQ,13495,MSY,55,51,3,4,0
11,MQ,13851,OKC,1,1,0,0,0
11,MQ,13871,OMA,71,65,12,6,0
11,MQ,13931,ORF,27,26,5,1,0
11,MQ,14108,PIA,80,70,19,10,0
11,MQ,14122,PIT,1,1,0,0,0
11,MQ,14193,PNS,29,27,6,2,0
11,MQ,14492,RDU,31,30,6,1,0
11,MQ,14576,ROC,51,50,11,1,0
11,MQ,14633,RST,30,28,5,2,0
11,MQ,14730,SDF,2,2,0,0,0
11,MQ,14783,SGF,60,56,11,3,1
11,MQ,14952,SPI,58,55,14,3,0
11,MQ,14986,SRQ,2,2,1,0,0
11,MQ,15016,STL,27,26,4,1,0
11,MQ,15096,SYR,30,27,6,2,1
11,MQ,15370,TUL,78,74,18,4,0
11,MQ,15380,TVC,1,1,0,0,0
11,MQ,15412,TYS,7,7,0,0,0
11,MQ,15624,VPS,30,29,8,1,0
11,MQ,15919,XNA,131,128,25,3,0
11,NK,11057,CLT,1,1,0,0,0
11,NK,11298,DFW,27,26,6,1,0
11,NK,11618,EWR,29,24,10,5,0
11,NK,11697,FLL,86,81,17,5,0
11,NK,12266,IAH,29,28,4,1,0
11,NK,12889,LAS,28,26,5,2,0
11,NK,12892,LAX,32,29,8,3,0
11,NK,12953,LGA,59,52,24,7,0
11,NK,13204,MCO,40,37,8,3,0
11,NK,13303,MIA,25,24,4,1,0
11,NK,13495,MSY,25,23,6,2,0
11,NK,14635,RSW,21,20,4,1,0
11,NK,14843,SJU,16,15,4,1,0
11,NK,15304,TPA,17,16,3,1,0
11,OH,10431,AVL,1,1,1,0,0
11,OH,10874,CAK,59,54,18,5,0
11,OH,11267,DAY,58,53,19,5,0
11,OH,11996,GSP,1,1,0,0,0
11,OH,13485,MSN,30,25,9,5,0
11,OH,13931,ORF,29,27,10,2,0
11,OH,14730,SDF,1,0,0,1,0
11,OH,15370,TUL,30,28,6,2,0
11,OH,15380,TVC,53,47,15,6,0
11,OH,15412,TYS,90,82,34,8,0
11,OO,10257,ALB,2,1,0,1,0
11,OO,10408,ATW,61,54,17,6,1
11,OO,10431,AVL,87,82,27,5,0
11,OO,10434,AVP,29,28,9,1,0
11,OO,10529,BDL,29,26,4,3,0
11,OO,10627,BIS,2,2,0,0,0
11,OO,10693,BNA,130,124,35,6,0
11,OO,10713,BOI,30,27,8,2,1
11,OO,10785,BTV,1,1,0,0,0
11,OO,10792,BUF,57,50,14,7,0
11,OO,10868,CAE,90,83,25,6,1
11,OO,10874,CAK,117,106,40,11,0
11,OO,10980,CHA,59,51,13,6,2
11,OO,10990,CHO,119,109,29,10,0
11,OO,11003,CID,2,2,0,0,0
11,OO,11042,CLE,77,69,25,7,1
11,OO,11066,CMH,37,31,5,6,0
11,OO,11076,CMX,59,53,10,6,0
11,OO,11109,COS,88,87,25,1,0
11,OO,11111,COU,59,53,19,5,1
11,OO,11146,CRW,61,56,16,5,0
11,OO,11193,CVG,84,74,22,10,0
11,OO,11267,DAY,61,51,21,10,0
11,OO,11278,DCA,24,22,7,2,0
11,OO,11288,DEC,50,47,14,3,0
11,OO,11337,DLH,89,85,36,4,0
11,OO,11423,DSM,79,70,15,9,0
11,OO,11433,DTW,185,159,45,26,0
11,OO,11471,EAU,50,47,15,1,2
11,OO,11540,ELP,30,28,6,2,0
11,OO,11637,FAR,108,98,36,10,0
11,OO,11721,FNT,174,160,43,14,0
11,OO,11725,FOD,50,48,13,2,0
11,OO,11775,FSD,128,115,36,13,0
11,OO,11823,FWA,234,210,63,24,0
11,OO,11884,GEG,29,28,9,1,0
11,OO,11977,GRB,55,48,13,7,0
11,OO,11986,GRR,92,82,24,10,0
11,OO,11995,GSO,61,56,11,5,0
11,OO,11996,GSP,52,44,17,7,1
11,OO,12217,HSV,144,134,44,10,0
11,OO,12278,ICT,109,105,41,4,0
11,OO,12280,IDA,1,1,0,0,0
11,OO,12339,IND,49,43,9,6,0
11,OO,12511,JLN,30,27,9,3,0
11,OO,12559,JST,29,24,13,4,1
11,OO,12878,LAF,46,44,9,2,0
11,OO,12945,LEX,141,131,39,7,3
11,OO,12992,LIT,59,50,10,9,0
11,OO,13029,LNK,146,136,46,10,0
11,OO,13184,MBS,88,82,25,6,0
11,OO,13198,MCI,101,96,38,5,0
11,OO,13211,MCW,50,45,10,5,0
11,OO,13230,MDT,29,27,7,2,0
11,OO,13244,MEM,60,59,19,1,0
11,OO,13282,MGW,29,24,3,4,1
11,OO,13290,MHK,59,53,13,6,0
11,OO,13342,MKE,404,359,111,45,0
11,OO,13367,MLI,205,184,44,21,0
11,OO,13485,MSN,190,167,43,23,0
11,OO,13487,MSP,6,4,1,2,0
11,OO,13851,OKC,217,203,61,13,1
11,OO,13871,OMA,25,24,8,1,0
11,OO,13931,ORF,2,2,0,0,0
11,OO,14108,PIA,88,76,24,11,1
11,OO,14122,PIT,8,6,4,2,0
11,OO,14262,PSP,1,1,0,0,0
11,OO,14307,PVD,111,105,30,6,0
11,OO,14321,PWM,30,28,10,2,0
11,OO,14457,RAP,30,28,4,1,1
11,OO,14524,RIC,80,74,24,6,0
11,OO,14574,ROA,29,27,3,2,0
11,OO,14576,ROC,1,1,0,0,0
11,OO,14633,RST,59,54,14,5,0
11,OO,14683,SAT,23,21,1,2,0
11,OO,14696,SBN,229,209,71,20,0
11,OO,14711,SCE,61,59,20,2,0
11,OO,14730,SDF,23,21,4,2,0
11,OO,14783,SGF,48,45,15,3,0
11,OO,14869,SLC,18,18,3,0,0
11,OO,14877,SLN,29,27,8,2,0
11,OO,14952,SPI,1,1,1,0,0
11,OO,15016,STL,73,67,21,6,0
11,OO,15048,SUX,30,26,8,4,0
11,OO,15096,SYR,29,25,9,4,0
11,OO,15370,TUL,86,82,21,4,0
11,OO,15376,TUS,59,57,12,2,0
11,OO,15380,TVC,132,114,38,18,0
11,OO,15412,TYS,79,70,27,6,3
11,UA,10140,ABQ,30,30,7,0,0
11,UA,10257,ALB,30,30,12,0,0
11,UA,10299,ANC,29,28,8,1,0
11,UA,10397,ATL,135,129,30,6,0
11,UA,10423,AUS,127,123,25,3,1
11,UA,10529,BDL,61,60,19,1,0
11,UA,10693,BNA,80,78,31,2,0
11,UA,10713,BOI,29,28,8,0,1
11,UA,10721,BOS,233,224,58,9,0
11,UA,10785,BTV,59,58,17,1,0
11,UA,10792,BUF,1,1,0,0,0
11,UA,10821,BWI,88,84,34,4,0
11,UA,10849,BZN,30,29,4,0,1
11,UA,10994,CHS,90,88,20,2,0
11,UA,11003,CID,24,24,7,0,0
11,UA,11042,CLE,140,136,50,4,0
11,UA,11057,CLT,29,29,7,0,0
11,UA,11066,CMH,106,101,29,5,0
11,UA,11193,CVG,80,78,18,2,0
11,UA,11267,DAY,30,29,8,1,0
11,UA,11278,DCA,218,211,64,6,1
11,UA,11292,DEN,294,284,69,10,0
11,UA,11298,DFW,162,156,41,6,0
11,UA,11423,DSM,96,90,18,6,0
11,UA,11433,DTW,84,80,25,4,0
11,UA,11618,EWR,378,368,119,10,0
11,UA,11697,FLL,113,113,27,0,0
11,UA,11775,FSD,30,29,13,1,0
11,UA,11884,GEG,1,1,0,0,0
11,UA,11986,GRR,83,82,33,1,0
11,UA,12173,HNL,30,30,4,0,0
11,UA,12264,IAD,151,148,43,3,0
11,UA,12266,IAH,319,314,64,5,0
11,UA,12278,ICT,30,29,13,1,0
11,UA,12339,IND,88,82,26,6,0
11,UA,12451,JAX,77,76,14,1,0
11,UA,12889,LAS,166,166,33,0,0
11,UA,12892,LAX,289,283,62,6,0
11,UA,12953,LGA,408,394,162,13,1
11,UA,13198,MCI,137,133,37,4,0
11,UA,13204,MCO,200,196,41,4,0
11,UA,13230,MDT,29,28,12,1,0
11,UA,13244,MEM,29,28,8,1,0
11,UA,13303,MIA,83,82,23,0,1
11,UA,13485,MSN,93,88,35,5,0
11,UA,13487,MSP,194,190,55,4,0
11,UA,13495,MSY,79,78,15,1,0
11,UA,13830,OGG,5,5,1,0,0
11,UA,13871,OMA,111,109,31,2,0
11,UA,13891,ONT,30,30,11,0,0
11,UA,13931,ORF,57,57,22,0,0
11,UA,14027,PBI,30,30,7,0,0
11,UA,14057,PDX,89,88,22,1,0
11,UA,14100,PHL,143,140,40,2,1
11,UA,14107,PHX,160,158,45,2,0
11,UA,14122,PIT,107,105,28,2,0
11,UA,14193,PNS,30,30,9,0,0
11,UA,14262,PSP,31,29,5,2,0
11,UA,14307,PVD,1,1,0,0,0
11,UA,14321,PWM,32,31,7,1,0
11,UA,14492,RDU,118,116,25,2,0
11,UA,14524,RIC,31,30,12,1,0
11,UA,14570,RNO,30,30,7,0,0
11,UA,14576,ROC,60,59,20,1,0
11,UA,14635,RSW,118,116,22,2,0
11,UA,14679,SAN,142,140,27,2,0
11,UA,14683,SAT,59,57,8,2,0
11,UA,14685,SAV,84,84,16,0,0
11,UA,14696,SBN,2,2,1,0,0
11,UA,14747,SEA,109,107,37,2,0
11,UA,14771,SFO,321,312,98,9,0
11,UA,14831,SJC,30,30,10,0,0
11,UA,14843,SJU,60,60,14,0,0
11,UA,14869,SLC,59,59,22,0,0
11,UA,14893,SMF,90,87,30,3,0
11,UA,14908,SNA,83,82,20,0,1
11,UA,14986,SRQ,59,59,13,0,0
11,UA,15016,STL,29,29,6,0,0
11,UA,15024,STT,10,10,3,0,0
11,UA,15096,SYR,30,27,9,3,0
11,UA,15304,TPA,113,110,22,3,0
11,UA,15370,TUL,1,1,1,0,0
11,UA,15380,TVC,36,35,12,1,0
11,WN,10423,AUS,1,1,1,0,0
11,WN,10693,BNA,30,28,7,2,0
11,WN,10821,BWI,1,1,0,0,0
11,WN,11259,DAL,30,29,10,0,1
11,WN,11292,DEN,8,7,2,1,0
11,WN,12889,LAS,58,57,16,1,0
11,WN,13204,MCO,64,62,13,2,0
11,WN,14107,PHX,29,27,12,2,0
11,WN,14635,RSW,5,4,1,1,0
11,WN,15304,TPA,29,28,4,1,0
11,YX,10257,ALB,135,127,29,8,0
11,YX,10397,ATL,13,12,4,1,0
11,YX,10529,BDL,116,109,24,7,0
11,YX,10581,BGR,1,1,0,0,0
11,YX,10599,BHM,27,25,7,2,0
11,YX,10693,BNA,96,92,28,4,0
11,YX,10721,BOS,90,82,19,8,0
11,YX,10792,BUF,26,24,7,2,0
11,YX,10821,BWI,2,2,0,0,0
11,YX,10980,CHA,59,55,18,4,0
11,YX,10994,CHS,30,26,6,4,0
11,YX,11003,CID,60,53,13,7,0
11,YX,11042,CLE,74,65,16,9,0
11,YX,11057,CLT,59,54,12,5,0
11,YX,11066,CMH,146,135,28,10,1
11,YX,11193,CVG,110,99,25,11,0
11,YX,11278,DCA,141,129,46,10,2
11,YX,11423,DSM,69,60,10,9,0
11,YX,11433,DTW,72,64,12,8,0
11,YX,11618,EWR,24,21,7,3,0
11,YX,11624,EYW,30,29,11,1,0
11,YX,11977,GRB,74,70,12,4,0
11,YX,11986,GRR,63,58,9,4,1
11,YX,11995,GSO,11,8,0,3,0
11,YX,11996,GSP,35,30,7,5,0
11,YX,12266,IAH,28,26,4,2,0
11,YX,12323,ILM,1,1,1,0,0
11,YX,12339,IND,264,240,56,24,0
11,YX,12451,JAX,34,33,9,1,0
11,YX,12478,JFK,31,30,5,1,0
11,YX,12953,LGA,34,32,6,2,0
11,YX,12992,LIT,10,9,2,1,0
11,YX,13198,MCI,26,25,4,1,0
11,YX,13230,MDT,30,28,2,2,0
11,YX,13244,MEM,14,12,6,2,0
11,YX,13342,MKE,60,53,9,7,0
11,YX,13485,MSN,2,2,1,0,0
11,YX,13487,MSP,63,54,10,9,0
11,YX,13495,MSY,28,28,5,0,0
11,YX,13871,OMA,2,1,0,1,0
11,YX,13931,ORF,29,29,5,0,0
11,YX,14122,PIT,168,160,26,8,0
11,YX,14307,PVD,1,1,1,0,0
11,YX,14321,PWM,28,26,6,2,0
11,YX,14492,RDU,56,53,20,3,0
11,YX,14524,RIC,55,52,10,3,0
11,YX,14574,ROA,30,26,7,4,0
11,YX,14576,ROC,113,107,19,4,2
11,YX,14685,SAV,6,4,1,2,0
11,YX,14730,SDF,168,154,34,14,0
11,YX,15016,STL,109,105,22,4,0
11,YX,15096,SYR,107,102,20,5,0
11,YX,15380,TVC,25,24,11,1,0
11,YX,15412,TYS,1,1,0,0,0
12,AA,10397,ATL,16,15,4,1,0
12,AA,10423,AUS,104,104,40,0,0
12,AA,10529,BDL,11,11,4,0,0
12,AA,10693,BNA,1,1,0,0,0
12,AA,10721,BOS,99,98,43,0,1
12,AA,10792,BUF,31,31,13,0,0
12,AA,10849,BZN,12,11,4,0,1
12,AA,11003,CID,1,1,1,0,0
12,AA,11057,CLT,247,246,73,1,0
12,AA,11278,DCA,149,146,50,3,0
12,AA,11292,DEN,84,84,39,0,0
12,AA,11298,DFW,340,339,103,1,0
12,AA,11503,EGE,26,26,16,0,0
12,AA,11618,EWR,31,30,20,1,0
12,AA,11697,FLL,111,111,34,0,0
12,AA,11884,GEG,43,43,17,0,0
12,AA,11986,GRR,23,23,9,0,0
12,AA,12173,HNL,31,31,11,0,0
12,AA,12266,IAH,41,41,19,0,0
12,AA,12441,JAC,14,13,7,0,1
12,AA,12451,JAX,18,18,9,0,0
12,AA,12478,JFK,85,82,37,3,0
12,AA,12889,LAS,121,119,43,2,0
12,AA,12892,LAX,236,232,71,3,1
12,AA,12953,LGA,176,173,75,3,0
12,AA,13198,MCI,27,27,12,0,0
12,AA,13204,MCO,199,199,75,0,0
12,AA,13303,MIA,244,243,73,1,0
12,AA,13487,MSP,4,4,2,0,0
12,AA,13495,MSY,30,29,14,0,1
12,AA,13871,OMA,17,17,7,0,0
12,AA,14027,PBI,94,91,32,3,0
12,AA,14057,PDX,29,29,12,0,0
12,AA,14100,PHL,212,207,75,5,0
12,AA,14107,PHX,262,260,72,2,0
12,AA,14122,PIT,29,29,15,0,0
12,AA,14262,PSP,71,69,26,2,0
12,AA,14307,PVD,31,31,13,0,0
12,AA,14492,RDU,43,43,17,0,0
12,AA,14635,RSW,118,115,43,2,1
12,AA,14679,SAN,83,82,31,1,0
12,AA,14683,SAT,57,56,17,1,0
12,AA,14747,SEA,79,77,38,2,0
12,AA,14771,SFO,84,83,28,1,0
12,AA,14843,SJU,38,38,10,0,0
12,AA,14869,SLC,81,80,34,1,0
12,AA,14908,SNA,88,86,22,1,1
12,AA,14986,SRQ,2,2,0,0,0
12,AA,15016,STL,1,1,0,0,0
12,AA,15024,STT,16,15,4,0,1
12,AA,15027,STX,4,4,0,0,0
12,AA,15304,TPA,130,125,49,4,1
12,AA,15376,TUS,29,29,9,0,0
12,AS,14057,PDX,44,43,14,1,0
12,AS,14679,SAN,87,82,40,5,0
12,AS,14747,SEA,141,136,70,5,0
12,B6,10721,BOS,40,39,12,0,1
12,B6,12478,JFK,32,31,11,1,0
12,DL,10397,ATL,220,213,74,7,0
12,DL,10721,BOS,74,71,26,2,1
12,DL,11433,DTW,47,45,17,2,0
12,DL,12953,LGA,156,134,75,20,2
12,DL,13487,MSP,103,98,53,5,0
12,DL,14747,SEA,72,70,42,1,1
12,DL,14869,SLC,86,85,39,1,0
12,F9,10397,ATL,62,56,21,6,0
12,F9,10423,AUS,11,10,5,1,0
12,F9,10693,BNA,1,1,0,0,0
12,F9,10821,BWI,14,11,8,3,0
12,F9,11057,CLT,17,17,5,0,0
12,F9,11292,DEN,23,20,10,2,1
12,F9,11298,DFW,34,31,10,3,0
12,F9,11697,FLL,10,9,4,1,0
12,F9,12266,IAH,17,17,7,0,0
12,F9,12478,JFK,17,16,5,1,0
12,F9,12889,LAS,12,11,3,1,0
12,F9,12892,LAX,25,23,10,2,0
12,F9,13204,MCO,27,26,7,1,0
12,F9,13487,MSP,8,7,3,1,0
12,F9,14100,PHL,11,11,5,0,0
12,F9,14107,PHX,17,17,9,0,0
12,F9,14492,RDU,11,10,6,1,0
12,F9,15304,TPA,14,13,5,1,0
12,MQ,10140,ABQ,60,59,19,1,0
12,MQ,10257,ALB,24,22,5,2,0
12,MQ,10268,ALO,56,51,21,5,0
12,MQ,10397,ATL,31,31,11,0,0
12,MQ,10408,ATW,102,98,42,3,1
12,MQ,10423,AUS,5,5,0,0,0
12,MQ,10431,AVL,47,47,15,0,0
12,MQ,10434,AVP,52,51,22,1,0
12,MQ,10469,AZO,89,83,26,6,0
12,MQ,10529,BDL,1,1,0,0,0
12,MQ,10599,BHM,58,58,20,0,0
12,MQ,10627,BIS,29,28,9,0,1
12,MQ,10685,BMI,79,76,32,2,1
12,MQ,10693,BNA,51,50,18,1,0
12,MQ,10713,BOI,29,28,17,0,1
12,MQ,10721,BOS,36,36,8,0,0
12,MQ,10792,BUF,44,42,7,2,0
12,MQ,10821,BWI,85,84,33,1,0
12,MQ,10849,BZN,14,14,6,0,0
12,MQ,10980,CHA,10,10,2,0,0
12,MQ,10994,CHS,64,64,16,0,0
12,MQ,11003,CID,60,56,27,4,0
12,MQ,11042,CLE,52,47,21,4,1
12,MQ,11066,CMH,84,82,32,2,0
12,MQ,11067,CMI,97,91,39,6,0
12,MQ,11111,COU,113,108,47,4,1
12,MQ,11193,CVG,98,94,42,4,0
12,MQ,11203,CWA,88,81,39,7,0
12,MQ,11267,DAY,46,42,14,4,0
12,MQ,11278,DCA,26,24,7,2,0
12,MQ,11292,DEN,8,8,3,0,0
12,MQ,11298,DFW,2,2,0,0,0
12,MQ,11423,DSM,43,39,16,4,0
12,MQ,11433,DTW,20,19,7,1,0
12,MQ,11540,ELP,31,31,11,0,0
12,MQ,11612,EVV,60,59,22,1,0
12,MQ,11618,EWR,66,61,18,5,0
12,MQ,11624,EYW,44,43,16,1,0
12,MQ,11637,FAR,96,93,39,3,0
12,MQ,11775,FSD,11,11,4,0,0
12,MQ,11823,FWA,2,2,1,0,0
12,MQ,11977,GRB,124,117,52,6,1
12,MQ,11986,GRR,82,78,29,4,0
12,MQ,11995,GSO,74,74,27,0,0
12,MQ,11996,GSP,77,75,29,2,0
12,MQ,12094,HDN,14,14,10,0,0
12,MQ,12197,HPN,137,132,49,4,1
12,MQ,12217,HSV,9,9,4,0,0
12,MQ,12266,IAH,17,17,2,0,0
12,MQ,12278,ICT,49,49,29,0,0
12,MQ,12339,IND,5,5,1,0,0
12,MQ,12451,JAX,52,52,14,0,0
12,MQ,12884,LAN,62,59,24,3,0
12,MQ,12945,LEX,24,24,13,0,0
12,MQ,12992,LIT,80,80,30,0,0
12,MQ,13076,LSE,88,83,38,5,0
12,MQ,13198,MCI,32,29,13,3,0
12,MQ,13230,MDT,80,77,25,3,0
12,MQ,13244,MEM,74,72,27,2,0
12,MQ,13290,MHK,26,26,10,0,0
12,MQ,13342,MKE,21,19,9,2,0
12,MQ,13367,MLI,52,50,21,2,0
12,MQ,13459,MQT,60,51,22,8,1
12,MQ,13485,MSN,61,57,22,4,0
12,MQ,13486,MSO,14,13,9,0,1
12,MQ,13487,MSP,78,76,34,2,0
12,MQ,13495,MSY,31,31,6,0,0
12,MQ,13851,OKC,14,14,6,0,0
12,MQ,13871,OMA,73,69,23,4,0
12,MQ,13931,ORF,19,19,7,0,0
12,MQ,14108,PIA,81,73,33,8,0
12,MQ,14122,PIT,1,1,0,0,0
12,MQ,14193,PNS,24,23,7,1,0
12,MQ,14307,PVD,24,24,9,0,0
12,MQ,14492,RDU,49,49,11,0,0
12,MQ,14524,RIC,26,26,10,0,0
12,MQ,14576,ROC,92,90,29,2,0
12,MQ,14633,RST,56,50,26,6,0
12,MQ,14783,SGF,73,72,28,1,0
12,MQ,14952,SPI,59,56,19,3,0
12,MQ,14986,SRQ,51,51,11,0,0
12,MQ,15016,STL,44,42,12,2,0
12,MQ,15096,SYR,26,26,10,0,0
12,MQ,15304,TPA,1,1,1,0,0
12,MQ,15370,TUL,63,62,21,1,0
12,MQ,15376,TUS,14,14,5,0,0
12,MQ,15380,TVC,19,18,8,1,0
12,MQ,15412,TYS,4,4,1,0,0
12,MQ,15624,VPS,31,31,10,0,0
12,MQ,15919,XNA,122,120,45,1,1
12,NK,11298,DFW,31,29,18,2,0
12,NK,11618,EWR,17,15,7,2,0
12,NK,11697,FLL,90,87,38,3,0
12,NK,12266,IAH,36,35,21,1,0
12,NK,12889,LAS,2,1,1,1,0
12,NK,12892,LAX,30,26,11,4,0
12,NK,12953,LGA,36,33,16,3,0
12,NK,13204,MCO,54,52,19,2,0
12,NK,13303,MIA,31,27,12,4,0
12,NK,13495,MSY,2,2,2,0,0
12,NK,14635,RSW,39,38,18,1,0
12,NK,14843,SJU,31,31,11,0,0
12,NK,15304,TPA,29,29,12,0,0
12,OH,10599,BHM,1,1,0,0,0
12,OH,10874,CAK,60,55,39,5,0
12,OH,11003,CID,1,0,0,1,0
12,OH,11267,DAY,68,63,29,5,0
12,OH,11423,DSM,1,1,1,0,0
12,OH,11433,DTW,14,14,7,0,0
12,OH,11996,GSP,1,1,1,0,0
12,OH,12451,JAX,1,1,0,0,0
12,OH,12945,LEX,1,1,1,0,0
12,OH,13198,MCI,1,1,1,0,0
12,OH,13342,MKE,1,0,0,1,0
12,OH,13485,MSN,17,15,10,2,0
12,OH,13487,MSP,2,2,2,0,0
12,OH,13931,ORF,31,28,22,3,0
12,OH,14492,RDU,1,1,1,0,0
12,OH,15370,TUL,28,27,12,1,0
12,OH,15380,TVC,40,38,20,2,0
12,OH,15412,TYS,89,81,39,8,0
12,OO,10135,ABE,17,16,11,1,0
12,OO,10140,ABQ,30,30,12,0,0
12,OO,10257,ALB,28,28,13,0,0
12,OO,10372,ASE,114,108,59,0,6
12,OO,10408,ATW,57,53,32,4,0
12,OO,10431,AVL,48,48,23,0,0
12,OO,10434,AVP,1,1,1,0,0
12,OO,10529,BDL,13,13,2,0,0
12,OO,10627,BIS,2,2,0,0,0
12,OO,10693,BNA,111,108,62,3,0
12,OO,10713,BOI,76,74,44,1,1
12,OO,10785,BTV,26,26,15,0,0
12,OO,10792,BUF,52,49,20,3,0
12,OO,10868,CAE,79,77,35,2,0
12,OO,10874,CAK,105,98,55,6,1
12,OO,10980,CHA,14,13,5,1,0
12,OO,10990,CHO,108,101,49,4,3
12,OO,10994,CHS,24,24,8,0,0
12,OO,11003,CID,32,26,17,6,0
12,OO,11042,CLE,80,73,45,7,0
12,OO,11066,CMH,40,39,20,1,0
12,OO,11076,CMX,61,54,23,7,0
12,OO,11109,COS,90,89,42,1,0
12,OO,11111,COU,92,86,47,5,1
12,OO,11146,CRW,63,61,36,2,0
12,OO,11193,CVG,61,58,28,3,0
12,OO,11267,DAY,46,44,19,2,0
12,OO,11278,DCA,15,14,6,1,0
12,OO,11288,DEC,55,51,20,3,1
12,OO,11337,DLH,63,58,34,5,0
12,OO,11423,DSM,55,53,25,2,0
12,OO,11433,DTW,269,262,131,7,0
12,OO,11471,EAU,55,49,24,6,0
12,OO,11540,ELP,27,26,10,1,0
12,OO,11637,FAR,101,97,60,4,0
12,OO,11648,FCA,1,1,0,0,0
12,OO,11721,FNT,149,142,63,7,0
12,OO,11725,FOD,55,45,13,8,2
12,OO,11775,FSD,119,113,68,6,0
12,OO,11823,FWA,196,189,109,7,0
12,OO,11884,GEG,12,10,7,0,2
12,OO,11977,GRB,122,118,63,4,0
12,OO,11986,GRR,53,51,22,2,0
12,OO,11995,GSO,62,62,26,0,0
12,OO,11996,GSP,32,30,9,2,0
12,OO,12012,GUC,4,4,2,0,0
12,OO,12217,HSV,84,80,43,4,0
12,OO,12278,ICT,91,87,43,3,1
12,OO,12339,IND,30,26,14,4,0
12,OO,12511,JLN,31,29,12,2,0
12,OO,12559,JST,29,25,13,2,2
12,OO,12878,LAF,52,49,20,3,0
12,OO,12945,LEX,96,93,37,3,0
12,OO,12992,LIT,18,15,8,3,0
12,OO,13029,LNK,120,117,68,3,0
12,OO,13184,MBS,77,71,35,5,1
12,OO,13198,MCI,71,68,33,3,0
12,OO,13211,MCW,55,42,12,12,1
12,OO,13230,MDT,29,29,11,0,0
12,OO,13244,MEM,72,71,27,0,1
12,OO,13282,MGW,31,25,11,4,2
12,OO,13290,MHK,34,32,18,2,0
12,OO,13342,MKE,355,342,163,13,0
12,OO,13367,MLI,130,121,55,8,1
12,OO,13485,MSN,88,82,46,6,0
12,OO,13487,MSP,76,74,42,2,0
12,OO,13502,MTJ,14,14,6,0,0
12,OO,13851,OKC,189,182,80,7,0
12,OO,13871,OMA,40,39,19,1,0
12,OO,13931,ORF,14,14,6,0,0
12,OO,14108,PIA,76,71,28,4,1
12,OO,14122,PIT,12,12,4,0,0
12,OO,14307,PVD,63,60,30,2,1
12,OO,14321,PWM,18,17,6,1,0
12,OO,14457,RAP,15,15,8,0,0
12,OO,14524,RIC,54,50,31,4,0
12,OO,14574,ROA,40,38,15,1,1
12,OO,14633,RST,34,32,20,2,0
12,OO,14674,SAF,14,14,7,0,0
12,OO,14683,SAT,17,16,4,1,0
12,OO,14696,SBN,241,229,102,12,0
12,OO,14711,SCE,28,27,10,1,0
12,OO,14730,SDF,3,3,2,0,0
12,OO,14783,SGF,29,24,13,5,0
12,OO,14869,SLC,1,1,1,0,0
12,OO,14877,SLN,30,29,13,1,0
12,OO,15016,STL,72,67,35,4,1
12,OO,15041,SUN,28,25,18,0,3
12,OO,15048,SUX,31,27,11,3,1
12,OO,15096,SYR,33,33,15,0,0
12,OO,15370,TUL,89,89,34,0,0
12,OO,15376,TUS,47,47,17,0,0
12,OO,15380,TVC,75,70,51,5,0
12,OO,15412,TYS,27,27,15,0,0
12,UA,10140,ABQ,1,1,0,0,0
12,UA,10257,ALB,33,33,13,0,0
12,UA,10299,ANC,15,15,10,0,0
12,UA,10397,ATL,107,107,38,0,0
12,UA,10423,AUS,109,109,27,0,0
12,UA,10529,BDL,62,62,26,0,0
12,UA,10693,BNA,70,70,27,0,0
12,UA,10713,BOI,1,1,0,0,0
12,UA,10721,BOS,177,177,53,0,0
12,UA,10785,BTV,50,49,10,0,1
12,UA,10792,BUF,16,16,3,0,0
12,UA,10821,BWI,93,93,30,0,0
12,UA,10849,BZN,58,58,25,0,0
12,UA,10994,CHS,45,45,12,0,0
12,UA,11003,CID,31,31,12,0,0
12,UA,11042,CLE,160,160,52,0,0
12,UA,11057,CLT,30,30,14,0,0
12,UA,11066,CMH,72,72,27,0,0
12,UA,11193,CVG,62,62,18,0,0
12,UA,11267,DAY,1,1,1,0,0
12,UA,11278,DCA,218,217,63,1,0
12,UA,11292,DEN,291,289,84,1,1
12,UA,11298,DFW,144,143,38,1,0
12,UA,11423,DSM,56,56,22,0,0
12,UA,11433,DTW,29,29,8,0,0
12,UA,11503,EGE,31,30,13,0,1
12,UA,11618,EWR,375,374,131,1,0
12,UA,11624,EYW,14,14,4,0,0
12,UA,11638,FAT,11,11,8,0,0
12,UA,11648,FCA,14,14,7,0,0
12,UA,11697,FLL,151,151,39,0,0
12,UA,11775,FSD,17,17,9,0,0
12,UA,11986,GRR,64,63,31,1,0
12,UA,12094,HDN,21,21,7,0,0
12,UA,12173,HNL,31,31,9,0,0
12,UA,12264,IAD,145,145,44,0,0
12,UA,12266,IAH,353,353,70,0,0
12,UA,12278,ICT,30,30,12,0,0
12,UA,12339,IND,25,25,8,0,0
12,UA,12441,JAC,21,20,11,0,1
12,UA,12451,JAX,62,62,15,0,0
12,UA,12758,KOA,2,2,2,0,0
12,UA,12889,LAS,161,161,42,0,0
12,UA,12892,LAX,277,277,88,0,0
12,UA,12953,LGA,387,377,143,7,3
12,UA,13198,MCI,85,83,27,1,1
12,UA,13204,MCO,199,198,53,0,1
12,UA,13230,MDT,30,30,6,0,0
12,UA,13244,MEM,17,17,6,0,0
12,UA,13303,MIA,111,111,30,0,0
12,UA,13485,MSN,57,57,20,0,0
12,UA,13487,MSP,196,195,89,0,1
12,UA,13495,MSY,63,63,18,0,0
12,UA,13830,OGG,16,16,4,0,0
12,UA,13851,OKC,2,2,0,0,0
12,UA,13871,OMA,78,78,38,0,0
12,UA,13891,ONT,14,14,6,0,0
12,UA,13931,ORF,60,60,23,0,0
12,UA,14027,PBI,65,65,18,0,0
12,UA,14057,PDX,91,91,45,0,0
12,UA,14100,PHL,121,121,40,0,0
12,UA,14107,PHX,179,179,44,0,0
12,UA,14122,PIT,78,78,25,0,0
12,UA,14193,PNS,31,31,6,0,0
12,UA,14262,PSP,42,42,14,0,0
12,UA,14307,PVD,15,15,6,0,0
12,UA,14321,PWM,1,1,0,0,0
12,UA,14492,RDU,109,109,30,0,0
12,UA,14524,RIC,32,32,14,0,0
12,UA,14570,RNO,29,29,17,0,0
12,UA,14576,ROC,44,43,15,1,0
12,UA,14635,RSW,170,170,39,0,0
12,UA,14679,SAN,138,137,40,0,1
12,UA,14683,SAT,61,61,13,0,0
12,UA,14685,SAV,47,47,12,0,0
12,UA,14747,SEA,92,91,45,0,1
12,UA,14771,SFO,308,307,104,1,0
12,UA,14831,SJC,12,12,7,0,0
12,UA,14843,SJU,62,62,14,0,0
12,UA,14869,SLC,73,73,32,0,0
12,UA,14893,SMF,75,75,32,0,0
12,UA,14908,SNA,89,86,19,0,3
12,UA,14986,SRQ,71,71,24,0,0
12,UA,15016,STL,23,23,7,0,0
12,UA,15024,STT,18,18,5,0,0
12,UA,15096,SYR,16,16,7,0,0
12,UA,15304,TPA,131,131,42,0,0
12,UA,15380,TVC,31,31,15,0,0
12,WN,10693,BNA,31,31,11,0,0
12,WN,11259,DAL,31,31,11,0,0
12,WN,11292,DEN,11,11,6,0,0
12,WN,12889,LAS,62,62,19,0,0
12,WN,13204,MCO,73,73,21,0,0
12,WN,14107,PHX,31,31,10,0,0
12,WN,14635,RSW,11,11,5,0,0
12,WN,15304,TPA,31,31,7,0,0
12,YX,10257,ALB,85,82,29,3,0
12,YX,10397,ATL,55,52,18,3,0
12,YX,10423,AUS,8,8,3,0,0
12,YX,10529,BDL,89,86,35,3,0
12,YX,10599,BHM,14,14,6,0,0
12,YX,10693,BNA,99,98,38,1,0
12,YX,10721,BOS,131,127,43,3,1
12,YX,10792,BUF,22,19,9,3,0
12,YX,10821,BWI,15,15,8,0,0
12,YX,10980,CHA,37,35,14,2,0
12,YX,10994,CHS,39,38,10,1,0
12,YX,11003,CID,56,52,19,4,0
12,YX,11042,CLE,69,64,23,5,0
12,YX,11057,CLT,61,61,19,0,0
12,YX,11066,CMH,153,150,51,3,0
12,YX,11193,CVG,125,119,47,6,0
12,YX,11267,DAY,15,14,6,1,0
12,YX,11278,DCA,147,141,49,5,1
12,YX,11423,DSM,118,114,40,3,1
12,YX,11433,DTW,40,38,18,2,0
12,YX,11481,ECP,14,14,2,0,0
12,YX,11618,EWR,23,23,15,0,0
12,YX,11624,EYW,31,31,10,0,0
12,YX,11775,FSD,39,37,16,2,0
12,YX,11977,GRB,1,1,1,0,0
12,YX,11986,GRR,96,94,48,2,0
12,YX,11995,GSO,2,2,1,0,0
12,YX,11996,GSP,30,28,7,2,0
12,YX,12266,IAH,48,46,16,2,0
12,YX,12339,IND,321,315,104,6,0
12,YX,12451,JAX,34,34,9,0,0
12,YX,12478,JFK,59,58,19,1,0
12,YX,12953,LGA,151,143,56,8,0
12,YX,12992,LIT,4,4,3,0,0
12,YX,13198,MCI,98,97,31,0,1
12,YX,13230,MDT,21,19,9,2,0
12,YX,13244,MEM,37,36,18,1,0
12,YX,13342,MKE,28,27,10,1,0
12,YX,13485,MSN,77,76,24,1,0
12,YX,13487,MSP,33,31,18,2,0
12,YX,13495,MSY,60,59,22,1,0
12,YX,13851,OKC,14,14,3,0,0
12,YX,13871,OMA,12,12,6,0,0
12,YX,13931,ORF,33,33,13,0,0
12,YX,14122,PIT,184,181,64,3,0
12,YX,14193,PNS,7,7,3,0,0
12,YX,14321,PWM,43,43,18,0,0
12,YX,14492,RDU,78,76,31,2,0
12,YX,14524,RIC,35,35,16,0,0
12,YX,14574,ROA,31,29,15,1,1
12,YX,14576,ROC,57,53,21,4,0
12,YX,14683,SAT,25,25,6,0,0
12,YX,14685,SAV,17,17,5,0,0
12,YX,14696,SBN,2,2,0,0,0
12,YX,14730,SDF,176,174,64,2,0
12,YX,14986,SRQ,16,16,7,0,0
12,YX,15016,STL,101,99,41,2,0
12,YX,15096,SYR,121,115,40,6,0
12,YX,15304,TPA,1,1,0,0,0
12,YX,15370,TUL,9,9,2,0,0
12,YX,15380,TVC,56,52,21,3,1
12,YX,15412,TYS,9,9,3,0,0
