city_a,city_b,scheduled_flights,eligible_arrivals,delayed_arrivals,cancelled_flights,diverted_flights,arrival_delay_rate,cancellation_rate,diversion_rate
"Chicago, IL","New York, NY",31669,30698,8976,845,126,0.2923968988207701,0.026682244466197227,0.003978654204427042
"Boston, MA","New York, NY",25151,24259,5851,880,12,0.24118883713261058,0.03498866844260665,0.0004771182060355453
"Atlanta, GA","New York, NY",24103,23504,6273,514,85,0.2668907420013615,0.0213251462473551,0.0035265319669750654
"Miami, FL","New York, NY",22192,21623,6157,467,102,0.28474309762752625,0.021043619322278297,0.004596250901225667
"Chicago, IL","Washington, DC",21703,21147,5528,480,76,0.26140823757506976,0.022116758051882228,0.0035018200248813527
"Los Angeles, CA","San Francisco, CA",21686,21582,5176,93,11,0.23982948753590955,0.004288481047680532,0.0005072396938116757
"Atlanta, GA","Washington, DC",21449,20815,5535,563,71,0.26591400432380496,0.026248309944519557,0.003310177630658772
"Boston, MA","Washington, DC",21425,20777,5439,613,35,0.26177985272175963,0.028611435239206534,0.001633605600933489
"Honolulu, HI","Kahului, HI",21414,21202,2276,208,4,0.10734836336194699,0.00971327169141683,0.0001867936863734006
"New York, NY","Orlando, FL",20594,20105,5777,404,85,0.2873414573489182,0.0196173642808585,0.004127415752160824
"Los Angeles, CA","New York, NY",20533,20267,4022,193,73,0.19845068337691815,0.00939950323868894,0.003555252520333122
"Atlanta, GA","Chicago, IL",19530,19116,4539,347,67,0.2374450721908349,0.01776753712237583,0.0034306195596518177
"Dallas/Fort Worth, TX","New York, NY",18149,17460,5116,547,142,0.2930126002290951,0.030139401619923963,0.007824122541186843
"Denver, CO","Phoenix, AZ",18104,17903,4498,162,39,0.2512428084678546,0.008948298718515246,0.002154220061864781
"Chicago, IL","Minneapolis, MN",17918,17677,4442,213,28,0.2512869830853652,0.011887487442794956,0.001562674405625628
"Chicago, IL","Denver, CO",17769,17543,4680,174,52,0.26677307188052213,0.00979233496538916,0.0029264449321852663
"Las Vegas, NV","Los Angeles, CA",17504,17415,3678,88,1,0.2111972437553833,0.005027422303473492,5.712979890310786e-05
"Boston, MA","Chicago, IL",17207,16926,4778,244,37,0.28228760486825005,0.014180275469285755,0.0021502876736212008
"Chicago, IL","Orlando, FL",17182,16930,4101,182,70,0.24223272297696397,0.010592480502851822,0.004074030962635316
"Chicago, IL","Los Angeles, CA",16897,16670,3490,186,41,0.20935812837432513,0.01100787121974315,0.002426466236610049
"Chicago, IL","Phoenix, AZ",16802,16558,3510,182,62,0.2119821234448605,0.010832043804309011,0.0036900369003690036
"New York, NY","Washington, DC",16333,15490,4250,826,17,0.27437056165267915,0.0505724606624625,0.0010408375681136349
"Atlanta, GA","Orlando, FL",16283,16058,4676,182,43,0.2911944202266783,0.01117730148007124,0.0026407910090278206
"Honolulu, HI","Lihue, HI",16162,16001,1869,154,7,0.11680519967502032,0.009528523697562182,0.00043311471352555376
"Dallas/Fort Worth, TX","Houston, TX",16123,15510,4273,577,36,0.2754996776273372,0.03578738448179619,0.0022328350803200395
"Fort Lauderdale, FL","New York, NY",16072,15616,4216,394,62,0.2699795081967213,0.02451468392234943,0.0038576406172224987
"Chicago, IL","Las Vegas, NV",15794,15609,3279,127,58,0.2100711128195272,0.008041028238571609,0.0036722806128909715
"Chicago, IL","Houston, TX",15681,15429,3685,216,36,0.2388359582604187,0.013774631719915822,0.0022957719533193035
"Denver, CO","Los Angeles, CA",15652,15537,3144,83,32,0.2023556671172041,0.0053028366981855354,0.0020444671607462305
"Denver, CO","Salt Lake City, UT",15510,15405,3881,74,31,0.2519311911716975,0.004771115409413282,0.0019987105093488074
"Chicago, IL","Detroit, MI",15290,15007,3581,272,11,0.23862197641100819,0.01778940483976455,0.0007194244604316547
"Los Angeles, CA","Phoenix, AZ",15287,15183,2451,94,10,0.16143054732266351,0.006149015503368875,0.000654150585464774
"Atlanta, GA","Houston, TX",15084,14811,3391,239,34,0.2289514549996624,0.015844603553434103,0.0022540440201538055
"Honolulu, HI","Kona, HI",14978,14814,1612,158,6,0.10881598487916835,0.010548804913873682,0.0004005875283749499
"Los Angeles, CA","Seattle, WA",14790,14643,2342,135,12,0.15993990302533634,0.009127789046653144,0.0008113590263691683
"Phoenix, AZ","Seattle, WA",14720,14622,2902,67,31,0.1984680618246478,0.0045516304347826084,0.002105978260869565
"Denver, CO","Las Vegas, NV",14538,14415,3736,99,24,0.2591744710371141,0.00680973999174577,0.0016508460586050352
"Las Vegas, NV","San Diego, CA",14209,14022,3889,181,6,0.2773498787619455,0.012738405236117953,0.000422267576887888
"Chicago, IL","Dallas/Fort Worth, TX",14086,13672,3963,350,64,0.2898624926857812,0.024847366179185006,0.004543518387050973
"Charlotte, NC","New York, NY",14020,13667,3443,322,31,0.25192068486134483,0.022967189728958632,0.002211126961483595
"San Francisco, CA","Seattle, WA",13844,13700,3459,133,11,0.2524817518248175,0.009607049985553309,0.0007945680439179428
"Denver, CO","Houston, TX",13828,13682,3230,95,51,0.23607659698874434,0.006870118599942146,0.0036881689326005206
"Orlando, FL","Washington, DC",13788,13541,3693,193,54,0.2727272727272727,0.013997679141282275,0.0039164490861618795
"Anchorage, AK","Seattle, WA",13756,13614,2851,133,9,0.209416776847363,0.009668508287292817,0.0006542599592904915
"Chicago, IL","Nashville, TN",13679,13435,3404,217,27,0.25336806847785637,0.015863732729000657,0.001973828496235105
"New York, NY","San Francisco, CA",13404,13217,2736,133,54,0.20700612847090868,0.009922411220531184,0.0040286481647269475
"San Diego, CA","San Francisco, CA",13371,13225,3757,128,18,0.28408317580340264,0.009572956398175155,0.0013461969934933811
"Atlanta, GA","Dallas/Fort Worth, TX",13288,12898,3528,338,52,0.2735307799658862,0.025436484045755568,0.0039133052378085495
"Houston, TX","Los Angeles, CA",13201,13056,2166,104,41,0.16590073529411764,0.007878191046132868,0.0031058253162639196
"Dallas/Fort Worth, TX","Los Angeles, CA",13166,12901,3288,222,43,0.25486396403379585,0.016861613246240317,0.0032659881512988
"Newark, NJ","Orlando, FL",13161,12834,3565,271,56,0.2777777777777778,0.02059114049084416,0.004254995820986247
"Atlanta, GA","Fort Lauderdale, FL",13100,12870,3593,198,32,0.27917637917637916,0.015114503816793893,0.0024427480916030535
"Las Vegas, NV","Phoenix, AZ",12852,12706,2642,134,12,0.20793325987722336,0.010426392779333956,0.0009337068160597573
"Denver, CO","Seattle, WA",12790,12648,3385,90,52,0.2676312460468058,0.007036747458952306,0.004065676309616888
"Hilo, HI","Honolulu, HI",12668,12579,1306,85,4,0.10382383337308213,0.006709820018945374,0.00031575623618566466
"Atlanta, GA","Miami, FL",12487,12274,3522,179,34,0.286948020205312,0.014334908304636823,0.0027228317450148152
"Orlando, FL","San Juan, PR",12354,12261,2559,61,32,0.20871054563249328,0.004937672009065889,0.0025902541686903028
"Denver, CO","New York, NY",12234,11925,3385,222,87,0.28385744234800836,0.018146150073565473,0.007111329082883766
"Chicago, IL","Philadelphia, PA",12214,11965,3226,225,24,0.2696197241955704,0.0184214835434747,0.0019649582446373015
"Atlanta, GA","Newark, NJ",12211,11832,3819,332,47,0.3227687626774848,0.027188600442224223,0.0038489886168208993
"Las Vegas, NV","San Francisco, CA",12199,12121,3101,74,4,0.2558369771471001,0.006066070989425363,0.00032789572915812773
"Atlanta, GA","Tampa, FL",12162,11968,3185,168,26,0.2661263368983957,0.013813517513566848,0.0021378062818615358
"Dallas/Fort Worth, TX","Denver, CO",12056,11754,3451,258,44,0.2936021779819636,0.021400132714001326,0.0036496350364963502
"Chicago, IL","Newark, NJ",12052,11747,3733,284,21,0.31778326381203714,0.023564553601062063,0.0017424493859940259
"Chicago, IL","Seattle, WA",11986,11818,3170,118,50,0.2682348959214757,0.009844818955448023,0.004171533455698315
"Houston, TX","New York, NY",11830,11546,2987,212,72,0.2587043131820544,0.017920540997464075,0.006086221470836856
"Chicago, IL","Kansas City, MO",11785,11559,2618,212,14,0.2264901808114889,0.017988969028425967,0.0011879507848960543
"Las Vegas, NV","Seattle, WA",11749,11652,2524,86,11,0.21661517336079644,0.007319771895480467,0.0009362498936079666
"Chicago, IL","Columbus, OH",11654,11497,2787,150,7,0.24241106375576238,0.012871117212974086,0.0006006521366054573
"Denver, CO","Minneapolis, MN",11612,11533,2873,56,23,0.2491112459897685,0.004822597313124354,0.0019807096107475027
"Phoenix, AZ","Salt Lake City, UT",11462,11400,1835,51,11,0.16096491228070176,0.004449485255627291,0.0009596928982725527
"Houston, TX","Las Vegas, NV",11384,11257,2113,96,31,0.18770542773385449,0.008432888264230498,0.002723120168657765
"Chicago, IL","San Francisco, CA",11379,11228,2583,125,26,0.2300498753117207,0.010985148079796116,0.002284910800597592
"Atlanta, GA","Baltimore, MD",11367,11132,2663,209,26,0.2392202659001078,0.01838655757895663,0.0022873229524060876
"Phoenix, AZ","San Diego, CA",11322,11143,2569,164,15,0.23054832630350894,0.01448507330860272,0.0013248542660307366
"Chicago, IL","Cleveland, OH",11315,11067,2566,236,12,0.23186048612993584,0.0208572691117985,0.0010605391073795847
"Houston, TX","Washington, DC",11313,11127,2499,147,39,0.22458883796171475,0.012993900822063113,0.003447361442588173
"Atlanta, GA","Philadelphia, PA",11280,11012,2941,249,19,0.26707228478023975,0.022074468085106384,0.0016843971631205674
"Dallas/Fort Worth, TX","Las Vegas, NV",11216,10879,2747,294,43,0.2525048258111959,0.026212553495007132,0.0038338088445078458
"Los Angeles, CA","Sacramento, CA",11199,11157,1373,38,4,0.12306175495204805,0.0033931601035806767,0.0003571747477453344
"Nashville, TN","New York, NY",11157,10763,2806,334,60,0.2607079810461767,0.029936362821547012,0.005377789728421619
"Atlanta, GA","Denver, CO",11133,10987,2780,98,48,0.25302630381359786,0.00880265876223839,0.004311506332524926
"Denver, CO","San Francisco, CA",11071,11000,2987,53,18,0.27154545454545453,0.004787282088338903,0.0016258693884924579
"Denver, CO","San Diego, CA",11041,10910,2744,88,43,0.2515123739688359,0.00797029254596504,0.0038945747667783717
"Houston, TX","Orlando, FL",10941,10807,2335,105,29,0.21606366244101047,0.009596928982725527,0.002650580385705146
"Orlando, FL","Philadelphia, PA",10863,10675,2984,158,30,0.27953161592505854,0.014544785050170303,0.0027616680475006906
"Atlanta, GA","Los Angeles, CA",10754,10611,2465,115,28,0.23230609744604655,0.010693695369164962,0.002603682350753208
"Houston, TX","New Orleans, LA",10708,10557,1894,139,12,0.17940702851188783,0.012980948823309675,0.0011206574523720584
"Honolulu, HI","Los Angeles, CA",10652,10574,1922,62,16,0.18176659731416683,0.005820503191888847,0.0015020653398422831
"Colorado Springs, CO","Denver, CO",10609,10427,2846,173,9,0.27294523832358303,0.01630690922801395,0.000848336318220379
"Seattle, WA","Spokane, WA",10605,10529,2078,68,8,0.19735967328331275,0.006412069778406412,0.0007543611504007544
"Dallas/Fort Worth, TX","Washington, DC",10601,10232,2525,307,62,0.24677482408131352,0.02895953211961136,0.005848504858032261
"San Diego, CA","San Jose, CA",10593,10484,2387,98,11,0.22768027470431132,0.009251392428962522,0.0010384215991692627
"New York, NY","Tampa, FL",10584,10321,2833,210,53,0.27448890611374865,0.01984126984126984,0.00500755857898715
"Dallas/Fort Worth, TX","Seattle, WA",10581,10362,2879,173,46,0.27784211542173326,0.016350061430866647,0.004347415178149514
"Nashville, TN","Washington, DC",10567,10190,2606,335,42,0.2557409224730128,0.03170246995362922,0.003974638024037097
"Los Angeles, CA","Newark, NJ",10457,10234,2530,171,52,0.24721516513582176,0.016352682413694176,0.00497274552931051
"New York, NY","West Palm Beach/Palm Beach, FL",10436,10144,2955,246,46,0.2913052050473186,0.023572249904177847,0.004407819087773093
"Houston, TX","Phoenix, AZ",10406,10275,2103,102,29,0.20467153284671533,0.009802037286181049,0.0027868537382279455
"New York, NY","Raleigh/Durham, NC",10379,9947,2681,419,13,0.26952850105559467,0.04036997783986897,0.0012525291453897292
"Dallas/Fort Worth, TX","Phoenix, AZ",10254,10020,2521,210,24,0.25159680638722554,0.02047981275599766,0.0023405500292568754
"Chicago, IL","Indianapolis, IN",10195,9982,2018,209,4,0.20216389501101983,0.02050024521824424,0.00039234919077979404
"Las Vegas, NV","Sacramento, CA",10188,10125,1917,55,8,0.18933333333333333,0.005398508048684727,0.0007852375343541421
"Sacramento, CA","San Diego, CA",10184,10066,2365,99,19,0.23494933439300617,0.009721131186174391,0.0018656716417910447
"Charlotte, NC","Washington, DC",10153,9871,2489,269,13,0.25215277074257925,0.026494632128434944,0.0012804097311139564
"Detroit, MI","New York, NY",10050,9784,2300,249,17,0.23507767784137368,0.024776119402985075,0.001691542288557214
"Boston, MA","Philadelphia, PA",10045,9817,2448,222,6,0.2493633492920444,0.022100547536087606,0.0005973120955699353
"Atlanta, GA","Boston, MA",9984,9838,2407,128,18,0.24466354950193128,0.01282051282051282,0.0018028846153846155
"Denver, CO","Washington, DC",9902,9800,2183,45,57,0.22275510204081633,0.004544536457281357,0.005756412845889719
"Columbus, OH","New York, NY",9898,9604,2054,274,20,0.2138692211578509,0.02768236007274197,0.002020610224287735
"Atlanta, GA","Detroit, MI",9886,9789,2109,81,16,0.2154459086730003,0.008193404814889744,0.0016184503338053813
"Charlotte, NC","Chicago, IL",9861,9702,2420,141,18,0.2494331065759637,0.014298752662001825,0.0018253726802555522
"Atlanta, GA","Las Vegas, NV",9850,9718,2018,107,25,0.2076558962749537,0.010862944162436548,0.0025380710659898475
"Chicago, IL","Tampa, FL",9838,9699,2215,102,37,0.2283740591813589,0.010367960967676356,0.003760927017686522
"Portland, OR","Seattle, WA",9821,9753,1752,67,1,0.17963703475853585,0.006822115874147236,0.00010182262498727217
"Los Angeles, CA","San Jose, CA",9814,9782,1126,27,5,0.11510938458392966,0.0027511717953943348,0.0005094762584063583
"Chicago, IL","Miami, FL",9804,9655,2311,106,43,0.23935784567581564,0.010811913504691963,0.0043859649122807015
"Baltimore, MD","Orlando, FL",9792,9584,2187,174,34,0.22819282136894825,0.017769607843137254,0.003472222222222222
"Austin, TX","Denver, CO",9747,9672,2372,53,22,0.24524400330851945,0.005437570534523443,0.0022571047501795424
"Charlotte, NC","Orlando, FL",9661,9525,2301,118,18,0.2415748031496063,0.012214056515888624,0.0018631611634406377
"Dallas/Fort Worth, TX","Orlando, FL",9660,9404,2954,219,37,0.31412165036154827,0.02267080745341615,0.0038302277432712213
"Fort Lauderdale, FL","Newark, NJ",9658,9406,2636,219,33,0.2802466510737827,0.022675502174363222,0.003416856492027335
"Dallas/Fort Worth, TX","Miami, FL",9646,9419,2838,184,43,0.30130587111158297,0.019075264358283228,0.004457806344598797
"Austin, TX","Dallas/Fort Worth, TX",9634,9282,2667,342,10,0.2873303167420814,0.035499273406684656,0.0010379904504878555
"Chicago, IL","Pittsburgh, PA",9618,9506,1950,105,7,0.20513359983168525,0.010917030567685589,0.000727802037845706
"Atlanta, GA","Charlotte, NC",9567,9402,1949,153,12,0.20729631993192937,0.01599247412982126,0.0012543116964565694
"Phoenix, AZ","San Francisco, CA",9563,9505,2212,49,9,0.23271962125197265,0.00512391508940709,0.0009411272613196695
"New York, NY","Pittsburgh, PA",9535,9205,1910,322,8,0.20749592612710482,0.03377031987414788,0.0008390141583639224
"Boston, MA","Orlando, FL",9365,9194,2529,138,33,0.27507069828148795,0.014735718099305926,0.0035237586759209825
"Chicago, IL","St. Louis, MO",9311,9144,2103,157,10,0.22998687664041995,0.01686177639351305,0.001073998496402105
"Miami, FL","Washington, DC",9284,9061,2224,183,40,0.24544752234852665,0.01971133132270573,0.004308487720809996
"San Francisco, CA","Santa Ana, CA",9244,9105,1849,125,14,0.2030752333882482,0.013522284725227174,0.0015144958892254435
"Baltimore, MD","Chicago, IL",9230,9039,2125,170,21,0.23509237747538445,0.018418201516793065,0.002275189599133261
"Denver, CO","Orlando, FL",9216,9133,2105,48,35,0.23048286433811452,0.005208333333333333,0.0037977430555555555
"Los Angeles, CA","Portland, OR",9207,9120,1142,84,3,0.12521929824561404,0.009123492994460736,0.00032583903551645487
"Atlanta, GA","Raleigh/Durham, NC",9200,9087,1584,105,8,0.17431495543083525,0.01141304347826087,0.0008695652173913044
"Boston, MA","San Francisco, CA",9148,9083,1898,43,22,0.20896179676318397,0.00470048097944906,0.002404897245299519
"Boston, MA","Los Angeles, CA",9112,9057,1870,41,14,0.20647013359832175,0.004499561018437226,0.0015364354697102723
"Atlanta, GA","Austin, TX",9041,8912,1979,111,18,0.22206014362657092,0.012277402942152417,0.001990930206835527
"Dallas/Fort Worth, TX","San Antonio, TX",9003,8670,2528,318,15,0.29158016147635524,0.03532155948017328,0.0016661112962345886
"San Diego, CA","Seattle, WA",8992,8851,1968,120,21,0.22234775731555756,0.013345195729537367,0.002335409252669039
"Denver, CO","Portland, OR",8963,8874,2167,57,32,0.2441965291863872,0.0063594778533973,0.0035702331808546246
"San Jose, CA","Seattle, WA",8941,8850,1571,84,7,0.1775141242937853,0.009394922268202661,0.0007829101890168885
"Chicago, IL","Cincinnati, OH",8930,8733,2261,185,12,0.2589030115653269,0.020716685330347144,0.0013437849944008958
"Phoenix, AZ","Santa Ana, CA",8916,8854,1629,47,15,0.18398463971086515,0.005271422162404666,0.0016823687752355316
"Las Vegas, NV","Santa Ana, CA",8910,8845,1610,53,12,0.18202374222724704,0.005948372615039282,0.0013468013468013469
"Chicago, IL","Grand Rapids, MI",8892,8747,2326,137,8,0.26591974391219847,0.01540710751237067,0.000899685110211426
"Austin, TX","Chicago, IL",8845,8720,2083,98,27,0.23887614678899083,0.011079706048615037,0.0030525720746184285
"Burbank, CA","Las Vegas, NV",8836,8683,1657,138,15,0.19083266152251527,0.01561792666364871,0.0016976007243096423
"Newark, NJ","San Francisco, CA",8813,8633,2300,145,35,0.2664195528784895,0.016452967207534325,0.003971405877680699
"Las Vegas, NV","San Jose, CA",8725,8684,1652,37,4,0.190234914785813,0.004240687679083094,0.00045845272206303727
"Atlanta, GA","New Orleans, LA",8716,8526,1803,174,16,0.21147079521463757,0.019963285910968333,0.0018357044515832951
"Chicago, IL","San Diego, CA",8700,8588,1975,78,34,0.2299720540288775,0.00896551724137931,0.003908045977011494
"Sacramento, CA","Seattle, WA",8604,8561,1705,31,12,0.19915897675505198,0.003602975360297536,0.001394700139470014
"Chicago, IL","Milwaukee, WI",8572,8318,2646,248,6,0.31810531377735035,0.028931404573028466,0.0006999533364442371
"Chicago, IL","Raleigh/Durham, NC",8539,8405,1872,119,15,0.22272456870910173,0.013936058086426981,0.0017566459772807121
"Boston, MA","Charlotte, NC",8536,8387,1895,142,7,0.22594491474901635,0.016635426429240863,0.0008200562324273664
"Chicago, IL","Omaha, NE",8399,8249,1929,134,16,0.2338465268517396,0.01595428027146089,0.0019049886891296583
"Denver, CO","Kansas City, MO",8370,8271,2191,84,15,0.26490146294281225,0.01003584229390681,0.0017921146953405018
"Los Angeles, CA","Salt Lake City, UT",8281,8253,977,26,2,0.11838119471707258,0.0031397174254317113,0.00024151672503320854
"Chicago, IL","Fort Lauderdale, FL",8256,8149,1823,74,33,0.22370843048226777,0.008963178294573644,0.003997093023255814
"Salt Lake City, UT","Seattle, WA",8227,8153,1623,64,10,0.19906782779345025,0.007779263400996718,0.0012155099064057372
"Austin, TX","Houston, TX",8215,8126,1910,79,10,0.2350479940930347,0.009616555082166769,0.0012172854534388314
"Atlanta, GA","Nashville, TN",8193,8085,1445,92,16,0.17872603586889302,0.011229098010496765,0.0019528866105211766
"Dallas, TX","Houston, TX",8182,7964,1677,205,13,0.21057257659467604,0.025054998777804937,0.0015888535810315327
"Chicago, IL","Fort Myers, FL",8167,8064,1631,72,31,0.20225694444444445,0.008815966695236929,0.0037957634382270113
"Houston, TX","Miami, FL",8130,8000,1998,106,24,0.24975,0.013038130381303813,0.002952029520295203
"Miami, FL","Newark, NJ",8130,7946,2237,159,25,0.28152529574628743,0.01955719557195572,0.003075030750307503
"Dallas/Fort Worth, TX","San Francisco, CA",8113,7919,2212,160,34,0.2793281980047986,0.019721434734376927,0.004190804881055097
"Atlanta, GA","Jacksonville, FL",8088,7957,1737,120,11,0.21829835365087344,0.01483679525222552,0.0013600395647873392
"Austin, TX","Los Angeles, CA",8036,7978,1432,38,20,0.17949360742040613,0.004728720756595321,0.0024888003982080635
"New York, NY","San Juan, PR",7986,7870,1902,101,15,0.24167725540025414,0.012647132481843225,0.0018782870022539444
"Charlotte, NC","Dallas/Fort Worth, TX",7939,7761,2025,159,19,0.26091998453807497,0.020027711298652225,0.002393248519964731
"Houston, TX","San Antonio, TX",7933,7846,1495,77,10,0.19054295182258477,0.009706290180259675,0.0012605571662674903
"Boston, MA","Denver, CO",7904,7861,2078,27,16,0.26434295891108,0.0034159919028340082,0.0020242914979757085
"Phoenix, AZ","Portland, OR",7876,7824,1486,38,14,0.18992842535787322,0.004824784154393093,0.0017775520568816658
"Las Vegas, NV","New York, NY",7863,7734,1576,86,43,0.20377553659167313,0.010937301284497011,0.0054686506422485055
"Miami, FL","Orlando, FL",7856,7765,1947,80,11,0.25074050225370254,0.010183299389002037,0.00140020366598778
"San Francisco, CA","Washington, DC",7850,7782,1609,40,28,0.2067591878694423,0.005095541401273885,0.0035668789808917197
"Las Vegas, NV","Oakland, CA",7845,7801,1586,40,4,0.20330726829893603,0.005098789037603569,0.0005098789037603569
"Denver, CO","Sacramento, CA",7838,7788,1784,29,21,0.229070364663585,0.003699923449859658,0.0026792549119673387
"Santa Ana, CA","Seattle, WA",7834,7725,1309,90,19,0.16944983818770226,0.01148838396732193,0.0024253255042124074
"Los Angeles, CA","Washington, DC",7796,7699,1486,58,39,0.19301207949084298,0.007439712673165726,0.005002565418163161
"Dallas/Fort Worth, TX","Detroit, MI",7784,7626,1878,133,25,0.24626278520849726,0.0170863309352518,0.003211716341212744
"Detroit, MI","Washington, DC",7781,7571,1976,194,16,0.2609959054286092,0.024932527952705306,0.0020562909651715717
"Boston, MA","Dallas/Fort Worth, TX",7776,7571,2257,164,41,0.29811121384229294,0.02109053497942387,0.005272633744855967
"Baltimore, MD","Boston, MA",7721,7564,1791,153,4,0.23677948175568483,0.0198160859992229,0.0005180676078228209
"Dallas/Fort Worth, TX","Salt Lake City, UT",7717,7530,2042,154,33,0.2711819389110226,0.01995594142801607,0.0042762731631463
"Boise, ID","Seattle, WA",7713,7684,1300,22,7,0.1691827173347215,0.0028523272397251395,0.0009075586671852716
"Las Vegas, NV","Reno, NV",7711,7604,1410,91,16,0.18542872172540767,0.011801322785630917,0.0020749578524186228
"Atlanta, GA","West Palm Beach/Palm Beach, FL",7699,7587,1783,98,14,0.23500724924212468,0.012728925834523964,0.0018184179763605663
"Detroit, MI","Orlando, FL",7668,7602,1825,46,20,0.24006840305182847,0.005998956703182056,0.0026082420448617634
"Charlotte, NC","Miami, FL",7617,7513,1772,90,14,0.23585784639957408,0.011815675462780622,0.0018379939608769856
"Las Vegas, NV","Salt Lake City, UT",7568,7524,1510,41,3,0.2006911217437533,0.005417547568710359,0.0003964059196617336
"Charlotte, NC","Nashville, TN",7545,7399,1897,134,12,0.2563859981078524,0.017760106030483763,0.0015904572564612327
"Atlanta, GA","Phoenix, AZ",7543,7458,1572,59,26,0.21078037007240547,0.007821821556409916,0.0034469044146891157
"Chicago, IL","Salt Lake City, UT",7532,7458,1833,47,27,0.24577634754625904,0.006240042485395645,0.003584705257567711
"Denver, CO","Nashville, TN",7479,7408,1913,41,30,0.2582343412526998,0.0054820163123412225,0.004011231448054553
"Charlotte, NC","Detroit, MI",7472,7407,1304,60,5,0.17604968273255028,0.008029978586723769,0.0006691648822269807
"Boston, MA","Newark, NJ",7457,7151,2141,303,3,0.29939868549853166,0.04063296231728577,0.0004023065575968888
"Houston, TX","Newark, NJ",7456,7325,1879,103,28,0.256518771331058,0.013814377682403433,0.0037553648068669528
"Tampa, FL","Washington, DC",7445,7296,1858,120,29,0.25466008771929827,0.016118200134318333,0.0038952316991269307
"Boston, MA","Miami, FL",7444,7327,1931,100,17,0.2635457895455166,0.013433637829124127,0.0022837184309511017
"Phoenix, AZ","Sacramento, CA",7433,7386,1314,38,9,0.17790414297319251,0.0051123368760930986,0.0012108166285483655
"Denver, CO","Santa Ana, CA",7412,7353,1530,31,28,0.20807833537331702,0.004182406907717215,0.0037776578521316784
"Charlotte, NC","Newark, NJ",7354,7139,1969,203,12,0.275808936825886,0.027604025020397063,0.0016317650258362796
"Denver, CO","St. Louis, MO",7311,7239,1757,49,23,0.2427130819173919,0.006702229517165915,0.0031459444672411437
"Charlotte, NC","Philadelphia, PA",7285,7145,1732,131,9,0.242407277816655,0.017982155113246398,0.0012354152367879203
"Atlanta, GA","St. Louis, MO",7274,7157,1198,98,19,0.1673885706301523,0.01347264228759967,0.0026120428924938134
"Indianapolis, IN","New York, NY",7257,7018,1531,219,20,0.21815332003419777,0.030177759404712692,0.00275595976298746
"Charlotte, NC","Tampa, FL",7236,7137,1506,90,9,0.21101303068516183,0.012437810945273632,0.0012437810945273632
"Salt Lake City, UT","San Francisco, CA",7127,7087,1477,35,5,0.20840976435727387,0.004910902202890417,0.0007015574575557738
"Atlanta, GA","Minneapolis, MN",7086,7044,1363,28,14,0.19349801249290177,0.003951453570420547,0.0019757267852102737
"Portland, OR","San Francisco, CA",7071,7038,1296,32,1,0.18414322250639387,0.004525526799604016,0.0001414227124876255
"Fort Lauderdale, FL","Houston, TX",7064,6986,1399,60,18,0.20025765817348984,0.008493771234428085,0.002548131370328426
"Dallas/Fort Worth, TX","Fayetteville, AR",7002,6776,1649,209,17,0.24335891381345925,0.029848614681519565,0.00242787774921451
"Chicago, IL","Louisville, KY",6990,6852,1366,129,9,0.19935785172212492,0.018454935622317595,0.0012875536480686696
"Dallas/Fort Worth, TX","Nashville, TN",6984,6738,2021,226,20,0.2999406352033244,0.032359679266895765,0.0028636884306987398
"Atlanta, GA","Dallas, TX",6978,6840,1441,112,26,0.21067251461988304,0.016050444253367727,0.003725995987388937
"Newark, NJ","West Palm Beach/Palm Beach, FL",6961,6805,1966,129,27,0.28890521675238795,0.01853182014078437,0.00387875305272231
"Boston, MA","Fort Lauderdale, FL",6956,6829,2101,112,15,0.30765851515595255,0.016101207590569294,0.002156411730879816
"Dallas/Fort Worth, TX","Newark, NJ",6890,6651,1832,191,48,0.27544730115772065,0.02772133526850508,0.006966618287373005
"Houston, TX","San Francisco, CA",6888,6826,1196,43,19,0.1752124230881922,0.00624274099883856,0.0027584204413472705
"Dallas/Fort Worth, TX","San Diego, CA",6866,6626,1982,204,36,0.2991246604286146,0.029711622487620156,0.0052432274978153216
"Albuquerque, NM","Phoenix, AZ",6783,6748,1211,32,3,0.17946058091286307,0.004717676544301931,0.0004422821760283061
"Las Vegas, NV","Portland, OR",6728,6682,1239,38,8,0.18542352589045197,0.005648038049940547,0.0011890606420927466
"Minneapolis, MN","Washington, DC",6690,6533,1435,128,29,0.21965406398285628,0.019133034379671152,0.004334828101644245
"Austin, TX","Phoenix, AZ",6686,6635,1381,41,10,0.2081386586284853,0.00613221657194137,0.0014956625785222854
"Atlanta, GA","Cleveland, OH",6684,6571,1221,100,13,0.18581646629127987,0.014961101137043686,0.0019449431478156792
"Atlanta, GA","Indianapolis, IN",6662,6570,1039,74,18,0.15814307458143076,0.011107775442809968,0.002701891323926749
"Detroit, MI","Newark, NJ",6652,6397,1674,251,4,0.26168516492105676,0.037733012627781115,0.0006013229104028864
"Charlotte, NC","Raleigh/Durham, NC",6637,6535,1313,101,1,0.20091813312930376,0.015217718848877505,0.00015067048365225252
"Dallas/Fort Worth, TX","Philadelphia, PA",6629,6394,1796,206,29,0.28088833281201125,0.031075577010107106,0.004374717151908282
"Chicago, IL","Madison, WI",6624,6457,1709,163,4,0.2646739972123277,0.024607487922705316,0.0006038647342995169
"Atlanta, GA","San Francisco, CA",6614,6553,1507,48,13,0.22997100564626888,0.00725733293014817,0.001965527668581796
"Minneapolis, MN","Phoenix, AZ",6602,6564,1163,22,16,0.1771785496648385,0.003332323538321721,0.0024235080278703423
"Atlanta, GA","Kansas City, MO",6585,6482,1082,81,22,0.16692378895402654,0.012300683371298405,0.003340926347760061
"Nashville, TN","Orlando, FL",6582,6504,1466,60,18,0.22539975399753998,0.009115770282588878,0.0027347310847766638
"Atlanta, GA","Memphis, TN",6578,6479,1020,90,9,0.15743170242321347,0.013681970203709334,0.0013681970203709335
"Baltimore, MD","Fort Lauderdale, FL",6572,6461,1431,102,9,0.22148274260950318,0.0155203895313451,0.0013694461351186854
"Denver, CO","Omaha, NE",6569,6504,1637,54,11,0.25169126691266913,0.008220429289085097,0.0016745318922210383
"Atlanta, GA","Columbus, OH",6559,6485,1215,61,13,0.18735543562066306,0.009300198200945266,0.0019820094526604667
"Denver, CO","Oklahoma City, OK",6527,6477,1680,36,14,0.25937934228809634,0.0055155507890301825,0.002144936417956182
"Oakland, CA","San Diego, CA",6523,6437,1539,81,5,0.23908653099269847,0.012417599264142265,0.0007665184730952016
"Phoenix, AZ","Tucson, AZ",6516,6477,1027,37,2,0.15856106222016367,0.005678330263965623,0.0003069367710251688
"Dallas/Fort Worth, TX","Minneapolis, MN",6513,6367,1584,121,25,0.24878278624155803,0.01857822815906648,0.003838476892369108
"Atlanta, GA","Seattle, WA",6505,6433,1350,49,23,0.2098554329239857,0.007532667179093005,0.003535741737125288
"Charlotte, NC","Fort Lauderdale, FL",6447,6358,1393,80,9,0.21909405473419313,0.012408872343725764,0.0013959981386691485
"Dallas/Fort Worth, TX","Oklahoma City, OK",6446,6217,1685,214,15,0.2710310439118546,0.033198883028234566,0.0023270245113248527
"Denver, CO","Newark, NJ",6434,6338,1712,64,32,0.27011675607447144,0.009947155735156978,0.004973577867578489
"Los Angeles, CA","Miami, FL",6402,6375,1431,8,19,0.22447058823529412,0.0012496094970321774,0.0029678225554514216
"Raleigh/Durham, NC","Washington, DC",6389,6171,1520,211,7,0.2463134013936153,0.03302551259978087,0.0010956331194240101
"Ontario, CA","Phoenix, AZ",6336,6295,1154,36,5,0.18332009531374108,0.005681818181818182,0.0007891414141414141
"Burbank, CA","Phoenix, AZ",6328,6230,1117,78,20,0.17929373996789727,0.012326169405815424,0.0031605562579013905
"Indianapolis, IN","Washington, DC",6326,6109,1313,203,14,0.21492879358323785,0.03208978817578249,0.002213088839709137
"Los Angeles, CA","Orlando, FL",6319,6288,1339,12,19,0.21294529262086515,0.0018990346573824971,0.003006804874188954
"Columbus, OH","Washington, DC",6293,6097,1496,188,8,0.24536657372478268,0.029874463689814078,0.0012712537740346417
"Albuquerque, NM","Denver, CO",6289,6234,1375,46,9,0.2205646454924607,0.007314358403561774,0.0014310701224359993
"Buffalo, NY","New York, NY",6284,6026,1437,248,10,0.23846664454032526,0.03946530872056015,0.001591343093570974
"Miami, FL","Philadelphia, PA",6283,6171,1479,96,16,0.2396694214876033,0.015279325163138627,0.002546554193856438
"Houston, TX","Nashville, TN",6274,6186,1296,75,13,0.20950533462657614,0.011954096270321964,0.002072043353522474
"Baltimore, MD","Charlotte, NC",6267,6152,1397,104,11,0.22708062418725616,0.01659486197542684,0.0017552257858624541
"Denver, CO","Tampa, FL",6261,6223,1464,16,22,0.23525630724730837,0.002555502315923974,0.003513815684395464
"Chicago, IL","Portland, OR",6243,6191,1444,33,19,0.23324180261670166,0.005285920230658337,0.00304340861765177
"Chicago, IL","New Orleans, LA",6241,6130,1253,79,32,0.20440456769983686,0.012658227848101266,0.005127383432142285
"Atlanta, GA","San Antonio, TX",6221,6132,1235,70,19,0.20140247879973908,0.011252210255585919,0.0030541713550876065
"Miami, FL","Tampa, FL",6201,6118,1443,79,4,0.2358613926119647,0.012739880664408966,0.0006450572488308337
"Chicago, IL","Dallas, TX",6178,6050,1425,100,28,0.23553719008264462,0.01618646811265782,0.004532211071544189
"Detroit, MI","Las Vegas, NV",6177,6152,1160,16,9,0.18855656697009102,0.0025902541686903028,0.0014570179698882952
"Atlanta, GA","Birmingham, AL",6158,6058,905,90,10,0.14938923737207,0.014615134784020786,0.0016239038648911985
"Dallas/Fort Worth, TX","Springfield, MO",6151,5996,1430,135,20,0.23849232821881255,0.021947650788489675,0.003251503820516989
"Burbank, CA","Oakland, CA",6145,6034,863,102,9,0.14302287040106065,0.01659886086248983,0.0014646053702196907
"Atlanta, GA","Charleston, SC",6139,6033,931,94,12,0.15431791811702303,0.015311940055383612,0.0019547157517510994
"Fort Lauderdale, FL","Washington, DC",6109,5992,1514,84,33,0.25267022696929237,0.013750204616140122,0.005401866099197905
"Phoenix, AZ","San Jose, CA",6101,6072,1076,24,5,0.1772068511198946,0.003933781347320112,0.0008195377806916899
"Dallas, TX","Denver, CO",6092,5983,1751,85,24,0.29266254387431057,0.013952724885095207,0.003939592908732764
"Baltimore, MD","Denver, CO",6083,6000,1454,56,27,0.24233333333333335,0.009205983889528193,0.004438599375308236
"Burbank, CA","San Francisco, CA",6081,5998,1310,66,17,0.2184061353784595,0.010853478046373951,0.002795592830126624
"Chicago, IL","Hartford, CT",6080,6001,1368,69,10,0.22796200633227795,0.011348684210526316,0.001644736842105263
"Denver, CO","Philadelphia, PA",6070,5976,1577,67,27,0.2638888888888889,0.011037891268533773,0.004448105436573311
"Minneapolis, MN","New York, NY",6067,5961,1236,81,25,0.2073477604428787,0.013350914784901928,0.0041206527113894845
"Dallas/Fort Worth, TX","Tulsa, OK",6042,5808,1486,222,12,0.2558539944903581,0.036742800397219465,0.0019860973187686196
"Austin, TX","Nashville, TN",6037,5991,1226,34,12,0.20464029377399431,0.005631936392247805,0.0019877422560874605
"Las Vegas, NV","Newark, NJ",6010,5921,1329,62,27,0.22445532849180883,0.010316139767054908,0.004492512479201331
"Boise, ID","Denver, CO",5996,5962,1385,14,20,0.23230459577323045,0.0023348899266177454,0.00333555703802535
"Honolulu, HI","Seattle, WA",5988,5916,1685,55,17,0.2848208248816768,0.00918503674014696,0.0028390113560454243
"Boston, MA","Tampa, FL",5971,5865,1609,89,17,0.27433930093776643,0.014905375983922291,0.0028470942890638086
"Seattle, WA","Washington, DC",5964,5872,1336,55,37,0.22752043596730245,0.009221998658618377,0.006203890006706908
"Dallas, TX","Phoenix, AZ",5960,5804,1224,135,21,0.21088904203997244,0.022651006711409395,0.003523489932885906
"Denver, CO","San Antonio, TX",5957,5912,1300,27,18,0.2198917456021651,0.004532482793352359,0.003021655195568239
"Denver, CO","Detroit, MI",5947,5900,1370,22,25,0.23220338983050848,0.0036993442071632755,0.004203800235412813
"Dallas/Fort Worth, TX","Midland/Odessa, TX",5946,5780,1224,153,13,0.21176470588235294,0.025731584258324926,0.002186343760511268
"Austin, TX","Las Vegas, NV",5942,5905,1392,26,11,0.23573243014394582,0.0043756311006395154,0.0018512285425782565
"Chicago, IL","Oklahoma City, OK",5933,5815,1441,93,25,0.2478073946689596,0.015675037923478848,0.004213719871902916
"Chicago, IL","Des Moines, IA",5918,5749,1493,160,9,0.25969733866759437,0.027036160865157147,0.0015207840486650896
"Atlanta, GA","Salt Lake City, UT",5891,5855,1011,27,9,0.1726729291204099,0.004583262603972161,0.0015277542013240537
"Atlanta, GA","Cincinnati, OH",5878,5795,964,75,8,0.16635030198446937,0.012759441987070432,0.0013610071452875127
"Dallas, TX","Las Vegas, NV",5875,5773,1279,80,22,0.22154858825567297,0.013617021276595745,0.00374468085106383
"Atlanta, GA","Fort Myers, FL",5874,5772,1115,86,16,0.19317394317394318,0.014640789921688798,0.002723867892407218
"Charlotte, NC","Phoenix, AZ",5863,5824,998,29,10,0.1713598901098901,0.004946273238956166,0.0017056114617090227
"Charlotte, NC","Denver, CO",5860,5804,1442,35,21,0.24844934527911786,0.005972696245733789,0.003583617747440273
"Dallas/Fort Worth, TX","Santa Ana, CA",5859,5650,1271,166,43,0.2249557522123894,0.028332479945383172,0.007339136371394436
"Dallas/Fort Worth, TX","New Orleans, LA",5840,5585,1753,240,15,0.31387645478961507,0.0410958904109589,0.0025684931506849314
"Denver, CO","Rapid City, SD",5840,5723,1416,92,25,0.24742268041237114,0.015753424657534248,0.004280821917808219
"Boston, MA","Nashville, TN",5828,5749,1594,65,14,0.2772656114106801,0.01115305422100206,0.0024021962937542897
"Boston, MA","Raleigh/Durham, NC",5799,5727,1301,72,0,0.22716954775624237,0.012415933781686497,0.0
"Atlanta, GA","Savannah, GA",5780,5670,919,105,5,0.16208112874779543,0.018166089965397925,0.0008650519031141869
"Chicago, IL","Memphis, TN",5773,5674,1314,82,17,0.23158265773704617,0.01420405335181015,0.002944742768058202
"Detroit, MI","Philadelphia, PA",5772,5662,1214,107,3,0.21441186859766867,0.018537768537768538,0.0005197505197505198
"New York, NY","Seattle, WA",5771,5649,1668,87,35,0.29527349973446626,0.01507537688442211,0.006064806792583608
"Denver, CO","San Jose, CA",5769,5741,1271,17,11,0.22139000174185683,0.0029467845380481885,0.001906742936384122
"Dallas/Fort Worth, TX","Tampa, FL",5730,5552,1636,161,17,0.2946685878962536,0.028097731239092497,0.002966841186736475
"Buffalo, NY","Chicago, IL",5716,5611,1340,95,10,0.23881661022990555,0.01662001399580126,0.0017494751574527643
"Denver, CO","Tucson, AZ",5699,5656,1200,34,9,0.21216407355021216,0.005965958940164941,0.0015792244253377786
"Atlanta, GA","Norfolk, VA",5698,5612,1234,79,7,0.21988595866001426,0.013864513864513865,0.0012285012285012285
"Fort Lauderdale, FL","Philadelphia, PA",5683,5575,1366,90,18,0.24502242152466366,0.015836705965159247,0.0031673411930318494
"Atlanta, GA","Greer, SC",5631,5563,829,61,7,0.14902031278087363,0.010832889362457822,0.0012431184514295863
"Boston, MA","Detroit, MI",5629,5565,1285,57,7,0.23090745732255166,0.010126132527980104,0.0012435601350151003
"Dallas/Fort Worth, TX","Little Rock, AR",5615,5391,1530,214,10,0.2838063439065108,0.03811219946571683,0.0017809439002671415
"Atlanta, GA","Pittsburgh, PA",5611,5503,827,90,18,0.15028166454661093,0.016039921582605598,0.0032079843165211193
"Denver, CO","Ontario, CA",5604,5554,1396,33,17,0.25135037810586963,0.005888650963597431,0.003033547466095646
"Baltimore, MD","Tampa, FL",5601,5493,1177,91,17,0.21427271072273804,0.01624709873236922,0.003035172290662382
"Hartford, CT","Washington, DC",5593,5363,1454,220,10,0.2711169121760209,0.03933488288932594,0.0017879492222420883
"Houston, TX","Tampa, FL",5589,5526,1019,51,12,0.1844010133912414,0.00912506709608159,0.0021470746108427268
"Dallas, TX","San Antonio, TX",5556,5470,934,82,4,0.17074954296160877,0.014758819294456443,0.0007199424046076314
"Dallas/Fort Worth, TX","El Paso, TX",5531,5353,1513,162,16,0.2826452456566411,0.02928945941059483,0.00289278611462665
"Burbank, CA","Sacramento, CA",5529,5421,778,97,11,0.14351595646559676,0.017543859649122806,0.0019895098571170193
"Newark, NJ","Tampa, FL",5523,5409,1505,96,18,0.2782399704196709,0.017381857686040194,0.0032590983161325366
"New York, NY","Phoenix, AZ",5510,5414,1129,80,16,0.20853343184336903,0.014519056261343012,0.0029038112522686023
"Dallas/Fort Worth, TX","Fort Lauderdale, FL",5493,5311,1455,158,24,0.27395970627000565,0.02876388130347715,0.004369197160021846
"Atlanta, GA","Richmond, VA",5488,5396,979,83,9,0.18143068939955523,0.015123906705539359,0.0016399416909620992
"Aspen, CO","Denver, CO",5482,5181,1525,254,47,0.29434472109631343,0.04633345494345129,0.008573513316307917
"Bozeman, MT","Denver, CO",5469,5409,1364,37,23,0.2521723054168978,0.006765405010056683,0.004205522033278479
"Houston, TX","Oklahoma City, OK",5459,5391,1115,48,20,0.20682619180115006,0.008792819197655248,0.0036636746656896865
"Providence, RI","Washington, DC",5455,5196,1373,252,7,0.2642417244033872,0.0461961503208066,0.0012832263978001834
"Atlanta, GA","Louisville, KY",5442,5351,836,77,14,0.15623247991029715,0.014149209849320103,0.0025725836089672913
"Charleston, SC","Charlotte, NC",5439,5335,1065,100,4,0.19962511715089035,0.018385732671446955,0.0007354293068578783
"Atlanta, GA","Pensacola, FL",5428,5319,786,103,6,0.14777213761985336,0.018975681650700075,0.001105379513633014
"Detroit, MI","Fort Lauderdale, FL",5424,5365,1222,46,13,0.22777260018639328,0.008480825958702065,0.002396755162241888
"Minneapolis, MN","Seattle, WA",5421,5388,834,27,6,0.15478841870824053,0.004980630879911455,0.0011068068622025456
"Pittsburgh, PA","Washington, DC",5417,5255,1074,157,5,0.2043767840152236,0.0289828318257338,0.0009230201218386561
"Dallas/Fort Worth, TX","Lubbock, TX",5416,5258,1172,142,16,0.22289844047166224,0.02621861152141802,0.0029542097488921715
"Cleveland, OH","New York, NY",5413,5199,1190,205,9,0.2288901711867667,0.03787179013486052,0.001662663957140218
"Denver, CO","Reno, NV",5385,5338,1182,25,22,0.221431247658299,0.004642525533890436,0.004085422469823584
"Nashville, TN","Philadelphia, PA",5383,5273,1369,97,13,0.2596245021809217,0.018019691621772246,0.0024150102173509194
"Detroit, MI","Los Angeles, CA",5382,5338,952,33,11,0.17834394904458598,0.006131549609810479,0.0020438498699368265
"Dallas/Fort Worth, TX","Wichita, KS",5374,5093,1359,266,15,0.2668368348713921,0.04949758094529215,0.0027912169705991813
"Salt Lake City, UT","San Diego, CA",5366,5338,911,19,9,0.17066316972648932,0.0035408125232948193,0.0016772269847185985
"Atlanta, GA","Greensboro/High Point, NC",5334,5247,810,77,10,0.15437392795883362,0.014435695538057743,0.0018747656542932134
"Austin, TX","San Francisco, CA",5309,5262,975,35,12,0.18529076396807298,0.006592578640045206,0.002260312676586928
"Baltimore, MD","Houston, TX",5309,5216,1152,82,11,0.22085889570552147,0.01544546995667734,0.0020719532868713505
"Orlando, FL","Raleigh/Durham, NC",5301,5232,1112,59,10,0.21253822629969418,0.011129975476325221,0.0018864365214110545
"Los Angeles, CA","Tucson, AZ",5297,5268,840,27,2,0.15945330296127563,0.005097224844251463,0.00037757221068529355
"El Paso, TX","Phoenix, AZ",5271,5222,934,42,7,0.17885867483722712,0.00796812749003984,0.0013280212483399733
"San Jose, CA","Santa Ana, CA",5270,5204,669,58,8,0.12855495772482706,0.011005692599620493,0.0015180265654648956
"New Orleans, LA","New York, NY",5260,5104,1329,135,21,0.260384012539185,0.025665399239543727,0.0039923954372623575
"Los Angeles, CA","Reno, NV",5257,5198,660,49,10,0.12697191227395152,0.009320905459387484,0.0019022256039566293
"Dallas, TX","Orlando, FL",5250,5161,1346,68,21,0.26080217012206935,0.012952380952380953,0.004
"Charleston, SC","Washington, DC",5234,4977,1213,243,14,0.24372111713883865,0.04642720672525793,0.0026748184944593045
"Ontario, CA","Seattle, WA",5230,5150,883,66,14,0.17145631067961165,0.012619502868068833,0.0026768642447418736
"Charlotte, NC","Richmond, VA",5222,5138,1091,79,5,0.21233943168548072,0.015128303332056683,0.0009574875526618154
"Charlotte, NC","Savannah, GA",5219,5089,1025,124,6,0.2014148162703871,0.02375934086989845,0.0011496455259628281
"Denver, CO","Miami, FL",5206,5154,1295,22,30,0.2512611563833915,0.0042258932001536685,0.005762581636573185
"Philadelphia, PA","Tampa, FL",5191,5110,1390,70,11,0.2720156555772994,0.013484877672895397,0.002119052205740705
"Cleveland, OH","Washington, DC",5190,4919,1260,265,6,0.25614962390729823,0.051059730250481696,0.0011560693641618498
"Dallas/Fort Worth, TX","Kansas City, MO",5189,4981,1607,197,11,0.3226259787191327,0.03796492580458662,0.002119868953555598
"Charlotte, NC","Norfolk, VA",5186,5092,1104,89,5,0.21681068342498036,0.01716158889317393,0.0009641342074816814
"Miami, FL","San Juan, PR",5186,5152,1194,28,6,0.23175465838509315,0.005399151561897416,0.0011569610489780178
"New York, NY","St. Louis, MO",5184,5012,1180,152,20,0.23543495610534718,0.029320987654320986,0.0038580246913580245
"New Orleans, LA","Washington, DC",5168,4989,1224,154,25,0.24533974744437764,0.02979876160990712,0.004837461300309598
"Phoenix, AZ","San Antonio, TX",5153,5118,971,28,7,0.18972254787026183,0.005433727925480303,0.0013584319813700757
"Austin, TX","Orlando, FL",5128,5082,1214,31,15,0.2388823297914207,0.006045241809672387,0.0029251170046801873
"Oakland, CA","Santa Ana, CA",5121,5071,687,44,6,0.13547623742851508,0.008592071860964655,0.0011716461628588166
"Chicago, IL","San Antonio, TX",5117,5035,1073,63,19,0.2131082423038729,0.012311901504787962,0.0037131131522376393
"Las Vegas, NV","Ontario, CA",5117,5065,1101,50,2,0.2173741362290227,0.009771350400625366,0.00039085401602501464
"Houston, TX","San Diego, CA",5115,5054,1021,48,13,0.20201820340324494,0.0093841642228739,0.002541544477028348
"Denver, CO","Indianapolis, IN",5105,5063,1271,30,12,0.2510369346237409,0.005876591576885406,0.0023506366307541626
"Miami, FL","Raleigh/Durham, NC",5090,5030,1173,51,9,0.23320079522862824,0.010019646365422397,0.001768172888015717
"Charlotte, NC","Minneapolis, MN",5070,5017,989,44,9,0.19712975882001196,0.008678500986193294,0.0017751479289940828
"Dallas/Fort Worth, TX","Mission/McAllen/Edinburg, TX",5059,4890,1289,157,12,0.26359918200409,0.031033801146471633,0.0023720102787112077
"Los Angeles, CA","Philadelphia, PA",5045,4975,1102,55,15,0.22150753768844222,0.010901883052527254,0.002973240832507433
"Palm Springs, CA","San Francisco, CA",5041,5001,1204,30,10,0.24075184963007398,0.005951200158698671,0.0019837333862328904
"Atlanta, GA","San Diego, CA",5022,4952,1068,34,36,0.21567043618739903,0.0067702110712863405,0.007168458781362007
"Charlotte, NC","Los Angeles, CA",5017,4989,970,24,4,0.19442774103026658,0.004783735299980068,0.0007972892166633447
"Newark, NJ","Phoenix, AZ",5015,4927,1176,63,25,0.23868479805155268,0.012562313060817547,0.004985044865403789
"Boston, MA","Seattle, WA",4982,4919,1268,43,20,0.25777597072575725,0.008631071858691289,0.004014452027298274
"Detroit, MI","Nashville, TN",4969,4919,902,39,11,0.18337060378125636,0.007848661702555847,0.0022137250955926746
"Albany, NY","Chicago, IL",4938,4859,1139,69,10,0.2344103725046306,0.013973268529769137,0.002025111381125962
"Portland, OR","Salt Lake City, UT",4930,4905,617,23,2,0.1257900101936799,0.004665314401622718,0.00040567951318458417
"Dallas/Fort Worth, TX","Memphis, TN",4912,4749,1423,160,3,0.2996420299010318,0.03257328990228013,0.0006107491856677524
"Philadelphia, PA","Raleigh/Durham, NC",4908,4796,1402,105,7,0.29232693911592994,0.021393643031784843,0.0014262428687856561
"Dallas, TX","Nashville, TN",4907,4819,1044,71,17,0.21664245694127413,0.014469125738740575,0.0034644385571632364
"Baltimore, MD","Miami, FL",4885,4786,1211,84,15,0.2530296698704555,0.017195496417604914,0.0030706243602865915
"Nashville, TN","Tampa, FL",4883,4819,1147,50,14,0.23801618593069102,0.010239606799098914,0.0028670899037476962
"Kansas City, MO","Phoenix, AZ",4881,4814,984,54,13,0.2044038221852929,0.011063306699446834,0.0026633886498668305
"Phoenix, AZ","Reno, NV",4868,4814,750,35,19,0.15579559617781472,0.007189811010682005,0.0039030402629416597
"Charlotte, NC","Houston, TX",4865,4770,1136,84,11,0.2381551362683438,0.017266187050359712,0.0022610483042137717
"Dallas/Fort Worth, TX","Portland, OR",4865,4762,1371,87,16,0.2879042419151617,0.01788283658787256,0.00328879753340185
"Albuquerque, NM","Dallas/Fort Worth, TX",4861,4687,1314,157,17,0.2803499039897589,0.03229788109442502,0.003497222793663855
"Corpus Christi, TX","Dallas/Fort Worth, TX",4861,4724,884,127,10,0.18712955122777308,0.026126311458547623,0.002057189878625797
"Charlotte, NC","Myrtle Beach, SC",4858,4736,1013,119,3,0.21389358108108109,0.024495677233429394,0.0006175380815150268
"Denver, CO","Tulsa, OK",4855,4811,1206,31,13,0.25067553523176056,0.006385169927909372,0.002677651905252317
"Amarillo, TX","Dallas/Fort Worth, TX",4847,4688,899,137,22,0.19176621160409557,0.028264906127501547,0.0045388900350732415
"New York, NY","San Diego, CA",4824,4718,939,76,30,0.19902501059771088,0.015754560530679935,0.006218905472636816
"Detroit, MI","Phoenix, AZ",4821,4776,975,26,19,0.2041457286432161,0.005393071976768305,0.00394109105994607
"Nashville, TN","Phoenix, AZ",4820,4777,992,30,13,0.20766171237178147,0.006224066390041493,0.0026970954356846473
"Chicago, IL","Green Bay, WI",4819,4695,1278,119,5,0.2722044728434505,0.02469391990039427,0.0010375596596804316
"Burbank, CA","San Jose, CA",4805,4738,652,56,11,0.13761080624736174,0.011654526534859521,0.0022892819979188346
"Casper, WY","Denver, CO",4797,4732,1208,48,17,0.25528317836010145,0.010006253908692933,0.0035438815926620805
"Burbank, CA","Denver, CO",4796,4747,1136,30,19,0.23930903728670738,0.006255212677231026,0.00396163469557965
"Orlando, FL","St. Louis, MO",4793,4730,1082,43,20,0.22875264270613108,0.0089714166492802,0.004172751929897768
"Boston, MA","Fort Myers, FL",4775,4692,1271,73,10,0.27088661551577153,0.015287958115183246,0.0020942408376963353
"Houston, TX","Salt Lake City, UT",4771,4727,838,30,14,0.17727945843029405,0.006287989939216097,0.002934395304967512
"Denver, CO","Milwaukee, WI",4769,4739,1174,21,9,0.24773158894281494,0.0044034388760746486,0.001887188089746278
"Indianapolis, IN","Orlando, FL",4769,4698,975,58,13,0.20753512132822477,0.012161878800587125,0.002725938351855735
"Fairbanks, AK","Seattle, WA",4762,4723,967,39,0,0.20474274825322888,0.008189836203275935,0.0
"Los Angeles, CA","San Diego, CA",4761,4720,590,41,0,0.125,0.008611636210880068,0.0
"Dallas/Fort Worth, TX","St. Louis, MO",4758,4595,1293,157,6,0.2813928182807399,0.032997057587221525,0.0012610340479192938
"Chicago, IL","South Bend, IN",4753,4634,1453,111,8,0.31355200690548124,0.023353671365453396,0.001683147485798443
"Detroit, MI","Tampa, FL",4751,4702,943,42,7,0.2005529561888558,0.008840244159124395,0.0014733740265207324
"Chicago, IL","Rochester, NY",4738,4661,1087,71,6,0.2332117571336623,0.0149852258336851,0.001266357112705783
"Honolulu, HI","San Francisco, CA",4730,4678,769,43,9,0.16438648995297137,0.00909090909090909,0.0019027484143763213
"Las Vegas, NV","Minneapolis, MN",4724,4690,742,23,11,0.1582089552238806,0.004868755292125318,0.0023285351397121083
"Atlanta, GA","Huntsville, AL",4721,4655,708,58,8,0.15209452201933404,0.012285532726117349,0.0016945562380851515
"Dallas/Fort Worth, TX","Ontario, CA",4712,4566,1288,124,22,0.2820849759088918,0.02631578947368421,0.00466893039049236
"St. Louis, MO","Washington, DC",4711,4544,1270,147,20,0.2794894366197183,0.031203566121842496,0.004245383145828911
"Appleton, WI","Chicago, IL",4692,4575,1328,107,10,0.29027322404371586,0.02280477408354646,0.002131287297527707
"Austin, TX","Dallas, TX",4688,4609,914,72,7,0.198307658928184,0.015358361774744027,0.0014931740614334472
"Miami, FL","Nashville, TN",4685,4627,1176,41,17,0.25416036308623297,0.008751334044823906,0.0036286019210245465
"Fort Lauderdale, FL","San Juan, PR",4669,4636,1070,24,9,0.23080241587575495,0.005140286999357464,0.001927607624759049
"New Orleans, LA","Orlando, FL",4663,4603,993,50,10,0.21572887247447317,0.01072271070126528,0.002144542140253056
"Cedar Rapids/Iowa City, IA","Chicago, IL",4654,4530,1238,120,4,0.27328918322295803,0.02578427159432746,0.0008594757198109154
"Atlanta, GA","Valparaiso, FL",4650,4553,742,86,11,0.1629694706786734,0.018494623655913978,0.0023655913978494624
"Atlanta, GA","Panama City, FL",4636,4546,777,75,15,0.17091948966124065,0.016177739430543573,0.0032355478861087143
"Charlotte, NC","Las Vegas, NV",4632,4585,800,33,14,0.17448200654307525,0.007124352331606218,0.0030224525043177895
"Dallas, TX","New Orleans, LA",4621,4517,1011,92,12,0.22382112021253045,0.01990911058212508,0.002596840510711967
"Atlanta, GA","Sarasota/Bradenton, FL",4616,4548,770,57,11,0.1693051890941073,0.012348353552859619,0.002383015597920277
"Las Vegas, NV","Long Beach, CA",4612,4588,908,24,0,0.1979075850043592,0.005203816131830009,0.0
"Sacramento, CA","Santa Ana, CA",4610,4571,679,33,6,0.14854517611026033,0.007158351409978308,0.0013015184381778742
"Atlanta, GA","Hartford, CT",4602,4531,983,51,20,0.2169499006841757,0.01108213820078227,0.004345936549326379
"Philadelphia, PA","Phoenix, AZ",4588,4515,850,53,20,0.18826135105204872,0.011551874455100261,0.004359197907585004
"Phoenix, AZ","Washington, DC",4588,4520,804,39,29,0.17787610619469027,0.008500435919790758,0.006320836965998256
"Chicago, IL","Traverse City, MI",4585,4435,1557,141,9,0.3510710259301015,0.03075245365321701,0.0019629225736095966
"Dallas/Fort Worth, TX","Raleigh/Durham, NC",4582,4438,1183,124,20,0.2665615141955836,0.027062418158009603,0.004364906154517678
"Baltimore, MD","Detroit, MI",4577,4537,839,38,2,0.18492395856292704,0.008302381472580292,0.00043696744592527855
"Chicago, IL","Santa Ana, CA",4562,4485,939,35,42,0.2093645484949833,0.0076720736519070585,0.00920648838228847
"Birmingham, AL","Dallas/Fort Worth, TX",4554,4393,1159,150,11,0.2638288185750057,0.03293807641633729,0.0024154589371980675
"Chicago, IL","Tulsa, OK",4552,4474,1062,70,8,0.2373714796602593,0.015377855887521968,0.0017574692442882249
"Denver, CO","New Orleans, LA",4552,4495,1047,48,9,0.23292547274749723,0.01054481546572935,0.001977152899824253
"Columbus, OH","Orlando, FL",4538,4491,1007,40,7,0.22422623023825428,0.00881445570736007,0.0015425297487880124
"Houston, TX","Midland/Odessa, TX",4538,4481,817,45,12,0.18232537380049096,0.00991626267078008,0.002644336712208021
"Atlanta, GA","Milwaukee, WI",4536,4462,663,62,12,0.1485880770954729,0.013668430335097001,0.0026455026455026454
"Dallas/Fort Worth, TX","Tucson, AZ",4533,4378,1122,144,11,0.2562814070351759,0.03176704169424222,0.0024266490183101697
"Atlanta, GA","Little Rock, AR",4524,4465,715,50,9,0.1601343784994401,0.011052166224580018,0.001989389920424403
"Las Vegas, NV","San Antonio, TX",4514,4480,812,26,8,0.18125,0.0057598582188746125,0.0017722640673460345
"Los Angeles, CA","Oakland, CA",4501,4456,657,45,0,0.14744165170556553,0.009997778271495223,0.0
"Newark, NJ","San Juan, PR",4492,4393,1333,79,20,0.30343728659230595,0.017586821015138022,0.004452359750667854
"Denver, CO","Des Moines, IA",4480,4438,891,33,9,0.20076611086074808,0.007366071428571428,0.0020089285714285712
"Boston, MA","West Palm Beach/Palm Beach, FL",4477,4383,1398,75,19,0.3189596167008898,0.016752289479562206,0.004243913334822426
"Phoenix, AZ","St. Louis, MO",4463,4419,914,32,12,0.20683412536773024,0.00717006497871387,0.002688774367017701
"Houston, TX","Seattle, WA",4462,4396,1114,47,19,0.2534121929026388,0.0105333930972658,0.004258180188256387
"Fort Myers, FL","New York, NY",4456,4340,1082,100,16,0.24930875576036865,0.02244165170556553,0.003590664272890485
"Charlotte, NC","Wilmington, NC",4453,4373,818,78,2,0.18705694031557282,0.017516281158769367,0.00044913541432741973
"Chicago, IL","Fort Wayne, IN",4449,4313,1407,129,7,0.3262230466032924,0.02899527983816588,0.001573387278040009
"Detroit, MI","Houston, TX",4438,4384,840,47,7,0.19160583941605838,0.010590356016223525,0.0015772870662460567
"Los Angeles, CA","Minneapolis, MN",4430,4405,707,20,5,0.1604994324631101,0.004514672686230248,0.001128668171557562
"Boston, MA","Pittsburgh, PA",4429,4356,924,70,3,0.21212121212121213,0.015804922104312485,0.0006773538044705351
"Chicago, IL","Fargo, ND",4422,4338,1214,70,14,0.2798524665744583,0.015829941203075532,0.003165988240615106
"Charlotte, NC","Greer, SC",4407,4327,1006,77,3,0.2324936445574301,0.01747220331291128,0.0006807351940095302
"Boise, ID","Phoenix, AZ",4392,4367,777,14,11,0.17792534920998396,0.0031876138433515485,0.0025045537340619307
"Jacksonville, FL","Washington, DC",4381,4260,988,111,10,0.231924882629108,0.025336681123031272,0.0022825838849577723
"Charlotte, NC","Jacksonville, FL",4371,4314,867,49,8,0.20097357440890126,0.011210249370853352,0.0018302447952413636
"Denver, CO","Grand Junction, CO",4371,4306,1099,59,6,0.2552252670692058,0.013498055364905056,0.0013726835964310226
"Denver, CO","Durango, CO",4367,4293,1025,58,16,0.23876077335196833,0.013281428898557362,0.0036638424547744447
"Chicago, IL","Jacksonville, FL",4365,4297,966,57,11,0.22480800558529207,0.013058419243986255,0.0025200458190148913
"Austin, TX","San Diego, CA",4329,4289,1146,26,14,0.26719515038470504,0.006006006006006006,0.003234003234003234
"Albuquerque, NM","Los Angeles, CA",4324,4296,486,16,12,0.11312849162011174,0.0037002775208140612,0.0027752081406105457
"Orlando, FL","Pittsburgh, PA",4320,4297,960,18,5,0.22341168256923435,0.004166666666666667,0.0011574074074074073
"Dallas/Fort Worth, TX","Huntsville, AL",4311,4130,1122,170,11,0.27167070217917677,0.039434006031083275,0.002551612154952447
"Charleston, SC","Chicago, IL",4305,4231,871,67,7,0.20586149846372015,0.01556329849012776,0.0016260162601626016
"Chicago, IL","Peoria, IL",4300,4178,1183,116,6,0.28314983245572045,0.026976744186046512,0.0013953488372093023
"Dallas/Fort Worth, TX","Shreveport, LA",4298,4126,1063,163,9,0.2576345128453708,0.037924616100511864,0.0020939972080037225
"New York, NY","Norfolk, VA",4293,4076,868,213,4,0.2129538763493621,0.0496156533892383,0.0009317493594223154
"Atlanta, GA","San Juan, PR",4272,4206,929,44,22,0.22087494056110318,0.010299625468164793,0.005149812734082397
"Atlanta, GA","Jackson/Vicksburg, MS",4258,4186,704,64,8,0.168179646440516,0.015030530765617662,0.0018788163457022077
"Minneapolis, MN","Newark, NJ",4250,4121,1145,119,10,0.27784518320795926,0.028,0.002352941176470588
"Fort Lauderdale, FL","Nashville, TN",4247,4200,934,36,11,0.22238095238095237,0.008476571697668942,0.0025900635742877325
"Los Angeles, CA","Nashville, TN",4243,4207,718,28,8,0.17066793439505587,0.0065991044072590144,0.0018854584020740043
"Houston, TX","St. Louis, MO",4235,4176,853,50,9,0.2042624521072797,0.011806375442739079,0.0021251475796930344
"Portland, ME","Washington, DC",4230,4059,915,158,13,0.2254249815225425,0.03735224586288416,0.0030732860520094564
"Indianapolis, IN","Newark, NJ",4211,4011,807,195,5,0.2011967090501122,0.04630729042982665,0.0011873664212776064
"Omaha, NE","Phoenix, AZ",4209,4171,787,32,6,0.18868376888036442,0.007602755999049656,0.0014255167498218105
"Fort Lauderdale, FL","Los Angeles, CA",4196,4177,864,10,9,0.20684701939190805,0.0023832221163012394,0.0021448999046711154
"Sacramento, CA","Salt Lake City, UT",4190,4180,546,8,2,0.130622009569378,0.0019093078758949881,0.00047732696897374703
"Ontario, CA","Sacramento, CA",4185,4168,529,11,6,0.1269193857965451,0.0026284348864994028,0.0014336917562724014
"Dallas/Fort Worth, TX","Indianapolis, IN",4176,4060,1109,101,15,0.2731527093596059,0.02418582375478927,0.0035919540229885057
"Dallas/Fort Worth, TX","Louisville, KY",4171,4002,1148,156,13,0.2868565717141429,0.037401102853032844,0.0031167585710860706
"Chicago, IL","Norfolk, VA",4167,4108,993,54,5,0.2417234664070107,0.012958963282937365,0.0011999040076793857
"Denver, CO","Wichita, KS",4167,4116,974,43,8,0.23663751214771622,0.010319174466042717,0.001919846412287017
"Fort Myers, FL","Newark, NJ",4167,4093,943,55,19,0.23039335450769607,0.013198944084473242,0.004559635229181665
"Atlanta, GA","Lexington, KY",4165,4096,656,61,8,0.16015625,0.014645858343337335,0.0019207683073229293
"Denver, CO","Palm Springs, CA",4154,4121,874,16,17,0.21208444552293132,0.0038517091959557053,0.004092441020702937
"Detroit, MI","Minneapolis, MN",4154,4138,801,12,4,0.19357177380376994,0.002888781896966779,0.0009629272989889263
"Charlotte, NC","Pensacola, FL",4153,4031,892,109,13,0.22128504093277102,0.026246087165904167,0.0031302672766674693
"Boston, MA","Phoenix, AZ",4151,4116,962,25,10,0.2337220602526725,0.006022645145748013,0.002409058058299205
"Chicago, IL","Syracuse, NY",4147,4047,1042,90,10,0.2574746725969854,0.021702435495538942,0.0024113817217265494
"Los Angeles, CA","San Antonio, TX",4124,4098,592,18,8,0.14446071254270376,0.004364694471387003,0.0019398642095053346
"Boston, MA","Houston, TX",4117,4066,994,36,15,0.2444663059517954,0.008744231236337139,0.0036434296818071412
"Austin, TX","New Orleans, LA",4113,4070,903,33,10,0.22186732186732186,0.008023340627279359,0.0024313153415998056
"Baton Rouge, LA","Dallas/Fort Worth, TX",4109,3933,1009,169,7,0.2565471650139842,0.041129228522754926,0.0017035775127768314
"Pasco/Kennewick/Richland, WA","Seattle, WA",4095,4066,631,27,2,0.15518937530742744,0.006593406593406593,0.0004884004884004884
"Austin, TX","Seattle, WA",4092,4058,862,27,7,0.21241991128634796,0.006598240469208211,0.001710654936461388
"Nashville, TN","Raleigh/Durham, NC",4070,4003,847,58,9,0.2115913065201099,0.01425061425061425,0.0022113022113022115
"Dallas, TX","Kansas City, MO",4066,3979,829,78,9,0.20834380497612465,0.019183472700442697,0.0022134776192818495
"Birmingham, AL","Charlotte, NC",4064,3950,756,110,4,0.19139240506329114,0.027066929133858268,0.000984251968503937
"Baltimore, MD","Las Vegas, NV",4056,4011,826,31,14,0.20593368237347295,0.007642998027613412,0.0034516765285996054
"Detroit, MI","Seattle, WA",4055,4027,731,21,7,0.18152470821951824,0.005178791615289766,0.0017262638717632551
"Las Vegas, NV","St. Louis, MO",4049,4000,811,37,12,0.20275,0.009138058779945666,0.0029636947394418374
"Honolulu, HI","Las Vegas, NV",4046,3997,764,9,40,0.1911433575181386,0.0022244191794364805,0.009886307464162136
"Chicago, IL","Wichita, KS",4038,3935,1191,94,9,0.30266836086404064,0.023278850916295196,0.002228826151560178
"Colorado Springs, CO","Dallas/Fort Worth, TX",4034,3893,1070,127,14,0.2748522989982019,0.03148239960337134,0.0034705007436787306
"Chicago, IL","Knoxville, TN",4026,3920,1206,94,12,0.3076530612244898,0.02334823646299056,0.0029806259314456036
"Denver, CO","Spokane, WA",4023,3997,928,12,14,0.23217413059794847,0.002982848620432513,0.003479990057171265
"Charlotte, NC","St. Louis, MO",4014,3960,828,47,7,0.20909090909090908,0.011709018435475834,0.0017438963627304435
"Newark, NJ","Seattle, WA",4013,3938,1049,60,15,0.2663788725241239,0.0149514079242462,0.00373785198106155
"Charlotte, NC","Columbus, OH",4006,3944,894,61,1,0.22667342799188642,0.015227159261108337,0.00024962556165751375
"Eugene, OR","Seattle, WA",4000,3961,656,36,3,0.1656147437515779,0.009,0.00075
"Las Vegas, NV","Nashville, TN",3997,3975,728,17,5,0.1831446540880503,0.004253189892419315,0.0012509382036527395
"Oakland, CA","Phoenix, AZ",3993,3980,843,9,4,0.21180904522613064,0.002253944402704733,0.0010017530678687703
"Long Beach, CA","Sacramento, CA",3982,3966,513,15,1,0.12934947049924356,0.0037669512807634357,0.00025113008538422905
"Boston, MA","Indianapolis, IN",3979,3917,796,62,0,0.20321674751085014,0.0155818044734858,0.0
"Dallas, TX","St. Louis, MO",3979,3879,778,86,14,0.2005671564836298,0.021613470721286755,0.0035184719778838906
"Austin, TX","New York, NY",3965,3899,806,55,11,0.20671967171069505,0.013871374527112233,0.0027742749054224464
"Boston, MA","Columbus, OH",3961,3922,748,34,5,0.19071902090770015,0.008583690987124463,0.0012623074981065387
"Chicago, IL","Providence, RI",3960,3904,936,48,8,0.23975409836065573,0.012121212121212121,0.00202020202020202
"Cleveland, OH","Newark, NJ",3952,3849,938,101,2,0.24369966224993506,0.025556680161943318,0.0005060728744939271
"Minneapolis, MN","Orlando, FL",3950,3917,842,25,8,0.21496042889966813,0.006329113924050633,0.0020253164556962027
"Charlotte, NC","New Orleans, LA",3949,3891,743,55,3,0.19095348239527113,0.013927576601671309,0.0007596859964547987
"New York, NY","Salt Lake City, UT",3945,3907,793,30,8,0.20296902994625032,0.0076045627376425855,0.0020278833967046894
"Chicago, IL","Richmond, VA",3941,3853,1034,77,11,0.2683623150791591,0.019538188277087035,0.002791169753869576
"Newark, NJ","Pittsburgh, PA",3926,3743,705,182,1,0.18835158963398344,0.046357615894039736,0.00025471217524197657
"Boston, MA","San Juan, PR",3917,3861,1044,40,16,0.2703962703962704,0.010211896859841715,0.0040847587439366865
"Las Vegas, NV","Washington, DC",3900,3864,827,14,22,0.21402691511387165,0.0035897435897435897,0.0056410256410256415
"Austin, TX","Newark, NJ",3898,3830,1023,56,12,0.2671018276762402,0.014366341713699333,0.0030785017957927143
"Burlington, VT","Washington, DC",3891,3709,946,166,16,0.2550552709625236,0.042662554613209974,0.004112053456694937
"Kansas City, MO","Las Vegas, NV",3887,3848,727,28,11,0.18892931392931392,0.0072034988422948285,0.002829945973758683
"Charlotte, NC","West Palm Beach/Palm Beach, FL",3883,3835,771,44,4,0.20104302477183833,0.0113314447592068,0.0010301313417460727
"Hartford, CT","Orlando, FL",3880,3832,899,28,20,0.2346033402922756,0.007216494845360825,0.005154639175257732
"Charlotte, NC","Indianapolis, IN",3879,3804,863,68,7,0.2268664563617245,0.017530291312193864,0.0018045888115493685
"Charlotte, NC","Fort Myers, FL",3876,3814,722,52,10,0.18930256948086,0.013415892672858616,0.0025799793601651187
"Charlotte, NC","Pittsburgh, PA",3872,3827,764,42,3,0.19963417820747323,0.01084710743801653,0.0007747933884297521
"Portland, OR","Sacramento, CA",3864,3842,687,17,5,0.17881311816762102,0.004399585921325052,0.0012939958592132505
"Nashville, TN","Newark, NJ",3845,3725,1029,111,9,0.27624161073825504,0.028868660598179455,0.0023407022106631988
"Buffalo, NY","Orlando, FL",3844,3809,832,22,13,0.21843003412969283,0.005723204994797087,0.0033818938605619147
"Charleston, SC","New York, NY",3837,3703,1038,124,10,0.2803132595193087,0.03231691425592911,0.0026062027625749283
"Charlotte, NC","Cincinnati, OH",3836,3756,969,75,5,0.25798722044728434,0.019551616266944735,0.0013034410844629822
"Chicago, IL","Moline, IL",3834,3711,1015,121,2,0.27351118296954996,0.03155972874282734,0.0005216484089723526
"Cleveland, OH","Orlando, FL",3823,3783,812,35,5,0.21464446206714247,0.009155113784985614,0.0013078733978550876
"Greensboro/High Point, NC","New York, NY",3822,3650,825,169,3,0.22602739726027396,0.04421768707482993,0.0007849293563579278
"Minneapolis, MN","San Francisco, CA",3819,3798,632,13,8,0.1664033701948394,0.0034040324692327832,0.002094789211835559
"Oakland, CA","Seattle, WA",3816,3796,950,20,0,0.25026343519494204,0.005241090146750524,0.0
"Dallas/Fort Worth, TX","Jackson/Vicksburg, MS",3799,3634,930,153,12,0.25591634562465604,0.04027375625164517,0.0031587259805211897
"Minneapolis, MN","Philadelphia, PA",3790,3718,833,66,6,0.2240451855836471,0.017414248021108178,0.0015831134564643799
"Oklahoma City, OK","Phoenix, AZ",3787,3762,804,21,4,0.21371610845295055,0.005545286506469501,0.0010562450488513335
"Austin, TX","Miami, FL",3783,3734,856,40,9,0.2292447777182646,0.010573618821041502,0.0023790642347343376
"Bend/Redmond, OR","Seattle, WA",3783,3739,636,37,7,0.1700989569403584,0.009780597409463389,0.0018503832936822627
"Baltimore, MD","Nashville, TN",3781,3714,738,59,8,0.1987075928917609,0.015604337476857974,0.0021158423697434543
"Kahului, HI","Los Angeles, CA",3770,3743,567,17,10,0.15148276783328882,0.004509283819628647,0.002652519893899204
"Washington, DC","West Palm Beach/Palm Beach, FL",3756,3675,1031,61,20,0.2805442176870748,0.016240681576144837,0.005324813631522897
"Asheville, NC","Atlanta, GA",3754,3708,674,40,6,0.18176914778856526,0.010655301012253596,0.0015982951518380393
"Kansas City, MO","Washington, DC",3749,3596,951,132,21,0.2644605116796441,0.03520938917044545,0.005601493731661776
"Baltimore, MD","Providence, RI",3714,3663,675,48,3,0.18427518427518427,0.012924071082390954,0.0008077544426494346
"Newark, NJ","Washington, DC",3714,3631,1101,81,2,0.3032222528229138,0.021809369951534735,0.0005385029617662897
"Charlotte, NC","Cleveland, OH",3710,3655,822,52,3,0.22489740082079343,0.014016172506738544,0.0008086253369272237
"Boston, MA","Minneapolis, MN",3701,3692,775,4,5,0.2099133261105092,0.0010807889759524452,0.0013509862199405566
"Newark, NJ","Raleigh/Durham, NC",3698,3574,1055,122,2,0.2951874650251819,0.03299080584099513,0.0005408328826392645
"Baltimore, MD","Dallas, TX",3692,3616,872,63,13,0.2411504424778761,0.01706392199349946,0.0035211267605633804
"Orlando, FL","Seattle, WA",3686,3649,840,20,17,0.23020005480953687,0.005425935973955507,0.004612045577862181
"Cleveland, OH","Denver, CO",3679,3650,828,16,13,0.22684931506849315,0.004349007882576787,0.0035335689045936395
"Denver, CO","Sioux Falls, SD",3679,3628,880,37,14,0.24255788313120177,0.01005708072845882,0.0038053818972546886
"Atlanta, GA","Columbia, SC",3678,3632,604,42,4,0.16629955947136563,0.011419249592169658,0.001087547580206634
"Salt Lake City, UT","San Jose, CA",3671,3658,388,13,0,0.1060688901038819,0.003541269408880414,0.0
"New York, NY","Richmond, VA",3670,3497,960,171,2,0.2745210180154418,0.04659400544959128,0.0005449591280653951
"Atlanta, GA","Oklahoma City, OK",3659,3586,685,59,14,0.1910206358059119,0.016124624214266192,0.0038261820169445205
"Chicago, IL","Sacramento, CA",3646,3616,838,15,15,0.23174778761061948,0.004114097641250686,0.004114097641250686
"Detroit, MI","Fort Myers, FL",3644,3592,734,41,11,0.20434298440979956,0.011251372118551043,0.0030186608122941823
"Jacksonville, FL","Miami, FL",3641,3592,781,46,3,0.21742761692650334,0.012633891787970338,0.0008239494644328481
"Denver, CO","El Paso, TX",3639,3617,865,16,6,0.2391484655792093,0.004396812311074471,0.0016488046166529267
"Miami, FL","Phoenix, AZ",3634,3608,702,12,14,0.19456762749445677,0.003302146395156852,0.003852504127682994
"Detroit, MI","St. Louis, MO",3633,3600,620,29,4,0.17222222222222222,0.007982383704927057,0.0011010184420589045
"Detroit, MI","San Francisco, CA",3629,3588,730,33,8,0.20345596432552954,0.009093414163681455,0.002204464039680353
"Billings, MT","Denver, CO",3626,3563,868,41,22,0.24361493123772102,0.011307225592939878,0.006067291781577496
"Houston, TX","Tulsa, OK",3623,3581,650,35,7,0.18151354370287628,0.009660502346121999,0.0019321004692243997
"Dallas/Fort Worth, TX","Killeen, TX",3622,3486,776,128,8,0.22260470453241538,0.0353395913859746,0.0022087244616234127
"Kahului, HI","Seattle, WA",3618,3552,721,46,20,0.20298423423423423,0.01271420674405749,0.00552791597567717
"Baltimore, MD","Raleigh/Durham, NC",3614,3554,614,58,2,0.172763083849184,0.016048699501936912,0.0005534034311012728
"Charlotte, NC","Memphis, TN",3608,3539,768,63,6,0.2170104549307714,0.01746119733924612,0.0016629711751662971
"Cincinnati, OH","Orlando, FL",3608,3572,889,25,11,0.2488801791713326,0.006929046563192905,0.003048780487804878
"Fresno, CA","Las Vegas, NV",3602,3588,647,12,2,0.18032329988851728,0.003331482509716824,0.000555247084952804
"Reno, NV","San Francisco, CA",3597,3537,767,54,6,0.21685043822448402,0.015012510425354461,0.0016680567139282735
"Philadelphia, PA","San Francisco, CA",3596,3565,694,25,6,0.1946704067321178,0.006952169076751946,0.0016685205784204673
"Dallas/Fort Worth, TX","Pensacola, FL",3588,3442,1176,133,13,0.34166182452062754,0.03706800445930881,0.0036231884057971015
"Minneapolis, MN","St. Louis, MO",3583,3549,698,31,3,0.19667511975204283,0.008651967624895339,0.0008372871895060006
"Los Angeles, CA","New Orleans, LA",3578,3528,639,38,12,0.18112244897959184,0.010620458356623811,0.003353828954723309
"Atlanta, GA","Omaha, NE",3576,3516,633,48,12,0.18003412969283278,0.013422818791946308,0.003355704697986577
"Dallas/Fort Worth, TX","Jacksonville, FL",3576,3448,1020,107,21,0.29582366589327147,0.029921700223713647,0.00587248322147651
"Orlando, FL","Phoenix, AZ",3576,3542,779,11,23,0.2199322416713721,0.003076062639821029,0.006431767337807606
"Cincinnati, OH","Dallas/Fort Worth, TX",3571,3452,970,108,11,0.2809965237543453,0.03024362923550826,0.003080369644357323
"Albuquerque, NM","Las Vegas, NV",3561,3541,692,18,2,0.1954250211804575,0.005054759898904802,0.0005616399887672002
"Denver, CO","Raleigh/Durham, NC",3561,3542,910,9,10,0.25691699604743085,0.002527379949452401,0.002808199943836001
"Detroit, MI","Miami, FL",3556,3525,876,25,6,0.24851063829787234,0.00703037120359955,0.001687289088863892
"Dallas/Fort Worth, TX","Lafayette, LA",3552,3419,907,125,8,0.2652822462708394,0.03519144144144144,0.0022522522522522522
"Houston, TX","Minneapolis, MN",3551,3502,834,36,13,0.23814962878355225,0.010137989298789073,0.0036609405801182764
"Dallas, TX","El Paso, TX",3549,3487,672,49,13,0.19271580154860912,0.013806706114398421,0.003663003663003663
"Boston, MA","Cleveland, OH",3541,3487,733,52,2,0.21020934901061084,0.014685117198531489,0.0005648121999435188
"Denver, CO","Idaho Falls, ID",3541,3481,828,38,22,0.2378626831370296,0.010731431798926857,0.006212934199378707
"Oakland, CA","Salt Lake City, UT",3534,3527,360,4,3,0.10206974766090161,0.0011318619128466328,0.0008488964346349745
"Boston, MA","Richmond, VA",3531,3471,800,55,5,0.23048112935753384,0.01557632398753894,0.001416029453412631
"Denver, CO","Pittsburgh, PA",3525,3507,880,11,7,0.25092671799258626,0.003120567375886525,0.0019858156028368795
"Abilene, TX","Dallas/Fort Worth, TX",3523,3434,712,85,4,0.20733838089691323,0.024127164348566564,0.0011353959693443088
"Dallas/Fort Worth, TX","Santa Fe, NM",3520,3409,850,92,19,0.24933998239953065,0.026136363636363635,0.005397727272727273
"Charlotte, NC","Louisville, KY",3511,3422,831,82,7,0.2428404441846873,0.02335516946738821,0.0019937339789233835
"Columbus, OH","Newark, NJ",3510,3338,697,169,3,0.20880766926303176,0.04814814814814815,0.0008547008547008547
"Houston, TX","Memphis, TN",3509,3468,763,34,7,0.22001153402537485,0.00968937019093759,0.001994870333428327
"Long Beach, CA","Oakland, CA",3505,3493,387,9,3,0.11079301460062983,0.0025677603423680455,0.0008559201141226819
"Baltimore, MD","Hartford, CT",3495,3437,644,53,5,0.18737270875763748,0.015164520743919885,0.001430615164520744
"Charlotte, NC","Hartford, CT",3493,3432,698,50,11,0.20337995337995338,0.0143143429716576,0.0031491554537646724
"Columbus, OH","Dallas/Fort Worth, TX",3493,3395,899,83,15,0.26480117820324006,0.023761809332951616,0.00429430289149728
"Kansas City, MO","New York, NY",3488,3369,906,102,17,0.26892252894033836,0.029243119266055047,0.004873853211009175
"Columbus, OH","Denver, CO",3471,3448,909,10,13,0.263631090487239,0.002881014116969173,0.003745318352059925
"Dallas, TX","Washington, DC",3470,3377,964,78,15,0.2854604678708913,0.022478386167146973,0.004322766570605188
"Las Vegas, NV","Philadelphia, PA",3467,3394,748,64,9,0.22038892162639953,0.018459763484280356,0.0025959042399769255
"San Diego, CA","Washington, DC",3467,3425,694,14,28,0.20262773722627736,0.004038073262186328,0.008076146524372656
"Salt Lake City, UT","Santa Ana, CA",3463,3437,528,15,11,0.15362234506837358,0.004331504475887958,0.0031764366156511693
"Dallas/Fort Worth, TX","Sacramento, CA",3461,3363,913,78,20,0.27148379423134106,0.022536839063854376,0.005778676683039584
"Las Vegas, NV","Miami, FL",3451,3420,802,20,11,0.23450292397660819,0.005795421616922631,0.003187481889307447
"Boston, MA","San Diego, CA",3441,3391,728,28,22,0.2146859333529932,0.008137169427492008,0.006393490264458007
"Baltimore, MD","Los Angeles, CA",3439,3407,573,24,8,0.16818315233343117,0.006978772899098575,0.0023262576330328583
"Charlotte, NC","Lexington, KY",3438,3320,844,111,7,0.25421686746987954,0.03228621291448516,0.002036067481093659
"Austin, TX","Charlotte, NC",3436,3374,804,54,8,0.23829282750444578,0.01571594877764843,0.002328288707799767
"Boston, MA","Las Vegas, NV",3431,3403,783,13,15,0.23009109609168382,0.003788982803847275,0.004371903235208394
"Boise, ID","Salt Lake City, UT",3427,3401,378,24,2,0.11114378124081152,0.007003209804493727,0.0005836008170411438
"Austin, TX","Salt Lake City, UT",3424,3408,662,7,9,0.1942488262910798,0.0020443925233644858,0.002628504672897196
"Miami, FL","New Orleans, LA",3416,3340,872,68,8,0.26107784431137726,0.01990632318501171,0.00234192037470726
"Denver, CO","Oakland, CA",3407,3385,968,16,6,0.2859675036927622,0.004696213677722336,0.0017610801291458762
"Norfolk, VA","Washington, DC",3407,3250,930,154,3,0.28615384615384615,0.04520105664807749,0.0008805400645729381
"Cleveland, OH","Dallas/Fort Worth, TX",3394,3296,920,83,15,0.279126213592233,0.024454920447849145,0.00441956393635828
"Portland, OR","San Jose, CA",3386,3376,558,8,2,0.16528436018957346,0.002362669816893089,0.0005906674542232723
"Baltimore, MD","Buffalo, NY",3373,3319,639,51,3,0.19252786984031334,0.015120071153276016,0.0008894159501927068
"Chicago, IL","Sioux Falls, SD",3371,3279,1114,85,7,0.33973772491613297,0.025215069712251556,0.0020765351527736575
"Chicago, IL","Fayetteville, AR",3365,3305,852,52,8,0.25779122541603633,0.015453194650817237,0.00237741456166419
"Portland, OR","San Diego, CA",3365,3327,590,35,3,0.17733694018635407,0.010401188707280832,0.0008915304606240713
"Albuquerque, NM","Chicago, IL",3353,3308,706,34,11,0.21342200725513905,0.010140172979421413,0.003280644199224575
"Miami, FL","San Francisco, CA",3353,3339,669,3,11,0.20035938903863432,0.000894721145243066,0.003280644199224575
"Salt Lake City, UT","Spokane, WA",3350,3337,397,8,5,0.11896913395265209,0.0023880597014925373,0.0014925373134328358
"Albuquerque, NM","Dallas, TX",3342,3288,609,46,8,0.1852189781021898,0.01376421304608019,0.0023937761819269898
"Houston, TX","Philadelphia, PA",3340,3265,728,63,12,0.2229709035222052,0.018862275449101795,0.003592814371257485
"Salt Lake City, UT","St. George, UT",3334,3327,244,6,1,0.07333934475503456,0.001799640071985603,0.00029994001199760045
"Dallas/Fort Worth, TX","Laredo, TX",3330,3190,630,131,9,0.1974921630094044,0.03933933933933934,0.002702702702702703
"Boston, MA","Cincinnati, OH",3322,3260,725,57,5,0.2223926380368098,0.01715833835039133,0.0015051173991571343
"Charlotte, NC","Fayetteville, AR",3317,3246,695,67,4,0.21410967344423906,0.020198974977389206,0.0012059089538739825
"Orlando, FL","Providence, RI",3298,3273,799,14,11,0.24411854567674915,0.004244996967859308,0.0033353547604608852
"Denver, CO","Fort Lauderdale, FL",3293,3266,679,10,17,0.20789957134109002,0.0030367446097783178,0.00516246583662314
"Palm Springs, CA","Seattle, WA",3279,3259,512,14,6,0.15710340595274624,0.004269594388533089,0.0018298261665141812
"Philadelphia, PA","San Juan, PR",3278,3210,1064,55,13,0.3314641744548287,0.016778523489932886,0.003965832824893227
"Albany, NY","Baltimore, MD",3273,3232,542,39,2,0.1676980198019802,0.011915673693858845,0.0006110601894286587
"Chicago, IL","Savannah, GA",3272,3223,689,42,7,0.21377598510704313,0.012836185819070905,0.002139364303178484
"Chicago, IL","Dayton, OH",3270,3165,882,103,2,0.2786729857819905,0.03149847094801223,0.0006116207951070336
"Palm Springs, CA","Phoenix, AZ",3267,3239,650,25,3,0.20067922198209323,0.007652280379553107,0.0009182736455463728
"Atlanta, GA","Knoxville, TN",3263,3201,564,54,8,0.17619493908153702,0.0165491878639289,0.002451731535396874
"Denver, CO","Jackson, WY",3260,3191,800,39,30,0.25070510811657787,0.01196319018404908,0.009202453987730062
"Jacksonville, FL","New York, NY",3252,3132,837,102,18,0.2672413793103448,0.03136531365313653,0.005535055350553505
"Minneapolis, MN","Nashville, TN",3250,3219,536,22,9,0.16651133892513204,0.00676923076923077,0.002769230769230769
"Philadelphia, PA","West Palm Beach/Palm Beach, FL",3246,3173,883,65,8,0.27828553419476837,0.02002464571780653,0.0024645717806531116
"West Palm Beach/Palm Beach, FL","White Plains, NY",3243,3167,724,43,33,0.22860751499842122,0.013259327782917052,0.010175763182238668
"Austin, TX","Minneapolis, MN",3238,3223,755,7,8,0.23425380080670183,0.0021618282890673254,0.0024706609017912293
"Boston, MA","St. Louis, MO",3230,3181,756,44,5,0.23766111285759195,0.013622291021671827,0.0015479876160990713
"Dallas/Fort Worth, TX","Knoxville, TN",3229,3121,897,98,10,0.28740788208907403,0.03034995354598947,0.003096934035305048
"Dallas, TX","Lubbock, TX",3228,3175,568,44,9,0.1788976377952756,0.013630731102850062,0.0027881040892193307
"Dallas/Fort Worth, TX","Harlingen/San Benito, TX",3222,3076,578,141,5,0.18790637191157347,0.043761638733705775,0.0015518311607697084
"Honolulu, HI","San Diego, CA",3220,3166,785,22,32,0.24794693619709413,0.0068322981366459624,0.009937888198757764
"Las Vegas, NV","Orlando, FL",3218,3197,717,10,11,0.22427275570847668,0.003107520198881293,0.003418272218769422
"Baltimore, MD","Manchester, NH",3210,3177,554,29,4,0.17437834435001573,0.009034267912772585,0.0012461059190031153
"Detroit, MI","Raleigh/Durham, NC",3206,3189,456,13,4,0.14299153339604892,0.004054897067997504,0.0012476606363069245
"Denver, CO","Lincoln, NE",3203,3140,850,43,20,0.27070063694267515,0.013424914142990947,0.0062441461130190445
"Burbank, CA","Seattle, WA",3202,3113,685,72,17,0.22004497269514936,0.022485946283572766,0.005309181761399126
"Chicago, IL","Lexington, KY",3195,3133,927,57,5,0.2958825406958187,0.01784037558685446,0.001564945226917058
"Charlotte, NC","San Francisco, CA",3193,3161,713,24,8,0.22556153116102498,0.007516442217350454,0.002505480739116818
"Chattanooga, TN","Dallas/Fort Worth, TX",3187,3101,783,76,10,0.2524991938084489,0.023846877941637906,0.0031377470975839346
"Minneapolis, MN","Salt Lake City, UT",3186,3181,444,5,0,0.13957874882112542,0.001569365976145637,0.0
"Cincinnati, OH","New York, NY",3182,3076,642,98,8,0.20871261378413525,0.030798240100565682,0.00251414204902577
"Kona, HI","Los Angeles, CA",3180,3151,443,20,9,0.14059028879720722,0.006289308176100629,0.002830188679245283
"Dallas/Fort Worth, TX","Omaha, NE",3179,3074,884,99,6,0.28757319453480806,0.031141868512110725,0.0018873859704309531
"Charlotte, NC","Sarasota/Bradenton, FL",3178,3133,627,41,4,0.2001276731567188,0.012901195720578981,0.0012586532410320957
"Nashville, TN","New Orleans, LA",3178,3126,615,47,5,0.1967370441458733,0.014789175582127124,0.0015733165512901196
"Atlanta, GA","Portland, OR",3172,3148,592,17,7,0.1880559085133418,0.005359394703656999,0.0022068095838587644
"Dallas, TX","San Diego, CA",3171,3106,745,43,22,0.23985833869929168,0.013560391043834753,0.006937874487543362
"Charlotte, NC","San Diego, CA",3167,3131,582,21,15,0.1858831044394762,0.006630880959898958,0.00473634354278497
"Juneau, AK","Seattle, WA",3158,3100,718,51,7,0.23161290322580644,0.016149461684610514,0.002216592780240659
"Long Beach, CA","Phoenix, AZ",3152,3131,515,19,2,0.16448419035451933,0.006027918781725888,0.0006345177664974619
"Boston, MA","Jacksonville, FL",3151,3090,827,58,3,0.2676375404530744,0.018406854966677245,0.000952078705172961
"Jacksonville, FL","Philadelphia, PA",3150,3071,779,77,2,0.25366330185607294,0.024444444444444446,0.0006349206349206349
"Kansas City, MO","Orlando, FL",3149,3100,689,38,11,0.22225806451612903,0.012067322959669736,0.003493172435693871
"Oakland, CA","Ontario, CA",3147,3132,407,14,1,0.12994891443167306,0.0044486812837623135,0.00031776294884016526
"Atlanta, GA","Daytona Beach, FL",3146,3103,486,35,8,0.15662262326780535,0.01112523839796567,0.0025429116338207248
"Chicago, IL","Flint, MI",3141,3055,974,82,4,0.3188216039279869,0.026106335561922954,0.0012734797835084368
"Brownsville, TX","Dallas/Fort Worth, TX",3134,3015,635,110,9,0.21061359867330018,0.03509891512444161,0.002871729419272495
"Bismarck/Mandan, ND","Denver, CO",3130,3068,796,36,26,0.25945241199478486,0.011501597444089457,0.008306709265175719
"Atlanta, GA","Tallahassee, FL",3108,3059,535,43,6,0.17489375612945407,0.013835263835263836,0.0019305019305019305
"Charlotte, NC","Providence, RI",3105,3050,611,52,3,0.200327868852459,0.01674718196457327,0.000966183574879227
"Long Beach, CA","Salt Lake City, UT",3104,3094,350,6,4,0.11312217194570136,0.0019329896907216496,0.001288659793814433
"Newark, NJ","San Diego, CA",3104,3023,667,47,34,0.22064174660932848,0.015141752577319588,0.01095360824742268
"Detroit, MI","Salt Lake City, UT",3099,3093,452,2,4,0.14613643711606855,0.0006453694740238787,0.0012907389480477573
"Atlanta, GA","Gainesville, FL",3096,3047,470,44,5,0.154250082047916,0.014211886304909561,0.001614987080103359
"Chicago, IL","Springfield, MO",3094,3030,850,53,11,0.28052805280528054,0.01712992889463478,0.003555268261150614
"Denver, CO","Little Rock, AR",3092,3053,815,26,13,0.2669505404520144,0.008408796895213453,0.004204398447606727
"Atlanta, GA","Tulsa, OK",3086,3013,529,64,9,0.17557251908396945,0.020738820479585224,0.002916396629941672
"Charlotte, NC","Greensboro/High Point, NC",3077,3003,613,73,1,0.20412920412920413,0.023724406889827753,0.00032499187520311994
"Baltimore, MD","Norfolk, VA",3063,3021,582,37,5,0.1926514399205561,0.01207966046359778,0.001632386549134835
"Boise, ID","San Francisco, CA",3062,3046,604,9,7,0.19829284307288247,0.002939255388634879,0.0022860875244937948
"Dallas/Fort Worth, TX","Pittsburgh, PA",3055,2998,778,49,8,0.25950633755837227,0.016039279869067103,0.002618657937806874
"Portland, OR","Santa Ana, CA",3052,3009,281,40,3,0.09338650714523097,0.01310615989515072,0.000982961992136304
"Indianapolis, IN","Phoenix, AZ",3050,3033,654,14,3,0.21562809099901087,0.0045901639344262295,0.0009836065573770492
"Dallas, TX","Los Angeles, CA",3045,3006,680,30,9,0.2262142381902861,0.009852216748768473,0.002955665024630542
"Chicago, IL","Harrisburg, PA",3043,2986,722,55,2,0.2417950435365037,0.01807426881367072,0.0006572461386789353
"Chicago, IL","Greer, SC",3037,2941,741,88,8,0.2519551173070384,0.028975963121501483,0.0026341784655910436
"Indianapolis, IN","Philadelphia, PA",3030,2949,727,76,5,0.2465242455069515,0.025082508250825083,0.0016501650165016502
"Denver, CO","Williston, ND",3024,2962,755,28,34,0.2548953409858204,0.009259259259259259,0.011243386243386243
"Orlando, FL","Salt Lake City, UT",3019,2994,579,5,20,0.1933867735470942,0.0016561775422325273,0.006624710168930109
"Burbank, CA","Salt Lake City, UT",3014,2988,421,17,9,0.14089692101740295,0.00564034505640345,0.0029860650298606504
"Philadelphia, PA","St. Louis, MO",3013,2953,671,53,7,0.22722654927192684,0.017590441420511117,0.0023232658479920344
"Cincinnati, OH","Washington, DC",3009,2879,847,123,7,0.29419937478291075,0.040877367896311065,0.002326354270521768
"Cincinnati, OH","Denver, CO",3000,2957,709,28,15,0.23977003719986473,0.009333333333333334,0.005
"Islip, NY","Orlando, FL",2996,2964,731,19,13,0.24662618083670715,0.006341789052069426,0.0043391188251001335
"Akron, OH","Chicago, IL",2994,2907,858,82,5,0.2951496388028896,0.02738810955243821,0.0016700066800267202
"Corpus Christi, TX","Houston, TX",2980,2945,586,34,1,0.19898132427843804,0.011409395973154362,0.0003355704697986577
"Kahului, HI","San Francisco, CA",2980,2965,271,9,6,0.09139966273187183,0.0030201342281879194,0.0020134228187919465
"New York, NY","Savannah, GA",2975,2862,674,108,5,0.23549965059399022,0.03630252100840336,0.0016806722689075631
"Atlanta, GA","Myrtle Beach, SC",2966,2929,546,32,5,0.18641174462273813,0.01078894133513149,0.0016857720836142953
"Atlanta, GA","Chattanooga, TN",2961,2918,563,43,0,0.19294037011651816,0.014522120905099628,0.0
"Asheville, NC","Charlotte, NC",2958,2861,627,89,8,0.21915414190842364,0.03008789722785666,0.002704530087897228
"Milwaukee, WI","Phoenix, AZ",2956,2938,588,14,4,0.2001361470388019,0.004736129905277402,0.0013531799729364006
"San Francisco, CA","Santa Barbara, CA",2955,2909,674,39,7,0.2316947404606394,0.013197969543147208,0.0023688663282571912
"Austin, TX","Boston, MA",2950,2899,934,36,15,0.322180062090376,0.012203389830508475,0.005084745762711864
"Denver, CO","Midland/Odessa, TX",2941,2890,777,24,27,0.2688581314878893,0.008160489629377763,0.009180550833049982
"Philadelphia, PA","Pittsburgh, PA",2940,2865,809,73,2,0.2823734729493892,0.024829931972789116,0.0006802721088435374
"Baltimore, MD","Dallas/Fort Worth, TX",2938,2846,821,81,11,0.2884750527055516,0.027569775357385976,0.0037440435670524166
"Fresno, CA","Phoenix, AZ",2936,2928,614,7,1,0.20969945355191258,0.0023841961852861036,0.0003405994550408719
"Kahului, HI","Kona, HI",2936,2927,345,8,1,0.11786812435941237,0.0027247956403269754,0.0003405994550408719
"San Juan, PR","Tampa, FL",2933,2917,652,12,4,0.2235173123071649,0.004091374019774974,0.0013637913399249914
"Austin, TX","Washington, DC",2931,2907,659,17,7,0.22669418644650843,0.005800068236096895,0.002388263391334016
"Lihue, HI","Los Angeles, CA",2928,2908,439,15,5,0.15096286107290233,0.005122950819672131,0.0017076502732240437
"Denver, CO","Fargo, ND",2926,2899,832,18,9,0.28699551569506726,0.006151742993848257,0.0030758714969241286
"Kahului, HI","Lihue, HI",2919,2904,416,10,5,0.14325068870523416,0.0034258307639602604,0.0017129153819801302
"Chicago, IL","Tucson, AZ",2918,2882,557,26,10,0.19326856349757113,0.008910212474297465,0.003427004797806717
"Milwaukee, WI","Orlando, FL",2917,2885,632,23,9,0.2190641247833622,0.007884813164209805,0.0030853616729516627
"Denver, CO","Fresno, CA",2912,2903,505,5,4,0.17395797450912848,0.001717032967032967,0.0013736263736263737
"Orlando, FL","San Francisco, CA",2909,2888,529,15,6,0.18317174515235457,0.005156411137848058,0.002062564455139223
"New York, NY","Portland, ME",2902,2791,632,107,4,0.22644213543532785,0.0368711233631978,0.0013783597518952446
"Atlanta, GA","Key West, FL",2897,2853,598,28,16,0.20960392569225378,0.009665170866413532,0.005522954780807732
"Boise, ID","Las Vegas, NV",2892,2883,591,9,0,0.20499479708636836,0.0031120331950207467,0.0
"Boise, ID","Los Angeles, CA",2892,2886,238,4,2,0.08246708246708247,0.0013831258644536654,0.0006915629322268327
"Kona, HI","Seattle, WA",2880,2814,552,50,16,0.19616204690831557,0.017361111111111112,0.005555555555555556
"Charleston, SC","Philadelphia, PA",2875,2802,652,70,3,0.23269093504639543,0.02434782608695652,0.0010434782608695651
"Nashville, TN","Seattle, WA",2874,2849,749,17,8,0.2628992628992629,0.005915100904662491,0.0027835768963117608
"Baltimore, MD","Fort Myers, FL",2873,2829,605,37,7,0.21385648639095087,0.012878524190741385,0.0024364775495997215
"Charleston, SC","Newark, NJ",2866,2746,637,115,5,0.23197378004369992,0.04012561060711793,0.0017445917655268667
"Atlanta, GA","Grand Rapids, MI",2865,2828,427,32,5,0.15099009900990099,0.011169284467713788,0.0017452006980802793
"Albuquerque, NM","Houston, TX",2861,2824,463,30,7,0.16395184135977336,0.01048584411045089,0.002446696959105208
"Indianapolis, IN","Las Vegas, NV",2853,2829,553,16,8,0.1954754330151997,0.005608131791097091,0.0028040658955485456
"Monterey, CA","Phoenix, AZ",2852,2811,523,27,14,0.18605478477410176,0.009467040673211781,0.004908835904628331
"Houston, TX","Kansas City, MO",2845,2797,593,42,6,0.21201287093314267,0.01476274165202109,0.00210896309314587
"Dallas, TX","New York, NY",2834,2756,772,56,22,0.28011611030478956,0.019760056457304165,0.0077628793225123505
"Dallas/Fort Worth, TX","Fresno, CA",2825,2752,767,59,14,0.27870639534883723,0.02088495575221239,0.00495575221238938
"Charlotte, NC","Daytona Beach, FL",2820,2744,537,64,12,0.1956997084548105,0.02269503546099291,0.00425531914893617
"Atlanta, GA","Melbourne, FL",2814,2764,488,46,4,0.17655571635311143,0.016346837242359632,0.0014214641080312722
"Dallas/Fort Worth, TX","Dayton, OH",2810,2737,676,61,12,0.24698575082206795,0.021708185053380784,0.004270462633451958
"Denver, CO","Hayden, CO",2806,2763,711,33,10,0.25732899022801303,0.011760513186029936,0.003563791874554526
"Baltimore, MD","Jacksonville, FL",2804,2757,570,39,8,0.20674646354733406,0.01390870185449358,0.0028530670470756064
"Minneapolis, MN","Portland, OR",2804,2795,384,6,3,0.13738819320214668,0.0021398002853067048,0.0010699001426533524
"Chicago, IL","Portland, ME",2802,2752,629,41,9,0.2285610465116279,0.014632405424696645,0.0032119914346895075
"Denver, CO","Montrose/Delta, CO",2796,2782,665,10,4,0.23903666427030912,0.00357653791130186,0.001430615164520744
"Buffalo, NY","Washington, DC",2792,2613,872,177,2,0.3337160352085725,0.06339541547277937,0.0007163323782234957
"Detroit, MI","Grand Rapids, MI",2791,2773,598,17,1,0.21565091958168048,0.006091006807595844,0.00035829451809387314
"Chicago, IL","White Plains, NY",2784,2697,601,72,15,0.2228401928068224,0.02586206896551724,0.005387931034482759
"Dallas/Fort Worth, TX","Valparaiso, FL",2782,2663,790,106,13,0.29665790461885094,0.038102084831056794,0.004672897196261682
"Denver, CO","Santa Fe, NM",2782,2750,609,24,8,0.22145454545454546,0.008626887131560028,0.002875629043853343
"Fresno, CA","San Diego, CA",2779,2737,691,31,11,0.2524662038728535,0.011155091759625764,0.00395825836631882
"Fort Myers, FL","Philadelphia, PA",2774,2711,729,55,8,0.26890446329767614,0.019826964671953856,0.002883922134102379
"Charlotte, NC","San Antonio, TX",2768,2738,537,25,5,0.19612856099342585,0.009031791907514452,0.0018063583815028901
"Columbus, OH","Detroit, MI",2767,2754,387,11,2,0.14052287581699346,0.003975424647632815,0.0007228044813877846
"Detroit, MI","Milwaukee, WI",2765,2744,507,17,4,0.1847667638483965,0.006148282097649186,0.0014466546112115732
"Phoenix, AZ","Santa Barbara, CA",2764,2733,501,23,8,0.18331503841931943,0.008321273516642547,0.002894356005788712
"Kansas City, MO","Nashville, TN",2753,2720,536,24,9,0.19705882352941176,0.008717762440973484,0.0032691609153650564
"Dallas, TX","Midland/Odessa, TX",2751,2705,426,42,4,0.15748613678373383,0.015267175572519083,0.0014540167211922936
"Baltimore, MD","Minneapolis, MN",2746,2723,507,18,5,0.18619170033051782,0.0065549890750182084,0.001820830298616169
"Akron, OH","Charlotte, NC",2745,2705,670,34,6,0.2476894639556377,0.01238615664845173,0.002185792349726776
"Atlanta, GA","Dayton, OH",2745,2712,379,30,3,0.13974926253687317,0.01092896174863388,0.001092896174863388
"Dallas/Fort Worth, TX","Fort Myers, FL",2745,2660,844,75,10,0.3172932330827068,0.0273224043715847,0.0036429872495446266
"Louisville, KY","Washington, DC",2739,2585,598,151,3,0.23133462282398454,0.055129609346476816,0.001095290251916758
"Atlanta, GA","Buffalo, NY",2735,2678,585,55,2,0.21844660194174756,0.02010968921389397,0.0007312614259597807
"Detroit, MI","Kansas City, MO",2733,2702,399,24,7,0.14766839378238342,0.008781558726673985,0.002561287961946579
"Louisville, KY","New York, NY",2731,2659,505,64,8,0.18992102294095525,0.023434639326254118,0.0029293299157817647
"Chicago, IL","San Juan, PR",2728,2709,565,6,13,0.2085640457733481,0.0021994134897360706,0.004765395894428153
"Chicago, IL","Sarasota/Bradenton, FL",2728,2697,687,22,9,0.25472747497219134,0.008064516129032258,0.0032991202346041057
"Bellingham, WA","Seattle, WA",2719,2667,536,50,2,0.20097487814023246,0.018389113644722323,0.000735564545788893
"Washington, DC","White Plains, NY",2718,2517,964,193,8,0.3829956297179182,0.07100809418690214,0.0029433406916850625
"Milwaukee, WI","Minneapolis, MN",2714,2695,487,17,2,0.18070500927643784,0.006263817243920413,0.0007369196757553427
"Ontario, CA","San Francisco, CA",2712,2683,593,26,3,0.22102124487513977,0.009587020648967551,0.0011061946902654867
"Honolulu, HI","Phoenix, AZ",2693,2677,370,7,9,0.1382144191258872,0.0025993316004456,0.0033419977720014855
"Oakland, CA","Portland, OR",2689,2670,506,16,3,0.1895131086142322,0.005950167348456675,0.0011156563778356265
"Minneapolis, MN","Omaha, NE",2687,2667,572,18,2,0.2144731908511436,0.006698920729438035,0.000744324525493115
"Sacramento, CA","San Francisco, CA",2684,2641,581,42,1,0.21999242711094283,0.01564828614008942,0.00037257824143070045
"Baltimore, MD","Portland, ME",2683,2658,524,20,5,0.19714070729872085,0.007454342154304882,0.0018635855385762206
"Austin, TX","Detroit, MI",2680,2662,522,15,3,0.1960931630353118,0.005597014925373134,0.001119402985074627
"Fargo, ND","Minneapolis, MN",2678,2672,420,4,2,0.15718562874251496,0.0014936519790888724,0.0007468259895444362
"Minneapolis, MN","Minot, ND",2676,2625,436,46,5,0.1660952380952381,0.0171898355754858,0.0018684603886397607
"Milwaukee, WI","Washington, DC",2674,2551,626,112,11,0.24539396315170522,0.041884816753926704,0.004113687359760658
"Key West, FL","Miami, FL",2672,2644,445,25,3,0.16830559757942512,0.0093562874251497,0.001122754491017964
"Ontario, CA","San Jose, CA",2670,2662,378,5,3,0.14199849737039819,0.0018726591760299626,0.0011235955056179776
"Las Vegas, NV","Tucson, AZ",2668,2657,500,9,2,0.1881821603312006,0.003373313343328336,0.0007496251874062968
"Columbus, OH","Philadelphia, PA",2667,2569,647,93,5,0.25184896847022187,0.03487064116985377,0.0018747656542932134
"Charlotte, NC","White Plains, NY",2666,2539,612,109,18,0.2410397794407247,0.04088522130532633,0.006751687921980495
"Denver, CO","Eagle, CO",2666,2640,681,21,5,0.25795454545454544,0.007876969242310577,0.0018754688672168042
"Rochester, NY","Washington, DC",2660,2517,742,137,6,0.2947953913388955,0.05150375939849624,0.002255639097744361
"Dallas/Fort Worth, TX","Des Moines, IA",2657,2540,789,100,17,0.3106299212598425,0.03763643206624012,0.00639819345126082
"Harlingen/San Benito, TX","Houston, TX",2654,2610,499,40,4,0.19118773946360154,0.015071590052750565,0.0015071590052750565
"Bismarck/Mandan, ND","Minneapolis, MN",2650,2630,477,16,4,0.18136882129277568,0.0060377358490566035,0.0015094339622641509
"Charlotte, NC","Kansas City, MO",2644,2590,601,50,4,0.23204633204633204,0.018910741301059002,0.0015128593040847202
"Birmingham, AL","Chicago, IL",2641,2613,524,26,2,0.20053578262533486,0.009844755774327906,0.0007572889057175312
"Fresno, CA","San Francisco, CA",2639,2610,562,28,1,0.2153256704980843,0.010610079575596816,0.00037893141341417203
"Phoenix, AZ","Yuma, AZ",2636,2602,409,32,2,0.1571867794004612,0.012139605462822459,0.0007587253414264037
"Huntsville, AL","Washington, DC",2632,2456,810,162,14,0.3298045602605863,0.06155015197568389,0.005319148936170213
"Baltimore, MD","St. Louis, MO",2630,2589,496,38,3,0.19157976052529935,0.014448669201520912,0.0011406844106463879
"Jacksonville, FL","Newark, NJ",2626,2546,615,73,7,0.2415553809897879,0.027798933739527798,0.0026656511805026656
"Detroit, MI","Hartford, CT",2623,2595,390,21,7,0.15028901734104047,0.008006099885627144,0.002668699961875715
"Flagstaff, AZ","Phoenix, AZ",2622,2574,510,45,3,0.19813519813519814,0.017162471395881007,0.0011441647597254005
"Denver, CO","Springfield, MO",2619,2593,655,17,9,0.25260316236020053,0.006491027109583811,0.003436426116838488
"Minneapolis, MN","San Diego, CA",2619,2602,480,8,9,0.18447348193697155,0.0030546009927453228,0.003436426116838488
"Baltimore, MD","Sarasota/Bradenton, FL",2614,2582,507,24,8,0.19635941130906273,0.009181331293037491,0.00306044376434583
"Baltimore, MD","Phoenix, AZ",2612,2581,486,22,9,0.18829910887253,0.008422664624808576,0.003445635528330781
"Des Moines, IA","Phoenix, AZ",2610,2568,457,37,5,0.1779595015576324,0.014176245210727969,0.0019157088122605363
"Baltimore, MD","New Orleans, LA",2606,2563,535,41,2,0.20873975809598128,0.015732924021488872,0.0007674597083653108
"El Paso, TX","Las Vegas, NV",2605,2586,473,14,5,0.182907965970611,0.005374280230326296,0.0019193857965451055
"Charlotte, NC","Springfield, MO",2602,2526,581,70,6,0.2300079176563737,0.026902382782475018,0.0023059185242121443
"Dallas, TX","Tampa, FL",2601,2564,627,29,8,0.24453978159126366,0.01114955786236063,0.0030757400999615533
"Ketchikan, AK","Seattle, WA",2599,2549,566,36,14,0.22204786190663006,0.01385148133897653,0.005386687187379761
"Charlotte, NC","Dayton, OH",2583,2549,589,30,4,0.23107100823852492,0.011614401858304297,0.001548586914440573
"Atlanta, GA","Gulfport/Biloxi, MS",2582,2530,401,46,6,0.15849802371541502,0.017815646785437646,0.0023237800154918666
"Detroit, MI","San Diego, CA",2582,2556,495,18,8,0.1936619718309859,0.006971340046475601,0.003098373353989156
"Baltimore, MD","San Juan, PR",2575,2536,634,28,11,0.25,0.01087378640776699,0.004271844660194175
"Dallas/Fort Worth, TX","San Jose, CA",2572,2506,579,54,12,0.23104549082202713,0.020995334370139968,0.004665629860031105
"Miami, FL","Pensacola, FL",2562,2486,411,66,10,0.16532582461786002,0.02576112412177986,0.0039032006245121
"Fresno, CA","Salt Lake City, UT",2558,2544,142,10,4,0.05581761006289308,0.003909304143862392,0.001563721657544957
"Charlotte, NC","Seattle, WA",2554,2535,508,13,6,0.20039447731755425,0.005090054815974941,0.0023492560689115116
"Baltimore, MD","West Palm Beach/Palm Beach, FL",2550,2529,559,14,7,0.2210359826018189,0.005490196078431373,0.0027450980392156863
"Austin, TX","Baltimore, MD",2546,2510,549,28,8,0.21872509960159361,0.010997643362136685,0.003142183817753339
"Bakersfield, CA","Phoenix, AZ",2544,2519,442,21,4,0.17546645494243748,0.008254716981132075,0.0015723270440251573
"Nashville, TN","St. Louis, MO",2543,2507,462,34,2,0.18428400478659754,0.013370035391270154,0.0007864726700747149
"Islip, NY","West Palm Beach/Palm Beach, FL",2541,2513,645,16,12,0.25666534023079984,0.006296733569460842,0.004722550177095631
"Baltimore, MD","Charleston, SC",2534,2487,490,40,7,0.19702452754322478,0.01578531965272297,0.0027624309392265192
"Dallas/Fort Worth, TX","Panama City, FL",2533,2430,696,93,10,0.28641975308641976,0.03671535728385314,0.0039478878799842085
"Phoenix, AZ","Tulsa, OK",2533,2521,511,6,6,0.20269734232447442,0.002368732727990525,0.002368732727990525
"Fort Lauderdale, FL","Orlando, FL",2528,2513,485,13,2,0.19299641862315958,0.005142405063291139,0.0007911392405063291
"Austin, TX","Tampa, FL",2526,2514,573,10,2,0.22792362768496421,0.00395882818685669,0.000791765637371338
"Albany, NY","Washington, DC",2525,2350,819,171,4,0.3485106382978723,0.06772277227722773,0.0015841584158415843
"Chicago, IL","Lincoln, NE",2525,2472,661,45,8,0.26739482200647247,0.01782178217821782,0.0031683168316831685
"Amarillo, TX","Dallas, TX",2524,2487,413,29,8,0.16606353035786087,0.011489698890649762,0.003169572107765452
"Manchester, NH","Washington, DC",2522,2340,702,175,7,0.3,0.06938937351308486,0.0027755749405233942
"Denver, CO","Grand Rapids, MI",2517,2508,603,6,3,0.24043062200956938,0.0023837902264600714,0.0011918951132300357
"Arcata/Eureka, CA","San Francisco, CA",2514,2451,570,36,27,0.23255813953488372,0.014319809069212411,0.010739856801909307
"Fort Lauderdale, FL","San Francisco, CA",2513,2496,411,11,6,0.16466346153846154,0.004377238360525269,0.00238758456028651
"Charlotte, NC","Little Rock, AR",2507,2419,543,85,3,0.22447292269532865,0.03390506581571599,0.0011966493817311527
"Raleigh/Durham, NC","Tampa, FL",2505,2482,504,20,3,0.20306204673650283,0.007984031936127744,0.0011976047904191617
"Fort Myers, FL","Washington, DC",2503,2444,552,50,9,0.22585924713584288,0.01997602876548142,0.003595685177786656
"Madison, WI","Minneapolis, MN",2501,2489,448,10,2,0.1799919646444355,0.003998400639744102,0.0007996801279488205
"New Orleans, LA","Newark, NJ",2499,2424,626,65,10,0.25825082508250824,0.026010404161664665,0.004001600640256103
"Atlanta, GA","Des Moines, IA",2496,2456,375,34,6,0.15268729641693812,0.013621794871794872,0.002403846153846154
"Boston, MA","Salt Lake City, UT",2496,2476,481,14,6,0.194264943457189,0.005608974358974359,0.002403846153846154
"Newark, NJ","Salt Lake City, UT",2494,2460,708,23,11,0.28780487804878047,0.009222133119486768,0.004410585404971933
"Dallas/Fort Worth, TX","Reno, NV",2490,2405,596,63,22,0.24781704781704783,0.02530120481927711,0.008835341365461847
"Memphis, TN","Washington, DC",2489,2372,576,106,11,0.24283305227655985,0.04258738449176376,0.0044194455604660505
"Houston, TX","Indianapolis, IN",2488,2456,500,27,5,0.20358306188925082,0.010852090032154342,0.0020096463022508037
"Atlanta, GA","Shreveport, LA",2486,2439,561,39,8,0.23001230012300122,0.015687851971037812,0.003218020917135961
"Phoenix, AZ","Spokane, WA",2483,2476,440,2,5,0.1777059773828756,0.0008054772452678212,0.002013693113169553
"Chicago, IL","Columbia, MO",2480,2393,670,82,5,0.2799832845800251,0.03306451612903226,0.0020161290322580645
"Dallas/Fort Worth, TX","Greer, SC",2480,2428,714,41,11,0.2940691927512356,0.01653225806451613,0.004435483870967742
"Savannah, GA","Washington, DC",2480,2332,697,140,8,0.298885077186964,0.056451612903225805,0.0032258064516129032
"Fort Myers, FL","Minneapolis, MN",2475,2456,458,17,2,0.18648208469055375,0.006868686868686869,0.0008080808080808081
"Bozeman, MT","Chicago, IL",2470,2440,625,16,14,0.25614754098360654,0.006477732793522267,0.005668016194331984
"Detroit, MI","Saginaw/Bay City/Midland, MI",2470,2438,464,31,1,0.1903199343724364,0.012550607287449392,0.0004048582995951417
"Long Beach, CA","San Jose, CA",2468,2459,307,8,1,0.12484749898332656,0.0032414910858995136,0.0004051863857374392
"Phoenix, AZ","Tampa, FL",2466,2452,528,8,6,0.21533442088091354,0.0032441200324412004,0.0024330900243309003
"Denver, CO","Fayetteville, AR",2464,2437,568,18,9,0.23307345096430038,0.007305194805194805,0.0036525974025974025
"El Paso, TX","Los Angeles, CA",2463,2453,316,8,2,0.12882185079494496,0.0032480714575720666,0.0008120178643930166
"Phoenix, AZ","San Luis Obispo, CA",2459,2432,412,22,5,0.16940789473684212,0.008946726311508743,0.0020333468889792597
"Syracuse, NY","Washington, DC",2459,2299,733,154,6,0.3188342757720748,0.0626270841805612,0.0024400162667751117
"Chicago, IL","Little Rock, AR",2458,2403,668,49,6,0.27798585101955886,0.019934906427990236,0.0024410089503661514
"Charlotte, NC","Melbourne, FL",2456,2404,527,49,3,0.2192179700499168,0.019951140065146578,0.0012214983713355048
"Nashville, TN","Salt Lake City, UT",2456,2443,370,7,6,0.1514531313958248,0.0028501628664495114,0.0024429967426710096
"Anchorage, AK","Juneau, AK",2455,2412,316,33,10,0.1310116086235489,0.013441955193482688,0.004073319755600814
"Chicago, IL","West Palm Beach/Palm Beach, FL",2455,2415,676,29,11,0.27991718426501033,0.011812627291242363,0.004480651731160896
"Minneapolis, MN","Raleigh/Durham, NC",2454,2440,441,12,2,0.1807377049180328,0.004889975550122249,0.0008149959250203749
"Charlotte, NC","Knoxville, TN",2453,2404,600,47,2,0.24958402662229617,0.019160211985324093,0.0008153281695882593
"Fort Lauderdale, FL","Raleigh/Durham, NC",2449,2423,560,20,6,0.23111844820470492,0.008166598611678236,0.002449979583503471
"Ontario, CA","Salt Lake City, UT",2446,2435,214,10,1,0.08788501026694046,0.004088307440719542,0.0004088307440719542
"Fort Lauderdale, FL","New Orleans, LA",2445,2413,591,29,3,0.24492333195192706,0.011860940695296524,0.001226993865030675
"Orlando, FL","White Plains, NY",2445,2384,574,24,37,0.2407718120805369,0.0098159509202454,0.015132924335378323
"Denver, CO","Memphis, TN",2444,2424,640,11,9,0.264026402640264,0.004500818330605565,0.0036824877250409165
"Fort Lauderdale, FL","Tampa, FL",2444,2416,478,24,4,0.1978476821192053,0.009819967266775777,0.0016366612111292963
"Miami, FL","Tallahassee, FL",2441,2396,385,37,8,0.16068447412353923,0.015157722244981565,0.0032773453502662844
"Charlotte, NC","Key West, FL",2440,2387,514,32,21,0.21533305404273145,0.013114754098360656,0.00860655737704918
"Las Vegas, NV","Oklahoma City, OK",2440,2427,489,8,5,0.20148331273176762,0.003278688524590164,0.0020491803278688526
"College Station/Bryan, TX","Dallas/Fort Worth, TX",2438,2355,447,80,3,0.18980891719745224,0.03281378178835111,0.0012305168170631665
"Dallas/Fort Worth, TX","Lexington, KY",2435,2367,531,59,9,0.22433460076045628,0.024229979466119097,0.003696098562628337
"Baltimore, MD","Indianapolis, IN",2430,2405,475,24,1,0.19750519750519752,0.009876543209876543,0.00041152263374485596
"Chicago, IL","Colorado Springs, CO",2430,2401,562,16,13,0.2340691378592253,0.006584362139917695,0.005349794238683128
"Asheville, NC","Chicago, IL",2429,2387,620,35,7,0.2597402597402597,0.01440922190201729,0.002881844380403458
"Boston, MA","Charleston, SC",2428,2385,666,38,5,0.2792452830188679,0.015650741350906095,0.002059308072487644
"Detroit, MI","Louisville, KY",2428,2408,407,18,2,0.1690199335548173,0.007413509060955519,0.0008237232289950577
"Buffalo, NY","Charlotte, NC",2422,2380,573,40,2,0.2407563025210084,0.016515276630883566,0.0008257638315441783
"El Paso, TX","Houston, TX",2416,2395,397,10,11,0.16576200417536535,0.0041390728476821195,0.004552980132450331
"Denver, CO","Missoula, MT",2410,2382,542,11,17,0.22753988245172124,0.004564315352697096,0.007053941908713693
"Cedar Rapids/Iowa City, IA","Dallas/Fort Worth, TX",2408,2318,577,79,11,0.24892148403796377,0.03280730897009967,0.004568106312292359
"Charlotte, NC","Valparaiso, FL",2404,2353,517,48,3,0.2197195070123247,0.019966722129783693,0.0012479201331114808
"Minneapolis, MN","Tampa, FL",2400,2385,473,12,3,0.19832285115303983,0.005,0.00125
"Baltimore, MD","Islip, NY",2390,2362,471,22,6,0.1994072819644369,0.009205020920502092,0.002510460251046025
"Charleston, SC","Dallas/Fort Worth, TX",2387,2319,618,57,11,0.2664941785252264,0.02387934645999162,0.004608294930875576
"Pasco/Kennewick/Richland, WA","Salt Lake City, UT",2370,2365,198,3,2,0.08372093023255814,0.0012658227848101266,0.0008438818565400844
"Jackson, WY","Salt Lake City, UT",2369,2347,294,14,8,0.12526629740093737,0.0059096665259603205,0.0033769523005487546
"Denver, CO","Minot, ND",2368,2324,564,32,12,0.24268502581755594,0.013513513513513514,0.005067567567567568
"Houston, TX","Shreveport, LA",2368,2324,580,44,0,0.2495697074010327,0.018581081081081082,0.0
"Austin, TX","San Jose, CA",2357,2346,497,4,7,0.21184995737425405,0.0016970725498515061,0.002969876962240136
"Chicago, IL","Huntsville, AL",2357,2306,741,46,5,0.32133564614050303,0.01951633432329232,0.0021213406873143827
"Aspen, CO","Dallas/Fort Worth, TX",2355,2143,749,125,87,0.34951003266448905,0.05307855626326964,0.03694267515923567
"Houston, TX","Raleigh/Durham, NC",2351,2323,455,27,1,0.19586741282823936,0.011484474691620587,0.0004253509145044662
"Reno, NV","Salt Lake City, UT",2348,2339,296,5,4,0.12654980761008977,0.002129471890971039,0.0017035775127768314
"Bend/Redmond, OR","San Francisco, CA",2347,2328,500,14,5,0.21477663230240548,0.005965061780997018,0.0021303792074989347
"Charlotte, NC","Panama City, FL",2341,2277,415,59,5,0.18225735617039965,0.025202904741563434,0.0021358393848782574
"Columbus, OH","Phoenix, AZ",2341,2323,490,10,8,0.21093413689195006,0.004271678769756515,0.0034173430158052115
"Houston, TX","Santa Ana, CA",2339,2308,298,13,18,0.1291161178509532,0.0055579307396323215,0.007695596408721676
"Dallas/Fort Worth, TX","Fort Smith, AR",2338,2238,395,93,7,0.17649687220732796,0.039777587681779296,0.0029940119760479044
"St. Louis, MO","Tampa, FL",2337,2306,432,22,9,0.1873373807458803,0.009413778348309799,0.0038510911424903724
"Indianapolis, IN","Tampa, FL",2329,2300,460,27,2,0.2,0.011592958351223702,0.0008587376556462001
"Detroit, MI","Madison, WI",2326,2316,432,6,4,0.18652849740932642,0.0025795356835769563,0.0017196904557179708
"Burlington, VT","Chicago, IL",2324,2295,685,24,5,0.2984749455337691,0.010327022375215147,0.0021514629948364886
"Denver, CO","Kalispell, MT",2324,2304,483,11,9,0.20963541666666666,0.004733218588640275,0.00387263339070568
"Dallas/Fort Worth, TX","Durango, CO",2318,2244,547,62,12,0.24376114081996436,0.026747195858498704,0.005176876617773943
"Las Vegas, NV","Milwaukee, WI",2318,2301,443,12,5,0.19252498913515861,0.005176876617773943,0.0021570319240724763
"Idaho Falls, ID","Salt Lake City, UT",2316,2307,260,8,1,0.11270047680970958,0.0034542314335060447,0.0004317789291882556
"Chicago, IL","Greensboro/High Point, NC",2312,2267,480,43,2,0.211733568592854,0.018598615916955018,0.0008650519031141869
"Kalispell, MT","Salt Lake City, UT",2312,2297,184,12,3,0.08010448410970832,0.005190311418685121,0.0012975778546712802
"San Francisco, CA","San Luis Obispo, CA",2312,2277,588,26,9,0.25823451910408435,0.01124567474048443,0.0038927335640138406
"Albuquerque, NM","Salt Lake City, UT",2308,2307,132,1,0,0.05721716514954486,0.0004332755632582322,0.0
"Charleston/Dunbar, WV","Charlotte, NC",2305,2230,583,69,6,0.26143497757847534,0.029934924078091105,0.0026030368763557484
"Dallas/Fort Worth, TX","West Palm Beach/Palm Beach, FL",2305,2241,744,56,8,0.3319946452476573,0.024295010845986984,0.0034707158351409977
"Columbia, MO","Dallas/Fort Worth, TX",2303,2200,540,95,8,0.24545454545454545,0.04125054277029961,0.0034737299174989146
"Grand Rapids, MI","Minneapolis, MN",2300,2288,414,11,1,0.18094405594405594,0.004782608695652174,0.0004347826086956522
"Orlando, FL","Richmond, VA",2300,2275,611,15,10,0.26857142857142857,0.006521739130434782,0.004347826086956522
"Detroit, MI","Omaha, NE",2298,2280,490,14,4,0.2149122807017544,0.006092254134029591,0.0017406440382941688
"Philadelphia, PA","Washington, DC",2298,2207,648,89,2,0.29361123697326685,0.038729329852045254,0.0008703220191470844
"Albany, NY","Charlotte, NC",2297,2260,490,34,3,0.2168141592920354,0.014801915542011318,0.00130605137135394
"Miami, FL","Minneapolis, MN",2297,2283,521,8,6,0.22820849759088918,0.0034828036569438396,0.00261210274270788
"Reno, NV","San Diego, CA",2296,2252,544,35,9,0.24156305506216696,0.01524390243902439,0.0039198606271777
"Austin, TX","Philadelphia, PA",2295,2247,583,41,7,0.25945705384957723,0.01786492374727669,0.0030501089324618735
"New York, NY","Sarasota/Bradenton, FL",2285,2225,519,47,13,0.23325842696629215,0.020568927789934355,0.0056892778993435445
"Orlando, FL","San Antonio, TX",2278,2263,463,11,4,0.20459566946531155,0.004828797190517998,0.001755926251097454
"Miami, FL","Seattle, WA",2276,2253,589,13,10,0.26142920550377274,0.0057117750439367315,0.004393673110720563
"Las Vegas, NV","Tampa, FL",2275,2263,476,5,7,0.21034025629695094,0.002197802197802198,0.003076923076923077
"Dallas/Fort Worth, TX","Mobile, AL",2274,2143,498,121,10,0.2323845076994867,0.05321020228671944,0.0043975373790677225
"Aspen, CO","Los Angeles, CA",2273,2135,617,78,60,0.2889929742388759,0.0343158820941487,0.026396832380114386
"Houston, TX","San Juan, PR",2273,2256,412,13,4,0.18262411347517732,0.005719313682358117,0.0017597888253409592
"Kansas City, MO","Los Angeles, CA",2270,2240,356,23,7,0.15892857142857142,0.01013215859030837,0.0030837004405286344
"Kansas City, MO","Seattle, WA",2268,2227,500,33,8,0.224517287831163,0.01455026455026455,0.003527336860670194
"Indianapolis, IN","Minneapolis, MN",2266,2251,395,15,0,0.1754775655264327,0.006619593998234775,0.0
"Bozeman, MT","Salt Lake City, UT",2250,2231,248,12,7,0.11116091438816675,0.005333333333333333,0.003111111111111111
"Albany, NY","Detroit, MI",2246,2229,409,15,2,0.18349035441902198,0.006678539626001781,0.0008904719501335708
"Atlanta, GA","Wichita, KS",2244,2213,358,18,13,0.16177135110709445,0.008021390374331552,0.005793226381461676
"Dallas/Fort Worth, TX","Milwaukee, WI",2242,2171,699,63,8,0.32197144173192077,0.028099910793933987,0.003568242640499554
"New Orleans, LA","Philadelphia, PA",2240,2181,546,49,10,0.25034387895460797,0.021875,0.004464285714285714
"Philadelphia, PA","Seattle, WA",2240,2211,624,24,5,0.28222523744911804,0.010714285714285714,0.002232142857142857
"Dayton, OH","Washington, DC",2231,2116,682,110,5,0.3223062381852552,0.049305244285073956,0.0022411474675033617
"Duluth, MN","Minneapolis, MN",2226,2200,326,25,1,0.1481818181818182,0.011230907457322551,0.0004492362982929021
"Albany, NY","Orlando, FL",2225,2197,540,16,12,0.24578971324533455,0.0071910112359550565,0.005393258426966292
"Denver, CO","Eugene, OR",2224,2204,536,9,11,0.24319419237749546,0.0040467625899280575,0.0049460431654676255
"Las Vegas, NV","Omaha, NE",2224,2211,386,7,6,0.17458163726820444,0.003147482014388489,0.002697841726618705
"Charlotte, NC","Syracuse, NY",2222,2192,474,25,5,0.21624087591240876,0.011251125112511251,0.0022502250225022503
"Charlotte, NC","Hilton Head, SC",2218,2173,358,37,8,0.16474919466175794,0.016681695220919748,0.0036068530207394047
"Atlanta, GA","Syracuse, NY",2212,2166,483,41,5,0.22299168975069253,0.018535262206148283,0.0022603978300180833
"Boise, ID","Portland, OR",2209,2193,266,16,0,0.12129502963976288,0.007243096423721141,0.0
"Columbus, OH","Fort Lauderdale, FL",2209,2192,532,13,4,0.2427007299270073,0.005885015844273427,0.0018107741059302852
"Dallas/Fort Worth, TX","Gulfport/Biloxi, MS",2201,2108,407,88,5,0.19307400379506642,0.039981826442526125,0.002271694684234439
"Baltimore, MD","Rochester, NY",2200,2171,461,27,2,0.21234454168585906,0.012272727272727272,0.0009090909090909091
"Chicago, IL","Duluth, MN",2198,2145,641,46,7,0.2988344988344988,0.020928116469517744,0.0031847133757961785
"Dallas/Fort Worth, TX","Madison, WI",2188,2125,702,49,14,0.33035294117647057,0.022394881170018283,0.006398537477148081
"Lihue, HI","Seattle, WA",2188,2147,419,33,8,0.1951560316721006,0.015082266910420476,0.003656307129798903
"Houston, TX","Portland, OR",2187,2161,378,20,6,0.17491901897269782,0.009144947416552356,0.0027434842249657062
"Birmingham, AL","Denver, CO",2184,2161,507,14,9,0.23461360481258678,0.00641025641025641,0.004120879120879121
"New Orleans, LA","Tampa, FL",2180,2144,422,31,5,0.19682835820895522,0.014220183486238533,0.0022935779816513763
"Dallas/Fort Worth, TX","San Angelo, TX",2178,2082,460,88,8,0.22094140249759847,0.04040404040404041,0.0036730945821854912
"Dallas/Fort Worth, TX","Tyler, TX",2178,2089,500,86,3,0.23934897079942558,0.03948576675849403,0.0013774104683195593
"Dallas/Fort Worth, TX","Waco, TX",2178,2078,484,97,3,0.2329162656400385,0.04453627180899908,0.0013774104683195593
"Alexandria, LA","Dallas/Fort Worth, TX",2176,2072,460,100,4,0.222007722007722,0.04595588235294118,0.001838235294117647
"Dallas/Fort Worth, TX","Lake Charles, LA",2176,2051,478,108,17,0.23305704534373475,0.04963235294117647,0.0078125
"Dallas/Fort Worth, TX","Lawton/Fort Sill, OK",2176,2059,565,110,7,0.27440505099562895,0.050551470588235295,0.003216911764705882
"Dallas/Fort Worth, TX","Tallahassee, FL",2176,2104,558,64,8,0.2652091254752852,0.029411764705882353,0.003676470588235294
"Detroit, MI","Traverse City, MI",2176,2155,490,18,3,0.2273781902552204,0.008272058823529412,0.0013786764705882354
"Newark, NJ","Santa Ana, CA",2176,2109,407,26,41,0.19298245614035087,0.011948529411764705,0.01884191176470588
"Dallas/Fort Worth, TX","Manhattan/Ft. Riley, KS",2175,2075,422,91,9,0.20337349397590362,0.04183908045977011,0.004137931034482759
"Dallas/Fort Worth, TX","Fargo, ND",2174,2132,370,30,12,0.17354596622889307,0.013799448022079117,0.005519779208831647
"Dallas/Fort Worth, TX","Monroe, LA",2174,2098,444,73,3,0.21163012392755004,0.03357865685372585,0.0013799448022079118
"Dallas/Fort Worth, TX","Richmond, VA",2174,2106,650,54,14,0.30864197530864196,0.02483900643974241,0.006439742410303588
"Salt Lake City, UT","Tucson, AZ",2174,2168,151,4,2,0.06964944649446494,0.0018399264029438822,0.0009199632014719411
"Kansas City, MO","Minneapolis, MN",2172,2139,409,28,5,0.19121084618980833,0.01289134438305709,0.0023020257826887663
"Salt Lake City, UT","Sun Valley/Hailey/Ketchum, ID",2172,2150,105,16,6,0.04883720930232558,0.007366482504604052,0.0027624309392265192
"Knoxville, TN","Washington, DC",2171,2048,664,117,6,0.32421875,0.05389221556886228,0.0027637033625057578
"Dallas/Fort Worth, TX","Montgomery, AL",2170,2067,584,93,10,0.2825350749879052,0.04285714285714286,0.004608294930875576
"Dallas/Fort Worth, TX","Sioux Falls, SD",2170,2100,637,55,15,0.30333333333333334,0.02534562211981567,0.0069124423963133645
"Chicago, IL","El Paso, TX",2168,2135,408,25,8,0.19110070257611242,0.011531365313653136,0.0036900369003690036
"Columbia, SC","Washington, DC",2168,1995,651,164,9,0.3263157894736842,0.07564575645756458,0.004151291512915129
"Dallas/Fort Worth, TX","Fort Wayne, IN",2168,2112,483,46,10,0.22869318181818182,0.021217712177121772,0.004612546125461255
"Medford, OR","Seattle, WA",2167,2122,177,39,6,0.08341187558906692,0.01799723119520074,0.0027688047992616522
"Houston, TX","Omaha, NE",2162,2128,420,30,4,0.19736842105263158,0.013876040703052728,0.0018501387604070306
"Salt Lake City, UT","Washington, DC",2158,2131,388,14,13,0.18207414359455654,0.006487488415199258,0.006024096385542169
"Palm Springs, CA","Salt Lake City, UT",2156,2149,126,6,1,0.05863192182410423,0.0027829313543599257,0.00046382189239332097
"Billings, MT","Salt Lake City, UT",2150,2139,188,11,0,0.08789153810191679,0.0051162790697674414,0.0
"Dallas/Fort Worth, TX","South Bend, IN",2150,2092,541,45,13,0.258604206500956,0.020930232558139535,0.0060465116279069765
"Nashville, TN","Panama City, FL",2149,2136,360,11,2,0.16853932584269662,0.005118659841786877,0.0009306654257794323
"Atlanta, GA","Santa Ana, CA",2146,2109,473,19,18,0.2242769084874348,0.008853681267474371,0.008387698042870456
"Dallas/Fort Worth, TX","Savannah, GA",2145,2083,639,55,7,0.30676908305328854,0.02564102564102564,0.0032634032634032634
"Miami, FL","St. Louis, MO",2143,2119,502,16,8,0.23690420009438415,0.007466168922071862,0.003733084461035931
"Chicago, IL","Saginaw/Bay City/Midland, MI",2140,2090,614,44,6,0.2937799043062201,0.020560747663551402,0.002803738317757009
"Nashville, TN","Pittsburgh, PA",2139,2126,412,11,2,0.19379115710253997,0.005142589995324918,0.0009350163627863488
"Denver, CO","Hartford, CT",2134,2107,504,10,17,0.23920265780730898,0.004686035613870665,0.007966260543580132
"Fort Lauderdale, FL","Indianapolis, IN",2133,2116,432,16,1,0.20415879017013233,0.007501172058134084,0.00046882325363338024
"Cleveland, OH","Fort Lauderdale, FL",2132,2113,405,13,6,0.19167061050638903,0.006097560975609756,0.0028142589118198874
"Dallas/Fort Worth, TX","Grand Rapids, MI",2131,2055,657,68,8,0.3197080291970803,0.031909901454716096,0.003754106053496011
"Seattle, WA","Tucson, AZ",2131,2124,360,7,0,0.1694915254237288,0.00328484279680901,0.0
"Charlotte, NC","South Bend, IN",2130,2066,465,59,5,0.22507260406582769,0.027699530516431925,0.002347417840375587
"Boston, MA","Savannah, GA",2129,2089,563,35,5,0.26950694112015317,0.016439643024894316,0.0023485204321277596
"Great Falls, MT","Salt Lake City, UT",2126,2115,132,10,1,0.062411347517730496,0.004703668861712135,0.00047036688617121356
"Baltimore, MD","Pittsburgh, PA",2125,2096,400,29,0,0.19083969465648856,0.013647058823529411,0.0
"Austin, TX","Midland/Odessa, TX",2124,2105,404,13,6,0.19192399049881234,0.006120527306967985,0.002824858757062147
"Jacksonville, FL","Nashville, TN",2124,2109,366,14,1,0.17354196301564723,0.006591337099811676,0.00047080979284369113
"Baltimore, MD","Columbus, OH",2122,2085,357,33,4,0.1712230215827338,0.015551366635249765,0.001885014137606032
"Cincinnati, OH","Miami, FL",2121,2091,491,24,6,0.2348158775705404,0.011315417256011316,0.002828854314002829
"Missoula, MT","Salt Lake City, UT",2118,2098,203,17,3,0.09675881792183032,0.008026440037771483,0.00141643059490085
"Bozeman, MT","Seattle, WA",2113,2093,438,17,3,0.20926899187768752,0.008045433033601515,0.001419782300047326
"Madison, WI","Washington, DC",2110,2020,549,76,14,0.2717821782178218,0.03601895734597156,0.006635071090047393
"Denver, CO","Fort Myers, FL",2109,2099,444,2,8,0.21152929966650785,0.000948316737790422,0.003793266951161688
"Columbus, OH","Miami, FL",2106,2094,476,8,4,0.22731614135625597,0.003798670465337132,0.001899335232668566
"Denver, CO","St. George, UT",2106,2086,440,2,18,0.2109300095877277,0.000949667616334283,0.008547008547008548
"Appleton, WI","Detroit, MI",2105,2085,399,15,5,0.19136690647482013,0.007125890736342043,0.0023752969121140144
"Cedar Rapids/Iowa City, IA","Denver, CO",2102,2072,539,22,8,0.26013513513513514,0.010466222645099905,0.003805899143672693
"Cincinnati, OH","Fort Lauderdale, FL",2100,2066,519,30,4,0.2512100677637948,0.014285714285714285,0.0019047619047619048
"Dallas, TX","Tulsa, OK",2096,2068,370,26,2,0.17891682785299806,0.012404580152671756,0.0009541984732824427
"Detroit, MI","Pittsburgh, PA",2096,2087,412,9,0,0.19741255390512696,0.004293893129770993,0.0
"Fresno, CA","Los Angeles, CA",2095,2089,242,6,0,0.11584490186692198,0.002863961813842482,0.0
"Albany, NY","Atlanta, GA",2094,2056,509,28,10,0.24756809338521402,0.013371537726838587,0.004775549188156638
"Atlanta, GA","Rochester, NY",2094,2047,532,42,5,0.2598925256472887,0.02005730659025788,0.002387774594078319
"Colorado Springs, CO","Phoenix, AZ",2092,2079,439,3,10,0.21115921115921116,0.0014340344168260039,0.004780114722753346
"Charlotte, NC","Grand Rapids, MI",2090,2068,476,21,1,0.23017408123791103,0.010047846889952153,0.0004784688995215311
"Columbus, OH","Las Vegas, NV",2089,2080,434,1,8,0.20865384615384616,0.0004786979415988511,0.003829583532790809
"Denver, CO","Louisville, KY",2088,2066,508,14,8,0.24588576960309777,0.006704980842911878,0.0038314176245210726
"Denver, CO","Santa Barbara, CA",2088,2058,462,23,7,0.22448979591836735,0.011015325670498084,0.003352490421455939
"Atlanta, GA","South Bend, IN",2087,2047,465,30,10,0.22716170004885197,0.014374700527072353,0.004791566842357451
"Fort Lauderdale, FL","Las Vegas, NV",2085,2061,416,19,5,0.20184376516254246,0.009112709832134292,0.002398081534772182
"Atlanta, GA","Fort Wayne, IN",2084,2042,428,35,7,0.20959843290891284,0.016794625719769675,0.0033589251439539347
"Dallas/Fort Worth, TX","Norfolk, VA",2082,2011,638,59,12,0.31725509696668325,0.028338136407300672,0.005763688760806916
"Charlotte, NC","San Juan, PR",2076,2055,431,16,5,0.2097323600973236,0.007707129094412331,0.0024084778420038534
"San Francisco, CA","Tucson, AZ",2076,2065,348,10,1,0.1685230024213075,0.004816955684007707,0.0004816955684007707
"Cincinnati, OH","Philadelphia, PA",2074,2018,597,52,4,0.2958374628344896,0.02507232401157184,0.0019286403085824494
"Burlington, VT","Philadelphia, PA",2072,1984,510,80,8,0.25705645161290325,0.03861003861003861,0.003861003861003861
"Philadelphia, PA","San Diego, CA",2072,2023,402,24,25,0.19871478002965892,0.011583011583011582,0.012065637065637066
"Boston, MA","Buffalo, NY",2070,2043,493,27,0,0.24131179637787567,0.013043478260869565,0.0
"Charlotte, NC","Madison, WI",2070,2040,383,28,2,0.18774509803921569,0.01352657004830918,0.000966183574879227
"Atlanta, GA","Providence, RI",2064,2021,475,37,6,0.23503216229589313,0.017926356589147287,0.0029069767441860465
"Baltimore, MD","Myrtle Beach, SC",2064,2041,409,20,3,0.20039196472317491,0.009689922480620155,0.0014534883720930232
"Myrtle Beach, SC","Newark, NJ",2063,1938,478,120,5,0.24664602683178535,0.058167716917111006,0.0024236548715462916
"Pittsburgh, PA","Tampa, FL",2063,2047,441,14,2,0.2154372252076209,0.0067862336403296175,0.0009694619486185168
"Houston, TX","Sacramento, CA",2062,2044,366,8,10,0.17906066536203522,0.0038797284190106693,0.004849660523763337
"Philadelphia, PA","Savannah, GA",2062,2000,518,55,7,0.259,0.02667313288069835,0.0033947623666343357
"Charlotte, NC","Rochester, NY",2060,2043,430,15,2,0.21047479197258934,0.007281553398058253,0.000970873786407767
"Los Angeles, CA","Tampa, FL",2060,2046,336,8,6,0.16422287390029325,0.003883495145631068,0.002912621359223301
"Austin, TX","Mission/McAllen/Edinburg, TX",2050,2037,373,11,2,0.18311242022582228,0.005365853658536586,0.000975609756097561
"Denver, CO","Madison, WI",2045,2029,468,8,8,0.2306554953178906,0.003911980440097799,0.003911980440097799
"Newark, NJ","Savannah, GA",2045,1991,446,51,3,0.2240080361627323,0.02493887530562347,0.001466992665036675
"Dallas, TX","Little Rock, AR",2044,2017,414,22,5,0.20525532969757065,0.010763209393346379,0.002446183953033268
"Cleveland, OH","Las Vegas, NV",2043,2027,407,10,6,0.2007893438579181,0.004894762604013705,0.002936857562408223
"Cleveland, OH","Tampa, FL",2036,1993,482,40,3,0.2418464626191671,0.019646365422396856,0.0014734774066797642
"Denver, CO","Long Beach, CA",2034,2019,472,11,4,0.23377909856364537,0.005408062930186824,0.0019665683382497543
"Kansas City, MO","St. Louis, MO",2033,2011,358,20,2,0.17802088513177525,0.009837678307919331,0.000983767830791933
"Dallas/Fort Worth, TX","Palm Springs, CA",2032,1976,520,42,14,0.2631578947368421,0.02066929133858268,0.006889763779527559
"New York, NY","Oklahoma City, OK",2028,1896,501,94,38,0.26424050632911394,0.046351084812623275,0.01873767258382643
"Fresno, CA","Seattle, WA",2027,2008,433,16,3,0.2156374501992032,0.007893438579181056,0.0014800197335964479
"Phoenix, AZ","Provo, UT",2026,2017,419,4,5,0.2077342588001983,0.0019743336623889436,0.0024679170779861796
"Boise, ID","Chicago, IL",2025,2005,467,8,12,0.23291770573566084,0.003950617283950617,0.005925925925925926
"Seattle, WA","Tampa, FL",2025,2001,530,10,14,0.26486756621689156,0.0049382716049382715,0.006913580246913581
"Bangor, ME","Washington, DC",2022,1877,576,141,4,0.30687266915290357,0.06973293768545995,0.0019782393669634025
"Charlotte, NC","Milwaukee, WI",2022,1991,484,28,3,0.2430939226519337,0.013847675568743818,0.001483679525222552
"Kansas City, MO","Salt Lake City, UT",2022,1995,302,21,6,0.15137844611528822,0.010385756676557863,0.002967359050445104
"Austin, TX","El Paso, TX",2020,2013,351,4,3,0.17436661698956782,0.0019801980198019802,0.0014851485148514852
"Memphis, TN","New York, NY",2018,1935,428,76,7,0.22118863049095608,0.03766105054509415,0.003468780971258672
"Birmingham, AL","Washington, DC",2016,1897,529,111,8,0.2788613600421718,0.05505952380952381,0.003968253968253968
"Atlanta, GA","Madison, WI",2015,1987,288,22,6,0.14494212380473076,0.010918114143920596,0.002977667493796526
"Boston, MA","New Orleans, LA",2014,1982,561,26,6,0.2830474268415742,0.012909632571996028,0.0029791459781529296
"Detroit, MI","Kalamazoo, MI",2006,1974,400,29,3,0.20263424518743667,0.014456630109670987,0.0014955134596211367
"Los Angeles, CA","St. Louis, MO",2006,1989,413,16,1,0.20764203117144295,0.007976071784646061,0.0004985044865403788
"Atlanta, GA","Sacramento, CA",2004,1971,296,26,7,0.15017757483510907,0.012974051896207584,0.003493013972055888
"Medford, OR","San Francisco, CA",2001,1980,359,12,9,0.18131313131313131,0.005997001499250375,0.004497751124437781
"Salt Lake City, UT","San Antonio, TX",1999,1980,324,17,2,0.16363636363636364,0.008504252126063032,0.0010005002501250625
"Fort Myers, FL","St. Louis, MO",1998,1976,422,15,7,0.21356275303643724,0.0075075075075075074,0.0035035035035035035
"Aguadilla, PR","Orlando, FL",1997,1969,437,20,8,0.22194007110208228,0.010015022533800702,0.00400600901352028
"Greer, SC","Washington, DC",1996,1877,602,114,5,0.32072456046883324,0.05711422845691383,0.00250501002004008
"Fort Lauderdale, FL","Pittsburgh, PA",1994,1976,438,16,2,0.2216599190283401,0.00802407221664995,0.0010030090270812437
"Charlotte, NC","Omaha, NE",1993,1951,426,33,9,0.21834956432598668,0.01655795283492223,0.004515805318615153
"Albuquerque, NM","Atlanta, GA",1992,1960,287,20,12,0.14642857142857144,0.010040160642570281,0.006024096385542169
"Baltimore, MD","San Diego, CA",1987,1959,390,21,7,0.1990811638591118,0.010568696527428284,0.0035228988424760945
"Eugene, OR","San Francisco, CA",1987,1976,363,10,1,0.18370445344129555,0.0050327126321087065,0.0005032712632108706
"Denver, CO","Gunnison, CO",1986,1969,434,9,8,0.22041645505332655,0.004531722054380665,0.004028197381671702
"Dallas/Fort Worth, TX","Peoria, IL",1984,1923,427,57,4,0.22204888195527822,0.028729838709677418,0.0020161290322580645
"Newark, NJ","St. Louis, MO",1983,1872,403,107,4,0.2152777777777778,0.05395864851235502,0.002017145738779627
"New York, NY","Wilmington, NC",1980,1870,460,105,5,0.24598930481283424,0.05303030303030303,0.0025252525252525255
"Atlanta, GA","Wilmington, NC",1970,1951,341,18,1,0.17478216299333674,0.009137055837563452,0.0005076142131979696
"Dallas/Fort Worth, TX","Rapid City, SD",1968,1922,388,36,10,0.20187304890738814,0.018292682926829267,0.00508130081300813
"New York, NY","Rochester, NY",1961,1917,503,41,3,0.26238914971309335,0.020907700152983173,0.0015298317185109638
"San Juan, PR","Washington, DC",1960,1941,438,14,5,0.22565687789799072,0.007142857142857143,0.002551020408163265
"Baltimore, MD","Savannah, GA",1959,1936,419,18,5,0.21642561983471073,0.009188361408882083,0.002552322613578356
"Nashville, TN","San Francisco, CA",1956,1944,452,8,4,0.23251028806584362,0.00408997955010225,0.002044989775051125
"Newark, NJ","Portland, ME",1956,1892,383,63,1,0.20243128964059195,0.032208588957055216,0.0005112474437627812
"Las Vegas, NV","New Orleans, LA",1952,1937,399,13,2,0.20598864223025296,0.00665983606557377,0.0010245901639344263
"Salt Lake City, UT","St. Louis, MO",1950,1931,276,13,6,0.14293112377006734,0.006666666666666667,0.003076923076923077
"Charlotte, NC","Scranton/Wilkes-Barre, PA",1942,1886,326,49,7,0.1728525980911983,0.025231719876416064,0.003604531410916581
"Charlottesville, VA","Chicago, IL",1942,1879,548,49,14,0.2916444917509313,0.025231719876416064,0.007209062821833162
"Columbus, OH","Nashville, TN",1942,1924,345,16,2,0.1793139293139293,0.008238928939237899,0.0010298661174047373
"Austin, TX","St. Louis, MO",1939,1925,396,11,3,0.2057142857142857,0.005673027333677153,0.0015471892728210418
"Charlotte, NC","Gulfport/Biloxi, MS",1937,1853,363,80,4,0.1958985429033999,0.041300980898296334,0.002065049044914817
"Buffalo, NY","Detroit, MI",1936,1919,395,16,1,0.2058363731109953,0.008264462809917356,0.0005165289256198347
"Minneapolis, MN","Sioux Falls, SD",1936,1917,357,18,1,0.18622848200312989,0.009297520661157025,0.0005165289256198347
"Norfolk, VA","Philadelphia, PA",1935,1888,541,46,1,0.2865466101694915,0.023772609819121448,0.0005167958656330749
"Redding, CA","San Francisco, CA",1933,1892,391,40,1,0.20665961945031713,0.020693222969477496,0.0005173305742369374
"Charleston/Dunbar, WV","Chicago, IL",1932,1878,589,42,12,0.3136315228966986,0.021739130434782608,0.006211180124223602
"Cleveland, OH","Nashville, TN",1932,1922,389,8,2,0.2023933402705515,0.004140786749482402,0.0010351966873706005
"Dallas/Fort Worth, TX","Evansville, IN",1932,1874,372,49,9,0.19850586979722518,0.025362318840579712,0.004658385093167702
"Atlanta, GA","Baton Rouge, LA",1931,1889,326,39,3,0.1725780836421387,0.02019678922837908,0.0015535991714137752
"Baltimore, MD","Cleveland, OH",1931,1903,343,28,0,0.18024172359432475,0.014500258933195235,0.0
"Detroit, MI","Memphis, TN",1931,1904,322,23,4,0.16911764705882354,0.011910926980838944,0.0020714655618850335
"Detroit, MI","San Antonio, TX",1930,1916,280,8,6,0.14613778705636743,0.004145077720207254,0.0031088082901554403
"Cedar Rapids/Iowa City, IA","Phoenix, AZ",1929,1902,354,25,2,0.1861198738170347,0.012960082944530845,0.0010368066355624676
"Birmingham, AL","Dallas, TX",1926,1894,389,25,7,0.20538542766631468,0.012980269989615784,0.0036344755970924196
"Dallas/Fort Worth, TX","San Juan, PR",1926,1898,481,8,20,0.2534246575342466,0.004153686396677051,0.010384215991692628
"Atlanta, GA","Harrisburg, PA",1919,1896,333,18,5,0.17563291139240506,0.009379885356956748,0.0026055237102657635
"Aspen, CO","Chicago, IL",1917,1771,723,68,78,0.4082439299830604,0.03547209181011998,0.0406885758998435
"Milwaukee, WI","Nashville, TN",1916,1895,365,17,4,0.19261213720316622,0.008872651356993737,0.0020876826722338203
"Houston, TX","Jacksonville, FL",1914,1891,377,19,4,0.19936541512427286,0.009926854754440962,0.0020898641588296763
"Nashville, TN","San Antonio, TX",1912,1891,337,14,7,0.17821258593336858,0.007322175732217573,0.0036610878661087866
"Charleston, SC","Miami, FL",1911,1881,482,25,5,0.2562466772993089,0.013082155939298797,0.0026164311878597592
"Hartford, CT","San Juan, PR",1911,1882,552,12,17,0.29330499468650373,0.006279434850863423,0.008895866038723181
"Denver, CO","Lubbock, TX",1903,1862,596,25,16,0.3200859291084855,0.013137151865475564,0.008407777193904361
"Houston, TX","Pensacola, FL",1900,1863,401,33,4,0.21524422973698337,0.017368421052631578,0.002105263157894737
"Dallas/Fort Worth, TX","Roswell, NM",1896,1820,399,69,7,0.21923076923076923,0.03639240506329114,0.003691983122362869
"Houston, TX","Pittsburgh, PA",1895,1885,408,8,2,0.21644562334217507,0.004221635883905013,0.0010554089709762533
"Greer, SC","New York, NY",1893,1773,416,116,4,0.23463056965595036,0.0612783940834654,0.0021130480718436345
"Denver, CO","Knoxville, TN",1892,1871,402,12,9,0.21485836451095672,0.006342494714587738,0.0047568710359408035
"Dallas/Fort Worth, TX","Provo, UT",1887,1834,482,38,15,0.2628135223555071,0.020137784843667197,0.00794912559618442
"Denver, CO","Jacksonville, FL",1886,1875,399,5,6,0.2128,0.002651113467656416,0.003181336161187699
"San Antonio, TX","Washington, DC",1886,1868,337,12,6,0.180406852248394,0.006362672322375398,0.003181336161187699
"Cleveland, OH","Fort Myers, FL",1885,1863,329,19,3,0.17659688674181429,0.010079575596816976,0.0015915119363395225
"Grand Junction, CO","Phoenix, AZ",1883,1872,274,7,4,0.14636752136752137,0.0037174721189591076,0.002124269782262347
"Boise, ID","San Diego, CA",1880,1863,334,15,2,0.17928073000536768,0.007978723404255319,0.0010638297872340426
"Nashville, TN","Pensacola, FL",1876,1853,297,17,6,0.16028062601187265,0.00906183368869936,0.0031982942430703624
"Charleston, SC","Nashville, TN",1874,1853,361,12,9,0.19481921208850514,0.0064034151547491995,0.0048025613660619
"Dallas/Fort Worth, TX","Greensboro/High Point, NC",1873,1812,576,58,3,0.31788079470198677,0.030966364121729845,0.001601708489054992
"Dallas/Fort Worth, TX","Grand Junction, CO",1871,1823,383,38,10,0.21009325287986835,0.020309994655264563,0.005344735435595938
"Indianapolis, IN","Miami, FL",1868,1836,493,25,7,0.26851851851851855,0.013383297644539615,0.003747323340471092
"Pensacola, FL","Washington, DC",1865,1759,516,99,7,0.29334849346219444,0.05308310991957105,0.0037533512064343165
"Newark, NJ","Sarasota/Bradenton, FL",1864,1826,359,34,4,0.19660460021905804,0.018240343347639486,0.002145922746781116
"Chicago, IL","Manchester, NH",1861,1839,372,18,4,0.20228384991843393,0.00967221923696937,0.0021493820526598604
"Anchorage, AK","Fairbanks, AK",1860,1840,232,20,0,0.12608695652173912,0.010752688172043012,0.0
"Atlanta, GA","Ontario, CA",1860,1824,306,29,7,0.16776315789473684,0.015591397849462365,0.003763440860215054
"Cody, WY","Denver, CO",1860,1787,505,39,34,0.2825965304980414,0.020967741935483872,0.01827956989247312
"Cleveland, OH","Houston, TX",1858,1840,258,15,3,0.14021739130434782,0.008073196986006458,0.0016146393972012918
"Nashville, TN","San Diego, CA",1857,1838,397,9,10,0.2159956474428727,0.004846526655896607,0.005385029617662897
"Cleveland, OH","Philadelphia, PA",1854,1775,513,77,2,0.28901408450704225,0.041531823085221145,0.0010787486515641855
"Champaign/Urbana, IL","Chicago, IL",1851,1793,458,57,1,0.25543781372002233,0.03079416531604538,0.0005402485143165856
"Detroit, MI","Lansing, MI",1850,1840,380,9,1,0.20652173913043478,0.004864864864864865,0.0005405405405405405
"Columbus, OH","Houston, TX",1848,1833,438,13,2,0.23895253682487724,0.007034632034632035,0.0010822510822510823
"Salt Lake City, UT","Santa Barbara, CA",1846,1819,139,16,11,0.07641561297416163,0.00866738894907909,0.005958829902491874
"Appleton, WI","Minneapolis, MN",1841,1823,400,15,3,0.21941854086670323,0.008147745790331342,0.0016295491580662683
"Charlotte, NC","Manchester, NH",1841,1773,388,63,5,0.2188381274675691,0.034220532319391636,0.0027159152634437804
"Columbus, OH","Tampa, FL",1835,1818,343,11,6,0.18866886688668866,0.005994550408719346,0.0032697547683923707
"Dallas/Fort Worth, TX","Eagle, CO",1834,1789,630,32,13,0.3521520402459475,0.017448200654307525,0.007088331515812432
"New York, NY","Portland, OR",1828,1793,422,27,8,0.23535973229224763,0.01477024070021882,0.00437636761487965
"Allentown/Bethlehem/Easton, PA","Charlotte, NC",1826,1768,371,54,4,0.20984162895927602,0.029572836801752465,0.002190580503833516
"Boise, ID","Sacramento, CA",1826,1825,307,0,1,0.16821917808219178,0.0,0.000547645125958379
"Atlanta, GA","Augusta, GA",1819,1787,373,31,1,0.20872971460548406,0.017042330951072018,0.0005497526113249038
"Honolulu, HI","San Jose, CA",1819,1814,233,2,3,0.12844542447629548,0.0010995052226498076,0.0016492578339747114
"Detroit, MI","New Orleans, LA",1813,1784,327,26,3,0.18329596412556054,0.014340871483728626,0.001654715940430226
"Burbank, CA","Portland, OR",1805,1783,242,20,2,0.1357263039820527,0.0110803324099723,0.00110803324099723
"Cleveland, OH","Phoenix, AZ",1805,1795,419,5,5,0.23342618384401115,0.002770083102493075,0.002770083102493075
"Louisville, KY","Newark, NJ",1804,1719,313,80,5,0.1820826061663758,0.04434589800443459,0.002771618625277162
"El Paso, TX","San Antonio, TX",1803,1791,288,10,2,0.16080402010050251,0.005546311702717693,0.0011092623405435386
"Louisville, KY","Orlando, FL",1803,1779,358,19,5,0.20123664980326025,0.010537992235163616,0.0027731558513588465
"Fort Myers, FL","Indianapolis, IN",1802,1787,386,13,2,0.21600447677672077,0.007214206437291898,0.0011098779134295228
"Baltimore, MD","San Francisco, CA",1799,1784,360,8,7,0.20179372197309417,0.0044469149527515284,0.0038910505836575876
"Houston, TX","Ontario, CA",1798,1778,401,15,5,0.22553430821147358,0.008342602892102336,0.0027808676307007787
"Charlotte, NC","Salt Lake City, UT",1794,1779,351,14,1,0.1973018549747049,0.007803790412486065,0.0005574136008918618
"Fort Lauderdale, FL","White Plains, NY",1794,1758,384,20,16,0.21843003412969283,0.011148272017837236,0.008918617614269788
"Minneapolis, MN","San Antonio, TX",1786,1765,374,17,4,0.21189801699716715,0.009518477043673012,0.0022396416573348264
"San Francisco, CA","Spokane, WA",1784,1776,335,4,4,0.18862612612612611,0.002242152466367713,0.002242152466367713
"Chicago, IL","La Crosse, WI",1783,1733,372,49,1,0.21465666474321984,0.027481772293886708,0.0005608524957936063
"Albany, GA","Atlanta, GA",1780,1741,350,37,2,0.2010338885697875,0.020786516853932586,0.0011235955056179776
"Baltimore, MD","Louisville, KY",1776,1732,314,42,2,0.1812933025404157,0.02364864864864865,0.0011261261261261261
"Raleigh/Durham, NC","Seattle, WA",1774,1757,379,12,5,0.21570859419464997,0.006764374295377677,0.002818489289740699
"Washington, DC","Wilmington, NC",1774,1651,487,118,5,0.29497274379164146,0.0665163472378805,0.002818489289740699
"Atlanta, GA","San Jose, CA",1770,1745,193,21,4,0.11060171919770774,0.011864406779661017,0.0022598870056497176
"Buffalo, NY","Tampa, FL",1768,1748,374,14,6,0.2139588100686499,0.007918552036199095,0.003393665158371041
"Denver, CO","Helena, MT",1768,1724,490,24,20,0.2842227378190255,0.013574660633484163,0.011312217194570135
"Anchorage, AK","Portland, OR",1767,1762,298,4,1,0.16912599318955732,0.0022637238256932655,0.0005659309564233164
"Colorado Springs, CO","Dallas, TX",1766,1747,369,13,6,0.2112192329708071,0.007361268403171008,0.0033975084937712344
"Phoenix, AZ","St. George, UT",1766,1764,320,0,2,0.18140589569160998,0.0,0.0011325028312570782
"Fort Lauderdale, FL","St. Louis, MO",1762,1739,355,19,4,0.20414031052328924,0.010783200908059024,0.0022701475595913734
"Raleigh/Durham, NC","San Francisco, CA",1760,1758,227,0,2,0.1291240045506257,0.0,0.0011363636363636363
"Los Angeles, CA","Monterey, CA",1758,1741,165,13,4,0.09477311889718552,0.00739476678043231,0.0022753128555176336
"Manchester, NH","Orlando, FL",1758,1743,367,7,8,0.21055651176133103,0.003981797497155859,0.004550625711035267
"Durango, CO","Phoenix, AZ",1754,1746,276,5,3,0.15807560137457044,0.0028506271379703536,0.0017103762827822121
"Austin, TX","Indianapolis, IN",1752,1742,351,5,5,0.20149253731343283,0.0028538812785388126,0.0028538812785388126
"Seattle, WA","St. Louis, MO",1750,1737,447,8,5,0.25734024179620035,0.004571428571428572,0.002857142857142857
"Dallas/Fort Worth, TX","Moline, IL",1749,1716,325,28,5,0.1893939393939394,0.016009148084619784,0.002858776443682104
"Los Angeles, CA","Spokane, WA",1749,1739,153,9,1,0.08798159861989649,0.005145797598627788,0.0005717552887364208
"Chicago, IL","San Jose, CA",1746,1725,343,13,8,0.19884057971014493,0.0074455899198167235,0.004581901489117984
"Miami, FL","Savannah, GA",1746,1699,313,45,2,0.1842260153031195,0.02577319587628866,0.001145475372279496
"Charlotte Amalie, VI","Miami, FL",1738,1720,302,6,12,0.1755813953488372,0.0034522439585730723,0.006904487917146145
"Fort Lauderdale, FL","Seattle, WA",1735,1708,443,14,13,0.25936768149882905,0.008069164265129682,0.007492795389048991
"Austin, TX","Kansas City, MO",1733,1715,366,15,3,0.21341107871720116,0.008655510675129832,0.0017311021350259665
"Colorado Springs, CO","Las Vegas, NV",1732,1726,376,5,1,0.21784472769409038,0.002886836027713626,0.0005773672055427252
"Anchorage, AK","Kodiak, AK",1728,1659,256,66,3,0.15430982519590114,0.03819444444444445,0.001736111111111111
"Las Vegas, NV","Santa Barbara, CA",1728,1707,327,17,4,0.19156414762741653,0.009837962962962963,0.0023148148148148147
"Minneapolis, MN","Williston, ND",1728,1704,350,17,7,0.20539906103286384,0.009837962962962963,0.004050925925925926
"Orlando, FL","San Diego, CA",1719,1706,438,6,7,0.2567409144196952,0.0034904013961605585,0.004072134962187318
"Honolulu, HI","Salt Lake City, UT",1717,1697,297,11,9,0.17501473187978786,0.0064065230052417,0.0052417006406523005
"Hartford, CT","Tampa, FL",1713,1688,339,17,8,0.20082938388625593,0.0099241097489784,0.004670169293636894
"Cincinnati, OH","Minneapolis, MN",1710,1702,312,8,0,0.18331374853113983,0.004678362573099415,0.0
"Detroit, MI","Elmira/Corning, NY",1710,1694,330,15,1,0.19480519480519481,0.008771929824561403,0.0005847953216374269
"Las Vegas, NV","Spokane, WA",1705,1699,284,5,1,0.16715715126545028,0.002932551319648094,0.0005865102639296188
"Columbia, SC","Dallas/Fort Worth, TX",1699,1642,432,51,6,0.2630937880633374,0.03001765744555621,0.003531489111241907
"Los Angeles, CA","Oklahoma City, OK",1699,1687,220,6,6,0.13040901007705988,0.003531489111241907,0.003531489111241907
"Pasco/Kennewick/Richland, WA","Phoenix, AZ",1698,1696,225,0,2,0.13266509433962265,0.0,0.001177856301531213
"Grand Rapids, MI","New York, NY",1693,1628,365,62,3,0.2242014742014742,0.03662138216184288,0.0017720023626698169
"Baltimore, MD","Milwaukee, WI",1690,1660,311,27,3,0.18734939759036146,0.015976331360946745,0.0017751479289940828
"Honolulu, HI","Portland, OR",1688,1671,487,12,5,0.291442250149611,0.0071090047393364926,0.002962085308056872
"Birmingham, AL","Miami, FL",1687,1653,311,27,7,0.1881427707199032,0.016004742145820983,0.004149377593360996
"Nashville, TN","Valparaiso, FL",1672,1657,192,12,3,0.11587205793602896,0.007177033492822967,0.0017942583732057417
"Hartford, CT","Minneapolis, MN",1669,1657,292,6,6,0.17622208811104406,0.0035949670461354103,0.0035949670461354103
"Charlotte, NC","Shreveport, LA",1666,1626,441,39,1,0.27121771217712176,0.0234093637454982,0.0006002400960384153
"Fort Lauderdale, FL","Richmond, VA",1665,1638,373,26,1,0.2277167277167277,0.015615615615615615,0.0006006006006006006
"Fort Lauderdale, FL","Hartford, CT",1662,1638,376,20,4,0.22954822954822954,0.012033694344163659,0.0024067388688327317
"Las Vegas, NV","Pittsburgh, PA",1662,1654,333,4,4,0.20133010882708585,0.0024067388688327317,0.0024067388688327317
"Chicago, IL","Rochester, MN",1659,1608,564,49,2,0.35074626865671643,0.029535864978902954,0.0012055455093429777
"Albuquerque, NM","Austin, TX",1655,1647,331,5,3,0.20097146326654525,0.0030211480362537764,0.0018126888217522659
"Fort Myers, FL","Houston, TX",1652,1638,301,8,6,0.18376068376068377,0.004842615012106538,0.0036319612590799033
"Atlanta, GA","White Plains, NY",1648,1605,326,26,17,0.2031152647975078,0.015776699029126214,0.010315533980582525
"Phoenix, AZ","Sioux Falls, SD",1645,1638,305,4,3,0.1862026862026862,0.0024316109422492403,0.00182370820668693
"Baltimore, MD","San Antonio, TX",1643,1617,317,21,5,0.19604205318491033,0.01278149726110773,0.0030432136335970784
"Reno, NV","Seattle, WA",1639,1611,494,26,2,0.30664183736809436,0.01586333129957291,0.0012202562538133007
"New Orleans, LA","Phoenix, AZ",1638,1621,440,13,4,0.27143738433066006,0.007936507936507936,0.002442002442002442
"Charlotte, NC","Des Moines, IA",1636,1591,355,41,4,0.2231301068510371,0.02506112469437653,0.0024449877750611247
"Omaha, NE","St. Louis, MO",1634,1611,226,22,1,0.14028553693358162,0.01346389228886169,0.0006119951040391676
"New York, NY","Syracuse, NY",1623,1570,375,50,3,0.23885350318471338,0.030807147258163893,0.0018484288354898336
"Baltimore, MD","Kansas City, MO",1618,1582,356,27,9,0.225031605562579,0.01668726823238566,0.005562422744128554
"Kona, HI","San Francisco, CA",1618,1611,239,3,4,0.14835505896958412,0.001854140914709518,0.002472187886279357
"Memphis, TN","Orlando, FL",1615,1598,352,12,5,0.2202753441802253,0.007430340557275541,0.0030959752321981426
"Norfolk, VA","Orlando, FL",1615,1596,348,13,6,0.21804511278195488,0.00804953560371517,0.0037151702786377707
"Cleveland, OH","Minneapolis, MN",1612,1605,292,6,1,0.18193146417445483,0.0037220843672456576,0.0006203473945409429
"Portland, OR","Spokane, WA",1612,1601,227,11,0,0.14178638351030606,0.006823821339950372,0.0
"Austin, TX","Fort Lauderdale, FL",1611,1595,460,11,5,0.2884012539184953,0.006828057107386716,0.0031036623215394167
"Newark, NJ","Portland, OR",1610,1584,389,20,6,0.2455808080808081,0.012422360248447204,0.0037267080745341614
"Atlanta, GA","Tucson, AZ",1606,1574,215,25,7,0.1365946632782719,0.015566625155666251,0.0043586550435865505
"Bozeman, MT","Minneapolis, MN",1606,1600,287,2,4,0.179375,0.0012453300124533001,0.0024906600249066002
"Phoenix, AZ","Pittsburgh, PA",1603,1593,337,3,7,0.21155053358443188,0.0018714909544603868,0.004366812227074236
"Austin, TX","Harlingen/San Benito, TX",1602,1565,299,34,3,0.19105431309904153,0.02122347066167291,0.0018726591760299626
"Detroit, MI","Lexington, KY",1600,1580,255,17,3,0.16139240506329114,0.010625,0.001875
"Dallas/Fort Worth, TX","Hartford, CT",1598,1553,450,34,11,0.2897617514488088,0.02127659574468085,0.00688360450563204
"Columbus, OH","Minneapolis, MN",1597,1580,328,16,1,0.20759493670886076,0.010018785222291797,0.0006261740763932373
"Honolulu, HI","Oakland, CA",1596,1588,234,6,2,0.1473551637279597,0.0037593984962406013,0.0012531328320802004
"Cincinnati, OH","Salt Lake City, UT",1595,1589,275,6,0,0.17306482064191314,0.003761755485893417,0.0
"Chicago, IL","Hancock/Houghton, MI",1590,1508,444,71,11,0.29442970822281167,0.04465408805031446,0.006918238993710692
"Charlotte, NC","Oklahoma City, OK",1585,1541,296,40,4,0.19208306294613886,0.025236593059936908,0.002523659305993691
"Chicago, IL","Myrtle Beach, SC",1585,1567,361,13,5,0.23037651563497127,0.008201892744479496,0.0031545741324921135
"Milwaukee, WI","Newark, NJ",1585,1488,323,94,3,0.21706989247311828,0.05930599369085174,0.0018927444794952682
"Cincinnati, OH","Tampa, FL",1575,1551,385,20,4,0.24822695035460993,0.012698412698412698,0.0025396825396825397
"Boise, ID","Dallas/Fort Worth, TX",1574,1526,417,34,14,0.2732634338138925,0.021601016518424398,0.008894536213468869
"Greensboro/High Point, NC","Washington, DC",1573,1491,445,79,3,0.29845741113346747,0.050222504767959315,0.0019071837253655435
"Anchorage, AK","Chicago, IL",1572,1558,336,10,4,0.21566110397946084,0.006361323155216285,0.002544529262086514
"Birmingham, AL","Orlando, FL",1571,1560,397,5,6,0.25448717948717947,0.003182686187141948,0.0038192234245703373
"Cleveland, OH","Miami, FL",1570,1548,361,18,4,0.23320413436692505,0.011464968152866241,0.0025477707006369425
"San Francisco, CA","St. Louis, MO",1567,1554,438,8,5,0.28185328185328185,0.005105296745373325,0.003190810465858328
"Atlantic City, NJ","Orlando, FL",1565,1551,287,13,1,0.18504190844616378,0.008306709265175719,0.0006389776357827476
"Chicago, IL","Jackson, WY",1562,1538,451,7,17,0.29323797139141744,0.004481434058898848,0.01088348271446863
"Houston, TX","Jackson/Vicksburg, MS",1562,1549,302,11,2,0.1949644932214332,0.007042253521126761,0.0012804097311139564
"Boise, ID","Minneapolis, MN",1560,1549,255,6,5,0.1646223369916075,0.0038461538461538464,0.003205128205128205
"Grand Rapids, MI","Newark, NJ",1560,1490,286,65,5,0.1919463087248322,0.041666666666666664,0.003205128205128205
"Minneapolis, MN","Spokane, WA",1552,1549,233,2,1,0.15041962556488056,0.001288659793814433,0.0006443298969072165
"Memphis, TN","Minneapolis, MN",1551,1544,227,4,3,0.14702072538860103,0.0025789813023855577,0.0019342359767891683
"Los Angeles, CA","Raleigh/Durham, NC",1550,1542,252,4,4,0.16342412451361868,0.0025806451612903226,0.0025806451612903226
"Orlando, FL","Syracuse, NY",1549,1537,377,9,3,0.24528301886792453,0.005810200129115558,0.001936733376371853
"Fayetteville, AR","Phoenix, AZ",1547,1539,227,8,0,0.147498375568551,0.005171299288946348,0.0
"Charlotte, NC","Peoria, IL",1545,1475,389,66,4,0.26372881355932204,0.04271844660194175,0.0025889967637540453
"Cleveland, OH","Detroit, MI",1545,1532,339,12,1,0.2212793733681462,0.007766990291262136,0.0006472491909385113
"Cincinnati, OH","Seattle, WA",1542,1524,325,10,8,0.21325459317585302,0.00648508430609598,0.005188067444876783
"San Diego, CA","Santa Rosa, CA",1542,1472,375,58,12,0.2547554347826087,0.03761348897535668,0.007782101167315175
"Green Bay, WI","Minneapolis, MN",1539,1522,254,16,1,0.16688567674113008,0.010396361273554255,0.000649772579597141
"Kansas City, MO","Philadelphia, PA",1537,1478,410,52,7,0.2774018944519621,0.03383214053350683,0.004554326610279766
"Philadelphia, PA","Portland, ME",1536,1492,393,42,2,0.2634048257372654,0.02734375,0.0013020833333333333
"Baltimore, MD","Salt Lake City, UT",1534,1524,306,8,2,0.20078740157480315,0.005215123859191656,0.001303780964797914
"Las Vegas, NV","Tulsa, OK",1529,1522,281,5,2,0.18462549277266754,0.0032701111837802484,0.0013080444735120995
"Kahului, HI","Las Vegas, NV",1528,1518,224,6,4,0.14756258234519104,0.003926701570680628,0.002617801047120419
"Dallas/Fort Worth, TX","Jackson, WY",1522,1482,473,29,11,0.3191632928475034,0.019053876478318004,0.007227332457293035
"Austin, TX","Raleigh/Durham, NC",1516,1507,296,7,2,0.1964167219641672,0.004617414248021108,0.0013192612137203166
"Boston, MA","Milwaukee, WI",1511,1473,397,36,2,0.2695179904955872,0.02382528127068167,0.0013236267372600927
"Amarillo, TX","Denver, CO",1510,1473,467,26,11,0.3170400543109301,0.017218543046357615,0.00728476821192053
"Charlotte, NC","Tulsa, OK",1510,1470,350,38,2,0.23809523809523808,0.025165562913907286,0.0013245033112582781
"Aberdeen, SD","Minneapolis, MN",1508,1494,152,11,3,0.10174029451137885,0.007294429708222812,0.001989389920424403
"Chicago, IL","Palm Springs, CA",1507,1488,306,14,5,0.2056451612903226,0.0092899800928998,0.0033178500331785005
"Las Vegas, NV","Raleigh/Durham, NC",1506,1499,306,3,4,0.20413609072715144,0.00199203187250996,0.0026560424966799467
"Nashville, TN","Savannah, GA",1501,1486,333,12,3,0.22409152086137282,0.007994670219853431,0.001998667554963358
"Chicago, IL","Mosinee, WI",1499,1461,368,36,2,0.2518822724161533,0.02401601067378252,0.00133422281521014
"Providence, RI","Tampa, FL",1498,1490,366,3,5,0.24563758389261744,0.0020026702269692926,0.0033377837116154874
"Fayetteville, AR","New York, NY",1494,1418,369,63,13,0.26022566995768687,0.04216867469879518,0.008701472556894244
"Indianapolis, IN","Los Angeles, CA",1492,1477,256,10,5,0.17332430602572782,0.006702412868632708,0.003351206434316354
"Phoenix, AZ","Wichita, KS",1488,1461,243,20,7,0.16632443531827515,0.013440860215053764,0.004704301075268817
"Medford, OR","Phoenix, AZ",1486,1476,202,7,3,0.13685636856368563,0.004710632570659489,0.002018842530282638
"Baton Rouge, LA","Charlotte, NC",1485,1455,324,29,1,0.22268041237113403,0.019528619528619527,0.0006734006734006734
"Chicago, IL","Lansing, MI",1483,1457,318,25,1,0.2182566918325326,0.016857720836142953,0.0006743088334457181
"Long Beach, CA","Reno, NV",1481,1461,241,17,3,0.16495550992470911,0.011478730587440918,0.002025658338960162
"Santa Ana, CA","Santa Rosa, CA",1478,1460,372,12,6,0.2547945205479452,0.008119079837618403,0.0040595399188092015
"Cheyenne, WY","Denver, CO",1472,1449,353,16,7,0.24361628709454797,0.010869565217391304,0.004755434782608696
"Denver, CO","Sheridan, WY",1470,1435,323,23,12,0.22508710801393728,0.015646258503401362,0.00816326530612245
"Anchorage, AK","Minneapolis, MN",1469,1461,272,4,4,0.1861738535249829,0.002722940776038121,0.002722940776038121
"New Orleans, LA","St. Louis, MO",1466,1441,251,24,1,0.17418459403192227,0.01637107776261937,0.0006821282401091405
"Atlanta, GA","Montgomery, AL",1465,1446,369,18,1,0.2551867219917012,0.012286689419795221,0.0006825938566552901
"Palm Springs, CA","Portland, OR",1464,1452,174,9,3,0.11983471074380166,0.006147540983606557,0.0020491803278688526
"Denver, CO","Medford, OR",1462,1442,301,10,10,0.2087378640776699,0.006839945280437756,0.006839945280437756
"Denver, CO","Pasco/Kennewick/Richland, WA",1461,1444,238,4,13,0.16481994459833796,0.0027378507871321013,0.00889801505817933
"Bakersfield, CA","Denver, CO",1460,1451,283,1,8,0.19503790489317713,0.0006849315068493151,0.005479452054794521
"Denver, CO","Gillette, WY",1460,1428,302,27,5,0.211484593837535,0.018493150684931507,0.003424657534246575
"Eugene, OR","Salt Lake City, UT",1460,1458,83,2,0,0.05692729766803841,0.0013698630136986301,0.0
"Honolulu, HI","Long Beach, CA",1460,1449,179,7,4,0.12353347135955832,0.004794520547945206,0.0027397260273972603
"Honolulu, HI","Sacramento, CA",1460,1454,254,4,2,0.1746905089408528,0.0027397260273972603,0.0013698630136986301
"Kahului, HI","Phoenix, AZ",1460,1458,152,1,1,0.10425240054869685,0.0006849315068493151,0.0006849315068493151
"Billings, MT","Dallas/Fort Worth, TX",1459,1432,307,18,9,0.21438547486033518,0.01233721727210418,0.00616860863605209
"Bloomington/Normal, IL","Dallas/Fort Worth, TX",1459,1430,219,24,5,0.15314685314685314,0.01644962302947224,0.003427004797806717
"Charleston, SC","Detroit, MI",1459,1446,269,9,4,0.18603042876901799,0.00616860863605209,0.0027416038382453737
"Chicago, IL","Roanoke, VA",1459,1425,400,29,5,0.2807017543859649,0.019876627827278958,0.003427004797806717
"Baltimore, MD","Richmond, VA",1458,1442,327,15,1,0.22676837725381416,0.0102880658436214,0.0006858710562414266
"Bend/Redmond, OR","Denver, CO",1458,1442,351,6,10,0.2434119278779473,0.00411522633744856,0.006858710562414266
"Bend/Redmond, OR","Salt Lake City, UT",1458,1452,124,1,5,0.08539944903581267,0.0006858710562414266,0.003429355281207133
"Burbank, CA","Dallas/Fort Worth, TX",1458,1429,374,22,7,0.2617214835549335,0.015089163237311385,0.004801097393689987
"Dallas/Fort Worth, TX","Garden City, KS",1458,1407,324,42,9,0.2302771855010661,0.02880658436213992,0.006172839506172839
"Dallas/Fort Worth, TX","Stillwater, OK",1458,1397,294,58,3,0.21045096635647817,0.039780521262002745,0.00205761316872428
"Dallas/Fort Worth, TX","Wichita Falls, TX",1458,1394,298,62,2,0.21377331420373027,0.04252400548696845,0.0013717421124828531
"Denver, CO","Great Falls, MT",1458,1448,303,6,4,0.20925414364640885,0.00411522633744856,0.0027434842249657062
"Denver, CO","Huntsville, AL",1458,1448,326,4,6,0.22513812154696133,0.0027434842249657062,0.00411522633744856
"Denver, CO","Monterey, CA",1458,1444,229,2,12,0.15858725761772854,0.0013717421124828531,0.00823045267489712
"Denver, CO","Riverton/Lander, WY",1458,1442,266,9,7,0.18446601941747573,0.006172839506172839,0.004801097393689987
"Denver, CO","Rock Springs, WY",1458,1433,316,13,12,0.22051639916259597,0.008916323731138546,0.00823045267489712
"Medford, OR","Salt Lake City, UT",1458,1432,120,20,6,0.08379888268156424,0.013717421124828532,0.00411522633744856
"Champaign/Urbana, IL","Dallas/Fort Worth, TX",1457,1425,259,25,7,0.18175438596491228,0.017158544955387784,0.004804392587508579
"Bemidji, MN","Minneapolis, MN",1456,1444,197,10,2,0.13642659279778394,0.006868131868131868,0.0013736263736263737
"Bismarck/Mandan, ND","Dallas/Fort Worth, TX",1456,1439,353,10,7,0.2453092425295344,0.006868131868131868,0.004807692307692308
"Kahului, HI","Portland, OR",1456,1440,214,12,4,0.1486111111111111,0.008241758241758242,0.0027472527472527475
"Kahului, HI","San Diego, CA",1455,1417,305,17,21,0.21524347212420608,0.01168384879725086,0.01443298969072165
"Beaumont/Port Arthur, TX","Dallas/Fort Worth, TX",1454,1386,291,62,6,0.20995670995670995,0.04264099037138927,0.0041265474552957355
"Dallas/Fort Worth, TX","Longview, TX",1454,1399,298,49,6,0.21300929235167976,0.03370013755158184,0.0041265474552957355
"Dallas/Fort Worth, TX","Texarkana, AR",1454,1399,290,52,3,0.20729092208720515,0.03576341127922971,0.0020632737276478678
"Las Vegas, NV","Palm Springs, CA",1453,1445,311,5,3,0.21522491349480968,0.0034411562284927736,0.0020646937370956643
"Memphis, TN","Philadelphia, PA",1453,1401,329,50,2,0.23483226266952176,0.034411562284927734,0.0013764624913971094
"Dallas/Fort Worth, TX","Grand Island, NE",1450,1393,309,52,5,0.22182340272792533,0.03586206896551724,0.0034482758620689655
"Dallas/Fort Worth, TX","Wilmington, NC",1450,1415,320,32,3,0.22614840989399293,0.022068965517241378,0.0020689655172413794
"Denver, CO","San Luis Obispo, CA",1450,1430,312,10,10,0.21818181818181817,0.006896551724137931,0.006896551724137931
"Fresno, CA","Portland, OR",1450,1447,172,3,0,0.1188666205943331,0.0020689655172413794,0.0
"Helena, MT","Salt Lake City, UT",1450,1441,47,7,2,0.03261623872310895,0.004827586206896552,0.001379310344827586
"Juneau, AK","Sitka, AK",1450,1413,199,26,11,0.1408351026185421,0.01793103448275862,0.007586206896551724
"Minneapolis, MN","Rhinelander, WI",1448,1417,145,29,2,0.10232886379675371,0.020027624309392266,0.0013812154696132596
"Anchorage, AK","Bethel, AK",1446,1397,339,47,2,0.24266284896206156,0.03250345781466114,0.0013831258644536654
"Burlington, VT","Newark, NJ",1444,1387,321,51,6,0.23143475126171592,0.035318559556786706,0.004155124653739612
"Las Vegas, NV","Memphis, TN",1441,1438,236,2,1,0.16411682892906815,0.0013879250520471894,0.0006939625260235947
"Milwaukee, WI","New York, NY",1440,1394,245,44,2,0.1757532281205165,0.030555555555555555,0.001388888888888889
"Bend/Redmond, OR","Phoenix, AZ",1436,1430,173,3,3,0.12097902097902098,0.0020891364902506965,0.0020891364902506965
"Myrtle Beach, SC","Washington, DC",1435,1363,415,70,2,0.3044754218635363,0.04878048780487805,0.0013937282229965157
"Salt Lake City, UT","Twin Falls, ID",1432,1431,77,0,1,0.05380852550663871,0.0,0.0006983240223463687
"Atlanta, GA","El Paso, TX",1430,1410,242,14,6,0.17163120567375886,0.009790209790209791,0.004195804195804196
"Nantucket, MA","New York, NY",1430,1378,292,49,3,0.21190130624092887,0.03426573426573427,0.002097902097902098
"Oklahoma City, OK","Washington, DC",1430,1379,404,35,16,0.29296591733139954,0.024475524475524476,0.011188811188811189
"Cincinnati, OH","Fort Myers, FL",1429,1409,213,12,8,0.15117104329311568,0.008397480755773267,0.005598320503848845
"Detroit, MI","Norfolk, VA",1429,1408,299,19,2,0.21235795454545456,0.013296011196641007,0.0013995801259622112
"Miami, FL","Salt Lake City, UT",1429,1418,328,8,3,0.231311706629055,0.005598320503848845,0.002099370188943317
"Baltimore, MD","Cincinnati, OH",1424,1409,279,15,0,0.1980127750177431,0.010533707865168539,0.0
"Bozeman, MT","Dallas/Fort Worth, TX",1416,1390,422,19,7,0.3035971223021583,0.013418079096045197,0.0049435028248587575
"Detroit, MI","Richmond, VA",1416,1397,259,16,3,0.18539727988546886,0.011299435028248588,0.00211864406779661
"Omaha, NE","Salt Lake City, UT",1412,1402,115,6,4,0.08202567760342368,0.00424929178470255,0.0028328611898017
"Oklahoma City, OK","Salt Lake City, UT",1411,1405,134,3,3,0.09537366548042704,0.002126151665485471,0.002126151665485471
"Baltimore, MD","Seattle, WA",1410,1400,394,6,4,0.2814285714285714,0.00425531914893617,0.0028368794326241137
"Boise, ID","San Jose, CA",1410,1407,185,2,1,0.13148542999289267,0.0014184397163120568,0.0007092198581560284
"Fort Myers, FL","White Plains, NY",1409,1385,246,10,14,0.1776173285198556,0.007097232079488999,0.0099361249112846
"Pasco/Kennewick/Richland, WA","San Francisco, CA",1409,1403,228,5,1,0.16250890947968638,0.0035486160397444995,0.0007097232079489
"Bakersfield, CA","San Francisco, CA",1407,1401,259,5,1,0.18486795146324053,0.0035536602700781805,0.0007107320540156361
"Fort Lauderdale, FL","Minneapolis, MN",1407,1382,255,19,6,0.18451519536903038,0.013503909026297086,0.0042643923240938165
"Los Angeles, CA","Santa Rosa, CA",1404,1362,243,34,8,0.17841409691629956,0.024216524216524215,0.005698005698005698
"Monterey, CA","San Diego, CA",1402,1358,314,38,6,0.23122238586156113,0.02710413694721826,0.0042796005706134095
"Cleveland, OH","St. Louis, MO",1400,1384,208,14,2,0.15028901734104047,0.01,0.0014285714285714286
"Philadelphia, PA","Salt Lake City, UT",1400,1371,300,25,4,0.2188183807439825,0.017857142857142856,0.002857142857142857
"Phoenix, AZ","Raleigh/Durham, NC",1400,1391,273,5,4,0.19626168224299065,0.0035714285714285713,0.002857142857142857
"Detroit, MI","Green Bay, WI",1399,1374,286,24,1,0.2081513828238719,0.017155110793423873,0.0007147962830593281
"Miami, FL","Pittsburgh, PA",1399,1384,379,13,2,0.2738439306358382,0.009292351679771264,0.0014295925661186562
"Charlotte, NC","Harrisburg, PA",1396,1377,261,19,0,0.1895424836601307,0.013610315186246419,0.0
"Pittsburgh, PA","Raleigh/Durham, NC",1395,1375,204,18,2,0.14836363636363636,0.012903225806451613,0.0014336917562724014
"Grand Rapids, MI","Washington, DC",1394,1294,391,93,7,0.30216383307573413,0.0667144906743185,0.005021520803443328
"Lihue, HI","Oakland, CA",1392,1382,186,7,3,0.1345875542691751,0.005028735632183908,0.0021551724137931034
"Oklahoma City, OK","St. Louis, MO",1392,1375,229,16,1,0.16654545454545455,0.011494252873563218,0.0007183908045977011
"Charlotte, NC","Portland, ME",1391,1369,292,18,4,0.21329437545653762,0.012940330697340043,0.002875629043853343
"Des Moines, IA","Washington, DC",1390,1279,344,104,7,0.2689601250977326,0.07482014388489208,0.005035971223021582
"Denver, CO","Richmond, VA",1386,1370,408,7,9,0.29781021897810217,0.005050505050505051,0.006493506493506494
"Baltimore, MD","Greer, SC",1382,1370,251,9,3,0.18321167883211678,0.006512301013024602,0.002170767004341534
"Asheville, NC","Dallas/Fort Worth, TX",1380,1345,356,29,6,0.26468401486988846,0.021014492753623187,0.004347826086956522
"Fort Myers, FL","Nashville, TN",1380,1368,292,7,5,0.2134502923976608,0.005072463768115942,0.0036231884057971015
"Boston, MA","Louisville, KY",1379,1363,314,11,5,0.23037417461482024,0.007976794778825236,0.0036258158085569255
"Cleveland, OH","Los Angeles, CA",1379,1378,132,0,1,0.09579100145137881,0.0,0.0007251631617113851
"Denver, CO","Dickinson, ND",1378,1337,376,30,11,0.281226626776365,0.02177068214804064,0.007982583454281567
"Cincinnati, OH","Las Vegas, NV",1376,1357,287,18,1,0.21149594694178334,0.01308139534883721,0.0007267441860465116
"Kahului, HI","Oakland, CA",1373,1359,159,12,2,0.11699779249448124,0.00873998543335761,0.0014566642388929353
"Houston, TX","Mission/McAllen/Edinburg, TX",1369,1354,237,14,1,0.17503692762186115,0.010226442658875092,0.0007304601899196494
"Dallas, TX","Long Beach, CA",1368,1350,226,13,5,0.1674074074074074,0.009502923976608187,0.003654970760233918
"Monterey, CA","San Francisco, CA",1365,1351,232,9,5,0.17172464840858623,0.006593406593406593,0.003663003663003663
"Eugene, OR","Phoenix, AZ",1363,1356,259,4,3,0.19100294985250738,0.00293470286133529,0.0022010271460014674
"Albuquerque, NM","San Francisco, CA",1362,1356,204,5,1,0.1504424778761062,0.003671071953010279,0.0007342143906020558
"Newark, NJ","Norfolk, VA",1361,1297,300,63,1,0.2313030069390902,0.046289493019838354,0.0007347538574577516
"San Diego, CA","San Luis Obispo, CA",1359,1303,322,50,6,0.24712202609363007,0.03679175864606328,0.004415011037527594
"St. Louis, MO","Tulsa, OK",1358,1336,196,17,5,0.1467065868263473,0.012518409425625921,0.003681885125184094
"Sacramento, CA","Spokane, WA",1357,1356,220,1,0,0.16224188790560473,0.0007369196757553427,0.0
"Des Moines, IA","St. Louis, MO",1356,1341,204,14,1,0.15212527964205816,0.01032448377581121,0.0007374631268436578
"Little Rock, AR","St. Louis, MO",1356,1341,211,14,1,0.15734526472781507,0.01032448377581121,0.0007374631268436578
"St. Louis, MO","Wichita, KS",1356,1340,217,15,1,0.1619402985074627,0.011061946902654867,0.0007374631268436578
"Asheville, NC","Fort Lauderdale, FL",1354,1344,431,4,6,0.32068452380952384,0.0029542097488921715,0.004431314623338257
"Dallas, TX","Indianapolis, IN",1354,1333,287,18,3,0.21530382595648911,0.013293943870014771,0.0022156573116691287
"Denver, CO","Norfolk, VA",1354,1341,386,7,6,0.2878448918717375,0.0051698670605613,0.004431314623338257
"Allentown/Bethlehem/Easton, PA","Sanford, FL",1352,1347,261,4,1,0.19376391982182628,0.0029585798816568047,0.0007396449704142012
"Myrtle Beach, SC","New York, NY",1351,1320,306,30,1,0.2318181818181818,0.02220577350111029,0.0007401924500370096
"Madison, WI","New York, NY",1350,1295,267,48,7,0.20617760617760617,0.035555555555555556,0.005185185185185185
"Knoxville, TN","New York, NY",1349,1287,279,58,4,0.21678321678321677,0.042994810971089696,0.0029651593773165306
"Lihue, HI","San Francisco, CA",1348,1341,128,6,1,0.09545115585384041,0.004451038575667656,0.000741839762611276
"Los Angeles, CA","Santa Barbara, CA",1346,1322,156,16,8,0.11800302571860817,0.01188707280832095,0.005943536404160475
"Cincinnati, OH","Phoenix, AZ",1345,1332,256,7,6,0.1921921921921922,0.0052044609665427505,0.0044609665427509295
"Milwaukee, WI","St. Louis, MO",1343,1333,169,9,1,0.12678169542385595,0.006701414743112435,0.0007446016381236039
"Detroit, MI","Pellston, MI",1342,1268,205,68,6,0.16167192429022081,0.05067064083457526,0.004470938897168405
"Detroit, MI","Providence, RI",1338,1314,274,21,3,0.2085235920852359,0.01569506726457399,0.002242152466367713
"Honolulu, HI","New York, NY",1338,1330,295,4,4,0.22180451127819548,0.0029895366218236174,0.0029895366218236174
"Columbus, OH","St. Louis, MO",1336,1320,214,13,3,0.1621212121212121,0.009730538922155689,0.002245508982035928
"Dallas, TX","Salt Lake City, UT",1336,1320,296,10,6,0.22424242424242424,0.0074850299401197605,0.004491017964071856
"Dallas, TX","Panama City, FL",1333,1312,290,13,8,0.22103658536585366,0.009752438109527382,0.006001500375093774
"New Orleans, LA","Seattle, WA",1332,1313,361,16,3,0.27494287890327496,0.012012012012012012,0.0022522522522522522
"Dallas, TX","Sacramento, CA",1331,1313,315,14,4,0.2399086062452399,0.010518407212622089,0.003005259203606311
"Charleston, SC","Denver, CO",1330,1304,386,12,14,0.2960122699386503,0.009022556390977444,0.010526315789473684
"Charlotte, NC","Huntsville, AL",1325,1272,297,52,1,0.23349056603773585,0.03924528301886793,0.0007547169811320754
"Los Angeles, CA","San Luis Obispo, CA",1325,1313,178,6,6,0.13556740289413557,0.004528301886792453,0.004528301886792453
"Boise, ID","Oakland, CA",1324,1321,191,2,1,0.1445874337623013,0.0015105740181268882,0.0007552870090634441
"San Francisco, CA","Tampa, FL",1322,1316,205,3,3,0.15577507598784193,0.0022692889561270802,0.0022692889561270802
"Phoenix, AZ","Santa Rosa, CA",1320,1309,263,4,7,0.20091673032849502,0.0030303030303030303,0.005303030303030303
"International Falls, MN","Minneapolis, MN",1316,1300,160,16,0,0.12307692307692308,0.0121580547112462,0.0
"Albuquerque, NM","San Diego, CA",1312,1299,275,10,3,0.21170130869899922,0.007621951219512195,0.0022865853658536584
"Chattanooga, TN","Chicago, IL",1312,1267,391,37,8,0.30860299921073403,0.028201219512195123,0.006097560975609756
"Greer, SC","Miami, FL",1311,1303,215,6,2,0.16500383729854182,0.004576659038901602,0.0015255530129672007
"Portland, OR","Washington, DC",1311,1299,287,5,7,0.22093918398768284,0.0038138825324180014,0.005339435545385202
"Kansas City, MO","Tampa, FL",1306,1294,281,9,3,0.21715610510046368,0.006891271056661562,0.002297090352220521
"Knoxville, TN","Sanford, FL",1300,1294,419,2,4,0.32380216383307575,0.0015384615384615385,0.003076923076923077
"Nashville, TN","Sarasota/Bradenton, FL",1300,1295,225,3,2,0.17374517374517376,0.002307692307692308,0.0015384615384615385
"Jackson, WY","Los Angeles, CA",1295,1262,283,9,24,0.22424722662440572,0.0069498069498069494,0.018532818532818532
"Cleveland, OH","San Francisco, CA",1291,1289,137,1,1,0.10628394103956555,0.000774593338497289,0.000774593338497289
"Atlanta, GA","Charlotte Amalie, VI",1288,1256,274,14,18,0.21815286624203822,0.010869565217391304,0.013975155279503106
"Everett, WA","Phoenix, AZ",1286,1264,187,15,7,0.14794303797468356,0.01166407465007776,0.005443234836702955
"Houston, TX","Tucson, AZ",1285,1269,196,15,1,0.15445232466509062,0.011673151750972763,0.0007782101167315176
"Omaha, NE","Washington, DC",1284,1261,237,17,6,0.1879460745440127,0.0132398753894081,0.004672897196261682
"San Antonio, TX","San Diego, CA",1283,1274,282,5,4,0.22135007849293564,0.003897116134060795,0.003117692907248636
"Dallas, TX","Fort Lauderdale, FL",1282,1262,342,16,4,0.27099841521394613,0.0124804992199688,0.0031201248049922
"Boston, MA","Myrtle Beach, SC",1281,1248,300,30,3,0.2403846153846154,0.0234192037470726,0.00234192037470726
"Carlsbad, CA","Phoenix, AZ",1281,1274,141,4,3,0.11067503924646782,0.00312256049960968,0.00234192037470726
"Atlanta, GA","Portland, ME",1278,1262,308,14,2,0.24405705229793978,0.010954616588419406,0.001564945226917058
"Raleigh/Durham, NC","St. Louis, MO",1278,1268,199,8,2,0.15694006309148265,0.006259780907668232,0.001564945226917058
"Philadelphia, PA","Providence, RI",1277,1246,285,31,0,0.22873194221508827,0.02427564604541895,0.0
"Columbus, OH","Fort Myers, FL",1276,1262,261,8,6,0.20681458003169573,0.006269592476489028,0.004702194357366771
"Key West, FL","Washington, DC",1266,1232,279,20,14,0.22646103896103897,0.01579778830963665,0.011058451816745656
"Grand Junction, CO","Salt Lake City, UT",1264,1261,76,2,1,0.06026962727993656,0.0015822784810126582,0.0007911392405063291
"Kansas City, MO","Miami, FL",1263,1233,294,20,10,0.2384428223844282,0.01583531274742676,0.00791765637371338
"Brainerd, MN","Minneapolis, MN",1258,1242,202,12,4,0.16264090177133655,0.009538950715421303,0.003179650238473768
"Alpena, MI","Detroit, MI",1256,1200,169,52,4,0.14083333333333334,0.041401273885350316,0.0031847133757961785
"Cedar City, UT","Salt Lake City, UT",1256,1250,84,6,0,0.0672,0.004777070063694267,0.0
"Denver, CO","Sun Valley/Hailey/Ketchum, ID",1256,1242,249,6,8,0.20048309178743962,0.004777070063694267,0.006369426751592357
"Chicago, IL","Rapid City, SD",1255,1227,309,20,8,0.25183374083129584,0.01593625498007968,0.006374501992031873
"Chicago, IL","Decatur, IL",1254,1223,308,28,3,0.2518397383483238,0.022328548644338118,0.0023923444976076554
"Chicago, IL","Eau Claire, WI",1254,1216,316,33,5,0.2598684210526316,0.02631578947368421,0.003987240829346092
"Chicago, IL","Fort Dodge, IA",1254,1205,244,43,6,0.2024896265560166,0.0342902711323764,0.004784688995215311
"Chicago, IL","Mason City, IA",1254,1183,301,61,10,0.25443786982248523,0.04864433811802233,0.007974481658692184
"Denver, CO","Dodge City, KS",1254,1217,276,29,8,0.22678718159408381,0.023125996810207338,0.006379585326953748
"Denver, CO","Hays, KS",1254,1220,261,31,3,0.2139344262295082,0.024720893141945772,0.0023923444976076554
"Denver, CO","Laramie, WY",1254,1210,306,42,2,0.2528925619834711,0.03349282296650718,0.001594896331738437
"Denver, CO","Liberal, KS",1254,1215,274,28,11,0.22551440329218106,0.022328548644338118,0.008771929824561403
"Hattiesburg/Laurel, MS","Houston, TX",1254,1228,270,22,4,0.21986970684039087,0.017543859649122806,0.003189792663476874
"Hibbing, MN","Minneapolis, MN",1254,1236,201,14,4,0.16262135922330098,0.011164274322169059,0.003189792663476874
"Houston, TX","Meridian, MS",1254,1230,276,19,5,0.22439024390243903,0.015151515151515152,0.003987240829346092
"Chicago, IL","Marquette, MI",1252,1207,325,44,1,0.26926263463131733,0.03514376996805112,0.0007987220447284345
"Denver, CO","Kearney, NE",1252,1234,235,10,8,0.19043760129659643,0.007987220447284345,0.006389776357827476
"Denver, CO","North Platte, NE",1252,1220,294,29,3,0.24098360655737705,0.0231629392971246,0.0023961661341853034
"Denver, CO","Scottsbluff, NE",1252,1222,303,26,4,0.2479541734860884,0.020766773162939296,0.003194888178913738
"Boston, MA","Sarasota/Bradenton, FL",1249,1229,329,19,1,0.2676973148901546,0.01521216973578863,0.0008006405124099279
"San Diego, CA","Tucson, AZ",1248,1243,256,5,0,0.20595333869670152,0.004006410256410256,0.0
"Myrtle Beach, SC","Nashville, TN",1246,1235,259,8,3,0.2097165991902834,0.006420545746388443,0.002407704654895666
"Boston, MA","Portland, OR",1242,1229,285,10,3,0.23189585028478438,0.008051529790660225,0.0024154589371980675
"Bloomington/Normal, IL","Chicago, IL",1232,1195,236,36,1,0.19748953974895397,0.02922077922077922,0.0008116883116883117
"Denver, CO","Honolulu, HI",1232,1213,233,10,9,0.19208573784006594,0.008116883116883116,0.007305194805194805
"Bozeman, MT","Las Vegas, NV",1229,1217,261,7,5,0.21446179129005752,0.005695687550854353,0.0040683482506102524
"Charlotte, NC","Columbia, SC",1229,1199,267,30,0,0.2226855713094245,0.024410089503661515,0.0
"Anchorage, AK","Denver, CO",1226,1213,219,4,9,0.18054410552349548,0.0032626427406199023,0.00734094616639478
"Chicago, IL","Spokane, WA",1223,1203,344,9,11,0.28595178719867,0.007358953393295176,0.008994276369582993
"Fort Myers, FL","Pittsburgh, PA",1222,1210,235,5,7,0.19421487603305784,0.004091653027823241,0.0057283142389525366
"Grand Forks, ND","Minneapolis, MN",1222,1208,177,14,0,0.14652317880794702,0.011456628477905073,0.0
"Hartford, CT","Philadelphia, PA",1221,1199,333,20,2,0.27773144286905754,0.01638001638001638,0.001638001638001638
"Bozeman, MT","Los Angeles, CA",1220,1209,143,6,5,0.11827956989247312,0.004918032786885246,0.004098360655737705
"Detroit, MI","Indianapolis, IN",1220,1199,188,20,1,0.15679733110925773,0.01639344262295082,0.000819672131147541
"Memphis, TN","Phoenix, AZ",1211,1196,286,10,5,0.2391304347826087,0.008257638315441783,0.004128819157720892
"Minneapolis, MN","Pittsburgh, PA",1211,1200,253,9,2,0.21083333333333334,0.007431874483897605,0.0016515276630883566
"Martha's Vineyard, MA","New York, NY",1208,1172,228,33,2,0.1945392491467577,0.027317880794701987,0.0016556291390728477
"Bristol/Johnson City/Kingsport, TN","Dallas/Fort Worth, TX",1205,1183,226,18,4,0.19103972950126796,0.014937759336099586,0.0033195020746887966
"Orlando, FL","Rochester, NY",1204,1191,260,10,3,0.218303946263644,0.008305647840531562,0.0024916943521594683
"Aguadilla, PR","New York, NY",1203,1180,267,21,2,0.22627118644067798,0.017456359102244388,0.0016625103906899418
"Chicago, IL","Kalamazoo, MI",1199,1144,247,54,1,0.2159090909090909,0.045037531276063386,0.0008340283569641367
"Salt Lake City, UT","Tulsa, OK",1194,1182,103,9,3,0.08714043993231811,0.007537688442211055,0.002512562814070352
"San Antonio, TX","Seattle, WA",1194,1178,307,12,4,0.2606112054329372,0.010050251256281407,0.0033500837520938024
"Buffalo, NY","Denver, CO",1192,1185,367,4,3,0.309704641350211,0.003355704697986577,0.0025167785234899327
"Des Moines, IA","Las Vegas, NV",1192,1181,238,8,3,0.20152413209144793,0.006711409395973154,0.0025167785234899327
"Houston, TX","Victoria, TX",1192,1147,251,40,5,0.21883173496076722,0.03355704697986577,0.0041946308724832215
"Dallas/Fort Worth, TX","Montrose/Delta, CO",1190,1167,276,17,6,0.2365038560411311,0.014285714285714285,0.005042016806722689
"Asheville, NC","Washington, DC",1189,1112,331,75,2,0.2976618705035971,0.06307821698906645,0.001682085786375105
"Birmingham, AL","Houston, TX",1189,1174,232,11,4,0.19761499148211242,0.009251471825063078,0.00336417157275021
"Detroit, MI","Syracuse, NY",1188,1180,223,7,1,0.18898305084745762,0.005892255892255892,0.0008417508417508417
"Christiansted, VI","Miami, FL",1185,1182,291,0,3,0.24619289340101522,0.0,0.002531645569620253
"Louisville, KY","Minneapolis, MN",1185,1174,183,9,2,0.15587734241908008,0.007594936708860759,0.0016877637130801688
"Minneapolis, MN","Santa Ana, CA",1183,1170,305,8,5,0.2606837606837607,0.006762468300929839,0.00422654268808115
"Boston, MA","Kansas City, MO",1182,1151,269,27,4,0.23370981754995657,0.02284263959390863,0.00338409475465313
"Minneapolis, MN","Sacramento, CA",1181,1177,151,4,0,0.12829226847918437,0.003386960203217612,0.0
"Charlotte Amalie, VI","Charlotte, NC",1178,1156,175,11,11,0.1513840830449827,0.00933786078098472,0.00933786078098472
"Cincinnati, OH","Houston, TX",1172,1159,244,11,2,0.21052631578947367,0.00938566552901024,0.0017064846416382253
"Orlando, FL","Ponce, PR",1172,1170,166,1,1,0.14188034188034188,0.0008532423208191126,0.0008532423208191126
"Burlington, VT","Charlotte, NC",1171,1142,256,27,2,0.22416812609457093,0.02305721605465414,0.0017079419299743809
"Detroit, MI","Myrtle Beach, SC",1159,1143,161,13,3,0.14085739282589677,0.011216566005176877,0.0025884383088869713
"Houston, TX","San Jose, CA",1159,1144,180,11,4,0.15734265734265734,0.009490940465918895,0.003451251078515962
"Hartford, CT","West Palm Beach/Palm Beach, FL",1158,1145,245,10,3,0.21397379912663755,0.008635578583765112,0.0025906735751295338
"Detroit, MI","Jacksonville, FL",1156,1146,195,10,0,0.17015706806282724,0.00865051903114187,0.0
"Buffalo, NY","Fort Lauderdale, FL",1155,1137,248,14,4,0.218117854001759,0.012121212121212121,0.003463203463203463
"Greer, SC","Newark, NJ",1155,1098,211,54,3,0.19216757741347906,0.046753246753246755,0.0025974025974025974
"Albuquerque, NM","Seattle, WA",1148,1142,323,6,0,0.28283712784588444,0.005226480836236934,0.0
"Fort Lauderdale, FL","Kansas City, MO",1148,1132,240,10,6,0.21201413427561838,0.008710801393728223,0.005226480836236934
"Dallas/Fort Worth, TX","Gainesville, FL",1147,1112,242,29,6,0.21762589928057555,0.025283347863993024,0.0052310374891020054
"Dallas/Fort Worth, TX","St. George, UT",1147,1134,243,6,7,0.21428571428571427,0.0052310374891020054,0.006102877070619006
"Chicago, IL","Pensacola, FL",1146,1129,199,14,3,0.1762621789193977,0.012216404886561954,0.002617801047120419
"Jacksonville, FL","St. Louis, MO",1145,1142,191,3,0,0.1672504378283713,0.0026200873362445414,0.0
"Orlando, FL","Trenton, NJ",1145,1107,287,28,10,0.25925925925925924,0.02445414847161572,0.008733624454148471
"Dallas, TX","San Jose, CA",1142,1125,221,12,5,0.19644444444444445,0.010507880910683012,0.0043782837127845885
"Pittsburgh, PA","San Francisco, CA",1137,1132,159,3,2,0.14045936395759717,0.002638522427440633,0.001759014951627089
"Chicago, IL","Ontario, CA",1135,1125,230,7,3,0.20444444444444446,0.006167400881057269,0.0026431718061674008
"Dallas/Fort Worth, TX","Honolulu, HI",1134,1117,301,10,7,0.2694717994628469,0.008818342151675485,0.006172839506172839
"Miami, FL","San Diego, CA",1132,1119,235,6,7,0.21000893655049152,0.00530035335689046,0.006183745583038869
"Dallas, TX","Oakland, CA",1129,1117,288,9,3,0.25783348254252464,0.007971656333038087,0.002657218777679362
"Chicago, IL","Scranton/Wilkes-Barre, PA",1126,1095,287,28,3,0.26210045662100456,0.02486678507992895,0.0026642984014209592
"Austin, TX","Panama City, FL",1124,1121,297,0,3,0.2649420160570919,0.0,0.0026690391459074734
"San Antonio, TX","St. Louis, MO",1119,1108,177,10,1,0.15974729241877256,0.008936550491510277,0.0008936550491510277
"Detroit, MI","South Bend, IN",1114,1101,274,12,1,0.2488646684831971,0.010771992818671455,0.0008976660682226212
"Fort Lauderdale, FL","Providence, RI",1113,1103,294,8,2,0.2665457842248413,0.0071877807726864335,0.0017969451931716084
"Dallas/Fort Worth, TX","Spokane, WA",1105,1080,321,17,8,0.2972222222222222,0.015384615384615385,0.007239819004524887
"Houston, TX","Wichita, KS",1104,1082,219,17,5,0.2024029574861368,0.015398550724637682,0.004528985507246377
"Austin, TX","Sacramento, CA",1103,1095,226,6,2,0.20639269406392693,0.005439709882139619,0.001813236627379873
"Houston, TX","Long Beach, CA",1102,1090,163,5,7,0.14954128440366973,0.004537205081669692,0.006352087114337568
"Ontario, CA","Portland, OR",1101,1084,143,15,2,0.13191881918819187,0.013623978201634877,0.0018165304268846503
"Pocatello, ID","Salt Lake City, UT",1101,1098,68,3,0,0.061930783242258654,0.0027247956403269754,0.0
"Detroit, MI","Fort Wayne, IN",1097,1095,251,2,0,0.22922374429223744,0.0018231540565177757,0.0
"Bangor, ME","Chicago, IL",1096,1090,244,4,2,0.22385321100917432,0.0036496350364963502,0.0018248175182481751
"Houston, TX","Little Rock, AR",1093,1069,277,21,3,0.2591206735266604,0.0192131747483989,0.0027447392497712718
"Aspen, CO","Houston, TX",1092,991,366,63,38,0.3693239152371342,0.057692307692307696,0.0347985347985348
"Charlotte Amalie, VI","New York, NY",1092,1073,169,7,12,0.157502329916123,0.00641025641025641,0.01098901098901099
"Grand Rapids, MI","Las Vegas, NV",1092,1085,252,0,7,0.23225806451612904,0.0,0.00641025641025641
"Miami, FL","San Antonio, TX",1092,1067,235,18,7,0.22024367385192128,0.016483516483516484,0.00641025641025641
"Dallas/Fort Worth, TX","Idaho Falls, ID",1090,1059,273,20,11,0.2577903682719547,0.01834862385321101,0.010091743119266056
"Newark, NJ","Syracuse, NY",1089,1018,197,70,1,0.19351669941060903,0.0642791551882461,0.0009182736455463728
"Philadelphia, PA","Sarasota/Bradenton, FL",1088,1050,263,35,3,0.25047619047619046,0.03216911764705882,0.0027573529411764708
"Albany, NY","Fort Lauderdale, FL",1086,1070,265,11,5,0.24766355140186916,0.010128913443830571,0.004604051565377533
"Indianapolis, IN","Seattle, WA",1085,1070,327,11,4,0.305607476635514,0.010138248847926268,0.003686635944700461
"Atlanta, GA","Colorado Springs, CO",1084,1064,195,15,5,0.18327067669172933,0.013837638376383764,0.004612546125461255
"Charleston, SC","Fort Lauderdale, FL",1081,1065,189,13,3,0.17746478873239438,0.012025901942645698,0.0027752081406105457
"Memphis, TN","Miami, FL",1081,1073,351,6,2,0.3271202236719478,0.005550416281221091,0.0018501387604070306
"Atlanta, GA","Fayetteville, AR",1077,1057,173,16,4,0.16367076631977295,0.014856081708449397,0.003714020427112349
"Charlotte, NC","Moline, IL",1077,1042,256,31,4,0.2456813819577735,0.028783658310120707,0.003714020427112349
"Atlanta, GA","Bristol/Johnson City/Kingsport, TN",1076,1063,220,12,1,0.20696142991533395,0.011152416356877323,0.0009293680297397769
"Buffalo, NY","Dallas/Fort Worth, TX",1076,1044,381,30,2,0.3649425287356322,0.027881040892193308,0.0018587360594795538
"Anchorage, AK","Deadhorse, AK",1074,1063,133,9,2,0.1251175917215428,0.008379888268156424,0.00186219739292365
"Colorado Springs, CO","Salt Lake City, UT",1072,1067,102,2,3,0.09559512652296158,0.0018656716417910447,0.002798507462686567
"Austin, TX","Long Beach, CA",1070,1067,201,1,2,0.18837863167760074,0.0009345794392523365,0.001869158878504673
"Asheville, NC","Sanford, FL",1069,1061,344,6,2,0.3242224316682375,0.005612722170252572,0.0018709073900841909
"Denver, CO","Pensacola, FL",1068,1051,311,4,13,0.29590865842055186,0.003745318352059925,0.012172284644194757
"Atlanta, GA","Mobile, AL",1062,1041,237,19,2,0.2276657060518732,0.017890772128060263,0.0018832391713747645
"Chicago, IL","Kalispell, MT",1062,1042,332,10,10,0.31861804222648754,0.009416195856873822,0.009416195856873822
"Key West, FL","Philadelphia, PA",1059,1032,244,12,15,0.2364341085271318,0.0113314447592068,0.014164305949008499
"Islip, NY","Tampa, FL",1058,1032,255,25,1,0.24709302325581395,0.023629489603024575,0.000945179584120983
"Atlantic City, NJ","Fort Lauderdale, FL",1057,1052,152,4,1,0.1444866920152091,0.003784295175023652,0.000946073793755913
"Kahului, HI","San Jose, CA",1056,1054,124,2,0,0.11764705882352941,0.001893939393939394,0.0
"Austin, TX","Portland, OR",1054,1039,209,13,2,0.20115495668912417,0.012333965844402278,0.0018975332068311196
"Bangor, ME","Philadelphia, PA",1053,1022,260,28,3,0.25440313111545987,0.026590693257359924,0.002849002849002849
"Birmingham, AL","Philadelphia, PA",1050,1009,217,35,6,0.21506442021803765,0.03333333333333333,0.005714285714285714
"Newark, NJ","Rochester, NY",1046,995,198,50,1,0.19899497487437187,0.04780114722753346,0.0009560229445506692
"Augusta, GA","Charlotte, NC",1045,1018,267,25,2,0.26227897838899805,0.023923444976076555,0.0019138755980861245
"Knoxville, TN","St. Petersburg, FL",1044,1035,298,4,5,0.28792270531400965,0.0038314176245210726,0.004789272030651341
"New Orleans, LA","San Francisco, CA",1044,1030,180,11,3,0.17475728155339806,0.01053639846743295,0.0028735632183908046
"Indianapolis, IN","San Francisco, CA",1038,1022,180,11,5,0.1761252446183953,0.010597302504816955,0.004816955684007707
"Asheville, NC","St. Petersburg, FL",1036,1029,271,2,5,0.2633624878522838,0.0019305019305019305,0.004826254826254826
"Atlanta, GA","Springfield, MO",1036,1022,231,10,4,0.22602739726027396,0.009652509652509652,0.003861003861003861
"Oakland, CA","Spokane, WA",1031,1029,161,2,0,0.1564625850340136,0.0019398642095053346,0.0
"San Diego, CA","St. Louis, MO",1030,1022,236,4,4,0.2309197651663405,0.003883495145631068,0.003883495145631068
"Atlanta, GA","Boise, ID",1026,1007,217,14,5,0.21549155908639522,0.01364522417153996,0.004873294346978557
"Cincinnati, OH","Newark, NJ",1021,976,165,44,1,0.16905737704918034,0.043095004897159644,0.0009794319294809011
"Newark, NJ","San Antonio, TX",1016,1007,188,4,5,0.18669314796425024,0.003937007874015748,0.004921259842519685
"Atlanta, GA","Spokane, WA",1014,997,179,12,5,0.17953861584754263,0.011834319526627219,0.004930966469428008
"Dallas/Fort Worth, TX","Myrtle Beach, SC",1013,972,314,32,9,0.3230452674897119,0.0315893385982231,0.008884501480750246
"Minneapolis, MN","San Jose, CA",1012,1001,204,8,3,0.2037962037962038,0.007905138339920948,0.0029644268774703555
"San Antonio, TX","San Francisco, CA",1011,1007,141,1,3,0.1400198609731877,0.0009891196834817012,0.002967359050445104
"Chicago, IL","Springfield, IL",1009,980,219,29,0,0.22346938775510203,0.028741328047571853,0.0
"Elko, NV","Salt Lake City, UT",1008,1004,39,2,2,0.03884462151394422,0.001984126984126984,0.001984126984126984
"Madison, WI","Phoenix, AZ",1008,999,174,5,4,0.17417417417417416,0.00496031746031746,0.003968253968253968
"Kahului, HI","Sacramento, CA",1007,998,159,4,5,0.1593186372745491,0.003972194637537239,0.004965243296921549
"Oakland, CA","Palm Springs, CA",1006,1003,158,2,1,0.1575274177467597,0.0019880715705765406,0.0009940357852882703
"Houston, TX","Springfield, MO",1004,976,256,21,7,0.26229508196721313,0.02091633466135458,0.0069721115537848604
"Milwaukee, WI","Tampa, FL",1002,993,195,7,2,0.19637462235649547,0.006986027944111776,0.001996007984031936
"Dallas, TX","Pensacola, FL",992,980,196,9,3,0.2,0.009072580645161291,0.0030241935483870967
"Omaha, NE","Seattle, WA",992,988,187,2,2,0.18927125506072875,0.0020161290322580645,0.0020161290322580645
"Charlotte, NC","Chattanooga, TN",987,946,255,40,1,0.26955602536997886,0.040526849037487336,0.0010131712259371835
"Fort Lauderdale, FL","Knoxville, TN",987,983,352,1,3,0.358087487283825,0.0010131712259371835,0.00303951367781155
"Bellingham, WA","Las Vegas, NV",985,973,71,11,1,0.07297019527235354,0.01116751269035533,0.0010152284263959391
"Fargo, ND","Phoenix, AZ",985,981,147,4,0,0.14984709480122324,0.0040609137055837565,0.0
"Milwaukee, WI","Seattle, WA",985,978,167,4,3,0.17075664621676892,0.0040609137055837565,0.003045685279187817
"Detroit, MI","Portland, ME",983,977,186,5,1,0.19037871033776868,0.00508646998982706,0.001017293997965412
"Denver, CO","Devils Lake, ND",977,955,217,16,6,0.22722513089005236,0.016376663254861822,0.006141248720573183
"Denver, CO","Jamestown, ND",977,959,180,11,7,0.18769551616266944,0.011258955987717503,0.007164790174002047
"Detroit, MI","Greer, SC",977,962,189,13,2,0.19646569646569648,0.01330603889457523,0.0020470829068577278
"Chicago, IL","Honolulu, HI",974,967,159,6,1,0.16442605997931747,0.006160164271047228,0.001026694045174538
"Greensboro/High Point, NC","Miami, FL",965,949,144,14,2,0.1517386722866175,0.014507772020725389,0.002072538860103627
"Eugene, OR","Las Vegas, NV",962,959,195,0,3,0.20333680917622524,0.0,0.0031185031185031187
"Columbia, SC","New York, NY",959,923,229,34,2,0.24810400866738894,0.035453597497393116,0.0020855057351407717
"Louisville, KY","Tampa, FL",958,948,156,8,2,0.16455696202531644,0.008350730688935281,0.0020876826722338203
"Chicago, IL","Key West, FL",954,935,280,12,7,0.2994652406417112,0.012578616352201259,0.007337526205450734
"Greer, SC","Philadelphia, PA",953,929,212,24,0,0.22820236813778255,0.025183630640083946,0.0
"Chicago, IL","Manhattan/Ft. Riley, KS",952,928,274,24,0,0.2952586206896552,0.025210084033613446,0.0
"Las Vegas, NV","Wichita, KS",952,946,196,1,5,0.20718816067653276,0.0010504201680672268,0.005252100840336135
"Baton Rouge, LA","Houston, TX",950,933,225,16,1,0.24115755627009647,0.016842105263157894,0.0010526315789473684
"Palm Springs, CA","Sacramento, CA",950,947,176,0,3,0.18585005279831046,0.0,0.003157894736842105
"Columbus, OH","Seattle, WA",949,946,271,2,1,0.2864693446088795,0.002107481559536354,0.001053740779768177
"Charlotte, NC","Sacramento, CA",943,930,165,12,1,0.1774193548387097,0.012725344644750796,0.0010604453870625664
"Miami, FL","Norfolk, VA",942,919,197,23,0,0.21436343852013057,0.024416135881104035,0.0
"Detroit, MI","Savannah, GA",936,927,218,7,2,0.23516720604099245,0.007478632478632479,0.002136752136752137
"Kalispell, MT","Minneapolis, MN",936,926,171,7,3,0.18466522678185746,0.007478632478632479,0.003205128205128205
"Detroit, MI","West Palm Beach/Palm Beach, FL",934,929,215,4,1,0.23143164693218515,0.004282655246252677,0.0010706638115631692
"Portland, OR","Santa Rosa, CA",930,916,171,5,9,0.18668122270742357,0.005376344086021506,0.00967741935483871
"Los Angeles, CA","Omaha, NE",929,923,127,4,2,0.13759479956663057,0.004305705059203444,0.002152852529601722
"Pittsburgh, PA","Seattle, WA",929,917,256,8,4,0.2791712104689204,0.008611410118406888,0.004305705059203444
"New Orleans, LA","Salt Lake City, UT",928,919,92,6,3,0.10010881392818281,0.00646551724137931,0.003232758620689655
"Sarasota/Bradenton, FL","Washington, DC",927,914,225,10,3,0.2461706783369803,0.010787486515641856,0.003236245954692557
"Boston, MA","Norfolk, VA",922,915,210,6,1,0.22950819672131148,0.006507592190889371,0.0010845986984815619
"Grand Rapids, MI","Orlando, FL",921,912,177,7,2,0.19407894736842105,0.00760043431053203,0.002171552660152009
"Santa Rosa, CA","Seattle, WA",921,908,290,11,2,0.31938325991189426,0.011943539630836048,0.002171552660152009
"Chicago, IL","State College, PA",920,895,219,17,8,0.2446927374301676,0.01847826086956522,0.008695652173913044
"Dallas, TX","Memphis, TN",918,908,204,7,3,0.22466960352422907,0.007625272331154684,0.0032679738562091504
"Providence, RI","West Palm Beach/Palm Beach, FL",918,900,205,13,5,0.22777777777777777,0.014161220043572984,0.0054466230936819175
"Kona, HI","Sacramento, CA",917,915,90,1,1,0.09836065573770492,0.0010905125408942203,0.0010905125408942203
"Raleigh/Durham, NC","San Juan, PR",917,902,221,12,3,0.24501108647450112,0.013086150490730643,0.003271537622682661
"Bangor, ME","Newark, NJ",914,862,228,52,0,0.26450116009280744,0.05689277899343545,0.0
"Minneapolis, MN","Missoula, MT",914,908,117,0,6,0.1288546255506608,0.0,0.006564551422319475
"Boston, MA","Wilmington, NC",906,897,186,9,0,0.20735785953177258,0.009933774834437087,0.0
"Knoxville, TN","Miami, FL",906,902,238,2,2,0.2638580931263858,0.002207505518763797,0.002207505518763797
"Las Vegas, NV","Mission/McAllen/Edinburg, TX",906,905,124,0,1,0.13701657458563535,0.0,0.0011037527593818985
"Cleveland, OH","Seattle, WA",905,893,273,11,1,0.3057110862262038,0.012154696132596685,0.0011049723756906078
"Columbus, OH","Dallas, TX",904,893,226,6,5,0.2530795072788354,0.00663716814159292,0.0055309734513274336
"Aspen, CO","Atlanta, GA",903,834,270,25,44,0.3237410071942446,0.02768549280177187,0.048726467331118496
"Cedar Rapids/Iowa City, IA","Minneapolis, MN",901,899,168,2,0,0.18687430478309233,0.0022197558268590455,0.0
"Chicago, IL","Panama City, FL",901,892,201,4,5,0.22533632286995517,0.004439511653718091,0.005549389567147614
"Hartford, CT","Miami, FL",901,894,175,6,1,0.19574944071588368,0.006659267480577136,0.0011098779134295228
"Chicago, IL","Reno, NV",898,887,218,7,4,0.24577226606538896,0.0077951002227171495,0.004454342984409799
"Fort Myers, FL","Milwaukee, WI",898,896,183,1,1,0.20424107142857142,0.0011135857461024498,0.0011135857461024498
"Nashville, TN","Richmond, VA",898,894,176,1,3,0.19686800894854586,0.0011135857461024498,0.0033407572383073497
"Burbank, CA","Dallas, TX",896,876,179,13,7,0.204337899543379,0.014508928571428572,0.0078125
"Santa Barbara, CA","Seattle, WA",896,886,233,8,2,0.26297968397291194,0.008928571428571428,0.002232142857142857
"Atlanta, GA","Charleston/Dunbar, WV",889,860,223,27,2,0.2593023255813954,0.030371203599550055,0.0022497187851518562
"Cincinnati, OH","Valparaiso, FL",888,883,211,4,1,0.23895809739524349,0.0045045045045045045,0.0011261261261261261
"San Antonio, TX","Tampa, FL",888,880,180,7,1,0.20454545454545456,0.007882882882882882,0.0011261261261261261
"Denver, CO","Syracuse, NY",882,879,245,0,3,0.2787258248009101,0.0,0.003401360544217687
"Augusta, GA","Dallas/Fort Worth, TX",881,852,229,26,3,0.2687793427230047,0.029511918274687854,0.00340522133938706
"Appleton, WI","Denver, CO",880,874,226,4,2,0.2585812356979405,0.004545454545454545,0.0022727272727272726
"Birmingham, AL","Tampa, FL",880,876,177,4,0,0.20205479452054795,0.004545454545454545,0.0
"Dallas, TX","Raleigh/Durham, NC",879,866,212,9,4,0.24480369515011546,0.010238907849829351,0.004550625711035267
"Asheville, NC","New York, NY",878,851,182,25,2,0.21386603995299647,0.02847380410022779,0.002277904328018223
"Miami, FL","Richmond, VA",876,861,209,12,3,0.24274099883855982,0.0136986301369863,0.003424657534246575
"Los Angeles, CA","Tulsa, OK",873,871,142,1,1,0.16303099885189437,0.001145475372279496,0.001145475372279496
"Burbank, CA","Reno, NV",866,859,154,6,1,0.17927823050058206,0.006928406466512702,0.0011547344110854503
"New York, NY","Omaha, NE",866,823,154,41,2,0.18712029161603888,0.04734411085450346,0.0023094688221709007
"Raleigh/Durham, NC","Salt Lake City, UT",866,858,133,4,4,0.155011655011655,0.004618937644341801,0.004618937644341801
"Columbus, OH","Sarasota/Bradenton, FL",862,858,140,3,1,0.16317016317016317,0.0034802784222737818,0.001160092807424594
"Denver, CO","Prescott, AZ",860,852,191,3,5,0.22417840375586853,0.0034883720930232558,0.005813953488372093
"Billings, MT","Chicago, IL",858,849,181,3,6,0.21319199057714958,0.0034965034965034965,0.006993006993006993
"Boise, ID","Burbank, CA",858,854,133,1,3,0.1557377049180328,0.0011655011655011655,0.0034965034965034965
"Cedar Rapids/Iowa City, IA","Charlotte, NC",858,846,219,10,2,0.25886524822695034,0.011655011655011656,0.002331002331002331
"Dallas, TX","Valparaiso, FL",856,845,167,8,3,0.19763313609467456,0.009345794392523364,0.0035046728971962616
"New York, NY","Tulsa, OK",856,807,208,38,11,0.2577447335811648,0.04439252336448598,0.012850467289719626
"Dallas, TX","Omaha, NE",854,847,165,7,0,0.19480519480519481,0.00819672131147541,0.0
"Minneapolis, MN","New Orleans, LA",854,838,135,11,5,0.1610978520286396,0.01288056206088993,0.00585480093676815
"Buffalo, NY","Newark, NJ",853,827,169,26,0,0.20435308343409916,0.03048065650644783,0.0
"Charlotte Amalie, VI","San Juan, PR",853,849,219,4,0,0.2579505300353357,0.004689331770222743,0.0
"Houston, TX","Panama City, FL",853,850,173,2,1,0.20352941176470588,0.0023446658851113715,0.0011723329425556857
"Dallas/Fort Worth, TX","Missoula, MT",849,829,235,14,6,0.28347406513872137,0.016489988221436984,0.007067137809187279
"Grand Rapids, MI","Sanford, FL",848,848,285,0,0,0.33608490566037735,0.0,0.0
"Myrtle Beach, SC","Orlando, FL",847,840,159,6,1,0.18928571428571428,0.0070838252656434475,0.0011806375442739079
"Albuquerque, NM","Baltimore, MD",844,834,184,4,6,0.22062350119904076,0.004739336492890996,0.0071090047393364926
"Fort Myers, FL","Hartford, CT",844,824,206,13,7,0.25,0.015402843601895734,0.008293838862559242
"Valparaiso, FL","Washington, DC",844,799,200,45,0,0.2503128911138924,0.0533175355450237,0.0
"Charlotte Amalie, VI","Orlando, FL",841,803,145,7,31,0.18057285180572852,0.008323424494649227,0.036860879904875146
"Missoula, MT","Seattle, WA",840,830,256,9,1,0.30843373493975906,0.010714285714285714,0.0011904761904761906
"San Diego, CA","Tampa, FL",836,824,158,10,2,0.19174757281553398,0.011961722488038277,0.0023923444976076554
"Atlanta, GA","Bozeman, MT",834,818,170,8,8,0.2078239608801956,0.009592326139088728,0.009592326139088728
"Charlotte, NC","Jackson/Vicksburg, MS",832,792,187,37,3,0.2361111111111111,0.04447115384615385,0.003605769230769231
"Dallas/Fort Worth, TX","Kahului, HI",832,828,206,2,2,0.24879227053140096,0.002403846153846154,0.002403846153846154
"Detroit, MI","Rochester, NY",830,815,176,14,1,0.21595092024539878,0.016867469879518072,0.0012048192771084338
"Nashville, TN","Norfolk, VA",830,825,146,0,5,0.17696969696969697,0.0,0.006024096385542169
"Fayetteville, AR","Los Angeles, CA",828,823,162,4,1,0.1968408262454435,0.004830917874396135,0.0012077294685990338
"Dallas/Fort Worth, TX","Sarasota/Bradenton, FL",826,803,306,20,3,0.38107098381070986,0.024213075060532687,0.0036319612590799033
"Phoenix, AZ","Santa Fe, NM",824,812,162,8,4,0.19950738916256158,0.009708737864077669,0.0048543689320388345
"Las Vegas, NV","Stockton, CA",822,811,183,7,4,0.22564734895191121,0.00851581508515815,0.004866180048661801
"Kansas City, MO","New Orleans, LA",821,811,188,9,1,0.2318125770653514,0.010962241169305725,0.001218026796589525
"Dallas, TX","Miami, FL",820,806,211,10,4,0.2617866004962779,0.012195121951219513,0.004878048780487805
"Detroit, MI","San Juan, PR",820,813,166,3,4,0.20418204182041821,0.003658536585365854,0.004878048780487805
"Charlotte, NC","Fort Wayne, IN",819,796,205,22,1,0.25753768844221103,0.026862026862026864,0.001221001221001221
"Louisville, KY","Miami, FL",817,807,218,9,1,0.2701363073110285,0.011015911872705019,0.0012239902080783353
"Baltimore, MD","Grand Rapids, MI",815,810,166,4,1,0.20493827160493827,0.0049079754601227,0.001226993865030675
"Dallas/Fort Worth, TX","Flagstaff, AZ",815,790,190,19,6,0.24050632911392406,0.023312883435582823,0.007361963190184049
"Idaho Falls, ID","Phoenix, AZ",814,808,134,4,2,0.16584158415841585,0.004914004914004914,0.002457002457002457
"Dallas, TX","Milwaukee, WI",813,799,161,7,7,0.20150187734668334,0.008610086100861008,0.008610086100861008
"Kansas City, MO","San Diego, CA",812,807,177,5,0,0.21933085501858737,0.006157635467980296,0.0
"Dallas, TX","Ontario, CA",808,797,199,7,4,0.24968632371392724,0.008663366336633664,0.0049504950495049506
"Fort Lauderdale, FL","Louisville, KY",806,787,180,17,2,0.22871664548919948,0.02109181141439206,0.0024813895781637717
"Denver, CO","Savannah, GA",804,797,231,4,3,0.28983688833124216,0.004975124378109453,0.0037313432835820895
"Greer, SC","Houston, TX",802,797,161,5,0,0.20200752823086573,0.006234413965087282,0.0
"Miami, FL","Wilmington, NC",802,793,155,9,0,0.19546027742749053,0.011221945137157107,0.0
"New Orleans, LA","San Antonio, TX",802,796,143,5,1,0.17964824120603015,0.006234413965087282,0.0012468827930174563
"Chicago, IL","Evansville, IN",797,774,188,23,0,0.24289405684754523,0.028858218318695106,0.0
"Chicago, IL","Oakland, CA",797,788,164,3,6,0.20812182741116753,0.0037641154328732747,0.0075282308657465494
"Las Vegas, NV","Louisville, KY",797,792,165,4,1,0.20833333333333334,0.005018820577164366,0.0012547051442910915
"Belleville, IL","Valparaiso, FL",796,790,191,6,0,0.2417721518987342,0.007537688442211055,0.0
"Eugene, OR","Los Angeles, CA",793,785,114,7,1,0.14522292993630573,0.008827238335435058,0.0012610340479192938
"Fort Lauderdale, FL","Islip, NY",789,782,182,4,3,0.23273657289002558,0.005069708491761723,0.0038022813688212928
"Chicago, IL","Missoula, MT",788,775,189,4,9,0.24387096774193548,0.005076142131979695,0.011421319796954314
"Atlantic City, NJ","West Palm Beach/Palm Beach, FL",787,778,121,7,2,0.15552699228791775,0.008894536213468869,0.0025412960609911056
"Denver, CO","Kahului, HI",786,768,111,9,9,0.14453125,0.011450381679389313,0.011450381679389313
"Aspen, CO","San Francisco, CA",781,729,216,38,14,0.2962962962962963,0.04865556978233035,0.01792573623559539
"Charlotte, NC","Portland, OR",781,774,175,6,1,0.22609819121447028,0.0076824583866837385,0.0012804097311139564
"Chicago, IL","Waterloo, IA",781,756,208,18,7,0.2751322751322751,0.023047375160051217,0.008962868117797696
"Grand Rapids, MI","St. Petersburg, FL",778,776,185,0,2,0.23840206185567012,0.0,0.002570694087403599
"Hartford, CT","Nashville, TN",778,777,124,0,1,0.15958815958815958,0.0,0.0012853470437017994
"Orlando, FL","Portland, OR",778,768,220,7,3,0.2864583333333333,0.008997429305912597,0.0038560411311053984
"Provo, UT","Santa Ana, CA",774,766,210,5,3,0.2741514360313316,0.006459948320413436,0.003875968992248062
"Anchorage, AK","Honolulu, HI",772,763,198,7,2,0.2595019659239843,0.009067357512953367,0.0025906735751295338
"Kansas City, MO","Newark, NJ",770,735,164,32,3,0.22312925170068026,0.04155844155844156,0.003896103896103896
"Kona, HI","Phoenix, AZ",770,764,95,3,3,0.1243455497382199,0.003896103896103896,0.003896103896103896
"Lihue, HI","Phoenix, AZ",770,765,91,2,3,0.11895424836601307,0.0025974025974025974,0.003896103896103896
"Bozeman, MT","San Francisco, CA",769,763,130,1,5,0.17038007863695936,0.0013003901170351106,0.006501950585175552
"Denver, CO","Peoria, IL",769,761,258,3,5,0.33902759526938236,0.0039011703511053317,0.006501950585175552
"Buffalo, NY","Las Vegas, NV",766,763,167,2,1,0.21887287024901703,0.0026109660574412533,0.0013054830287206266
"Denver, CO","Greer, SC",766,754,145,3,9,0.19230769230769232,0.0039164490861618795,0.01174934725848564
"Memphis, TN","Newark, NJ",766,719,179,47,0,0.24895688456189152,0.06135770234986945,0.0
"Anchorage, AK","Dallas/Fort Worth, TX",764,755,257,2,7,0.3403973509933775,0.002617801047120419,0.009162303664921465
"Pittsburgh, PA","St. Louis, MO",762,759,138,3,0,0.18181818181818182,0.003937007874015748,0.0
"Atlanta, GA","Burlington, VT",760,742,149,14,4,0.20080862533692723,0.018421052631578946,0.005263157894736842
"Dallas, TX","Harlingen/San Benito, TX",758,744,140,13,1,0.1881720430107527,0.017150395778364115,0.0013192612137203166
"Denver, CO","Lihue, HI",758,743,77,12,3,0.10363391655450875,0.0158311345646438,0.00395778364116095
"Oklahoma City, OK","Seattle, WA",758,752,142,6,0,0.18882978723404256,0.0079155672823219,0.0
"Atlanta, GA","Honolulu, HI",756,751,149,4,1,0.19840213049267644,0.005291005291005291,0.0013227513227513227
"Cincinnati, OH","St. Petersburg, FL",756,749,233,5,2,0.31108144192256343,0.006613756613756613,0.0026455026455026454
"Honolulu, HI","Houston, TX",756,749,141,5,2,0.1882510013351135,0.006613756613756613,0.0026455026455026454
"Key West, FL","Newark, NJ",756,741,208,9,6,0.2807017543859649,0.011904761904761904,0.007936507936507936
"Charlotte, NC","Dallas, TX",754,748,213,3,3,0.28475935828877,0.003978779840848806,0.003978779840848806
"Knoxville, TN","Philadelphia, PA",753,715,167,36,2,0.23356643356643356,0.04780876494023904,0.0026560424966799467
"Grand Rapids, MI","Phoenix, AZ",752,749,163,3,0,0.21762349799732977,0.003989361702127659,0.0
"Fort Lauderdale, FL","Myrtle Beach, SC",751,743,161,7,1,0.21668909825033647,0.009320905459387484,0.0013315579227696406
"Houston, TX","Oakland, CA",749,739,170,6,4,0.23004059539918809,0.00801068090787717,0.0053404539385847796
"Austin, TX","Columbus, OH",748,747,178,0,1,0.23828647925033467,0.0,0.001336898395721925
"Omaha, NE","San Francisco, CA",746,740,158,4,2,0.21351351351351353,0.005361930294906166,0.002680965147453083
"Atlantic City, NJ","Fort Myers, FL",744,737,118,5,2,0.16010854816824965,0.006720430107526882,0.002688172043010753
"Burbank, CA","Santa Rosa, CA",744,709,134,29,6,0.18899858956276447,0.038978494623655914,0.008064516129032258
"Charlotte Amalie, VI","Fort Lauderdale, FL",744,725,84,3,16,0.11586206896551725,0.004032258064516129,0.021505376344086023
"Indianapolis, IN","Sarasota/Bradenton, FL",744,736,182,6,2,0.24728260869565216,0.008064516129032258,0.002688172043010753
"Nashville, TN","Portland, OR",744,737,167,6,1,0.2265943012211669,0.008064516129032258,0.0013440860215053765
"Louisville, KY","Phoenix, AZ",743,736,171,3,4,0.23233695652173914,0.004037685060565276,0.005383580080753701
"Appleton, WI","Atlanta, GA",742,724,159,16,2,0.21961325966850828,0.0215633423180593,0.0026954177897574125
"Cincinnati, OH","Nashville, TN",742,740,154,2,0,0.20810810810810812,0.0026954177897574125,0.0
"Kansas City, MO","San Francisco, CA",742,729,119,9,4,0.16323731138545952,0.012129380053908356,0.005390835579514825
"Long Beach, CA","Nashville, TN",742,739,125,2,1,0.16914749661705006,0.0026954177897574125,0.0013477088948787063
"New York, NY","Santa Ana, CA",742,727,168,9,6,0.2310866574965612,0.012129380053908356,0.008086253369272238
"Atlanta, GA","Green Bay, WI",740,731,133,5,4,0.18194254445964433,0.006756756756756757,0.005405405405405406
"Atlantic City, NJ","Tampa, FL",740,726,139,12,2,0.19146005509641872,0.016216216216216217,0.002702702702702703
"Greer, SC","Nashville, TN",740,737,135,2,1,0.18317503392130258,0.002702702702702703,0.0013513513513513514
"Kahului, HI","Long Beach, CA",740,737,63,3,0,0.08548168249660787,0.004054054054054054,0.0
"Appleton, WI","Dallas/Fort Worth, TX",738,731,142,2,5,0.19425444596443228,0.0027100271002710027,0.006775067750677507
"Pittsburgh, PA","Sarasota/Bradenton, FL",738,735,149,2,1,0.20272108843537415,0.0027100271002710027,0.0013550135501355014
"Salt Lake City, UT","Tampa, FL",737,733,92,4,0,0.12551159618008187,0.005427408412483039,0.0
"Appleton, WI","Charlotte, NC",736,730,131,6,0,0.17945205479452056,0.008152173913043478,0.0
"Des Moines, IA","Houston, TX",736,725,147,10,1,0.20275862068965517,0.01358695652173913,0.001358695652173913
"Charleston, SC","Houston, TX",735,727,203,4,4,0.2792297111416781,0.005442176870748299,0.005442176870748299
"Arcata/Eureka, CA","Los Angeles, CA",734,726,83,2,6,0.11432506887052342,0.0027247956403269754,0.008174386920980926
"Atlanta, GA","Cedar Rapids/Iowa City, IA",734,722,132,7,5,0.18282548476454294,0.009536784741144414,0.006811989100817439
"Birmingham, AL","Nashville, TN",734,726,165,8,0,0.22727272727272727,0.010899182561307902,0.0
"Denver, CO","Moline, IL",734,731,198,3,0,0.2708618331053352,0.004087193460490463,0.0
"Gainesville, FL","Miami, FL",734,727,93,6,1,0.1279229711141678,0.008174386920980926,0.0013623978201634877
"Guam, TT","Saipan, TT",734,732,43,2,0,0.05874316939890711,0.0027247956403269754,0.0
"Oklahoma City, OK","Orlando, FL",734,724,167,6,4,0.23066298342541436,0.008174386920980926,0.005449591280653951
"Houston, TX","West Palm Beach/Palm Beach, FL",733,729,182,4,0,0.2496570644718793,0.005457025920873124,0.0
"Tampa, FL","White Plains, NY",733,720,128,7,6,0.17777777777777778,0.009549795361527967,0.008185538881309686
"Eugene, OR","Oakland, CA",732,730,139,2,0,0.19041095890410958,0.00273224043715847,0.0
"Fort Lauderdale, FL","Salt Lake City, UT",731,728,110,2,1,0.1510989010989011,0.0027359781121751026,0.0013679890560875513
"Honolulu, HI","Ontario, CA",731,725,150,4,2,0.20689655172413793,0.005471956224350205,0.0027359781121751026
"Las Vegas, NV","Lubbock, TX",731,725,123,4,2,0.1696551724137931,0.005471956224350205,0.0027359781121751026
"Los Angeles, CA","Pasco/Kennewick/Richland, WA",731,728,96,2,1,0.13186813186813187,0.0027359781121751026,0.0013679890560875513
"Lubbock, TX","Phoenix, AZ",731,730,107,0,1,0.14657534246575343,0.0,0.0013679890560875513
"Midland/Odessa, TX","Phoenix, AZ",731,723,152,4,4,0.21023513139695713,0.005471956224350205,0.005471956224350205
"Aguadilla, PR","Newark, NJ",730,709,176,11,10,0.24823695345557123,0.015068493150684932,0.0136986301369863
"Atlanta, GA","Roanoke, VA",730,712,124,12,6,0.17415730337078653,0.01643835616438356,0.00821917808219178
"Atlanta, GA","Sioux Falls, SD",730,712,174,14,4,0.2443820224719101,0.019178082191780823,0.005479452054794521
"Billings, MT","Minneapolis, MN",730,724,139,5,1,0.1919889502762431,0.00684931506849315,0.0013698630136986301
"Birmingham, AL","Las Vegas, NV",730,727,138,1,2,0.18982118294360384,0.0013698630136986301,0.0027397260273972603
"Boston, MA","Presque Isle/Houlton, ME",730,723,131,4,3,0.18118948824343015,0.005479452054794521,0.00410958904109589
"Bozeman, MT","Newark, NJ",730,722,148,2,6,0.20498614958448755,0.0027397260273972603,0.00821917808219178
"Charleston, SC","Dallas, TX",730,721,180,6,3,0.24965325936199723,0.00821917808219178,0.00410958904109589
"Charlotte, NC","Lafayette, LA",730,707,154,23,0,0.21782178217821782,0.031506849315068496,0.0
"Chicago, IL","Joplin, MO",730,695,164,29,6,0.23597122302158274,0.03972602739726028,0.00821917808219178
"Chicago, IL","Sioux City, IA",730,698,216,20,12,0.30945558739255014,0.0273972602739726,0.01643835616438356
"Cincinnati, OH","Sarasota/Bradenton, FL",730,722,166,4,4,0.2299168975069252,0.005479452054794521,0.005479452054794521
"Dallas, TX","Pittsburgh, PA",730,724,155,5,1,0.21408839779005526,0.00684931506849315,0.0013698630136986301
"Dallas/Fort Worth, TX","Harrisburg, PA",730,715,233,14,1,0.3258741258741259,0.019178082191780823,0.0013698630136986301
"Dallas/Fort Worth, TX","Yuma, AZ",730,705,122,16,9,0.17304964539007092,0.021917808219178082,0.012328767123287671
"Dayton, OH","Denver, CO",730,729,153,0,1,0.20987654320987653,0.0,0.0013698630136986301
"Denver, CO","Greensboro/High Point, NC",730,725,154,4,1,0.21241379310344827,0.005479452054794521,0.0013698630136986301
"Denver, CO","Hobbs, NM",730,709,216,17,4,0.304654442877292,0.023287671232876714,0.005479452054794521
"Denver, CO","Kona, HI",730,720,89,4,6,0.12361111111111112,0.005479452054794521,0.00821917808219178
"Denver, CO","Lexington, KY",730,727,183,2,1,0.2517193947730399,0.0027397260273972603,0.0013698630136986301
"Denver, CO","Salina, KS",730,712,194,12,6,0.27247191011235955,0.01643835616438356,0.00821917808219178
"Detroit, MI","Escanaba, MI",730,701,99,26,3,0.14122681883024252,0.03561643835616438,0.00410958904109589
"Detroit, MI","Iron Mountain/Kingsfd, MI",730,712,149,12,6,0.20926966292134833,0.01643835616438356,0.00821917808219178
"Eugene, OR","Sacramento, CA",730,728,85,0,2,0.11675824175824176,0.0,0.0027397260273972603
"Fayetteville, AR","Washington, DC",730,696,107,32,2,0.15373563218390804,0.043835616438356165,0.0027397260273972603
"Fort Wayne, IN","Minneapolis, MN",730,722,157,5,3,0.21745152354570638,0.00684931506849315,0.00410958904109589
"Guam, TT","Honolulu, HI",730,725,75,4,1,0.10344827586206896,0.005479452054794521,0.0013698630136986301
"Hobbs, NM","Houston, TX",730,709,179,15,6,0.2524682651622003,0.02054794520547945,0.00821917808219178
"Honolulu, HI","Minneapolis, MN",730,717,108,10,3,0.1506276150627615,0.0136986301369863,0.00410958904109589
"Johnstown, PA","Washington, DC",730,704,159,22,4,0.22585227272727273,0.030136986301369864,0.005479452054794521
"Kona, HI","Las Vegas, NV",730,723,71,3,4,0.09820193637621023,0.00410958904109589,0.005479452054794521
"Kona, HI","Lihue, HI",730,728,91,2,0,0.125,0.0027397260273972603,0.0
"Las Vegas, NV","Lihue, HI",730,721,69,1,8,0.0957004160887656,0.0013698630136986301,0.010958904109589041
"Las Vegas, NV","Midland/Odessa, TX",730,726,125,3,1,0.1721763085399449,0.00410958904109589,0.0013698630136986301
"Lewiston, ID","Salt Lake City, UT",730,728,42,0,2,0.057692307692307696,0.0,0.0027397260273972603
"Memphis, TN","Salt Lake City, UT",730,728,89,2,0,0.12225274725274725,0.0027397260273972603,0.0
"Minneapolis, MN","Oklahoma City, OK",730,722,139,3,5,0.1925207756232687,0.00410958904109589,0.00684931506849315
"Minneapolis, MN","Pasco/Kennewick/Richland, WA",730,729,125,0,1,0.17146776406035666,0.0,0.0013698630136986301
"Minneapolis, MN","Sault Ste. Marie, MI",730,720,137,7,3,0.19027777777777777,0.009589041095890411,0.00410958904109589
"Minneapolis, MN","South Bend, IN",730,723,111,6,1,0.15352697095435686,0.00821917808219178,0.0013698630136986301
"Omaha, NE","Orlando, FL",730,720,139,9,1,0.19305555555555556,0.012328767123287671,0.0013698630136986301
"Sacramento, CA","Washington, DC",730,726,135,2,2,0.1859504132231405,0.0027397260273972603,0.0027397260273972603
"Tallahassee, FL","Washington, DC",730,675,165,53,2,0.24444444444444444,0.07260273972602739,0.0027397260273972603
"Bend/Redmond, OR","Los Angeles, CA",729,728,74,0,1,0.10164835164835165,0.0,0.0013717421124828531
"Ketchikan, AK","Sitka, AK",729,706,150,16,7,0.21246458923512748,0.02194787379972565,0.009602194787379973
"San Juan, PR","White Plains, NY",729,712,184,8,9,0.25842696629213485,0.010973936899862825,0.012345679012345678
"Amarillo, TX","Las Vegas, NV",728,722,107,6,0,0.1481994459833795,0.008241758241758242,0.0
"Cedar Rapids/Iowa City, IA","Washington, DC",728,692,141,31,5,0.203757225433526,0.042582417582417584,0.006868131868131868
"Charlotte, NC","Santa Ana, CA",728,717,149,5,6,0.20781032078103207,0.006868131868131868,0.008241758241758242
"Chicago, IL","Morgantown, WV",728,684,198,34,10,0.2894736842105263,0.046703296703296704,0.013736263736263736
"Dallas, TX","Santa Ana, CA",728,718,151,7,3,0.21030640668523676,0.009615384615384616,0.004120879120879121
"Denver, CO","Shreveport, LA",728,721,175,2,5,0.24271844660194175,0.0027472527472527475,0.006868131868131868
"Denver, CO","Sioux City, IA",728,712,233,12,4,0.32724719101123595,0.016483516483516484,0.005494505494505495
"Detroit, MI","Marquette, MI",728,711,127,16,1,0.17862165963431786,0.02197802197802198,0.0013736263736263737
"Grand Rapids, MI","Punta Gorda, FL",728,725,153,0,3,0.2110344827586207,0.0,0.004120879120879121
"Indianapolis, IN","Salt Lake City, UT",728,718,83,10,0,0.11559888579387187,0.013736263736263736,0.0
"Lewiston, ID","Seattle, WA",728,721,64,4,3,0.08876560332871013,0.005494505494505495,0.004120879120879121
"Los Angeles, CA","Prescott, AZ",728,714,178,12,2,0.24929971988795518,0.016483516483516484,0.0027472527472527475
"New York, NY","San Antonio, TX",728,710,120,11,7,0.16901408450704225,0.01510989010989011,0.009615384615384616
"Sarasota/Bradenton, FL","St. Louis, MO",728,722,127,4,2,0.17590027700831026,0.005494505494505495,0.0027472527472527475
"Anchorage, AK","Phoenix, AZ",727,720,123,0,7,0.17083333333333334,0.0,0.009628610729023384
"Atlanta, GA","Santa Barbara, CA",727,706,192,15,6,0.2719546742209632,0.02063273727647868,0.008253094910591471
"Chicago, IL","Salina, KS",727,706,180,19,2,0.254957507082153,0.026134800550206328,0.002751031636863824
"Little Rock, AR","Washington, DC",727,705,159,18,4,0.225531914893617,0.024759284731774415,0.005502063273727648
"Marquette, MI","Minneapolis, MN",727,703,114,23,1,0.16216216216216217,0.03163686382393398,0.001375515818431912
"Anchorage, AK","Kotzebue, AK",726,696,69,27,3,0.09913793103448276,0.0371900826446281,0.004132231404958678
"Columbus, OH","Salt Lake City, UT",726,724,105,2,0,0.14502762430939226,0.0027548209366391185,0.0
"Los Angeles, CA","St. George, UT",726,725,90,0,1,0.12413793103448276,0.0,0.0013774104683195593
"Milwaukee, WI","Salt Lake City, UT",726,724,131,2,0,0.18093922651933703,0.0027548209366391185,0.0
"Morgantown, WV","Washington, DC",726,693,140,33,0,0.20202020202020202,0.045454545454545456,0.0
"Pittsburgh, PA","Salt Lake City, UT",726,722,159,4,0,0.22022160664819945,0.005509641873278237,0.0
"San Luis Obispo, CA","Seattle, WA",726,716,168,7,3,0.2346368715083799,0.009641873278236915,0.004132231404958678
"Butte, MT","Denver, CO",725,711,175,11,3,0.24613220815752462,0.015172413793103448,0.004137931034482759
"Orlando, FL","Worcester, MA",725,707,128,7,11,0.18104667609618105,0.009655172413793104,0.015172413793103448
"Chicago, IL","Johnstown, PA",724,692,218,24,8,0.315028901734104,0.03314917127071823,0.011049723756906077
"Chicago, IL","Valparaiso, FL",724,716,181,7,1,0.2527932960893855,0.009668508287292817,0.0013812154696132596
"Cordova, AK","Yakutat, AK",724,700,74,17,7,0.10571428571428572,0.023480662983425413,0.009668508287292817
"Detroit, MI","Sault Ste. Marie, MI",724,711,132,10,3,0.18565400843881857,0.013812154696132596,0.004143646408839779
"Iron Mountain/Kingsfd, MI","Minneapolis, MN",724,708,151,14,2,0.2132768361581921,0.019337016574585635,0.0027624309392265192
"Juneau, AK","Petersburg, AK",724,701,101,13,10,0.14407988587731813,0.017955801104972375,0.013812154696132596
"Juneau, AK","Yakutat, AK",724,699,87,13,12,0.12446351931330472,0.017955801104972375,0.016574585635359115
"Petersburg, AK","Wrangell, AK",724,699,95,19,6,0.13590844062947066,0.026243093922651933,0.008287292817679558
"Anchorage, AK","Cordova, AK",723,709,107,9,5,0.15091678420310295,0.012448132780082987,0.006915629322268326
"Fort Lauderdale, FL","Pensacola, FL",723,712,165,10,1,0.23174157303370788,0.013831258644536652,0.0013831258644536654
"Juneau, AK","Ketchikan, AK",723,700,80,17,6,0.11428571428571428,0.02351313969571231,0.008298755186721992
"Ketchikan, AK","Wrangell, AK",723,704,128,12,7,0.18181818181818182,0.016597510373443983,0.009681881051175657
"Arcata/Eureka, CA","Denver, CO",722,711,116,2,9,0.1631504922644163,0.002770083102493075,0.012465373961218837
"Chicago, IL","Columbia, SC",722,700,181,20,2,0.25857142857142856,0.027700831024930747,0.002770083102493075
"Denver, CO","Joplin, MO",722,706,215,10,6,0.3045325779036827,0.013850415512465374,0.008310249307479225
"Orlando, FL","Pensacola, FL",722,699,147,22,1,0.21030042918454936,0.030470914127423823,0.0013850415512465374
"Sacramento, CA","Santa Barbara, CA",722,714,122,6,2,0.17086834733893558,0.008310249307479225,0.002770083102493075
"Cincinnati, OH","Sanford, FL",720,715,219,4,1,0.3062937062937063,0.005555555555555556,0.001388888888888889
"Las Vegas, NV","Little Rock, AR",720,716,147,3,1,0.2053072625698324,0.004166666666666667,0.001388888888888889
"Louisville, KY","Philadelphia, PA",720,702,153,16,2,0.21794871794871795,0.022222222222222223,0.002777777777777778
"Anchorage, AK","Barrow, AK",719,692,205,26,1,0.29624277456647397,0.03616133518776078,0.0013908205841446453
"Madison, WI","Newark, NJ",719,685,148,33,1,0.21605839416058395,0.0458970792767733,0.0013908205841446453
"Austin, TX","Oakland, CA",718,716,152,0,2,0.2122905027932961,0.0,0.002785515320334262
"Detroit, MI","Portland, OR",718,713,187,4,1,0.26227208976157085,0.005571030640668524,0.001392757660167131
"Fort Lauderdale, FL","Norfolk, VA",717,700,154,17,0,0.22,0.023709902370990237,0.0
"Boston, MA","Syracuse, NY",716,706,190,10,0,0.26912181303116145,0.013966480446927373,0.0
"Buffalo, NY","Phoenix, AZ",716,711,191,3,2,0.26863572433192684,0.004189944134078212,0.002793296089385475
"Anchorage, AK","Nome, AK",715,696,156,19,0,0.22413793103448276,0.026573426573426574,0.0
"Tulsa, OK","Washington, DC",715,650,209,59,6,0.32153846153846155,0.08251748251748252,0.008391608391608392
"Austin, TX","Burbank, CA",714,706,156,1,7,0.22096317280453256,0.0014005602240896359,0.00980392156862745
"Cincinnati, OH","Punta Gorda, FL",714,710,159,0,4,0.223943661971831,0.0,0.0056022408963585435
"Albuquerque, NM","Oakland, CA",712,710,99,1,1,0.13943661971830987,0.0014044943820224719,0.0014044943820224719
"Miami, FL","Portland, OR",712,705,158,3,4,0.22411347517730495,0.004213483146067416,0.0056179775280898875
"Asheville, NC","Denver, CO",710,701,177,2,7,0.2524964336661912,0.0028169014084507044,0.009859154929577466
"Kansas City, MO","Oakland, CA",710,701,158,6,3,0.2253922967189729,0.008450704225352112,0.004225352112676056
"Dallas, TX","Louisville, KY",706,692,140,7,7,0.2023121387283237,0.009915014164305949,0.009915014164305949
"Flint, MI","Sanford, FL",706,704,162,2,0,0.23011363636363635,0.0028328611898017,0.0
"Atlanta, GA","Burbank, CA",704,687,223,10,7,0.3245997088791849,0.014204545454545454,0.009943181818181818
"Los Angeles, CA","Palm Springs, CA",704,703,107,1,0,0.15220483641536273,0.0014204545454545455,0.0
"Austin, TX","Ontario, CA",702,698,135,2,2,0.19340974212034384,0.002849002849002849,0.002849002849002849
"Chicago, IL","Long Beach, CA",702,696,94,4,2,0.13505747126436782,0.005698005698005698,0.002849002849002849
"Nashville, TN","Sacramento, CA",702,697,147,2,3,0.2109038737446198,0.002849002849002849,0.004273504273504274
"Charlotte, NC","Jacksonville/Camp Lejeune, NC",701,658,143,42,1,0.21732522796352582,0.05991440798858773,0.0014265335235378032
"Akron, OH","Washington, DC",700,665,226,34,1,0.3398496240601504,0.04857142857142857,0.0014285714285714286
"Dallas, TX","Jacksonville, FL",700,690,209,6,4,0.30289855072463767,0.008571428571428572,0.005714285714285714
"Providence, RI","San Juan, PR",700,692,151,4,4,0.21820809248554912,0.005714285714285714,0.005714285714285714
"New Orleans, LA","San Diego, CA",698,691,204,7,0,0.2952243125904486,0.01002865329512894,0.0
"Anchorage, AK","Los Angeles, CA",697,695,97,0,2,0.13956834532374102,0.0,0.0028694404591104736
"Albuquerque, NM","Burbank, CA",696,692,126,3,1,0.18208092485549132,0.004310344827586207,0.0014367816091954023
"Bakersfield, CA","Dallas/Fort Worth, TX",696,676,227,14,6,0.33579881656804733,0.020114942528735632,0.008620689655172414
"Indianapolis, IN","Kansas City, MO",696,694,140,2,0,0.2017291066282421,0.0028735632183908046,0.0
"Albuquerque, NM","Kansas City, MO",694,687,96,5,2,0.13973799126637554,0.007204610951008645,0.002881844380403458
"Dallas/Fort Worth, TX","Santa Barbara, CA",694,675,192,13,6,0.28444444444444444,0.018731988472622477,0.008645533141210375
"Kansas City, MO","Milwaukee, WI",694,686,135,8,0,0.1967930029154519,0.011527377521613832,0.0
"Nashville, TN","Oklahoma City, OK",694,690,169,0,4,0.24492753623188407,0.0,0.005763688760806916
"Charlottesville, VA","New York, NY",693,670,168,22,1,0.2507462686567164,0.031746031746031744,0.001443001443001443
"Austin, TX","Santa Ana, CA",692,688,135,0,4,0.19622093023255813,0.0,0.005780346820809248
"Butte, MT","Salt Lake City, UT",692,685,35,5,2,0.051094890510948905,0.0072254335260115606,0.002890173410404624
"Charleston, SC","Seattle, WA",692,686,171,5,1,0.24927113702623907,0.0072254335260115606,0.001445086705202312
"Fayetteville, AR","Philadelphia, PA",692,651,155,39,2,0.23809523809523808,0.05635838150289017,0.002890173410404624
"Augusta, GA","Washington, DC",691,632,202,57,2,0.31962025316455694,0.0824891461649783,0.002894356005788712
"Chicago, IL","Wilmington, NC",690,676,206,12,2,0.3047337278106509,0.017391304347826087,0.002898550724637681
"Jackson, WY","San Francisco, CA",688,678,145,5,5,0.21386430678466076,0.007267441860465116,0.007267441860465116
"Nashville, TN","Omaha, NE",688,684,146,3,1,0.2134502923976608,0.00436046511627907,0.0014534883720930232
"Portland, OR","Tucson, AZ",687,683,81,4,0,0.11859443631039532,0.005822416302765648,0.0
"Kona, HI","Portland, OR",686,683,137,0,3,0.2005856515373353,0.0,0.004373177842565598
"Baltimore, MD","Birmingham, AL",685,671,120,11,3,0.17883755588673622,0.016058394160583942,0.004379562043795621
"Detroit, MI","White Plains, NY",682,672,177,7,3,0.26339285714285715,0.010263929618768328,0.004398826979472141
"Jacksonville, FL","Minneapolis, MN",682,672,126,7,3,0.1875,0.010263929618768328,0.004398826979472141
"Boston, MA","Memphis, TN",676,657,148,17,2,0.2252663622526636,0.02514792899408284,0.0029585798816568047
"Charleston/Dunbar, WV","Washington, DC",676,618,172,57,1,0.2783171521035599,0.08431952662721894,0.0014792899408284023
"Boston, MA","San Antonio, TX",674,664,203,7,3,0.3057228915662651,0.010385756676557863,0.004451038575667656
"Dallas, TX","Savannah, GA",674,667,195,1,6,0.29235382308845576,0.001483679525222552,0.008902077151335312
"Detroit, MI","Harrisburg, PA",673,664,128,8,1,0.1927710843373494,0.01188707280832095,0.0014858841010401188
"Burbank, CA","Chicago, IL",670,664,110,4,2,0.16566265060240964,0.005970149253731343,0.0029850746268656717
"Burbank, CA","Nashville, TN",670,666,124,0,4,0.18618618618618618,0.0,0.005970149253731343
"Cincinnati, OH","Los Angeles, CA",670,662,130,8,0,0.19637462235649547,0.011940298507462687,0.0
"Buffalo, NY","Nashville, TN",668,661,124,3,4,0.1875945537065053,0.004491017964071856,0.005988023952095809
"Colorado Springs, CO","Houston, TX",667,659,130,7,1,0.19726858877086495,0.010494752623688156,0.0014992503748125937
"Denver, CO","San Juan, PR",666,655,156,1,10,0.2381679389312977,0.0015015015015015015,0.015015015015015015
"Flint, MI","Punta Gorda, FL",666,665,181,0,1,0.2721804511278195,0.0,0.0015015015015015015
"Kona, HI","San Diego, CA",666,656,159,3,7,0.2423780487804878,0.0045045045045045045,0.010510510510510511
"Minneapolis, MN","Valparaiso, FL",666,655,97,7,4,0.1480916030534351,0.010510510510510511,0.006006006006006006
"Albany, NY","Nashville, TN",664,656,95,3,5,0.1448170731707317,0.004518072289156626,0.007530120481927711
"Burlington, VT","Detroit, MI",664,663,130,0,1,0.19607843137254902,0.0,0.0015060240963855422
"Dallas/Fort Worth, TX","Monterey, CA",664,647,187,14,3,0.2890262751159196,0.02108433734939759,0.004518072289156626
"Los Angeles, CA","Redding, CA",664,664,63,0,0,0.09487951807228916,0.0,0.0
"Pensacola, FL","Philadelphia, PA",663,648,146,13,2,0.22530864197530864,0.0196078431372549,0.0030165912518853697
"El Paso, TX","San Diego, CA",662,656,128,5,1,0.1951219512195122,0.0075528700906344415,0.0015105740181268882
"Sacramento, CA","St. Louis, MO",662,660,128,2,0,0.19393939393939394,0.0030211480362537764,0.0
"Burbank, CA","Houston, TX",658,652,102,3,3,0.15644171779141106,0.004559270516717325,0.004559270516717325
"Nashville, TN","Ontario, CA",658,657,149,1,0,0.2267884322678843,0.001519756838905775,0.0
"Fort Lauderdale, FL","Phoenix, AZ",656,651,147,4,1,0.22580645161290322,0.006097560975609756,0.001524390243902439
"Austin, TX","Pittsburgh, PA",654,653,141,1,0,0.21592649310872894,0.0015290519877675841,0.0
"Lexington, KY","Philadelphia, PA",654,616,152,37,1,0.24675324675324675,0.05657492354740061,0.0015290519877675841
"New York, NY","Roanoke, VA",654,610,209,40,4,0.34262295081967215,0.06116207951070336,0.0061162079510703364
"Dallas/Fort Worth, TX","Key West, FL",653,633,210,11,9,0.33175355450236965,0.016845329249617153,0.013782542113323124
"Austin, TX","Oklahoma City, OK",652,650,105,2,0,0.16153846153846155,0.003067484662576687,0.0
"Christiansted, VI","San Juan, PR",652,647,135,4,1,0.20865533230293662,0.006134969325153374,0.0015337423312883436
"Dallas/Fort Worth, TX","Syracuse, NY",652,634,236,17,1,0.3722397476340694,0.02607361963190184,0.0015337423312883436
"Myrtle Beach, SC","Pittsburgh, PA",651,639,103,11,1,0.16118935837245696,0.016897081413210446,0.0015360983102918587
"San Diego, CA","Spokane, WA",651,639,103,12,0,0.16118935837245696,0.018433179723502304,0.0
"Austin, TX","Jacksonville, FL",650,646,131,2,2,0.20278637770897834,0.003076923076923077,0.003076923076923077
"Oakland, CA","Santa Barbara, CA",650,646,80,3,1,0.1238390092879257,0.004615384615384616,0.0015384615384615385
"Dallas/Fort Worth, TX","San Luis Obispo, CA",649,635,189,7,7,0.29763779527559053,0.01078582434514638,0.01078582434514638
"Charlotte, NC","Ontario, CA",648,642,136,6,0,0.2118380062305296,0.009259259259259259,0.0
"Las Vegas, NV","Rochester, NY",648,646,166,1,1,0.25696594427244585,0.0015432098765432098,0.0015432098765432098
"Albany, NY","Las Vegas, NV",646,637,143,3,6,0.22448979591836735,0.0046439628482972135,0.009287925696594427
"Detroit, MI","Santa Ana, CA",646,642,194,2,2,0.30218068535825543,0.0030959752321981426,0.0030959752321981426
"Aguadilla, PR","Fort Lauderdale, FL",645,641,174,2,2,0.2714508580343214,0.0031007751937984496,0.0031007751937984496
"Austin, TX","Lubbock, TX",644,643,111,0,1,0.17262830482115085,0.0,0.0015527950310559005
"Austin, TX","Tulsa, OK",644,642,128,2,0,0.19937694704049844,0.003105590062111801,0.0
"Columbus, OH","Los Angeles, CA",643,635,139,7,1,0.2188976377952756,0.01088646967340591,0.0015552099533437014
"Burbank, CA","St. Louis, MO",642,637,142,4,1,0.22291993720565148,0.006230529595015576,0.001557632398753894
"Charlotte Amalie, VI","Washington, DC",642,636,93,4,2,0.14622641509433962,0.006230529595015576,0.003115264797507788
"Key West, FL","New York, NY",642,615,172,12,15,0.27967479674796747,0.018691588785046728,0.02336448598130841
"Fayetteville, AR","Salt Lake City, UT",636,634,58,1,1,0.0914826498422713,0.0015723270440251573,0.0015723270440251573
"Los Angeles, CA","Sun Valley/Hailey/Ketchum, ID",636,628,56,5,3,0.08917197452229299,0.007861635220125786,0.0047169811320754715
"North Bend/Coos Bay, OR","San Francisco, CA",632,623,117,3,6,0.18780096308186195,0.004746835443037975,0.00949367088607595
"Hilo, HI","Kahului, HI",630,629,77,0,1,0.12241653418124006,0.0,0.0015873015873015873
"Atlanta, GA","Evansville, IN",628,600,155,27,1,0.25833333333333336,0.042993630573248405,0.0015923566878980893
"Atlanta, GA","Reno, NV",626,613,193,10,3,0.31484502446982054,0.01597444089456869,0.004792332268370607
"Hilton Head, SC","Washington, DC",626,614,91,7,5,0.1482084690553746,0.011182108626198083,0.007987220447284345
"Key West, FL","St. Petersburg, FL",626,618,78,4,4,0.1262135922330097,0.006389776357827476,0.006389776357827476
"Minneapolis, MN","Palm Springs, CA",626,625,117,0,1,0.1872,0.0,0.001597444089456869
"Newark, NJ","Richmond, VA",626,571,193,55,0,0.3380035026269702,0.0878594249201278,0.0
"Little Rock, AR","New York, NY",624,595,158,28,1,0.26554621848739496,0.04487179487179487,0.0016025641025641025
"Jacksonville, FL","Phoenix, AZ",622,619,130,2,1,0.210016155088853,0.003215434083601286,0.001607717041800643
"Panama City, FL","St. Louis, MO",622,620,109,1,1,0.17580645161290323,0.001607717041800643,0.001607717041800643
"Panama City, FL","Washington, DC",622,593,134,26,3,0.22596964586846544,0.04180064308681672,0.00482315112540193
"Washington, DC","Wichita, KS",620,579,209,34,7,0.3609671848013817,0.054838709677419356,0.01129032258064516
"Fort Lauderdale, FL","Worcester, MA",619,597,134,17,5,0.22445561139028475,0.027463651050080775,0.008077544426494346
"Albany, NY","Denver, CO",614,602,217,7,5,0.36046511627906974,0.011400651465798045,0.008143322475570033
"Chicago, IL","Eagle, CO",614,604,184,4,6,0.304635761589404,0.006514657980456026,0.009771986970684038
"Charlotte, NC","Traverse City, MI",610,602,116,7,1,0.19269102990033224,0.011475409836065573,0.001639344262295082
"Eugene, OR","San Diego, CA",610,602,162,6,2,0.2691029900332226,0.009836065573770493,0.003278688524590164
"Des Moines, IA","New York, NY",607,584,152,21,2,0.2602739726027397,0.03459637561779242,0.0032948929159802307
"Baltimore, MD","Jackson/Vicksburg, MS",606,601,127,4,1,0.2113144758735441,0.006600660066006601,0.0016501650165016502
"Houston, TX","Lafayette, LA",606,597,138,9,0,0.23115577889447236,0.01485148514851485,0.0
"Indianapolis, IN","Nashville, TN",606,604,139,1,1,0.23013245033112584,0.0016501650165016502,0.0016501650165016502
"Lexington, KY","Washington, DC",606,588,105,18,0,0.17857142857142858,0.0297029702970297,0.0
"Milwaukee, WI","Philadelphia, PA",606,590,138,14,2,0.23389830508474577,0.0231023102310231,0.0033003300330033004
"Albany, NY","Dallas/Fort Worth, TX",604,581,207,19,4,0.35628227194492257,0.03145695364238411,0.006622516556291391
"Nashville, TN","West Palm Beach/Palm Beach, FL",602,599,160,0,3,0.2671118530884808,0.0,0.0049833887043189366
"Baltimore, MD","Sacramento, CA",600,597,153,1,2,0.2562814070351759,0.0016666666666666668,0.0033333333333333335
"Flint, MI","St. Petersburg, FL",600,594,137,0,6,0.23063973063973064,0.0,0.01
"Chattanooga, TN","Washington, DC",599,552,209,45,2,0.3786231884057971,0.07512520868113523,0.00333889816360601
"Jackson/Vicksburg, MS","Washington, DC",599,554,150,44,1,0.27075812274368233,0.07345575959933222,0.001669449081803005
"Fort Lauderdale, FL","San Antonio, TX",598,591,109,5,2,0.1844331641285956,0.008361204013377926,0.0033444816053511705
"Lansing, MI","Washington, DC",598,543,227,52,3,0.4180478821362799,0.08695652173913043,0.005016722408026756
"Houston, TX","Louisville, KY",597,592,138,4,1,0.23310810810810811,0.006700167504187605,0.0016750418760469012
"Harrisburg, PA","Sanford, FL",596,594,202,2,0,0.3400673400673401,0.003355704697986577,0.0
"Jackson, WY","Newark, NJ",596,554,165,27,15,0.29783393501805056,0.04530201342281879,0.025167785234899327
"Omaha, NE","Philadelphia, PA",596,578,150,14,4,0.25951557093425603,0.02348993288590604,0.006711409395973154
"Denver, CO","Pierre, SD",595,582,109,11,2,0.1872852233676976,0.018487394957983194,0.0033613445378151263
"Des Moines, IA","Philadelphia, PA",594,576,131,18,0,0.22743055555555555,0.030303030303030304,0.0
"Everett, WA","Las Vegas, NV",594,590,132,2,2,0.22372881355932203,0.003367003367003367,0.003367003367003367
"Indianapolis, IN","San Diego, CA",594,593,149,0,1,0.25126475548060706,0.0,0.0016835016835016834
"Baton Rouge, LA","Washington, DC",592,541,130,47,4,0.24029574861367836,0.07939189189189189,0.006756756756756757
"Kansas City, MO","Sacramento, CA",592,586,112,3,3,0.19112627986348124,0.005067567567567568,0.005067567567567568
"Long Beach, CA","St. Louis, MO",592,590,85,2,0,0.1440677966101695,0.0033783783783783786,0.0
"Minneapolis, MN","Wichita, KS",592,586,104,3,3,0.17747440273037543,0.005067567567567568,0.005067567567567568
"Austin, TX","Cincinnati, OH",590,587,144,2,1,0.2453151618398637,0.003389830508474576,0.001694915254237288
"Billings, MT","Phoenix, AZ",588,586,94,2,0,0.16040955631399317,0.003401360544217687,0.0
"Charlotte, NC","New Bern/Morehead/Beaufort, NC",588,583,138,3,2,0.2367066895368782,0.00510204081632653,0.003401360544217687
"Montgomery, AL","Washington, DC",588,543,233,41,4,0.429097605893186,0.06972789115646258,0.006802721088435374
"Boston, MA","Honolulu, HI",587,577,147,8,2,0.25476603119584057,0.013628620102214651,0.0034071550255536627
"Allentown/Bethlehem/Easton, PA","St. Petersburg, FL",584,573,82,8,3,0.1431064572425829,0.0136986301369863,0.005136986301369863
"Eugene, OR","Portland, OR",583,573,49,10,0,0.08551483420593368,0.017152658662092625,0.0
"Detroit, MI","Honolulu, HI",579,573,93,2,4,0.16230366492146597,0.0034542314335060447,0.0069084628670120895
"Dallas/Fort Worth, TX","Kalispell, MT",578,568,156,6,4,0.2746478873239437,0.010380622837370242,0.006920415224913495
"Denver, CO","Providence, RI",578,576,193,1,1,0.3350694444444444,0.0017301038062283738,0.0017301038062283738
"Kansas City, MO","San Antonio, TX",576,572,122,3,1,0.21328671328671328,0.005208333333333333,0.001736111111111111
"Latrobe, PA","Orlando, FL",576,561,118,12,3,0.2103386809269162,0.020833333333333332,0.005208333333333333
"Baltimore, MD","Memphis, TN",575,570,120,3,2,0.21052631578947367,0.0052173913043478265,0.0034782608695652175
"Fort Myers, FL","Orlando, FL",574,568,127,6,0,0.22359154929577466,0.010452961672473868,0.0
"Orlando, FL","Sarasota/Bradenton, FL",574,570,98,3,1,0.17192982456140352,0.005226480836236934,0.0017421602787456446
"Anchorage, AK","San Francisco, CA",572,571,85,0,1,0.14886164623467601,0.0,0.0017482517482517483
"Charlotte, NC","Tallahassee, FL",572,552,130,19,1,0.23550724637681159,0.033216783216783216,0.0017482517482517483
"Orlando, FL","West Palm Beach/Palm Beach, FL",572,570,104,2,0,0.1824561403508772,0.0034965034965034965,0.0
"Bangor, ME","Sanford, FL",570,560,137,6,4,0.24464285714285713,0.010526315789473684,0.007017543859649123
"Newark, NJ","Sacramento, CA",566,553,166,8,5,0.30018083182640143,0.014134275618374558,0.0088339222614841
"Nantucket, MA","Washington, DC",564,533,123,27,4,0.23076923076923078,0.047872340425531915,0.0070921985815602835
"San Jose, CA","Spokane, WA",562,562,109,0,0,0.19395017793594305,0.0,0.0
"Appleton, WI","Phoenix, AZ",560,559,95,0,1,0.16994633273703041,0.0,0.0017857142857142857
"Orlando, FL","Sacramento, CA",551,550,113,1,0,0.20545454545454545,0.0018148820326678765,0.0
"Martha's Vineyard, MA","Washington, DC",550,525,134,23,2,0.25523809523809526,0.04181818181818182,0.0036363636363636364
"Los Angeles, CA","Memphis, TN",548,543,114,4,1,0.20994475138121546,0.0072992700729927005,0.0018248175182481751
"Indianapolis, IN","Punta Gorda, FL",546,543,166,2,1,0.30570902394106814,0.003663003663003663,0.0018315018315018315
"Tampa, FL","Trenton, NJ",546,526,121,18,2,0.2300380228136882,0.03296703296703297,0.003663003663003663
"New York, NY","Philadelphia, PA",541,530,114,11,0,0.21509433962264152,0.02033271719038817,0.0
"Memphis, TN","Nashville, TN",540,539,180,0,1,0.3339517625231911,0.0,0.001851851851851852
"Albuquerque, NM","Long Beach, CA",538,535,93,0,3,0.17383177570093458,0.0,0.0055762081784386614
"Jackson/Vicksburg, MS","Nashville, TN",538,535,126,2,1,0.23551401869158878,0.0037174721189591076,0.0018587360594795538
"Albuquerque, NM","Nashville, TN",536,533,126,3,0,0.23639774859287055,0.005597014925373134,0.0
"Austin, TX","Milwaukee, WI",536,531,110,2,3,0.2071563088512241,0.0037313432835820895,0.005597014925373134
"Baltimore, MD","Colorado Springs, CO",536,530,110,2,4,0.20754716981132076,0.0037313432835820895,0.007462686567164179
"Nashville, TN","Tulsa, OK",536,536,123,0,0,0.2294776119402985,0.0,0.0
"Cleveland, OH","Salt Lake City, UT",532,528,107,2,2,0.20265151515151514,0.0037593984962406013,0.0037593984962406013
"Denver, CO","Traverse City, MI",531,526,136,0,5,0.2585551330798479,0.0,0.009416195856873822
"San Francisco, CA","Sun Valley/Hailey/Ketchum, ID",530,522,122,4,4,0.23371647509578544,0.007547169811320755,0.007547169811320755
"Nashville, TN","San Jose, CA",528,526,128,0,2,0.24334600760456274,0.0,0.003787878787878788
"Birmingham, AL","Detroit, MI",526,521,144,4,1,0.2763915547024952,0.0076045627376425855,0.0019011406844106464
"Escanaba, MI","Minneapolis, MN",526,511,63,15,0,0.1232876712328767,0.028517110266159697,0.0
"Dayton, OH","Philadelphia, PA",524,508,117,14,2,0.23031496062992127,0.026717557251908396,0.003816793893129771
"Minneapolis, MN","Sarasota/Bradenton, FL",521,518,83,2,1,0.16023166023166024,0.003838771593090211,0.0019193857965451055
"Asheville, NC","Boston, MA",520,517,74,0,3,0.14313346228239845,0.0,0.0057692307692307696
"Asheville, NC","Newark, NJ",520,517,100,2,1,0.19342359767891681,0.0038461538461538464,0.0019230769230769232
"Nashville, TN","Providence, RI",520,517,97,2,1,0.18762088974854932,0.0038461538461538464,0.0019230769230769232
"Bend/Redmond, OR","San Diego, CA",519,504,80,11,4,0.15873015873015872,0.02119460500963391,0.007707129094412331
"Allentown/Bethlehem/Easton, PA","Punta Gorda, FL",518,509,110,4,5,0.21611001964636542,0.007722007722007722,0.009652509652509652
"Charleston, SC","Minneapolis, MN",518,516,104,2,0,0.20155038759689922,0.003861003861003861,0.0
"Los Angeles, CA","Pittsburgh, PA",518,518,125,0,0,0.2413127413127413,0.0,0.0
"Albany, NY","Tampa, FL",516,510,106,3,3,0.20784313725490197,0.005813953488372093,0.005813953488372093
"Appleton, WI","Sanford, FL",516,515,115,0,1,0.22330097087378642,0.0,0.001937984496124031
"Sanford, FL","South Bend, IN",516,511,197,2,3,0.38551859099804303,0.003875968992248062,0.005813953488372093
"Bismarck/Mandan, ND","Phoenix, AZ",515,512,68,2,1,0.1328125,0.003883495145631068,0.001941747572815534
"Appleton, WI","Punta Gorda, FL",513,510,97,3,0,0.19019607843137254,0.005847953216374269,0.0
"Columbus, OH","San Francisco, CA",510,507,156,2,1,0.3076923076923077,0.00392156862745098,0.00196078431372549
"Fort Myers, FL","Kansas City, MO",507,500,121,7,0,0.242,0.013806706114398421,0.0
"Chicago, IL","Pellston, MI",506,500,171,3,3,0.342,0.005928853754940711,0.005928853754940711
"Portsmouth, NH","Punta Gorda, FL",506,505,71,0,1,0.1405940594059406,0.0,0.001976284584980237
"Bangor, ME","St. Petersburg, FL",502,496,82,2,4,0.16532258064516128,0.00398406374501992,0.00796812749003984
"Reno, NV","San Jose, CA",502,498,71,2,2,0.142570281124498,0.00398406374501992,0.00398406374501992
"Boise, ID","Spokane, WA",501,500,62,0,1,0.124,0.0,0.001996007984031936
"Great Falls, MT","Minneapolis, MN",499,498,67,0,1,0.13453815261044177,0.0,0.002004008016032064
"Birmingham, AL","Phoenix, AZ",498,496,99,1,1,0.19959677419354838,0.002008032128514056,0.002008032128514056
"Houston, TX","Valparaiso, FL",498,494,122,1,3,0.24696356275303644,0.002008032128514056,0.006024096385542169
"Las Vegas, NV","Santa Rosa, CA",498,492,138,4,2,0.2804878048780488,0.008032128514056224,0.004016064257028112
"Charlotte Amalie, VI","Newark, NJ",496,488,72,5,3,0.14754098360655737,0.010080645161290322,0.006048387096774193
"Detroit, MI","Greensboro/High Point, NC",496,494,117,2,0,0.23684210526315788,0.004032258064516129,0.0
"Indianapolis, IN","St. Petersburg, FL",496,496,148,0,0,0.29838709677419356,0.0,0.0
"Minneapolis, MN","Savannah, GA",494,487,95,4,3,0.19507186858316222,0.008097165991902834,0.006072874493927126
"Fort Lauderdale, FL","Memphis, TN",491,482,123,6,3,0.2551867219917012,0.012219959266802444,0.006109979633401222
"Hartford, CT","New York, NY",491,482,119,9,0,0.24688796680497926,0.018329938900203666,0.0
"New York, NY","Providence, RI",491,479,101,12,0,0.21085594989561587,0.024439918533604887,0.0
"Dallas, TX","Philadelphia, PA",490,483,164,3,4,0.33954451345755693,0.006122448979591836,0.00816326530612245
"Houston, TX","Lubbock, TX",489,479,139,8,2,0.29018789144050106,0.016359918200409,0.00408997955010225
"Madison, WI","Philadelphia, PA",489,482,101,7,0,0.2095435684647303,0.014314928425357873,0.0
"Columbus, MS","Dallas/Fort Worth, TX",486,475,104,6,5,0.21894736842105264,0.012345679012345678,0.0102880658436214
"Houston, TX","Salina, KS",483,470,160,6,7,0.3404255319148936,0.012422360248447204,0.014492753623188406
"Denver, CO","Sarasota/Bradenton, FL",482,479,119,1,2,0.24843423799582465,0.002074688796680498,0.004149377593360996
"Punta Gorda, FL","South Bend, IN",482,478,127,2,2,0.26569037656903766,0.004149377593360996,0.004149377593360996
"Dallas, TX","Tucson, AZ",480,473,88,6,1,0.18604651162790697,0.0125,0.0020833333333333333
"Seattle, WA","Sitka, AK",479,475,188,3,1,0.3957894736842105,0.006263048016701462,0.0020876826722338203
"Austin, TX","Memphis, TN",478,476,74,2,0,0.15546218487394958,0.0041841004184100415,0.0
"Denver, CO","Farmington, NM",475,473,90,1,1,0.19027484143763213,0.002105263157894737,0.002105263157894737
"Chicago, IL","Lafayette, IN",473,461,120,12,0,0.2603036876355748,0.02536997885835095,0.0
"Des Moines, IA","St. Petersburg, FL",470,458,111,8,4,0.2423580786026201,0.01702127659574468,0.00851063829787234
"Fayetteville, AR","Valparaiso, FL",470,468,116,0,2,0.24786324786324787,0.0,0.00425531914893617
"Nantucket, MA","White Plains, NY",470,453,70,14,3,0.1545253863134658,0.029787234042553193,0.006382978723404255
"Asheville, NC","Punta Gorda, FL",466,464,115,0,2,0.2478448275862069,0.0,0.004291845493562232
"Indianapolis, IN","Sanford, FL",462,460,162,1,1,0.3521739130434783,0.0021645021645021645,0.0021645021645021645
"Atlanta, GA","Lafayette, LA",460,448,119,9,3,0.265625,0.01956521739130435,0.006521739130434782
"Belleville, IL","Punta Gorda, FL",460,456,110,2,2,0.2412280701754386,0.004347826086956522,0.004347826086956522
"Fort Wayne, IN","Punta Gorda, FL",460,460,104,0,0,0.22608695652173913,0.0,0.0
"Allentown/Bethlehem/Easton, PA","Myrtle Beach, SC",458,451,86,3,4,0.19068736141906872,0.006550218340611353,0.008733624454148471
"Boston, MA","Nantucket, MA",458,452,117,6,0,0.2588495575221239,0.013100436681222707,0.0
"Dallas, TX","Seattle, WA",458,450,156,6,2,0.3466666666666667,0.013100436681222707,0.004366812227074236
"Amarillo, TX","Houston, TX",456,450,111,5,1,0.24666666666666667,0.010964912280701754,0.0021929824561403508
"South Bend, IN","Washington, DC",456,443,70,13,0,0.1580135440180587,0.02850877192982456,0.0
"Buffalo, NY","Fort Myers, FL",454,443,101,9,2,0.22799097065462753,0.019823788546255508,0.004405286343612335
"Oakland, CA","Reno, NV",454,448,45,6,0,0.10044642857142858,0.013215859030837005,0.0
"Binghamton, NY","Detroit, MI",452,446,72,4,2,0.16143497757847533,0.008849557522123894,0.004424778761061947
"Philadelphia, PA","Richmond, VA",452,425,157,27,0,0.36941176470588233,0.059734513274336286,0.0
"Myrtle Beach, SC","Philadelphia, PA",451,433,133,17,1,0.3071593533487298,0.037694013303769404,0.0022172949002217295
"Newark, NJ","Wilmington, NC",449,414,98,34,1,0.23671497584541062,0.0757238307349666,0.0022271714922048997
"Lexington, KY","Sanford, FL",448,441,252,6,1,0.5714285714285714,0.013392857142857142,0.002232142857142857
"Minneapolis, MN","Rochester, MN",447,445,75,2,0,0.16853932584269662,0.0044742729306487695,0.0
"Detroit, MI","Sacramento, CA",446,446,66,0,0,0.14798206278026907,0.0,0.0
"Oklahoma City, OK","San Antonio, TX",446,446,60,0,0,0.13452914798206278,0.0,0.0
"Pensacola, FL","St. Louis, MO",446,444,59,2,0,0.13288288288288289,0.004484304932735426,0.0
"Peoria, IL","Punta Gorda, FL",446,442,80,2,2,0.18099547511312217,0.004484304932735426,0.004484304932735426
"Phoenix, AZ","Springfield, MO",446,441,73,2,3,0.1655328798185941,0.004484304932735426,0.006726457399103139
"Lihue, HI","San Diego, CA",444,429,109,12,3,0.2540792540792541,0.02702702702702703,0.006756756756756757
"Bangor, ME","New York, NY",442,422,62,18,2,0.14691943127962084,0.04072398190045249,0.004524886877828055
"Des Moines, IA","Punta Gorda, FL",442,434,89,8,0,0.20506912442396313,0.01809954751131222,0.0
"Charlotte, NC","Gainesville, FL",441,422,73,18,1,0.17298578199052134,0.04081632653061224,0.0022675736961451248
"Punta Gorda, FL","Rockford, IL",440,439,78,0,1,0.1776765375854214,0.0,0.0022727272727272726
"Asheville, NC","Miami, FL",439,435,146,4,0,0.335632183908046,0.009111617312072893,0.0
"Buffalo, NY","Philadelphia, PA",438,416,133,21,1,0.31971153846153844,0.04794520547945205,0.00228310502283105
"Atlanta, GA","Fresno, CA",436,432,106,4,0,0.24537037037037038,0.009174311926605505,0.0
"Knoxville, TN","Punta Gorda, FL",436,430,124,2,4,0.28837209302325584,0.0045871559633027525,0.009174311926605505
"Phoenix, AZ","Rapid City, SD",435,431,99,3,1,0.2296983758700696,0.006896551724137931,0.0022988505747126436
"Cedar Rapids/Iowa City, IA","Punta Gorda, FL",432,432,54,0,0,0.125,0.0,0.0
"Eugene, OR","San Jose, CA",432,431,78,1,0,0.18097447795823665,0.0023148148148148147,0.0
"Kalispell, MT","San Francisco, CA",432,432,79,0,0,0.18287037037037038,0.0,0.0
"Fort Myers, FL","Providence, RI",428,421,103,6,1,0.24465558194774348,0.014018691588785047,0.002336448598130841
"Hilton Head, SC","Newark, NJ",428,409,103,14,5,0.25183374083129584,0.03271028037383177,0.011682242990654205
"Portland, OR","Reno, NV",428,421,44,2,5,0.10451306413301663,0.004672897196261682,0.011682242990654205
"Niagara Falls, NY","Punta Gorda, FL",427,421,79,5,1,0.1876484560570071,0.0117096018735363,0.00234192037470726
"Islip, NY","Miami, FL",426,423,96,0,3,0.22695035460992907,0.0,0.007042253521126761
"Eagle, CO","Los Angeles, CA",424,417,136,1,6,0.3261390887290168,0.0023584905660377358,0.014150943396226415
"Peoria, IL","Phoenix, AZ",424,423,62,0,1,0.14657210401891252,0.0,0.0023584905660377358
"Bismarck/Mandan, ND","Chicago, IL",420,418,104,1,1,0.24880382775119617,0.002380952380952381,0.002380952380952381
"Birmingham, AL","Fort Lauderdale, FL",419,412,112,6,1,0.27184466019417475,0.014319809069212411,0.002386634844868735
"Atlanta, GA","Jackson, WY",418,405,126,10,3,0.3111111111111111,0.023923444976076555,0.007177033492822967
"Redding, CA","Seattle, WA",418,417,103,1,0,0.24700239808153476,0.0023923444976076554,0.0
"Lihue, HI","Sacramento, CA",417,412,90,4,1,0.21844660194174756,0.009592326139088728,0.002398081534772182
"Baltimore, MD","Valparaiso, FL",414,413,39,0,1,0.09443099273607748,0.0,0.0024154589371980675
"Boston, MA","Key West, FL",413,394,113,5,14,0.2868020304568528,0.012106537530266344,0.03389830508474576
"Burbank, CA","Kansas City, MO",410,408,81,2,0,0.19852941176470587,0.004878048780487805,0.0
"Des Moines, IA","Sanford, FL",408,400,73,8,0,0.1825,0.0196078431372549,0.0
"Cleveland, OH","San Juan, PR",406,392,100,12,2,0.25510204081632654,0.029556650246305417,0.0049261083743842365
"Dallas/Fort Worth, TX","Santa Rosa, CA",406,400,99,2,4,0.2475,0.0049261083743842365,0.009852216748768473
"Houston, TX","Savannah, GA",406,397,104,6,3,0.2619647355163728,0.014778325123152709,0.007389162561576354
"Palm Springs, CA","San Jose, CA",406,406,66,0,0,0.1625615763546798,0.0,0.0
"Burlington, VT","Denver, CO",404,389,122,3,12,0.31362467866323906,0.007425742574257425,0.0297029702970297
"Denver, CO","Panama City, FL",404,404,106,0,0,0.2623762376237624,0.0,0.0
"Denver, CO","Portland, ME",404,396,89,1,7,0.22474747474747475,0.0024752475247524753,0.017326732673267328
"Eagle, CO","Miami, FL",404,401,149,1,2,0.371571072319202,0.0024752475247524753,0.0049504950495049506
"Chicago, IL","Rhinelander, WI",402,386,135,14,2,0.34974093264248707,0.03482587064676617,0.004975124378109453
"Jackson, WY","Seattle, WA",402,390,66,4,8,0.16923076923076924,0.009950248756218905,0.01990049751243781
"Nashville, TN","Santa Ana, CA",402,400,90,0,2,0.225,0.0,0.004975124378109453
"Concord, NC","Sanford, FL",399,396,219,2,1,0.553030303030303,0.005012531328320802,0.002506265664160401
"Ashland, WV","St. Petersburg, FL",396,390,141,4,2,0.36153846153846153,0.010101010101010102,0.005050505050505051
"Dayton, OH","New York, NY",396,377,76,19,0,0.20159151193633953,0.047979797979797977,0.0
"Springfield, MO","St. Petersburg, FL",396,392,149,2,2,0.38010204081632654,0.005050505050505051,0.005050505050505051
"Cincinnati, OH","Savannah, GA",394,390,110,3,1,0.28205128205128205,0.007614213197969543,0.0025380710659898475
"Concord, NC","St. Petersburg, FL",394,391,167,3,0,0.42710997442455245,0.007614213197969543,0.0
"Charlotte, NC","Fayetteville, NC",392,386,47,6,0,0.12176165803108809,0.015306122448979591,0.0
"Fort Wayne, IN","Sanford, FL",392,390,137,2,0,0.35128205128205126,0.00510204081632653,0.0
"Atlantic City, NJ","Myrtle Beach, SC",391,385,64,6,0,0.16623376623376623,0.015345268542199489,0.0
"Appleton, WI","St. Petersburg, FL",390,389,102,0,1,0.2622107969151671,0.0,0.002564102564102564
"Atlanta, GA","Hilton Head, SC",390,388,51,1,1,0.13144329896907217,0.002564102564102564,0.002564102564102564
"Christiansted, VI","Fort Lauderdale, FL",390,387,73,1,2,0.18863049095607234,0.002564102564102564,0.005128205128205128
"Hilton Head, SC","New York, NY",390,370,61,6,14,0.16486486486486487,0.015384615384615385,0.035897435897435895
"Chicago, IL","Fresno, CA",389,380,160,8,1,0.42105263157894735,0.02056555269922879,0.002570694087403599
"Amarillo, TX","Austin, TX",388,385,82,2,1,0.21298701298701297,0.005154639175257732,0.002577319587628866
"Lexington, KY","St. Petersburg, FL",388,385,145,2,1,0.37662337662337664,0.005154639175257732,0.002577319587628866
"Miami, FL","Sacramento, CA",388,385,81,0,3,0.21038961038961038,0.0,0.007731958762886598
"Albuquerque, NM","Washington, DC",386,386,66,0,0,0.17098445595854922,0.0,0.0
"Columbus, OH","Punta Gorda, FL",384,384,117,0,0,0.3046875,0.0,0.0
"Cleveland, OH","Raleigh/Durham, NC",382,382,53,0,0,0.1387434554973822,0.0,0.0
"Fort Wayne, IN","St. Petersburg, FL",382,380,129,0,2,0.3394736842105263,0.0,0.005235602094240838
"Sacramento, CA","Tucson, AZ",382,382,50,0,0,0.13089005235602094,0.0,0.0
"Denver, CO","Redding, CA",381,377,105,0,4,0.27851458885941643,0.0,0.010498687664041995
"Grand Rapids, MI","Nashville, TN",380,376,114,4,0,0.30319148936170215,0.010526315789473684,0.0
"Kahului, HI","Salt Lake City, UT",378,370,66,8,0,0.1783783783783784,0.021164021164021163,0.0
"Boston, MA","Bozeman, MT",376,370,110,5,1,0.2972972972972973,0.013297872340425532,0.0026595744680851063
"Denver, CO","West Yellowstone, MT",376,359,87,2,15,0.24233983286908078,0.005319148936170213,0.0398936170212766
"Houston, TX","Sarasota/Bradenton, FL",376,372,78,4,0,0.20967741935483872,0.010638297872340425,0.0
"Pittsburgh, PA","Punta Gorda, FL",376,374,112,1,1,0.2994652406417112,0.0026595744680851063,0.0026595744680851063
"Providence, RI","Punta Gorda, FL",376,374,88,2,0,0.23529411764705882,0.005319148936170213,0.0
"Atlanta, GA","Palm Springs, CA",374,370,51,4,0,0.13783783783783785,0.0106951871657754,0.0
"Bishop, CA","San Francisco, CA",374,371,77,2,1,0.20754716981132076,0.0053475935828877,0.00267379679144385
"Flint, MI","Sarasota/Bradenton, FL",374,372,109,2,0,0.29301075268817206,0.0053475935828877,0.0
"Hyannis, MA","New York, NY",374,365,74,9,0,0.20273972602739726,0.02406417112299465,0.0
"Hartford, CT","Myrtle Beach, SC",373,371,43,2,0,0.11590296495956873,0.005361930294906166,0.0
"Los Angeles, CA","West Palm Beach/Palm Beach, FL",372,371,71,0,1,0.19137466307277629,0.0,0.002688172043010753
"Des Moines, IA","Nashville, TN",371,367,76,3,1,0.20708446866485014,0.008086253369272238,0.0026954177897574125
"Baltimore, MD","Ontario, CA",370,369,101,1,0,0.27371273712737126,0.002702702702702703,0.0
"Bangor, ME","Charlotte, NC",370,368,68,0,2,0.18478260869565216,0.0,0.005405405405405406
"New York, NY","Worcester, MA",370,364,56,5,1,0.15384615384615385,0.013513513513513514,0.002702702702702703
"St. Petersburg, FL","Syracuse, NY",370,370,96,0,0,0.2594594594594595,0.0,0.0
"New York, NY","Palm Springs, CA",369,360,87,9,0,0.24166666666666667,0.024390243902439025,0.0
"Grand Rapids, MI","Miami, FL",368,365,90,2,1,0.2465753424657534,0.005434782608695652,0.002717391304347826
"Columbus, OH","St. Petersburg, FL",366,365,121,1,0,0.3315068493150685,0.00273224043715847,0.0
"Kansas City, MO","Pensacola, FL",366,365,55,0,1,0.1506849315068493,0.0,0.00273224043715847
"Las Vegas, NV","Sioux Falls, SD",364,362,61,2,0,0.1685082872928177,0.005494505494505495,0.0
"Atlanta, GA","Charlottesville, VA",362,350,56,11,1,0.16,0.03038674033149171,0.0027624309392265192
"Atlanta, GA","Eagle, CO",362,354,103,7,1,0.2909604519774011,0.019337016574585635,0.0027624309392265192
"Baltimore, MD","Long Beach, CA",362,360,77,1,1,0.21388888888888888,0.0027624309392265192,0.0027624309392265192
"Concord, NC","Fort Lauderdale, FL",362,358,155,3,1,0.4329608938547486,0.008287292817679558,0.0027624309392265192
"Burbank, CA","New York, NY",358,349,143,8,1,0.40974212034383956,0.0223463687150838,0.002793296089385475
"Chicago, IL","Hayden, CO",358,348,104,3,7,0.2988505747126437,0.008379888268156424,0.019553072625698324
"Great Falls, MT","Seattle, WA",358,358,68,0,0,0.18994413407821228,0.0,0.0
"Lexington, KY","Punta Gorda, FL",358,353,103,4,1,0.29178470254957506,0.0111731843575419,0.002793296089385475
"Minneapolis, MN","Rapid City, SD",358,356,52,0,2,0.14606741573033707,0.0,0.00558659217877095
"New York, NY","Ontario, CA",358,353,112,4,1,0.31728045325779036,0.0111731843575419,0.002793296089385475
"New York, NY","Sacramento, CA",358,353,131,5,0,0.37110481586402266,0.013966480446927373,0.0
"Boise, ID","Santa Ana, CA",356,354,97,2,0,0.2740112994350282,0.0056179775280898875,0.0
"Cedar Rapids/Iowa City, IA","St. Petersburg, FL",356,350,89,4,2,0.2542857142857143,0.011235955056179775,0.0056179775280898875
"Sanford, FL","Springfield, MO",356,353,102,0,3,0.28895184135977336,0.0,0.008426966292134831
"Albuquerque, NM","Minneapolis, MN",355,352,41,2,1,0.11647727272727272,0.005633802816901409,0.0028169014084507044
"Belleville, IL","St. Petersburg, FL",354,350,117,2,2,0.3342857142857143,0.005649717514124294,0.005649717514124294
"Elmira/Corning, NY","Sanford, FL",354,352,97,0,2,0.2755681818181818,0.0,0.005649717514124294
"Harlingen/San Benito, TX","Minneapolis, MN",354,346,53,8,0,0.1531791907514451,0.022598870056497175,0.0
"Minneapolis, MN","Tucson, AZ",354,348,48,6,0,0.13793103448275862,0.01694915254237288,0.0
"Fort Lauderdale, FL","Milwaukee, WI",352,348,79,3,1,0.22701149425287356,0.008522727272727272,0.002840909090909091
"Kalispell, MT","Los Angeles, CA",352,350,45,2,0,0.12857142857142856,0.005681818181818182,0.0
"Minneapolis, MN","San Juan, PR",352,342,63,4,6,0.18421052631578946,0.011363636363636364,0.017045454545454544
"Albuquerque, NM","New York, NY",348,341,104,7,0,0.30498533724340177,0.020114942528735632,0.0
"Boston, MA","Traverse City, MI",348,347,72,0,1,0.207492795389049,0.0,0.0028735632183908046
"El Paso, TX","Long Beach, CA",346,342,59,1,3,0.17251461988304093,0.002890173410404624,0.008670520231213872
"Orlando, FL","Portland, ME",346,344,83,2,0,0.24127906976744187,0.005780346820809248,0.0
"Grand Rapids, MI","Sarasota/Bradenton, FL",344,344,84,0,0,0.2441860465116279,0.0,0.0
"Pittsburgh, PA","Sanford, FL",344,344,148,0,0,0.43023255813953487,0.0,0.0
"Pittsburgh, PA","St. Petersburg, FL",344,343,89,0,1,0.2594752186588921,0.0,0.0029069767441860465
"Dallas/Fort Worth, TX","Eugene, OR",343,340,119,2,1,0.35,0.0058309037900874635,0.0029154518950437317
"Akron, OH","Sarasota/Bradenton, FL",342,341,44,0,1,0.12903225806451613,0.0,0.0029239766081871343
"Boston, MA","Dallas, TX",342,340,142,1,1,0.4176470588235294,0.0029239766081871343,0.0029239766081871343
"Boston, MA","Knoxville, TN",342,342,50,0,0,0.14619883040935672,0.0,0.0
"Columbus, OH","Sanford, FL",342,341,138,0,1,0.4046920821114369,0.0,0.0029239766081871343
"Fayetteville, AR","Miami, FL",342,341,69,0,1,0.20234604105571846,0.0,0.0029239766081871343
"Fayetteville, AR","Houston, TX",341,337,57,3,1,0.16913946587537093,0.008797653958944282,0.002932551319648094
"Phoenix, AZ","Rockford, IL",340,340,65,0,0,0.19117647058823528,0.0,0.0
"Houston, TX","Palm Springs, CA",339,338,58,0,1,0.17159763313609466,0.0,0.0029498525073746312
"Cedar Rapids/Iowa City, IA","Sanford, FL",338,336,74,2,0,0.22023809523809523,0.005917159763313609,0.0
"Fort Lauderdale, FL","Rochester, NY",338,334,110,2,2,0.32934131736526945,0.005917159763313609,0.005917159763313609
"Myrtle Beach, SC","Newburgh/Poughkeepsie, NY",338,328,84,8,2,0.25609756097560976,0.023668639053254437,0.005917159763313609
"Asheville, NC","West Palm Beach/Palm Beach, FL",336,333,88,0,3,0.26426426426426425,0.0,0.008928571428571428
"Cleveland, OH","Myrtle Beach, SC",336,334,58,1,1,0.17365269461077845,0.002976190476190476,0.002976190476190476
"Grand Rapids, MI","Philadelphia, PA",335,325,50,10,0,0.15384615384615385,0.029850746268656716,0.0
"Aspen, CO","Austin, TX",334,292,113,26,16,0.386986301369863,0.07784431137724551,0.04790419161676647
"Miami, FL","Oklahoma City, OK",333,333,62,0,0,0.18618618618618618,0.0,0.0
"Anchorage, AK","King Salmon, AK",332,330,49,2,0,0.1484848484848485,0.006024096385542169,0.0
"South Bend, IN","St. Petersburg, FL",332,327,79,4,1,0.2415902140672783,0.012048192771084338,0.0030120481927710845
"Albany, NY","Punta Gorda, FL",330,329,86,1,0,0.2613981762917933,0.0030303030303030303,0.0
"Des Moines, IA","Miami, FL",330,320,57,9,1,0.178125,0.02727272727272727,0.0030303030303030303
"Fort Lauderdale, FL","San Diego, CA",330,326,80,0,4,0.24539877300613497,0.0,0.012121212121212121
"Austin, TX","Reno, NV",328,324,82,3,1,0.25308641975308643,0.009146341463414634,0.003048780487804878
"Knoxville, TN","Newark, NJ",328,328,62,0,0,0.18902439024390244,0.0,0.0
"Traverse City, MI","Washington, DC",328,311,77,17,0,0.24758842443729903,0.051829268292682924,0.0
"Devils Lake, ND","Jamestown, ND",327,321,57,2,4,0.17757009345794392,0.0061162079510703364,0.012232415902140673
"Appleton, WI","Las Vegas, NV",326,326,49,0,0,0.15030674846625766,0.0,0.0
"Peoria, IL","St. Petersburg, FL",326,324,97,0,2,0.2993827160493827,0.0,0.006134969325153374
"Portsmouth, NH","Sanford, FL",324,323,76,0,1,0.23529411764705882,0.0,0.0030864197530864196
"Denver, CO","West Palm Beach/Palm Beach, FL",322,319,88,2,1,0.27586206896551724,0.006211180124223602,0.003105590062111801
"Eagle, CO","Houston, TX",322,318,99,4,0,0.3113207547169811,0.012422360248447204,0.0
"Harrisburg, PA","St. Petersburg, FL",320,315,117,2,3,0.37142857142857144,0.00625,0.009375
"Kansas City, MO","Portland, OR",320,318,52,1,1,0.16352201257861634,0.003125,0.003125
"Kona, HI","San Jose, CA",320,317,42,1,2,0.13249211356466878,0.003125,0.00625
"St. Louis, MO","Valparaiso, FL",320,320,67,0,0,0.209375,0.0,0.0
"Albany, NY","Myrtle Beach, SC",318,308,89,7,3,0.288961038961039,0.0220125786163522,0.009433962264150943
"Buffalo, NY","Los Angeles, CA",318,310,97,6,2,0.31290322580645163,0.018867924528301886,0.006289308176100629
"Charleston, SC","St. Louis, MO",318,318,58,0,0,0.18238993710691823,0.0,0.0
"Plattsburgh, NY","Sanford, FL",318,313,79,4,1,0.2523961661341853,0.012578616352201259,0.0031446540880503146
"Nashville, TN","Portland, ME",317,315,85,0,2,0.2698412698412698,0.0,0.006309148264984227
"Atlanta, GA","Fayetteville, NC",316,311,84,4,1,0.27009646302250806,0.012658227848101266,0.0031645569620253164
"Harrisburg, PA","Punta Gorda, FL",316,314,58,2,0,0.18471337579617833,0.006329113924050633,0.0
"Chicago, IL","Sun Valley/Hailey/Ketchum, ID",314,297,98,6,11,0.32996632996632996,0.01910828025477707,0.03503184713375796
"Denver, CO","North Bend/Coos Bay, OR",314,308,78,0,6,0.2532467532467532,0.0,0.01910828025477707
"Minot, ND","Phoenix, AZ",314,314,57,0,0,0.18152866242038215,0.0,0.0
"Bozeman, MT","Phoenix, AZ",310,307,56,0,3,0.18241042345276873,0.0,0.00967741935483871
"Las Vegas, NV","Medford, OR",308,307,89,1,0,0.2899022801302932,0.003246753246753247,0.0
"Philadelphia, PA","San Antonio, TX",307,297,81,10,0,0.2727272727272727,0.03257328990228013,0.0
"Phoenix, AZ","Santa Maria, CA",307,299,44,6,2,0.14715719063545152,0.019543973941368076,0.006514657980456026
"Akron, OH","Savannah, GA",306,304,63,2,0,0.20723684210526316,0.006535947712418301,0.0
"Charlotte Amalie, VI","Philadelphia, PA",306,300,61,2,4,0.20333333333333334,0.006535947712418301,0.013071895424836602
"Latrobe, PA","Myrtle Beach, SC",306,304,59,2,0,0.19407894736842105,0.006535947712418301,0.0
"Miami, FL","Omaha, NE",306,297,56,8,1,0.18855218855218855,0.026143790849673203,0.0032679738562091504
"Las Vegas, NV","San Luis Obispo, CA",305,298,94,6,1,0.31543624161073824,0.019672131147540985,0.003278688524590164
"Minneapolis, MN","Watertown, SD",305,302,30,2,1,0.09933774834437085,0.006557377049180328,0.003278688524590164
"Dallas/Fort Worth, TX","Traverse City, MI",304,300,121,4,0,0.4033333333333333,0.013157894736842105,0.0
"Denver, CO","Watertown, SD",304,304,68,0,0,0.2236842105263158,0.0,0.0
"Grand Island, NE","Phoenix, AZ",304,304,40,0,0,0.13157894736842105,0.0,0.0
"Fort Lauderdale, FL","Plattsburgh, NY",303,300,69,3,0,0.23,0.009900990099009901,0.0
"Lihue, HI","San Jose, CA",302,301,62,0,1,0.2059800664451827,0.0,0.0033112582781456954
"Missoula, MT","Phoenix, AZ",302,300,83,0,2,0.27666666666666667,0.0,0.006622516556291391
"Rockford, IL","Sanford, FL",302,297,110,4,1,0.37037037037037035,0.013245033112582781,0.0033112582781456954
"Baltimore, MD","San Jose, CA",300,299,61,1,0,0.2040133779264214,0.0033333333333333335,0.0
"Bellingham, WA","Phoenix, AZ",300,299,24,0,1,0.0802675585284281,0.0,0.0033333333333333335
"Bozeman, MT","New York, NY",300,295,88,2,3,0.2983050847457627,0.006666666666666667,0.01
"Honolulu, HI","Pago Pago, TT",300,296,55,4,0,0.1858108108108108,0.013333333333333334,0.0
"Ashland, WV","Sanford, FL",298,292,145,4,2,0.4965753424657534,0.013422818791946308,0.006711409395973154
"Belleville, IL","Sanford, FL",298,296,114,2,0,0.38513513513513514,0.006711409395973154,0.0
"Phoenix, AZ","South Bend, IN",296,296,63,0,0,0.21283783783783783,0.0,0.0
"Salt Lake City, UT","West Yellowstone, MT",296,295,20,0,1,0.06779661016949153,0.0,0.0033783783783783786
"Bellingham, WA","Oakland, CA",294,293,36,0,1,0.12286689419795221,0.0,0.003401360544217687
"Harrisburg, PA","Orlando, FL",294,288,68,6,0,0.2361111111111111,0.02040816326530612,0.0
"Albany, NY","St. Petersburg, FL",292,288,87,3,1,0.3020833333333333,0.010273972602739725,0.003424657534246575
"Chicago, IL","Kahului, HI",292,287,45,4,1,0.156794425087108,0.0136986301369863,0.003424657534246575
"Fayetteville, AR","Sanford, FL",292,290,90,0,2,0.3103448275862069,0.0,0.00684931506849315
"New York, NY","Reno, NV",292,283,109,7,2,0.38515901060070673,0.023972602739726026,0.00684931506849315
"Columbus, OH","Savannah, GA",289,285,34,2,2,0.11929824561403508,0.006920415224913495,0.006920415224913495
"Dallas/Fort Worth, TX","Portland, ME",288,284,72,2,2,0.2535211267605634,0.006944444444444444,0.006944444444444444
"Fargo, ND","Las Vegas, NV",288,287,36,0,1,0.1254355400696864,0.0,0.003472222222222222
"Jacksonville, FL","San Juan, PR",288,278,74,10,0,0.26618705035971224,0.034722222222222224,0.0
"Akron, OH","Punta Gorda, FL",286,284,59,2,0,0.20774647887323944,0.006993006993006993,0.0
"Atlanta, GA","Bloomington/Normal, IL",286,283,64,0,3,0.22614840989399293,0.0,0.01048951048951049
"Bend/Redmond, OR","Portland, OR",286,280,49,6,0,0.175,0.02097902097902098,0.0
"Charlotte Amalie, VI","Chicago, IL",286,282,67,2,2,0.2375886524822695,0.006993006993006993,0.006993006993006993
"Honolulu, HI","Washington, DC",286,279,42,6,1,0.15053763440860216,0.02097902097902098,0.0034965034965034965
"Louisville, KY","Nashville, TN",285,284,60,1,0,0.2112676056338028,0.0035087719298245615,0.0
"Minneapolis, MN","Portland, ME",284,284,22,0,0,0.07746478873239436,0.0,0.0
"Rockford, IL","St. Petersburg, FL",284,280,69,2,2,0.24642857142857144,0.007042253521126761,0.007042253521126761
"Dallas, TX","Fort Myers, FL",280,274,70,6,0,0.25547445255474455,0.02142857142857143,0.0
"Philadelphia, PA","Syracuse, NY",280,258,59,22,0,0.22868217054263565,0.07857142857142857,0.0
"Greensboro/High Point, NC","Philadelphia, PA",277,264,80,13,0,0.30303030303030304,0.04693140794223827,0.0
"Philadelphia, PA","Wilmington, NC",277,258,63,19,0,0.2441860465116279,0.06859205776173286,0.0
"Chicago, IL","Fairbanks, AK",276,274,50,2,0,0.18248175182481752,0.007246376811594203,0.0
"Columbus, OH","Myrtle Beach, SC",276,270,103,4,2,0.3814814814814815,0.014492753623188406,0.007246376811594203
"Dallas, TX","Portland, OR",276,273,92,1,2,0.336996336996337,0.0036231884057971015,0.007246376811594203
"Houston, TX","Milwaukee, WI",276,276,47,0,0,0.17028985507246377,0.0,0.0
"Louisville, KY","Sanford, FL",276,272,128,3,1,0.47058823529411764,0.010869565217391304,0.0036231884057971015
"Miami, FL","White Plains, NY",276,266,33,7,3,0.12406015037593984,0.025362318840579712,0.010869565217391304
"Pittsburgh, PA","West Palm Beach/Palm Beach, FL",276,274,71,2,0,0.2591240875912409,0.007246376811594203,0.0
"Charlotte Amalie, VI","Houston, TX",274,266,41,5,3,0.15413533834586465,0.01824817518248175,0.010948905109489052
"Chicago, IL","Sault Ste. Marie, MI",274,267,98,3,4,0.36704119850187267,0.010948905109489052,0.014598540145985401
"St. Petersburg, FL","Toledo, OH",274,274,115,0,0,0.4197080291970803,0.0,0.0
"Asheville, NC","Orlando, FL",273,271,84,1,1,0.30996309963099633,0.003663003663003663,0.003663003663003663
"Billings, MT","Las Vegas, NV",272,271,54,0,1,0.1992619926199262,0.0,0.003676470588235294
"Dallas/Fort Worth, TX","Gunnison, CO",268,263,73,2,3,0.27756653992395436,0.007462686567164179,0.011194029850746268
"Palm Springs, CA","Washington, DC",268,266,25,2,0,0.09398496240601503,0.007462686567164179,0.0
"Cincinnati, OH","Jacksonville, FL",267,264,84,1,2,0.3181818181818182,0.003745318352059925,0.00749063670411985
"Cleveland, OH","Sarasota/Bradenton, FL",267,266,64,0,1,0.24060150375939848,0.0,0.003745318352059925
"Anchorage, AK","Atlanta, GA",266,263,122,2,1,0.46387832699619774,0.007518796992481203,0.0037593984962406013
"Concord, NC","Punta Gorda, FL",266,264,67,2,0,0.2537878787878788,0.007518796992481203,0.0
"Dallas, TX","Sarasota/Bradenton, FL",266,264,61,2,0,0.23106060606060605,0.007518796992481203,0.0
"Las Vegas, NV","Springfield, MO",266,265,50,1,0,0.18867924528301888,0.0037593984962406013,0.0
"Niagara Falls, NY","St. Petersburg, FL",266,261,65,4,1,0.24904214559386972,0.015037593984962405,0.0037593984962406013
"Chattanooga, TN","Sanford, FL",264,264,127,0,0,0.4810606060606061,0.0,0.0
"Dallas/Fort Worth, TX","Hayden, CO",264,254,99,3,7,0.38976377952755903,0.011363636363636364,0.026515151515151516
"Knoxville, TN","Orlando, FL",264,263,60,0,1,0.22813688212927757,0.0,0.003787878787878788
"Las Vegas, NV","Pasco/Kennewick/Richland, WA",264,263,53,0,1,0.20152091254752852,0.0,0.003787878787878788
"Louisville, KY","Valparaiso, FL",264,262,55,2,0,0.2099236641221374,0.007575757575757576,0.0
"Hagerstown, MD","Sanford, FL",263,260,117,3,0,0.45,0.011406844106463879,0.0
"Cincinnati, OH","Myrtle Beach, SC",262,259,69,3,0,0.26640926640926643,0.011450381679389313,0.0
"Knoxville, TN","Valparaiso, FL",262,261,55,1,0,0.210727969348659,0.003816793893129771,0.0
"Minneapolis, MN","Traverse City, MI",262,262,46,0,0,0.17557251908396945,0.0,0.0
"Phoenix, AZ","St. Cloud, MN",262,261,59,0,1,0.2260536398467433,0.0,0.003816793893129771
"Anchorage, AK","Salt Lake City, UT",260,259,80,0,1,0.3088803088803089,0.0,0.0038461538461538464
"Asheville, NC","Sarasota/Bradenton, FL",260,260,65,0,0,0.25,0.0,0.0
"Charlotte, NC","Christiansted, VI",260,258,50,2,0,0.1937984496124031,0.007692307692307693,0.0
"Fort Lauderdale, FL","Lexington, KY",260,258,121,0,2,0.4689922480620155,0.0,0.007692307692307693
"Las Vegas, NV","Minot, ND",260,260,51,0,0,0.19615384615384615,0.0,0.0
"Minneapolis, MN","West Palm Beach/Palm Beach, FL",260,259,66,1,0,0.2548262548262548,0.0038461538461538464,0.0
"Roanoke, VA","St. Petersburg, FL",260,258,120,0,2,0.46511627906976744,0.0,0.007692307692307693
"Atlanta, GA","Kahului, HI",258,253,36,5,0,0.1422924901185771,0.01937984496124031,0.0
"Cedar Rapids/Iowa City, IA","Las Vegas, NV",258,258,39,0,0,0.1511627906976744,0.0,0.0
"New Orleans, LA","Portland, OR",258,251,34,6,1,0.13545816733067728,0.023255813953488372,0.003875968992248062
"Peoria, IL","Sanford, FL",258,254,70,4,0,0.2755905511811024,0.015503875968992248,0.0
"Bismarck/Mandan, ND","Las Vegas, NV",256,255,38,1,0,0.14901960784313725,0.00390625,0.0
"Honolulu, HI","Newark, NJ",256,251,62,3,2,0.24701195219123506,0.01171875,0.0078125
"Roanoke, VA","Sanford, FL",256,250,157,6,0,0.628,0.0234375,0.0
"Fort Lauderdale, FL","Syracuse, NY",255,254,105,1,0,0.41338582677165353,0.00392156862745098,0.0
"Atlanta, GA","Christiansted, VI",254,246,74,6,2,0.3008130081300813,0.023622047244094488,0.007874015748031496
"Chattanooga, TN","St. Petersburg, FL",254,249,88,4,1,0.3534136546184739,0.015748031496062992,0.003937007874015748
"Elmira/Corning, NY","St. Petersburg, FL",254,253,46,0,1,0.18181818181818182,0.0,0.003937007874015748
"Jacksonville, FL","Pittsburgh, PA",254,254,70,0,0,0.2755905511811024,0.0,0.0
"Nashville, TN","Sanford, FL",254,253,91,0,1,0.35968379446640314,0.0,0.003937007874015748
"Newburgh/Poughkeepsie, NY","St. Petersburg, FL",254,249,56,4,1,0.2248995983935743,0.015748031496062992,0.003937007874015748
"Allentown/Bethlehem/Easton, PA","Fort Lauderdale, FL",252,250,69,2,0,0.276,0.007936507936507936,0.0
"Anchorage, AK","Houston, TX",252,252,72,0,0,0.2857142857142857,0.0,0.0
"Bellingham, WA","Palm Springs, CA",252,250,38,0,2,0.152,0.0,0.007936507936507936
"Boston, MA","Sacramento, CA",252,252,70,0,0,0.2777777777777778,0.0,0.0
"Columbus, OH","Valparaiso, FL",252,251,53,1,0,0.21115537848605578,0.003968253968253968,0.0
"Denver, CO","Fairbanks, AK",252,247,41,2,3,0.1659919028340081,0.007936507936507936,0.011904761904761904
"Detroit, MI","Pensacola, FL",252,251,38,0,1,0.15139442231075698,0.0,0.003968253968253968
"Las Vegas, NV","Peoria, IL",252,252,20,0,0,0.07936507936507936,0.0,0.0
"Punta Gorda, FL","Toledo, OH",252,248,42,4,0,0.1693548387096774,0.015873015873015872,0.0
"Nashville, TN","Punta Gorda, FL",251,247,56,1,3,0.22672064777327935,0.00398406374501992,0.01195219123505976
"Everett, WA","Honolulu, HI",250,245,29,0,5,0.11836734693877551,0.0,0.02
"Knoxville, TN","Phoenix, AZ",250,249,50,0,1,0.20080321285140562,0.0,0.004
"Houston, TX","Provo, UT",249,248,42,1,0,0.1693548387096774,0.004016064257028112,0.0
"Idaho Falls, ID","Seattle, WA",249,248,49,0,1,0.1975806451612903,0.0,0.004016064257028112
"Bloomington/Normal, IL","Sanford, FL",248,247,88,0,1,0.3562753036437247,0.0,0.004032258064516129
"Bristol/Johnson City/Kingsport, TN","Sanford, FL",248,246,144,2,0,0.5853658536585366,0.008064516129032258,0.0
"Louisville, KY","Punta Gorda, FL",248,243,40,4,1,0.1646090534979424,0.016129032258064516,0.004032258064516129
"Minneapolis, MN","Myrtle Beach, SC",248,247,41,0,1,0.1659919028340081,0.0,0.004032258064516129
"Newburgh/Poughkeepsie, NY","Punta Gorda, FL",248,246,42,2,0,0.17073170731707318,0.008064516129032258,0.0
"Omaha, NE","St. Petersburg, FL",248,247,47,0,1,0.1902834008097166,0.0,0.004032258064516129
"Santa Ana, CA","Tucson, AZ",248,242,44,6,0,0.18181818181818182,0.024193548387096774,0.0
"Akron, OH","Sanford, FL",246,243,69,2,1,0.2839506172839506,0.008130081300813009,0.0040650406504065045
"Anchorage, AK","Las Vegas, NV",246,238,60,3,5,0.25210084033613445,0.012195121951219513,0.02032520325203252
"Charlotte, NC","Rapid City, SD",246,243,44,2,1,0.18106995884773663,0.008130081300813009,0.0040650406504065045
"Phoenix, AZ","Stockton, CA",246,245,68,0,1,0.27755102040816326,0.0,0.0040650406504065045
"Sioux Falls, SD","St. Petersburg, FL",246,246,43,0,0,0.17479674796747968,0.0,0.0
"Charlotte, NC","Jackson, WY",244,244,55,0,0,0.22540983606557377,0.0,0.0
"Eagle, CO","Phoenix, AZ",244,238,87,2,4,0.36554621848739494,0.00819672131147541,0.01639344262295082
"Knoxville, TN","Las Vegas, NV",244,244,48,0,0,0.19672131147540983,0.0,0.0
"Missoula, MT","San Francisco, CA",244,244,32,0,0,0.13114754098360656,0.0,0.0
"Orlando, FL","Tulsa, OK",244,242,57,2,0,0.23553719008264462,0.00819672131147541,0.0
"Punta Gorda, FL","Springfield, IL",244,243,54,0,1,0.2222222222222222,0.0,0.004098360655737705
"Sarasota/Bradenton, FL","South Bend, IN",244,242,39,2,0,0.16115702479338842,0.00819672131147541,0.0
"Albany, NY","Sanford, FL",242,240,65,0,2,0.2708333333333333,0.0,0.008264462809917356
"Anchorage, AK","Detroit, MI",242,242,62,0,0,0.256198347107438,0.0,0.0
"Evansville, IN","Sanford, FL",242,242,87,0,0,0.359504132231405,0.0,0.0
"Newark, NJ","Valparaiso, FL",242,242,61,0,0,0.25206611570247933,0.0,0.0
"Bozeman, MT","Nashville, TN",241,239,56,1,1,0.23430962343096234,0.004149377593360996,0.004149377593360996
"Lihue, HI","Portland, OR",240,235,28,3,2,0.11914893617021277,0.0125,0.008333333333333333
"Louisville, KY","St. Petersburg, FL",240,237,80,2,1,0.33755274261603374,0.008333333333333333,0.004166666666666667
"Pittsburgh, PA","Savannah, GA",240,240,54,0,0,0.225,0.0,0.0
"Los Angeles, CA","Louisville, KY",239,234,34,5,0,0.1452991452991453,0.02092050209205021,0.0
"Akron, OH","St. Petersburg, FL",238,237,81,0,1,0.34177215189873417,0.0,0.004201680672268907
"Baltimore, MD","Portland, OR",238,233,49,2,3,0.21030042918454936,0.008403361344537815,0.012605042016806723
"Detroit, MI","Sarasota/Bradenton, FL",238,237,86,0,1,0.3628691983122363,0.0,0.004201680672268907
"Fayetteville, AR","Las Vegas, NV",238,238,39,0,0,0.1638655462184874,0.0,0.0
"Fort Lauderdale, FL","Jacksonville, FL",238,234,74,4,0,0.3162393162393162,0.01680672268907563,0.0
"Harrisburg, PA","Sarasota/Bradenton, FL",238,238,29,0,0,0.12184873949579832,0.0,0.0
"Charleston, SC","Cincinnati, OH",236,233,69,2,1,0.296137339055794,0.00847457627118644,0.00423728813559322
"Sanford, FL","Sioux Falls, SD",234,234,69,0,0,0.2948717948717949,0.0,0.0
"Cincinnati, OH","Key West, FL",232,228,58,2,2,0.2543859649122807,0.008620689655172414,0.008620689655172414
"Eagle, CO","San Francisco, CA",232,231,54,1,0,0.23376623376623376,0.004310344827586207,0.0
"Asheville, NC","Key West, FL",230,227,51,2,1,0.22466960352422907,0.008695652173913044,0.004347826086956522
"Belleville, IL","Sarasota/Bradenton, FL",230,230,44,0,0,0.19130434782608696,0.0,0.0
"Fort Wayne, IN","Sarasota/Bradenton, FL",230,229,28,0,1,0.1222707423580786,0.0,0.004347826086956522
"Idaho Falls, ID","Las Vegas, NV",230,230,51,0,0,0.2217391304347826,0.0,0.0
"Portland, OR","Provo, UT",230,228,40,0,2,0.17543859649122806,0.0,0.008695652173913044
"Anchorage, AK","Dillingham, AK",228,226,41,2,0,0.18141592920353983,0.008771929824561403,0.0
"Fort Lauderdale, FL","Grand Rapids, MI",228,228,51,0,0,0.2236842105263158,0.0,0.0
"Islip, NY","Myrtle Beach, SC",228,221,63,6,1,0.2850678733031674,0.02631578947368421,0.0043859649122807015
"Little Rock, AR","Salt Lake City, UT",228,226,15,2,0,0.06637168141592921,0.008771929824561403,0.0
"Allentown/Bethlehem/Easton, PA","Orlando, FL",226,220,82,4,2,0.37272727272727274,0.017699115044247787,0.008849557522123894
"Austin, TX","Charleston, SC",226,226,54,0,0,0.23893805309734514,0.0,0.0
"Clarksburg/Fairmont, WV","Sanford, FL",226,224,119,2,0,0.53125,0.008849557522123894,0.0
"Greer, SC","Sanford, FL",226,226,128,0,0,0.5663716814159292,0.0,0.0
"Las Vegas, NV","Missoula, MT",226,221,53,4,1,0.2398190045248869,0.017699115044247787,0.004424778761061947
"Miami, FL","Milwaukee, WI",225,223,47,2,0,0.21076233183856502,0.008888888888888889,0.0
"Bishop, CA","Denver, CO",224,223,54,0,1,0.242152466367713,0.0,0.004464285714285714
"Flint, MI","Phoenix, AZ",224,224,53,0,0,0.23660714285714285,0.0,0.0
"Fort Myers, FL","Grand Rapids, MI",224,221,40,3,0,0.18099547511312217,0.013392857142857142,0.0
"Grand Island, NE","Las Vegas, NV",224,223,29,0,1,0.13004484304932734,0.0,0.004464285714285714
"Kalispell, MT","Las Vegas, NV",224,222,39,0,2,0.17567567567567569,0.0,0.008928571428571428
"Las Vegas, NV","Rapid City, SD",224,221,67,0,3,0.3031674208144796,0.0,0.013392857142857142
"Sanford, FL","Toledo, OH",224,222,121,0,2,0.545045045045045,0.0,0.008928571428571428
"Great Falls, MT","Las Vegas, NV",222,221,37,1,0,0.167420814479638,0.0045045045045045045,0.0
"Laredo, TX","Las Vegas, NV",222,218,50,4,0,0.22935779816513763,0.018018018018018018,0.0
"Nashville, TN","Syracuse, NY",222,221,54,0,1,0.24434389140271492,0.0,0.0045045045045045045
"Plattsburgh, NY","St. Petersburg, FL",222,218,47,2,2,0.21559633027522937,0.009009009009009009,0.009009009009009009
"Aspen, CO","Phoenix, AZ",220,201,86,15,4,0.42786069651741293,0.06818181818181818,0.01818181818181818
"Bloomington/Normal, IL","St. Petersburg, FL",220,218,33,2,0,0.15137614678899083,0.00909090909090909,0.0
"Greer, SC","St. Petersburg, FL",220,218,96,0,2,0.44036697247706424,0.0,0.00909090909090909
"Punta Gorda, FL","Springfield, MO",220,216,47,0,4,0.2175925925925926,0.0,0.01818181818181818
"Des Moines, IA","Santa Ana, CA",219,213,47,5,1,0.22065727699530516,0.0228310502283105,0.0045662100456621
"Allentown/Bethlehem/Easton, PA","Sarasota/Bradenton, FL",218,218,47,0,0,0.21559633027522937,0.0,0.0
"Austin, TX","Cleveland, OH",218,215,64,3,0,0.29767441860465116,0.013761467889908258,0.0
"Bellingham, WA","Los Angeles, CA",218,218,21,0,0,0.0963302752293578,0.0,0.0
"Columbia, SC","Fort Lauderdale, FL",218,214,66,2,2,0.308411214953271,0.009174311926605505,0.009174311926605505
"Hagerstown, MD","St. Petersburg, FL",218,215,93,2,1,0.4325581395348837,0.009174311926605505,0.0045871559633027525
"Mission/McAllen/Edinburg, TX","Sanford, FL",218,218,55,0,0,0.25229357798165136,0.0,0.0
"Eagle, CO","New York, NY",217,212,57,0,5,0.2688679245283019,0.0,0.02304147465437788
"Anchorage, AK","Washington, DC",216,212,61,2,2,0.28773584905660377,0.009259259259259259,0.009259259259259259
"Austin, TX","Provo, UT",216,216,38,0,0,0.17592592592592593,0.0,0.0
"Hilton Head, SC","Philadelphia, PA",216,204,49,4,8,0.24019607843137256,0.018518518518518517,0.037037037037037035
"Nashville, TN","Peoria, IL",215,214,64,1,0,0.29906542056074764,0.004651162790697674,0.0
"Fort Myers, FL","Worcester, MA",214,206,69,7,1,0.33495145631067963,0.03271028037383177,0.004672897196261682
"Las Vegas, NV","Shreveport, LA",214,214,33,0,0,0.1542056074766355,0.0,0.0
"Omaha, NE","Sanford, FL",214,214,49,0,0,0.22897196261682243,0.0,0.0
"Austin, TX","Des Moines, IA",212,208,75,4,0,0.3605769230769231,0.018867924528301886,0.0
"Chicago, IL","Montrose/Delta, CO",212,211,45,0,1,0.2132701421800948,0.0,0.0047169811320754715
"Cincinnati, OH","Melbourne, FL",212,208,46,4,0,0.22115384615384615,0.018867924528301886,0.0
"Dayton, OH","St. Petersburg, FL",212,209,72,2,1,0.3444976076555024,0.009433962264150943,0.0047169811320754715
"Hyannis, MA","Washington, DC",212,201,49,9,2,0.24378109452736318,0.04245283018867924,0.009433962264150943
"Idaho Falls, ID","Santa Ana, CA",212,211,54,0,1,0.2559241706161137,0.0,0.0047169811320754715
"Jacksonville, FL","Knoxville, TN",212,212,49,0,0,0.23113207547169812,0.0,0.0
"San Antonio, TX","San Juan, PR",211,208,50,1,2,0.2403846153846154,0.004739336492890996,0.009478672985781991
"Adak Island, AK","Anchorage, AK",210,194,25,16,0,0.12886597938144329,0.0761904761904762,0.0
"Asheville, NC","Las Vegas, NV",210,209,42,0,1,0.20095693779904306,0.0,0.004761904761904762
"Evansville, IN","St. Petersburg, FL",210,207,55,2,1,0.26570048309178745,0.009523809523809525,0.004761904761904762
"Fargo, ND","Nashville, TN",210,209,33,0,1,0.15789473684210525,0.0,0.004761904761904762
"Flint, MI","Las Vegas, NV",210,209,58,0,1,0.27751196172248804,0.0,0.004761904761904762
"Grand Forks, ND","Las Vegas, NV",210,208,25,2,0,0.1201923076923077,0.009523809523809525,0.0
"Las Vegas, NV","Monterey, CA",210,209,51,0,1,0.24401913875598086,0.0,0.004761904761904762
"Las Vegas, NV","Rockford, IL",210,210,31,0,0,0.14761904761904762,0.0,0.0
"Las Vegas, NV","Santa Maria, CA",210,208,56,2,0,0.2692307692307692,0.009523809523809525,0.0
"Las Vegas, NV","South Bend, IN",210,210,66,0,0,0.3142857142857143,0.0,0.0
"Miami, FL","Tulsa, OK",210,208,50,1,1,0.2403846153846154,0.004761904761904762,0.004761904761904762
"Nashville, TN","Sioux Falls, SD",210,209,57,0,1,0.2727272727272727,0.0,0.004761904761904762
"Peoria, IL","Sarasota/Bradenton, FL",210,208,28,2,0,0.1346153846153846,0.009523809523809525,0.0
"Philadelphia, PA","Traverse City, MI",210,198,37,11,1,0.18686868686868688,0.05238095238095238,0.004761904761904762
"Portland, OR","San Luis Obispo, CA",210,208,23,2,0,0.11057692307692307,0.009523809523809525,0.0
"Sanford, FL","Syracuse, NY",210,209,45,0,1,0.215311004784689,0.0,0.004761904761904762
"Sanford, FL","Tulsa, OK",210,209,63,0,1,0.3014354066985646,0.0,0.004761904761904762
"Manchester, NH","Tampa, FL",209,209,53,0,0,0.2535885167464115,0.0,0.0
"Allentown/Bethlehem/Easton, PA","Melbourne, FL",208,208,28,0,0,0.1346153846153846,0.0,0.0
"Chicago, IL","Punta Gorda, FL",208,208,44,0,0,0.21153846153846154,0.0,0.0
"Flint, MI","Valparaiso, FL",208,208,18,0,0,0.08653846153846154,0.0,0.0
"Las Vegas, NV","Moline, IL",208,207,25,0,1,0.12077294685990338,0.0,0.004807692307692308
"Anchorage, AK","Newark, NJ",206,200,43,5,1,0.215,0.024271844660194174,0.0048543689320388345
"Moline, IL","Punta Gorda, FL",206,204,38,0,2,0.18627450980392157,0.0,0.009708737864077669
"St. Petersburg, FL","Traverse City, MI",206,206,49,0,0,0.23786407766990292,0.0,0.0
"Eagle, CO","Newark, NJ",204,200,58,1,3,0.29,0.004901960784313725,0.014705882352941176
"Houston, TX","Norfolk, VA",204,198,34,6,0,0.1717171717171717,0.029411764705882353,0.0
"New York, NY","Ponce, PR",204,191,64,13,0,0.33507853403141363,0.06372549019607843,0.0
"Sanford, FL","Traverse City, MI",204,202,44,2,0,0.21782178217821782,0.00980392156862745,0.0
"Atlanta, GA","Hayden, CO",202,188,39,9,5,0.2074468085106383,0.04455445544554455,0.024752475247524754
"Charlotte Amalie, VI","Dallas/Fort Worth, TX",202,198,54,0,4,0.2727272727272727,0.0,0.019801980198019802
"Kalispell, MT","Phoenix, AZ",202,202,29,0,0,0.14356435643564355,0.0,0.0
"Memphis, TN","Sanford, FL",202,201,99,0,1,0.4925373134328358,0.0,0.0049504950495049506
"Nashville, TN","St. Petersburg, FL",202,201,79,0,1,0.39303482587064675,0.0,0.0049504950495049506
"Rockford, IL","Sarasota/Bradenton, FL",202,201,30,0,1,0.14925373134328357,0.0,0.0049504950495049506
"Denver, CO","Myrtle Beach, SC",200,197,66,0,3,0.3350253807106599,0.0,0.015
"Dayton, OH","Punta Gorda, FL",198,198,47,0,0,0.23737373737373738,0.0,0.0
"Des Moines, IA","Fort Lauderdale, FL",198,189,58,8,1,0.30687830687830686,0.04040404040404041,0.005050505050505051
"Great Falls, MT","Phoenix, AZ",198,198,37,0,0,0.18686868686868688,0.0,0.0
"Fort Lauderdale, FL","Manchester, NH",196,191,68,4,1,0.35602094240837695,0.02040816326530612,0.00510204081632653
"Houston, TX","Lake Charles, LA",196,193,32,3,0,0.16580310880829016,0.015306122448979591,0.0
"Kansas City, MO","Punta Gorda, FL",196,195,38,0,1,0.19487179487179487,0.0,0.00510204081632653
"Key West, FL","Sanford, FL",196,194,54,1,1,0.27835051546391754,0.00510204081632653,0.00510204081632653
"Little Rock, AR","Phoenix, AZ",196,196,39,0,0,0.1989795918367347,0.0,0.0
"Columbia, MO","Denver, CO",195,194,35,0,1,0.18041237113402062,0.0,0.005128205128205128
"Detroit, MI","Huntsville, AL",194,194,45,0,0,0.23195876288659795,0.0,0.0
"Fort Lauderdale, FL","Newburgh/Poughkeepsie, NY",194,193,43,0,1,0.22279792746113988,0.0,0.005154639175257732
"Indianapolis, IN","Jacksonville, FL",194,189,52,4,1,0.2751322751322751,0.020618556701030927,0.005154639175257732
"Kansas City, MO","Panama City, FL",194,192,46,0,2,0.23958333333333334,0.0,0.010309278350515464
"Key West, FL","Pittsburgh, PA",194,193,32,0,1,0.16580310880829016,0.0,0.005154639175257732
"Melbourne, FL","Pittsburgh, PA",194,191,31,0,3,0.16230366492146597,0.0,0.015463917525773196
"Philadelphia, PA","Portland, OR",194,184,65,10,0,0.3532608695652174,0.05154639175257732,0.0
"Anchorage, AK","Kona, HI",192,185,30,6,1,0.16216216216216217,0.03125,0.005208333333333333
"Appleton, WI","Nashville, TN",192,191,35,0,1,0.18324607329842932,0.0,0.005208333333333333
"Austin, TX","Knoxville, TN",192,191,62,0,1,0.32460732984293195,0.0,0.005208333333333333
"Bangor, ME","Punta Gorda, FL",192,191,31,0,1,0.16230366492146597,0.0,0.005208333333333333
"Buffalo, NY","Raleigh/Durham, NC",192,189,49,3,0,0.25925925925925924,0.015625,0.0
"Eugene, OR","Santa Ana, CA",192,183,77,9,0,0.4207650273224044,0.046875,0.0
"Greensboro/High Point, NC","St. Petersburg, FL",192,191,77,0,1,0.4031413612565445,0.0,0.005208333333333333
"Memphis, TN","St. Petersburg, FL",192,187,97,4,1,0.5187165775401069,0.020833333333333332,0.005208333333333333
"Richmond, VA","St. Petersburg, FL",192,190,66,0,2,0.3473684210526316,0.0,0.010416666666666666
"Atlanta, GA","Montrose/Delta, CO",190,185,25,4,1,0.13513513513513514,0.021052631578947368,0.005263157894736842
"Des Moines, IA","Sarasota/Bradenton, FL",190,190,45,0,0,0.23684210526315788,0.0,0.0
"Flint, MI","Nashville, TN",190,190,36,0,0,0.18947368421052632,0.0,0.0
"Fort Lauderdale, FL","Greer, SC",190,187,84,2,1,0.44919786096256686,0.010526315789473684,0.005263157894736842
"Moline, IL","Phoenix, AZ",190,188,28,2,0,0.14893617021276595,0.010526315789473684,0.0
"Nashville, TN","Provo, UT",190,184,25,2,4,0.1358695652173913,0.010526315789473684,0.021052631578947368
"Punta Gorda, FL","Syracuse, NY",190,189,53,0,1,0.2804232804232804,0.0,0.005263157894736842
"Austin, TX","Grand Rapids, MI",188,188,57,0,0,0.30319148936170215,0.0,0.0
"Medford, OR","Santa Ana, CA",188,185,61,3,0,0.32972972972972975,0.015957446808510637,0.0
"Moline, IL","Sanford, FL",188,187,42,0,1,0.22459893048128343,0.0,0.005319148936170213
"Newburgh/Poughkeepsie, NY","Sanford, FL",188,188,59,0,0,0.31382978723404253,0.0,0.0
"Sarasota/Bradenton, FL","Syracuse, NY",188,187,39,0,1,0.20855614973262032,0.0,0.005319148936170213
"Boston, MA","Martha's Vineyard, MA",186,182,15,4,0,0.08241758241758242,0.021505376344086023,0.0
"Fayetteville, AR","Fort Lauderdale, FL",186,184,51,0,2,0.27717391304347827,0.0,0.010752688172043012
"Greer, SC","Sarasota/Bradenton, FL",186,182,31,4,0,0.17032967032967034,0.021505376344086023,0.0
"Indianapolis, IN","Valparaiso, FL",186,185,26,0,1,0.14054054054054055,0.0,0.005376344086021506
"Knoxville, TN","Sarasota/Bradenton, FL",186,183,28,0,3,0.15300546448087432,0.0,0.016129032258064516
"Las Vegas, NV","Lexington, KY",186,184,45,2,0,0.24456521739130435,0.010752688172043012,0.0
"Omaha, NE","Punta Gorda, FL",186,186,27,0,0,0.14516129032258066,0.0,0.0
"Roanoke, VA","Sarasota/Bradenton, FL",186,183,32,2,1,0.17486338797814208,0.010752688172043012,0.005376344086021506
"Buffalo, NY","Minneapolis, MN",185,182,28,2,1,0.15384615384615385,0.010810810810810811,0.005405405405405406
"Colorado Springs, CO","Minneapolis, MN",184,184,22,0,0,0.11956521739130435,0.0,0.0
"Colorado Springs, CO","St. Petersburg, FL",184,184,15,0,0,0.08152173913043478,0.0,0.0
"Fairbanks, AK","Minneapolis, MN",184,184,37,0,0,0.20108695652173914,0.0,0.0
"Fairbanks, AK","Salt Lake City, UT",184,184,60,0,0,0.32608695652173914,0.0,0.0
"Fayetteville, AR","Nashville, TN",184,183,39,0,1,0.21311475409836064,0.0,0.005434782608695652
"Minneapolis, MN","Providence, RI",184,181,43,2,1,0.23756906077348067,0.010869565217391304,0.005434782608695652
"Minneapolis, MN","Reno, NV",184,184,39,0,0,0.21195652173913043,0.0,0.0
"Richmond, VA","Washington, DC",184,180,24,4,0,0.13333333333333333,0.021739130434782608,0.0
"Cincinnati, OH","West Palm Beach/Palm Beach, FL",181,179,67,1,1,0.3743016759776536,0.0055248618784530384,0.0055248618784530384
"Bend/Redmond, OR","Dallas/Fort Worth, TX",180,173,56,2,5,0.3236994219653179,0.011111111111111112,0.027777777777777776
"Chattanooga, TN","Las Vegas, NV",180,179,23,1,0,0.12849162011173185,0.005555555555555556,0.0
"Panama City, FL","Philadelphia, PA",180,168,60,11,1,0.35714285714285715,0.06111111111111111,0.005555555555555556
"Des Moines, IA","Los Angeles, CA",178,177,34,1,0,0.192090395480226,0.0056179775280898875,0.0
"Los Angeles, CA","Missoula, MT",178,178,27,0,0,0.15168539325842698,0.0,0.0
"Allentown/Bethlehem/Easton, PA","Chicago, IL",176,174,36,2,0,0.20689655172413793,0.011363636363636364,0.0
"Chicago, IL","Idaho Falls, ID",176,169,78,2,5,0.46153846153846156,0.011363636363636364,0.028409090909090908
"Indianapolis, IN","Key West, FL",176,174,50,1,1,0.28735632183908044,0.005681818181818182,0.005681818181818182
"Grand Rapids, MI","Valparaiso, FL",174,173,36,0,1,0.20809248554913296,0.0,0.005747126436781609
"Los Angeles, CA","Santa Fe, NM",174,174,45,0,0,0.25862068965517243,0.0,0.0
"Asheville, NC","Phoenix, AZ",172,169,23,2,1,0.13609467455621302,0.011627906976744186,0.005813953488372093
"Boston, MA","Grand Rapids, MI",172,171,21,0,1,0.12280701754385964,0.0,0.005813953488372093
"Gustavus, AK","Juneau, AK",172,165,29,6,1,0.17575757575757575,0.03488372093023256,0.005813953488372093
"Minneapolis, MN","Richmond, VA",171,169,41,2,0,0.24260355029585798,0.011695906432748537,0.0
"Colorado Springs, CO","Santa Ana, CA",170,167,44,3,0,0.2634730538922156,0.01764705882352941,0.0
"Fort Lauderdale, FL","Savannah, GA",170,170,31,0,0,0.18235294117647058,0.0,0.0
"Moline, IL","St. Petersburg, FL",170,170,48,0,0,0.2823529411764706,0.0,0.0
"Hayden, CO","Newark, NJ",168,164,32,0,4,0.1951219512195122,0.0,0.023809523809523808
"Montrose/Delta, CO","Newark, NJ",168,167,51,1,0,0.30538922155688625,0.005952380952380952,0.0
"New Orleans, LA","Raleigh/Durham, NC",168,164,37,4,0,0.22560975609756098,0.023809523809523808,0.0
"Birmingham, AL","Newark, NJ",167,156,50,9,2,0.32051282051282054,0.05389221556886228,0.011976047904191617
"Bozeman, MT","Portland, OR",166,164,16,2,0,0.0975609756097561,0.012048192771084338,0.0
"Harrisburg, PA","Jacksonville, FL",166,166,42,0,0,0.25301204819277107,0.0,0.0
"Nantucket, MA","Philadelphia, PA",166,155,54,11,0,0.34838709677419355,0.06626506024096386,0.0
"Pittsburgh, PA","Valparaiso, FL",166,166,16,0,0,0.0963855421686747,0.0,0.0
"Akron, OH","Fort Lauderdale, FL",164,164,35,0,0,0.21341463414634146,0.0,0.0
"Flint, MI","Jacksonville, FL",164,164,41,0,0,0.25,0.0,0.0
"Fort Wayne, IN","Las Vegas, NV",164,164,29,0,0,0.17682926829268292,0.0,0.0
"Punta Gorda, FL","Washington, DC",164,164,20,0,0,0.12195121951219512,0.0,0.0
"Dayton, OH","Sanford, FL",162,162,100,0,0,0.6172839506172839,0.0,0.0
"Kansas City, MO","St. Petersburg, FL",162,160,57,2,0,0.35625,0.012345679012345678,0.0
"Kansas City, MO","Valparaiso, FL",162,162,46,0,0,0.2839506172839506,0.0,0.0
"Appleton, WI","Sarasota/Bradenton, FL",160,160,20,0,0,0.125,0.0,0.0
"Burlington, VT","Orlando, FL",160,160,33,0,0,0.20625,0.0,0.0
"Hayden, CO","Los Angeles, CA",160,158,32,1,1,0.20253164556962025,0.00625,0.00625
"Louisville, KY","Sarasota/Bradenton, FL",160,156,25,2,2,0.16025641025641027,0.0125,0.0125
"Myrtle Beach, SC","Syracuse, NY",160,157,40,2,1,0.25477707006369427,0.0125,0.00625
"Bozeman, MT","Houston, TX",158,156,50,0,2,0.32051282051282054,0.0,0.012658227848101266
"Fort Wayne, IN","Phoenix, AZ",158,157,33,0,1,0.21019108280254778,0.0,0.006329113924050633
"Niagara Falls, NY","Sanford, FL",158,156,55,2,0,0.3525641025641026,0.012658227848101266,0.0
"Oklahoma City, OK","Valparaiso, FL",158,158,57,0,0,0.36075949367088606,0.0,0.0
"Valparaiso, FL","Wichita, KS",156,156,35,0,0,0.22435897435897437,0.0,0.0
"Manchester, NH","New York, NY",154,146,44,8,0,0.3013698630136986,0.05194805194805195,0.0
"Cedar Rapids/Iowa City, IA","Fort Lauderdale, FL",152,152,40,0,0,0.2631578947368421,0.0,0.0
"Hyannis, MA","Philadelphia, PA",152,151,26,0,1,0.17218543046357615,0.0,0.006578947368421052
"Idaho Falls, ID","Portland, OR",152,150,37,0,2,0.24666666666666667,0.0,0.013157894736842105
"Jackson, WY","San Diego, CA",152,142,59,6,4,0.4154929577464789,0.039473684210526314,0.02631578947368421
"Martha's Vineyard, MA","Philadelphia, PA",152,151,45,0,1,0.2980132450331126,0.0,0.006578947368421052
"Fargo, ND","Sanford, FL",150,150,37,0,0,0.24666666666666667,0.0,0.0
"Hagerstown, MD","Myrtle Beach, SC",150,143,77,6,1,0.5384615384615384,0.04,0.006666666666666667
"Punta Gorda, FL","Traverse City, MI",150,145,32,2,3,0.2206896551724138,0.013333333333333334,0.02
"Trenton, NJ","West Palm Beach/Palm Beach, FL",150,149,52,1,0,0.348993288590604,0.006666666666666667,0.0
"Asheville, NC","Austin, TX",148,148,32,0,0,0.21621621621621623,0.0,0.0
"Dallas, TX","Norfolk, VA",148,147,34,1,0,0.23129251700680273,0.006756756756756757,0.0
"Fort Myers, FL","Trenton, NJ",148,138,29,5,5,0.21014492753623187,0.033783783783783786,0.033783783783783786
"Boston, MA","Charlotte Amalie, VI",147,144,29,1,2,0.2013888888888889,0.006802721088435374,0.013605442176870748
"Harrisburg, PA","Myrtle Beach, SC",146,138,55,8,0,0.39855072463768115,0.0547945205479452,0.0
"Harrisburg, PA","Nashville, TN",146,145,36,0,1,0.2482758620689655,0.0,0.00684931506849315
"Houston, TX","Jackson, WY",146,141,35,3,2,0.24822695035460993,0.02054794520547945,0.0136986301369863
"Savannah, GA","St. Louis, MO",146,146,38,0,0,0.2602739726027397,0.0,0.0
"Fort Myers, FL","Manchester, NH",144,143,35,0,1,0.24475524475524477,0.0,0.006944444444444444
"Grand Forks, ND","Phoenix, AZ",144,144,19,0,0,0.13194444444444445,0.0,0.0
"Rochester, NY","Tampa, FL",144,143,30,1,0,0.2097902097902098,0.006944444444444444,0.0
"Springfield, MO","Valparaiso, FL",144,144,36,0,0,0.25,0.0,0.0
"Helena, MT","Seattle, WA",142,140,43,1,1,0.30714285714285716,0.007042253521126761,0.007042253521126761
"Bozeman, MT","Charlotte, NC",140,138,35,0,2,0.2536231884057971,0.0,0.014285714285714285
"Des Moines, IA","Newark, NJ",140,136,19,4,0,0.13970588235294118,0.02857142857142857,0.0
"Provo, UT","San Diego, CA",140,140,46,0,0,0.32857142857142857,0.0,0.0
"Anchorage, AK","New York, NY",138,135,43,3,0,0.31851851851851853,0.021739130434782608,0.0
"Burbank, CA","Eugene, OR",138,135,26,2,1,0.1925925925925926,0.014492753623188406,0.007246376811594203
"Fayetteville, AR","St. Petersburg, FL",138,138,45,0,0,0.32608695652173914,0.0,0.0
"Rapid City, SD","Sanford, FL",138,137,24,1,0,0.17518248175182483,0.007246376811594203,0.0
"Columbus, OH","San Diego, CA",136,134,32,1,1,0.23880597014925373,0.007352941176470588,0.007352941176470588
"Dallas, TX","Hayden, CO",136,134,33,0,2,0.2462686567164179,0.0,0.014705882352941176
"Akron, OH","Nashville, TN",134,132,35,2,0,0.26515151515151514,0.014925373134328358,0.0
"Allentown/Bethlehem/Easton, PA","Nashville, TN",134,134,30,0,0,0.22388059701492538,0.0,0.0
"Columbia, SC","Sanford, FL",134,133,37,0,1,0.2781954887218045,0.0,0.007462686567164179
"Columbus, OH","New Orleans, LA",134,130,23,3,1,0.17692307692307693,0.022388059701492536,0.007462686567164179
"Memphis, TN","Tampa, FL",134,130,34,3,1,0.26153846153846155,0.022388059701492536,0.007462686567164179
"Milwaukee, WI","San Diego, CA",134,133,32,0,1,0.24060150375939848,0.0,0.007462686567164179
"Ashland, WV","Myrtle Beach, SC",132,132,27,0,0,0.20454545454545456,0.0,0.0
"Bend/Redmond, OR","Burbank, CA",132,131,22,0,1,0.16793893129770993,0.0,0.007575757575757576
"Burbank, CA","Pasco/Kennewick/Richland, WA",132,126,17,4,2,0.1349206349206349,0.030303030303030304,0.015151515151515152
"Punta Gorda, FL","Rochester, NY",132,132,50,0,0,0.3787878787878788,0.0,0.0
"Cincinnati, OH","Gulf Shores, AL",130,127,28,2,1,0.2204724409448819,0.015384615384615385,0.007692307692307693
"Elmira/Corning, NY","Punta Gorda, FL",130,130,19,0,0,0.14615384615384616,0.0,0.0
"Grand Rapids, MI","West Palm Beach/Palm Beach, FL",130,129,22,0,1,0.17054263565891473,0.0,0.007692307692307693
"Atlanta, GA","Trenton, NJ",128,126,28,2,0,0.2222222222222222,0.015625,0.0
"Belleville, IL","Gulf Shores, AL",128,128,13,0,0,0.1015625,0.0,0.0
"Boston, MA","Des Moines, IA",128,126,14,2,0,0.1111111111111111,0.015625,0.0
"Fort Myers, FL","Islip, NY",128,124,39,4,0,0.31451612903225806,0.03125,0.0
"Grand Rapids, MI","Jacksonville, FL",128,128,29,0,0,0.2265625,0.0,0.0
"Kona, HI","Oakland, CA",128,127,10,0,1,0.07874015748031496,0.0,0.0078125
"Lexington, KY","Sarasota/Bradenton, FL",128,128,21,0,0,0.1640625,0.0,0.0
"Provo, UT","Sanford, FL",128,127,31,0,1,0.2440944881889764,0.0,0.0078125
"Detroit, MI","San Jose, CA",126,126,17,0,0,0.1349206349206349,0.0,0.0
"Fort Lauderdale, FL","Harrisburg, PA",126,126,33,0,0,0.2619047619047619,0.0,0.0
"Kansas City, MO","Raleigh/Durham, NC",126,125,35,0,1,0.28,0.0,0.007936507936507936
"Little Rock, AR","Sanford, FL",126,126,63,0,0,0.5,0.0,0.0
"Akron, OH","Myrtle Beach, SC",124,123,19,0,1,0.15447154471544716,0.0,0.008064516129032258
"Chattanooga, TN","Orlando, FL",124,121,24,0,3,0.19834710743801653,0.0,0.024193548387096774
"Fort Lauderdale, FL","Traverse City, MI",124,124,44,0,0,0.3548387096774194,0.0,0.0
"Cincinnati, OH","Raleigh/Durham, NC",123,118,27,5,0,0.2288135593220339,0.04065040650406504,0.0
"Colorado Springs, CO","San Diego, CA",122,122,34,0,0,0.2786885245901639,0.0,0.0
"Myrtle Beach, SC","St. Louis, MO",122,120,17,0,2,0.14166666666666666,0.0,0.01639344262295082
"Dallas, TX","Minneapolis, MN",119,119,28,0,0,0.23529411764705882,0.0,0.0
"Albany, NY","Sarasota/Bradenton, FL",118,117,22,1,0,0.18803418803418803,0.00847457627118644,0.0
"Ashland, WV","Fort Lauderdale, FL",118,114,47,4,0,0.41228070175438597,0.03389830508474576,0.0
"El Paso, TX","Orlando, FL",118,117,35,1,0,0.29914529914529914,0.00847457627118644,0.0
"Fargo, ND","St. Petersburg, FL",118,118,20,0,0,0.1694915254237288,0.0,0.0
"Indianapolis, IN","Raleigh/Durham, NC",118,115,22,3,0,0.19130434782608696,0.025423728813559324,0.0
"Anchorage, AK","Kahului, HI",117,112,26,3,2,0.23214285714285715,0.02564102564102564,0.017094017094017096
"Miami, FL","Sarasota/Bradenton, FL",117,117,11,0,0,0.09401709401709402,0.0,0.0
"Belleville, IL","Fort Lauderdale, FL",116,116,15,0,0,0.12931034482758622,0.0,0.0
"Bozeman, MT","San Diego, CA",116,114,24,1,1,0.21052631578947367,0.008620689655172414,0.008620689655172414
"Buffalo, NY","West Palm Beach/Palm Beach, FL",116,116,23,0,0,0.19827586206896552,0.0,0.0
"Columbia, SC","Newark, NJ",116,109,34,5,2,0.3119266055045872,0.04310344827586207,0.017241379310344827
"Dallas, TX","Reno, NV",116,114,33,2,0,0.2894736842105263,0.017241379310344827,0.0
"Chattanooga, TN","Newark, NJ",115,111,25,4,0,0.22522522522522523,0.034782608695652174,0.0
"Jackson, WY","Minneapolis, MN",115,113,38,0,2,0.336283185840708,0.0,0.017391304347826087
"Burlington, VT","New York, NY",113,110,12,3,0,0.10909090909090909,0.02654867256637168,0.0
"Des Moines, IA","Jacksonville, FL",113,111,5,1,1,0.04504504504504504,0.008849557522123894,0.008849557522123894
"Akron, OH","Jacksonville, FL",112,109,32,2,1,0.29357798165137616,0.017857142857142856,0.008928571428571428
"Denver, CO","Everett, WA",112,112,19,0,0,0.16964285714285715,0.0,0.0
"Des Moines, IA","Portland, OR",112,112,22,0,0,0.19642857142857142,0.0,0.0
"Fayetteville, AR","Gulf Shores, AL",112,112,21,0,0,0.1875,0.0,0.0
"Dallas, TX","Montrose/Delta, CO",110,110,28,0,0,0.2545454545454545,0.0,0.0
"Los Angeles, CA","Springfield, MO",110,110,19,0,0,0.17272727272727273,0.0,0.0
"Belleville, IL","Las Vegas, NV",108,108,17,0,0,0.1574074074074074,0.0,0.0
"Houston, TX","Knoxville, TN",108,107,28,0,1,0.2616822429906542,0.0,0.009259259259259259
"Houston, TX","Traverse City, MI",108,107,44,1,0,0.411214953271028,0.009259259259259259,0.0
"Norfolk, VA","Sanford, FL",107,104,53,3,0,0.5096153846153846,0.028037383177570093,0.0
"Bristol/Johnson City/Kingsport, TN","St. Petersburg, FL",106,106,62,0,0,0.5849056603773585,0.0,0.0
"Chattanooga, TN","Punta Gorda, FL",106,103,23,2,1,0.22330097087378642,0.018867924528301886,0.009433962264150943
"Clarksburg/Fairmont, WV","St. Petersburg, FL",106,104,20,0,2,0.19230769230769232,0.0,0.018867924528301886
"Hayden, CO","Houston, TX",106,103,24,2,1,0.23300970873786409,0.018867924528301886,0.009433962264150943
"Indianapolis, IN","Panama City, FL",106,106,31,0,0,0.29245283018867924,0.0,0.0
"Peoria, IL","Valparaiso, FL",106,106,37,0,0,0.3490566037735849,0.0,0.0
"Atlanta, GA","Dothan, AL",104,104,46,0,0,0.4423076923076923,0.0,0.0
"Buffalo, NY","Sarasota/Bradenton, FL",104,102,26,2,0,0.2549019607843137,0.019230769230769232,0.0
"Hayden, CO","San Diego, CA",104,101,25,2,1,0.24752475247524752,0.019230769230769232,0.009615384615384616
"Little Rock, AR","Miami, FL",104,103,27,1,0,0.2621359223300971,0.009615384615384616,0.0
"Nashville, TN","San Juan, PR",104,104,26,0,0,0.25,0.0,0.0
"Omaha, NE","Sarasota/Bradenton, FL",104,103,6,0,1,0.05825242718446602,0.0,0.009615384615384616
"Tulsa, OK","Valparaiso, FL",104,103,39,0,1,0.3786407766990291,0.0,0.009615384615384616
"Bozeman, MT","Washington, DC",102,102,21,0,0,0.20588235294117646,0.0,0.0
"Fort Lauderdale, FL","Latrobe, PA",102,102,21,0,0,0.20588235294117646,0.0,0.0
"Appleton, WI","Fort Lauderdale, FL",98,97,26,0,1,0.26804123711340205,0.0,0.01020408163265306
"Cincinnati, OH","New Orleans, LA",98,95,30,2,1,0.3157894736842105,0.02040816326530612,0.01020408163265306
"Portsmouth, NH","Sarasota/Bradenton, FL",98,98,15,0,0,0.15306122448979592,0.0,0.0
"Belleville, IL","Jacksonville, FL",96,94,49,2,0,0.5212765957446809,0.020833333333333332,0.0
"Chattanooga, TN","Fort Lauderdale, FL",96,94,29,0,2,0.30851063829787234,0.0,0.020833333333333332
"Dallas, TX","Myrtle Beach, SC",96,96,19,0,0,0.19791666666666666,0.0,0.0
"Myrtle Beach, SC","Niagara Falls, NY",96,96,30,0,0,0.3125,0.0,0.0
"Phoenix, AZ","Traverse City, MI",96,95,20,0,1,0.21052631578947367,0.0,0.010416666666666666
"Cedar Rapids/Iowa City, IA","Nashville, TN",94,94,16,0,0,0.1702127659574468,0.0,0.0
"Palm Springs, CA","Santa Rosa, CA",94,92,37,1,1,0.40217391304347827,0.010638297872340425,0.010638297872340425
"Allentown/Bethlehem/Easton, PA","Denver, CO",92,92,5,0,0,0.05434782608695652,0.0,0.0
"Appleton, WI","Portland, OR",92,91,21,0,1,0.23076923076923078,0.0,0.010869565217391304
"Burlington, VT","Tampa, FL",92,88,18,4,0,0.20454545454545456,0.043478260869565216,0.0
"Chicago, IL","Provo, UT",92,90,22,2,0,0.24444444444444444,0.021739130434782608,0.0
"Jacksonville, FL","Norfolk, VA",92,92,25,0,0,0.2717391304347826,0.0,0.0
"Nashville, TN","Rockford, IL",92,92,25,0,0,0.2717391304347826,0.0,0.0
"Plattsburgh, NY","Punta Gorda, FL",92,92,8,0,0,0.08695652173913043,0.0,0.0
"Punta Gorda, FL","Sioux Falls, SD",92,92,16,0,0,0.17391304347826086,0.0,0.0
"Albuquerque, NM","Orlando, FL",90,90,15,0,0,0.16666666666666666,0.0,0.0
"Cedar Rapids/Iowa City, IA","Sarasota/Bradenton, FL",90,87,20,2,1,0.22988505747126436,0.022222222222222223,0.011111111111111112
"Columbia, SC","Orlando, FL",90,89,21,0,1,0.23595505617977527,0.0,0.011111111111111112
"Grand Rapids, MI","Tampa, FL",90,88,19,2,0,0.2159090909090909,0.022222222222222223,0.0
"Punta Gorda, FL","St. Cloud, MN",90,90,14,0,0,0.15555555555555556,0.0,0.0
"Albany, NY","Newark, NJ",89,84,16,5,0,0.19047619047619047,0.056179775280898875,0.0
"Ashland, WV","Valparaiso, FL",88,88,32,0,0,0.36363636363636365,0.0,0.0
"Baltimore, MD","Panama City, FL",88,88,22,0,0,0.25,0.0,0.0
"Cincinnati, OH","Detroit, MI",88,88,23,0,0,0.26136363636363635,0.0,0.0
"Cincinnati, OH","Portland, OR",88,88,31,0,0,0.3522727272727273,0.0,0.0
"Fort Myers, FL","Seattle, WA",88,87,21,0,1,0.2413793103448276,0.0,0.011363636363636364
"Medford, OR","Portland, OR",88,83,13,4,1,0.1566265060240964,0.045454545454545456,0.011363636363636364
"Bangor, ME","Fort Lauderdale, FL",86,86,15,0,0,0.1744186046511628,0.0,0.0
"Fayetteville, AR","Minneapolis, MN",86,86,26,0,0,0.3023255813953488,0.0,0.0
"Montrose/Delta, CO","San Francisco, CA",84,84,17,0,0,0.20238095238095238,0.0,0.0
"Portsmouth, NH","St. Petersburg, FL",84,84,21,0,0,0.25,0.0,0.0
"Appleton, WI","Savannah, GA",82,82,18,0,0,0.21951219512195122,0.0,0.0
"Grand Rapids, MI","Savannah, GA",82,82,8,0,0,0.0975609756097561,0.0,0.0
"Houston, TX","Reno, NV",82,81,14,1,0,0.1728395061728395,0.012195121951219513,0.0
"Miami, FL","Syracuse, NY",81,77,15,4,0,0.19480519480519481,0.04938271604938271,0.0
"Asheville, NC","Houston, TX",80,79,26,0,1,0.3291139240506329,0.0,0.0125
"Kalispell, MT","San Diego, CA",80,80,22,0,0,0.275,0.0,0.0
"New York, NY","Traverse City, MI",80,76,9,2,2,0.11842105263157894,0.025,0.025
"Charlotte, NC","Erie, PA",78,75,14,0,3,0.18666666666666668,0.0,0.038461538461538464
"Eagle, CO","San Diego, CA",78,78,22,0,0,0.28205128205128205,0.0,0.0
"Eagle, CO","Seattle, WA",78,78,23,0,0,0.2948717948717949,0.0,0.0
"Fort Lauderdale, FL","Portland, OR",78,76,22,2,0,0.2894736842105263,0.02564102564102564,0.0
"Hayden, CO","Minneapolis, MN",78,76,19,2,0,0.25,0.02564102564102564,0.0
"San Juan, PR","St. Louis, MO",78,77,20,1,0,0.2597402597402597,0.01282051282051282,0.0
"Des Moines, IA","Minneapolis, MN",77,75,9,2,0,0.12,0.025974025974025976,0.0
"Chicago, IL","Hilton Head, SC",76,75,23,1,0,0.30666666666666664,0.013157894736842105,0.0
"Cleveland, OH","West Palm Beach/Palm Beach, FL",76,71,16,4,1,0.22535211267605634,0.05263157894736842,0.013157894736842105
"Louisville, KY","Myrtle Beach, SC",76,76,18,0,0,0.23684210526315788,0.0,0.0
"Minneapolis, MN","Punta Gorda, FL",76,76,20,0,0,0.2631578947368421,0.0,0.0
"Fort Lauderdale, FL","South Bend, IN",74,73,21,0,1,0.2876712328767123,0.0,0.013513513513513514
"Los Angeles, CA","Montrose/Delta, CO",74,74,9,0,0,0.12162162162162163,0.0,0.0
"Plattsburgh, NY","Sarasota/Bradenton, FL",74,69,13,5,0,0.18840579710144928,0.06756756756756757,0.0
"Sanford, FL","Wichita, KS",74,71,17,2,1,0.23943661971830985,0.02702702702702703,0.013513513513513514
"Seattle, WA","Sun Valley/Hailey/Ketchum, ID",74,73,14,0,1,0.1917808219178082,0.0,0.013513513513513514
"Austin, TX","Sarasota/Bradenton, FL",72,72,6,0,0,0.08333333333333333,0.0,0.0
"Des Moines, IA","Orlando, FL",72,71,15,0,1,0.2112676056338028,0.0,0.013888888888888888
"Fort Lauderdale, FL","Sioux Falls, SD",72,72,13,0,0,0.18055555555555555,0.0,0.0
"Grand Rapids, MI","Portland, OR",72,72,12,0,0,0.16666666666666666,0.0,0.0
"Las Vegas, NV","Valparaiso, FL",72,72,15,0,0,0.20833333333333334,0.0,0.0
"Los Angeles, CA","Mission/McAllen/Edinburg, TX",72,72,13,0,0,0.18055555555555555,0.0,0.0
"Raleigh/Durham, NC","Syracuse, NY",72,72,15,0,0,0.20833333333333334,0.0,0.0
"Boston, MA","Hayden, CO",70,66,19,2,2,0.2878787878787879,0.02857142857142857,0.02857142857142857
"Dallas/Fort Worth, TX","Kona, HI",70,70,21,0,0,0.3,0.0,0.0
"Fort Wayne, IN","Myrtle Beach, SC",70,67,13,2,1,0.19402985074626866,0.02857142857142857,0.014285714285714285
"Lexington, KY","Valparaiso, FL",70,70,31,0,0,0.44285714285714284,0.0,0.0
"Portland, ME","Tampa, FL",70,68,12,2,0,0.17647058823529413,0.02857142857142857,0.0
"Atlanta, GA","Traverse City, MI",68,68,18,0,0,0.2647058823529412,0.0,0.0
"Austin, TX","San Juan, PR",68,68,16,0,0,0.23529411764705882,0.0,0.0
"Buffalo, NY","Dallas, TX",68,66,24,2,0,0.36363636363636365,0.029411764705882353,0.0
"Indianapolis, IN","Savannah, GA",68,68,16,0,0,0.23529411764705882,0.0,0.0
"Los Angeles, CA","Milwaukee, WI",68,67,7,1,0,0.1044776119402985,0.014705882352941176,0.0
"Minneapolis, MN","Norfolk, VA",68,68,23,0,0,0.3382352941176471,0.0,0.0
"Portland, OR","St. Louis, MO",68,67,18,1,0,0.26865671641791045,0.014705882352941176,0.0
"Chattanooga, TN","Detroit, MI",67,66,19,0,1,0.2878787878787879,0.0,0.014925373134328358
"Boise, ID","Orlando, FL",66,66,7,0,0,0.10606060606060606,0.0,0.0
"St. Louis, MO","West Palm Beach/Palm Beach, FL",66,66,17,0,0,0.25757575757575757,0.0,0.0
"Manchester, NH","Philadelphia, PA",65,62,18,3,0,0.2903225806451613,0.046153846153846156,0.0
"Akron, OH","Valparaiso, FL",64,64,5,0,0,0.078125,0.0,0.0
"Houston, TX","Mobile, AL",64,61,16,2,1,0.26229508196721313,0.03125,0.015625
"Knoxville, TN","South Bend, IN",64,64,17,0,0,0.265625,0.0,0.0
"Minot, ND","Sanford, FL",64,64,17,0,0,0.265625,0.0,0.0
"Myrtle Beach, SC","Plattsburgh, NY",64,58,9,6,0,0.15517241379310345,0.09375,0.0
"Myrtle Beach, SC","Trenton, NJ",64,62,11,2,0,0.1774193548387097,0.03125,0.0
"Punta Gorda, FL","Savannah, GA",64,62,12,2,0,0.1935483870967742,0.03125,0.0
"Denver, CO","Lewiston, ID",63,63,19,0,0,0.30158730158730157,0.0,0.0
"Boston, MA","Valparaiso, FL",62,62,5,0,0,0.08064516129032258,0.0,0.0
"Buffalo, NY","Miami, FL",62,62,17,0,0,0.27419354838709675,0.0,0.0
"Omaha, NE","Valparaiso, FL",62,60,13,0,2,0.21666666666666667,0.0,0.03225806451612903
"Santa Ana, CA","Spokane, WA",62,60,35,2,0,0.5833333333333334,0.03225806451612903,0.0
"Denver, CO","Stockton, CA",60,52,35,6,2,0.6730769230769231,0.1,0.03333333333333333
"Evansville, IN","Valparaiso, FL",60,60,11,0,0,0.18333333333333332,0.0,0.0
"Flint, MI","Portland, OR",60,60,5,0,0,0.08333333333333333,0.0,0.0
"Fort Lauderdale, FL","Key West, FL",60,58,20,2,0,0.3448275862068966,0.03333333333333333,0.0
"Grand Rapids, MI","Myrtle Beach, SC",60,59,16,0,1,0.2711864406779661,0.0,0.016666666666666666
"Idaho Falls, ID","Oakland, CA",60,60,17,0,0,0.2833333333333333,0.0,0.0
"Indianapolis, IN","Portland, OR",60,60,19,0,0,0.31666666666666665,0.0,0.0
"St. Petersburg, FL","Wichita, KS",60,60,22,0,0,0.36666666666666664,0.0,0.0
"Atlanta, GA","Bangor, ME",58,54,7,4,0,0.12962962962962962,0.06896551724137931,0.0
"Columbus, OH","Kansas City, MO",58,58,12,0,0,0.20689655172413793,0.0,0.0
"Daytona Beach, FL","New York, NY",58,56,16,2,0,0.2857142857142857,0.034482758620689655,0.0
"Denver, CO","Green Bay, WI",58,56,11,2,0,0.19642857142857142,0.034482758620689655,0.0
"Missoula, MT","Santa Ana, CA",58,58,21,0,0,0.3620689655172414,0.0,0.0
"Belleville, IL","Knoxville, TN",56,54,16,2,0,0.2962962962962963,0.03571428571428571,0.0
"Bismarck/Mandan, ND","Sanford, FL",56,54,17,2,0,0.3148148148148148,0.03571428571428571,0.0
"Boston, MA","Daytona Beach, FL",56,56,18,0,0,0.32142857142857145,0.0,0.0
"Grand Forks, ND","Sanford, FL",56,55,14,0,1,0.2545454545454545,0.0,0.017857142857142856
"Huntsville, AL","Miami, FL",56,56,16,0,0,0.2857142857142857,0.0,0.0
"Indianapolis, IN","New Orleans, LA",56,56,2,0,0,0.03571428571428571,0.0,0.0
"Portland, OR","Santa Barbara, CA",56,54,23,2,0,0.42592592592592593,0.03571428571428571,0.0
"Austin, TX","Honolulu, HI",55,55,15,0,0,0.2727272727272727,0.0,0.0
"Appleton, WI","Gulf Shores, AL",54,53,5,0,1,0.09433962264150944,0.0,0.018518518518518517
"Atlantic City, NJ","Miami, FL",54,54,7,0,0,0.12962962962962962,0.0,0.0
"Bismarck/Mandan, ND","St. Petersburg, FL",54,54,1,0,0,0.018518518518518517,0.0,0.0
"Chicago, IL","Nantucket, MA",54,50,18,3,1,0.36,0.05555555555555555,0.018518518518518517
"Des Moines, IA","Gulf Shores, AL",54,49,2,4,1,0.04081632653061224,0.07407407407407407,0.018518518518518517
"Key West, FL","Knoxville, TN",54,54,13,0,0,0.24074074074074073,0.0,0.0
"Little Rock, AR","Valparaiso, FL",54,54,6,0,0,0.1111111111111111,0.0,0.0
"Minneapolis, MN","Wilmington, NC",54,54,19,0,0,0.35185185185185186,0.0,0.0
"Savannah, GA","St. Petersburg, FL",54,53,8,0,1,0.1509433962264151,0.0,0.018518518518518517
"Appleton, WI","Newark, NJ",52,52,12,0,0,0.23076923076923078,0.0,0.0
"Asheville, NC","Minneapolis, MN",52,51,9,1,0,0.17647058823529413,0.019230769230769232,0.0
"Belleville, IL","Myrtle Beach, SC",52,50,15,0,2,0.3,0.0,0.038461538461538464
"Bozeman, MT","Dallas, TX",52,52,15,0,0,0.28846153846153844,0.0,0.0
"Cedar Rapids/Iowa City, IA","Los Angeles, CA",52,52,17,0,0,0.3269230769230769,0.0,0.0
"Clarksburg/Fairmont, WV","Myrtle Beach, SC",52,46,39,6,0,0.8478260869565217,0.11538461538461539,0.0
"Des Moines, IA","San Diego, CA",52,52,23,0,0,0.4423076923076923,0.0,0.0
"Des Moines, IA","Valparaiso, FL",52,52,8,0,0,0.15384615384615385,0.0,0.0
"Elmira/Corning, NY","Sarasota/Bradenton, FL",52,52,2,0,0,0.038461538461538464,0.0,0.0
"Gulf Shores, AL","Knoxville, TN",52,52,10,0,0,0.19230769230769232,0.0,0.0
"Knoxville, TN","Memphis, TN",52,52,15,0,0,0.28846153846153844,0.0,0.0
"Louisville, KY","Savannah, GA",52,52,14,0,0,0.2692307692307692,0.0,0.0
"Mission/McAllen/Edinburg, TX","St. Petersburg, FL",52,52,5,0,0,0.09615384615384616,0.0,0.0
"Moline, IL","Sarasota/Bradenton, FL",52,52,5,0,0,0.09615384615384616,0.0,0.0
"Nashville, TN","Shreveport, LA",52,52,2,0,0,0.038461538461538464,0.0,0.0
"St. Petersburg, FL","Tulsa, OK",52,52,16,0,0,0.3076923076923077,0.0,0.0
"Myrtle Beach, SC","Rochester, NY",51,50,4,1,0,0.08,0.0196078431372549,0.0
"Bellingham, WA","San Diego, CA",50,50,10,0,0,0.2,0.0,0.0
"Fort Lauderdale, FL","Hayden, CO",50,49,9,0,1,0.1836734693877551,0.0,0.02
"Grand Rapids, MI","Los Angeles, CA",50,50,15,0,0,0.3,0.0,0.0
"Gulf Shores, AL","Kansas City, MO",50,50,14,0,0,0.28,0.0,0.0
"Miami, FL","Wichita, KS",50,49,7,1,0,0.14285714285714285,0.02,0.0
"Richmond, VA","Sanford, FL",50,50,16,0,0,0.32,0.0,0.0
"Shreveport, LA","Valparaiso, FL",50,50,6,0,0,0.12,0.0,0.0
"Knoxville, TN","Minneapolis, MN",49,49,12,0,0,0.24489795918367346,0.0,0.0
"Albany, NY","Miami, FL",48,46,15,2,0,0.32608695652173914,0.041666666666666664,0.0
"Ashland, WV","Punta Gorda, FL",48,46,31,0,2,0.6739130434782609,0.0,0.041666666666666664
"Austin, TX","Sanford, FL",48,48,32,0,0,0.6666666666666666,0.0,0.0
"Charleston, SC","Columbus, OH",48,45,23,2,1,0.5111111111111111,0.041666666666666664,0.020833333333333332
"Corpus Christi, TX","Denver, CO",48,48,7,0,0,0.14583333333333334,0.0,0.0
"Fort Myers, FL","San Francisco, CA",48,46,5,0,2,0.10869565217391304,0.0,0.041666666666666664
"Gulf Shores, AL","Houston, TX",48,48,11,0,0,0.22916666666666666,0.0,0.0
"Hayden, CO","San Francisco, CA",48,48,15,0,0,0.3125,0.0,0.0
"Kalispell, MT","Portland, OR",48,48,11,0,0,0.22916666666666666,0.0,0.0
"Kalispell, MT","Seattle, WA",48,48,10,0,0,0.20833333333333334,0.0,0.0
"Lexington, KY","Myrtle Beach, SC",48,48,5,0,0,0.10416666666666667,0.0,0.0
"Little Rock, AR","Los Angeles, CA",48,48,19,0,0,0.3958333333333333,0.0,0.0
"Little Rock, AR","St. Petersburg, FL",48,48,32,0,0,0.6666666666666666,0.0,0.0
"Los Angeles, CA","Sioux Falls, SD",48,48,20,0,0,0.4166666666666667,0.0,0.0
"Los Angeles, CA","Wichita, KS",48,48,11,0,0,0.22916666666666666,0.0,0.0
"Medford, OR","San Diego, CA",48,48,12,0,0,0.25,0.0,0.0
"Memphis, TN","Valparaiso, FL",48,48,5,0,0,0.10416666666666667,0.0,0.0
"Miami, FL","Springfield, MO",48,48,9,0,0,0.1875,0.0,0.0
"Charleston, SC","Indianapolis, IN",46,46,12,0,0,0.2608695652173913,0.0,0.0
"Miami, FL","Rochester, NY",46,46,5,0,0,0.10869565217391304,0.0,0.0
"Burbank, CA","New Orleans, LA",44,44,15,0,0,0.3409090909090909,0.0,0.0
"Flint, MI","Fort Lauderdale, FL",44,44,1,0,0,0.022727272727272728,0.0,0.0
"Flint, MI","Newark, NJ",44,44,5,0,0,0.11363636363636363,0.0,0.0
"Oklahoma City, OK","Sanford, FL",44,44,25,0,0,0.5681818181818182,0.0,0.0
"Punta Gorda, FL","Richmond, VA",44,44,7,0,0,0.1590909090909091,0.0,0.0
"Sanford, FL","Shreveport, LA",44,44,4,0,0,0.09090909090909091,0.0,0.0
"Greensboro/High Point, NC","Newark, NJ",43,42,11,1,0,0.2619047619047619,0.023255813953488372,0.0
"Boston, MA","Vero Beach, FL",42,42,22,0,0,0.5238095238095238,0.0,0.0
"Cedar Rapids/Iowa City, IA","Miami, FL",42,37,8,5,0,0.21621621621621623,0.11904761904761904,0.0
"Cincinnati, OH","Norfolk, VA",42,40,21,2,0,0.525,0.047619047619047616,0.0
"Madison, WI","Miami, FL",42,40,9,1,1,0.225,0.023809523809523808,0.023809523809523808
"Milwaukee, WI","Sarasota/Bradenton, FL",42,42,12,0,0,0.2857142857142857,0.0,0.0
"New York, NY","Vero Beach, FL",42,40,20,2,0,0.5,0.047619047619047616,0.0
"Omaha, NE","Tampa, FL",42,42,4,0,0,0.09523809523809523,0.0,0.0
"Fort Myers, FL","Los Angeles, CA",41,41,8,0,0,0.1951219512195122,0.0,0.0
"Austin, TX","Omaha, NE",40,40,9,0,0,0.225,0.0,0.0
"Boise, ID","Palm Springs, CA",40,40,3,0,0,0.075,0.0,0.0
"Fort Myers, FL","Phoenix, AZ",40,40,13,0,0,0.325,0.0,0.0
"Greensboro/High Point, NC","Sanford, FL",40,40,11,0,0,0.275,0.0,0.0
"Norfolk, VA","St. Petersburg, FL",40,39,31,0,1,0.7948717948717948,0.0,0.025
"Portland, OR","Tampa, FL",40,40,10,0,0,0.25,0.0,0.0
"San Jose, CA","St. Louis, MO",40,37,6,3,0,0.16216216216216217,0.075,0.0
"Bozeman, MT","Detroit, MI",38,37,9,0,1,0.24324324324324326,0.0,0.02631578947368421
"Burbank, CA","San Antonio, TX",38,37,8,1,0,0.21621621621621623,0.02631578947368421,0.0
"Cleveland, OH","Pittsburgh, PA",38,37,14,1,0,0.3783783783783784,0.02631578947368421,0.0
"Colorado Springs, CO","San Antonio, TX",38,38,10,0,0,0.2631578947368421,0.0,0.0
"Detroit, MI","Valparaiso, FL",38,36,2,2,0,0.05555555555555555,0.05263157894736842,0.0
"Jackson/Vicksburg, MS","Orlando, FL",38,38,15,0,0,0.39473684210526316,0.0,0.0
"Memphis, TN","New Orleans, LA",38,38,12,0,0,0.3157894736842105,0.0,0.0
"New Orleans, LA","San Juan, PR",38,33,4,4,1,0.12121212121212122,0.10526315789473684,0.02631578947368421
"Alexandria, LA","Atlanta, GA",36,36,11,0,0,0.3055555555555556,0.0,0.0
"Chicago, IL","Kona, HI",36,36,9,0,0,0.25,0.0,0.0
"Dallas, TX","Fresno, CA",36,36,9,0,0,0.25,0.0,0.0
"Dallas, TX","Spokane, WA",36,35,8,0,1,0.22857142857142856,0.0,0.027777777777777776
"Fort Lauderdale, FL","Peoria, IL",36,36,11,0,0,0.3055555555555556,0.0,0.0
"Kalispell, MT","Oakland, CA",36,36,6,0,0,0.16666666666666666,0.0,0.0
"Missoula, MT","Oakland, CA",36,36,14,0,0,0.3888888888888889,0.0,0.0
"Anchorage, AK","San Diego, CA",34,34,8,0,0,0.23529411764705882,0.0,0.0
"Austin, TX","Palm Springs, CA",34,34,8,0,0,0.23529411764705882,0.0,0.0
"Houston, TX","Santa Fe, NM",34,34,9,0,0,0.2647058823529412,0.0,0.0
"Long Beach, CA","New Orleans, LA",34,34,15,0,0,0.4411764705882353,0.0,0.0
"Norfolk, VA","St. Louis, MO",34,34,2,0,0,0.058823529411764705,0.0,0.0
"Augusta, GA","New York, NY",33,33,8,0,0,0.24242424242424243,0.0,0.0
"Atlanta, GA","Rapid City, SD",32,29,1,2,1,0.034482758620689655,0.0625,0.03125
"Des Moines, IA","Detroit, MI",32,32,16,0,0,0.5,0.0,0.0
"Indianapolis, IN","West Palm Beach/Palm Beach, FL",32,32,10,0,0,0.3125,0.0,0.0
"Kansas City, MO","Sarasota/Bradenton, FL",32,32,10,0,0,0.3125,0.0,0.0
"Omaha, NE","San Diego, CA",32,32,11,0,0,0.34375,0.0,0.0
"Allentown/Bethlehem/Easton, PA","Fort Myers, FL",30,28,6,2,0,0.21428571428571427,0.06666666666666667,0.0
"Hayden, CO","Washington, DC",30,28,14,0,2,0.5,0.0,0.06666666666666667
"Lexington, KY","Miami, FL",30,30,4,0,0,0.13333333333333333,0.0,0.0
"Madison, WI","Orlando, FL",30,28,4,1,1,0.14285714285714285,0.03333333333333333,0.03333333333333333
"Charlotte, NC","Eagle, CO",28,28,13,0,0,0.4642857142857143,0.0,0.0
"Chicago, IL","Santa Fe, NM",28,28,16,0,0,0.5714285714285714,0.0,0.0
"Fargo, ND","Orlando, FL",28,26,0,2,0,0.0,0.07142857142857142,0.0
"Long Beach, CA","Orlando, FL",28,28,9,0,0,0.32142857142857145,0.0,0.0
"New York, NY","South Bend, IN",28,28,4,0,0,0.14285714285714285,0.0,0.0
"Newark, NJ","Palm Springs, CA",28,28,5,0,0,0.17857142857142858,0.0,0.0
"Miami, FL","Valparaiso, FL",27,27,9,0,0,0.3333333333333333,0.0,0.0
"Phoenix, AZ","Sun Valley/Hailey/Ketchum, ID",27,22,5,4,1,0.22727272727272727,0.14814814814814814,0.037037037037037035
"Albany, NY","Fort Myers, FL",26,26,7,0,0,0.2692307692307692,0.0,0.0
"Asheville, NC","Valparaiso, FL",26,26,4,0,0,0.15384615384615385,0.0,0.0
"Augusta, GA","Philadelphia, PA",26,26,12,0,0,0.46153846153846156,0.0,0.0
"Belleville, IL","Savannah, GA",26,26,9,0,0,0.34615384615384615,0.0,0.0
"Boston, MA","Hilton Head, SC",26,26,11,0,0,0.4230769230769231,0.0,0.0
"Chattanooga, TN","Miami, FL",26,26,7,0,0,0.2692307692307692,0.0,0.0
"Chicago, IL","Great Falls, MT",26,25,2,0,1,0.08,0.0,0.038461538461538464
"Clarksburg/Fairmont, WV","Valparaiso, FL",26,25,6,1,0,0.24,0.038461538461538464,0.0
"Columbia, SC","Miami, FL",26,25,10,0,1,0.4,0.0,0.038461538461538464
"Denver, CO","Wilmington, NC",26,25,15,0,1,0.6,0.0,0.038461538461538464
"Fort Lauderdale, FL","Fort Wayne, IN",26,26,20,0,0,0.7692307692307693,0.0,0.0
"Fort Lauderdale, FL","Huntsville, AL",26,26,9,0,0,0.34615384615384615,0.0,0.0
"Fort Lauderdale, FL","Omaha, NE",26,25,4,0,1,0.16,0.0,0.038461538461538464
"Gulf Shores, AL","Nashville, TN",26,23,8,2,1,0.34782608695652173,0.07692307692307693,0.038461538461538464
"Houston, TX","Portland, ME",26,25,4,0,1,0.16,0.0,0.038461538461538464
"Indianapolis, IN","Myrtle Beach, SC",26,26,17,0,0,0.6538461538461539,0.0,0.0
"Kalispell, MT","New York, NY",26,26,8,0,0,0.3076923076923077,0.0,0.0
"Kansas City, MO","Long Beach, CA",26,23,8,2,1,0.34782608695652173,0.07692307692307693,0.038461538461538464
"Philadelphia, PA","Valparaiso, FL",26,26,10,0,0,0.38461538461538464,0.0,0.0
"Sarasota/Bradenton, FL","Toledo, OH",26,26,4,0,0,0.15384615384615385,0.0,0.0
"Appleton, WI","Fort Myers, FL",24,24,4,0,0,0.16666666666666666,0.0,0.0
"Augusta, GA","Chicago, IL",24,24,9,0,0,0.375,0.0,0.0
"Des Moines, IA","Fort Myers, FL",24,24,7,0,0,0.2916666666666667,0.0,0.0
"Eagle, CO","Minneapolis, MN",24,24,11,0,0,0.4583333333333333,0.0,0.0
"Hayden, CO","Seattle, WA",24,23,6,1,0,0.2608695652173913,0.041666666666666664,0.0
"Jacksonville, FL","Kansas City, MO",24,24,4,0,0,0.16666666666666666,0.0,0.0
"Kona, HI","Salt Lake City, UT",24,24,11,0,0,0.4583333333333333,0.0,0.0
"Las Vegas, NV","Provo, UT",24,24,10,0,0,0.4166666666666667,0.0,0.0
"New Orleans, LA","Punta Gorda, FL",24,24,6,0,0,0.25,0.0,0.0
"Charlotte, NC","Martha's Vineyard, MA",22,22,2,0,0,0.09090909090909091,0.0,0.0
"Charlotte, NC","Mobile, AL",22,22,3,0,0,0.13636363636363635,0.0,0.0
"Charlotte, NC","Nantucket, MA",22,22,8,0,0,0.36363636363636365,0.0,0.0
"Chicago, IL","Gunnison, CO",22,21,5,0,1,0.23809523809523808,0.0,0.045454545454545456
"Chicago, IL","Hyannis, MA",22,21,6,1,0,0.2857142857142857,0.045454545454545456,0.0
"Chicago, IL","Martha's Vineyard, MA",22,20,12,0,2,0.6,0.0,0.09090909090909091
"Harrisburg, PA","Miami, FL",22,22,10,0,0,0.45454545454545453,0.0,0.0
"Hayden, CO","Nashville, TN",22,20,9,0,2,0.45,0.0,0.09090909090909091
"Houston, TX","Huntsville, AL",22,22,4,0,0,0.18181818181818182,0.0,0.0
"Monterey, CA","Seattle, WA",22,22,7,0,0,0.3181818181818182,0.0,0.0
"Newark, NJ","Providence, RI",22,22,6,0,0,0.2727272727272727,0.0,0.0
"State College, PA","Washington, DC",22,22,7,0,0,0.3181818181818182,0.0,0.0
"Los Angeles, CA","Medford, OR",21,21,3,0,0,0.14285714285714285,0.0,0.0
"Anchorage, AK","Sacramento, CA",20,20,10,0,0,0.5,0.0,0.0
"Flagstaff, AZ","Los Angeles, CA",20,19,7,1,0,0.3684210526315789,0.05,0.0
"Fort Myers, FL","Louisville, KY",20,20,10,0,0,0.5,0.0,0.0
"Fort Myers, FL","Salt Lake City, UT",20,20,8,0,0,0.4,0.0,0.0
"Houston, TX","Kalispell, MT",20,20,6,0,0,0.3,0.0,0.0
"Missoula, MT","San Diego, CA",20,20,7,0,0,0.35,0.0,0.0
"Aguadilla, PR","Miami, FL",18,18,0,0,0,0.0,0.0,0.0
"Albuquerque, NM","San Antonio, TX",18,17,11,0,1,0.6470588235294118,0.0,0.05555555555555555
"Augusta, GA","Detroit, MI",18,18,7,0,0,0.3888888888888889,0.0,0.0
"Augusta, GA","Miami, FL",18,18,5,0,0,0.2777777777777778,0.0,0.0
"Augusta, GA","Minneapolis, MN",18,18,5,0,0,0.2777777777777778,0.0,0.0
"Austin, TX","Pensacola, FL",18,18,10,0,0,0.5555555555555556,0.0,0.0
"Boise, ID","Dallas, TX",18,18,5,0,0,0.2777777777777778,0.0,0.0
"Charleston, SC","Kansas City, MO",18,18,0,0,0,0.0,0.0,0.0
"Dallas, TX","Providence, RI",18,18,3,0,0,0.16666666666666666,0.0,0.0
"Daytona Beach, FL","Washington, DC",18,18,6,0,0,0.3333333333333333,0.0,0.0
"Kansas City, MO","Myrtle Beach, SC",18,18,5,0,0,0.2777777777777778,0.0,0.0
"Pittsburgh, PA","San Diego, CA",18,18,4,0,0,0.2222222222222222,0.0,0.0
"Chicago, IL","Harlingen/San Benito, TX",16,14,4,2,0,0.2857142857142857,0.125,0.0
"Dallas, TX","Palm Springs, CA",16,16,3,0,0,0.1875,0.0,0.0
"Phoenix, AZ","Toledo, OH",16,16,0,0,0,0.0,0.0,0.0
"Albuquerque, NM","Portland, OR",14,14,0,0,0,0.0,0.0,0.0
"Birmingham, AL","Oklahoma City, OK",14,14,0,0,0,0.0,0.0,0.0
"Newark, NJ","South Bend, IN",14,14,2,0,0,0.14285714285714285,0.0,0.0
"Boston, MA","Islip, NY",13,0,0,13,0,,1.0,0.0
"Houston, TX","Richmond, VA",13,11,3,2,0,0.2727272727272727,0.15384615384615385,0.0
"Albuquerque, NM","Charlotte, NC",12,12,1,0,0,0.08333333333333333,0.0,0.0
"Albuquerque, NM","Philadelphia, PA",12,12,3,0,0,0.25,0.0,0.0
"Aspen, CO","Charlotte, NC",12,9,8,1,2,0.8888888888888888,0.08333333333333333,0.16666666666666666
"Austin, TX","Louisville, KY",11,11,3,0,0,0.2727272727272727,0.0,0.0
"Detroit, MI","Oklahoma City, OK",11,11,1,0,0,0.09090909090909091,0.0,0.0
"Atlanta, GA","Fargo, ND",10,10,3,0,0,0.3,0.0,0.0
"Augusta, GA","Boston, MA",10,10,3,0,0,0.3,0.0,0.0
"Austin, TX","Montrose/Delta, CO",10,10,3,0,0,0.3,0.0,0.0
"Minneapolis, MN","Syracuse, NY",10,10,2,0,0,0.2,0.0,0.0
"Albuquerque, NM","Detroit, MI",8,8,0,0,0,0.0,0.0,0.0
"Atlantic City, NJ","Sanford, FL",8,8,4,0,0,0.5,0.0,0.0
"Baltimore, MD","Oakland, CA",8,8,2,0,0,0.25,0.0,0.0
"Burlington, VT","Minneapolis, MN",8,8,0,0,0,0.0,0.0,0.0
"Charlotte, NC","Charlottesville, VA",8,4,0,4,0,0.0,0.5,0.0
"Charlotte, NC","Green Bay, WI",8,8,1,0,0,0.125,0.0,0.0
"Chicago, IL","Christiansted, VI",8,8,1,0,0,0.125,0.0,0.0
"Denver, CO","Harlingen/San Benito, TX",8,6,0,2,0,0.0,0.25,0.0
"Ithaca/Cortland, NY","Newark, NJ",8,7,0,1,0,0.0,0.125,0.0
"Newark, NJ","Omaha, NE",8,8,5,0,0,0.625,0.0,0.0
"Oakland, CA","St. Louis, MO",8,8,1,0,0,0.125,0.0,0.0
"Lubbock, TX","Miami, FL",7,7,0,0,0,0.0,0.0,0.0
"Appleton, WI","Houston, TX",6,6,3,0,0,0.5,0.0,0.0
"Augusta, GA","Austin, TX",6,6,2,0,0,0.3333333333333333,0.0,0.0
"Augusta, GA","Phoenix, AZ",6,6,5,0,0,0.8333333333333334,0.0,0.0
"Boise, ID","South Bend, IN",6,6,1,0,0,0.16666666666666666,0.0,0.0
"Charlotte, NC","Newport News/Williamsburg, VA",6,6,0,0,0,0.0,0.0,0.0
"Dallas/Fort Worth, TX","Daytona Beach, FL",6,6,1,0,0,0.16666666666666666,0.0,0.0
"Fort Myers, FL","Rochester, NY",6,6,2,0,0,0.3333333333333333,0.0,0.0
"Green Bay, WI","Phoenix, AZ",6,6,0,0,0,0.0,0.0,0.0
"Greer, SC","New Orleans, LA",6,6,1,0,0,0.16666666666666666,0.0,0.0
"Houston, TX","South Bend, IN",6,6,1,0,0,0.16666666666666666,0.0,0.0
"Jacksonville, FL","Las Vegas, NV",6,6,2,0,0,0.3333333333333333,0.0,0.0
"Kahului, HI","Newark, NJ",6,6,0,0,0,0.0,0.0,0.0
"Knoxville, TN","Oklahoma City, OK",6,6,1,0,0,0.16666666666666666,0.0,0.0
"Newark, NJ","Reno, NV",6,6,0,0,0,0.0,0.0,0.0
"Detroit, MI","Fayetteville, AR",5,5,1,0,0,0.2,0.0,0.0
"Green Bay, WI","New York, NY",5,5,1,0,0,0.2,0.0,0.0
"Akron, OH","Las Vegas, NV",4,4,0,0,0,0.0,0.0,0.0
"Austin, TX","Fayetteville, AR",4,4,1,0,0,0.25,0.0,0.0
"Austin, TX","Gainesville, FL",4,4,1,0,0,0.25,0.0,0.0
"Austin, TX","Lexington, KY",4,4,0,0,0,0.0,0.0,0.0
"Birmingham, AL","Madison, WI",4,4,0,0,0,0.0,0.0,0.0
"Birmingham, AL","Milwaukee, WI",4,4,0,0,0,0.0,0.0,0.0
"Boston, MA","Greer, SC",4,4,3,0,0,0.75,0.0,0.0
"Boston, MA","Madison, WI",4,4,4,0,0,1.0,0.0,0.0
"Buffalo, NY","Houston, TX",4,4,1,0,0,0.25,0.0,0.0
"Charlotte, NC","Palm Springs, CA",4,4,2,0,0,0.5,0.0,0.0
"Columbus, OH","Madison, WI",4,4,0,0,0,0.0,0.0,0.0
"Daytona Beach, FL","Detroit, MI",4,4,0,0,0,0.0,0.0,0.0
"Eagle, CO","Washington, DC",4,4,2,0,0,0.5,0.0,0.0
"Eugene, OR","Madison, WI",4,4,0,0,0,0.0,0.0,0.0
"Fayetteville, AR","Newark, NJ",4,4,0,0,0,0.0,0.0,0.0
"Fayetteville, AR","San Francisco, CA",4,4,0,0,0,0.0,0.0,0.0
"Grand Junction, CO","Las Vegas, NV",4,4,0,0,0,0.0,0.0,0.0
"Green Bay, WI","Philadelphia, PA",4,2,0,2,0,0.0,0.5,0.0
"Green Bay, WI","Salt Lake City, UT",4,4,0,0,0,0.0,0.0,0.0
"Green Bay, WI","Washington, DC",4,4,0,0,0,0.0,0.0,0.0
"Houston, TX","Montrose/Delta, CO",4,4,3,0,0,0.75,0.0,0.0
"Jackson, WY","Washington, DC",4,2,1,1,1,0.5,0.25,0.25
"Los Angeles, CA","Madison, WI",4,4,1,0,0,0.25,0.0,0.0
"Louisville, KY","Pittsburgh, PA",4,4,0,0,0,0.0,0.0,0.0
"Louisville, KY","Raleigh/Durham, NC",4,4,1,0,0,0.25,0.0,0.0
"Louisville, KY","Salt Lake City, UT",4,4,1,0,0,0.25,0.0,0.0
"New Orleans, LA","Oakland, CA",4,4,1,0,0,0.25,0.0,0.0
"Birmingham, AL","Los Angeles, CA",3,3,0,0,0,0.0,0.0,0.0
"Appleton, WI","Milwaukee, WI",2,0,0,0,2,,0.0,1.0
"Asheville, NC","Philadelphia, PA",2,2,2,0,0,1.0,0.0,0.0
"Austin, TX","Madison, WI",2,2,0,0,0,0.0,0.0,0.0
"Bangor, ME","Detroit, MI",2,2,1,0,0,0.5,0.0,0.0
"Baton Rouge, LA","Birmingham, AL",2,2,0,0,0,0.0,0.0,0.0
"Baton Rouge, LA","Nashville, TN",2,2,0,0,0,0.0,0.0,0.0
"Bend/Redmond, OR","San Jose, CA",2,2,0,0,0,0.0,0.0,0.0
"Birmingham, AL","College Station/Bryan, TX",2,2,0,0,0,0.0,0.0,0.0
"Birmingham, AL","Columbia, MO",2,2,0,0,0,0.0,0.0,0.0
"Birmingham, AL","Knoxville, TN",2,2,0,0,0,0.0,0.0,0.0
"Birmingham, AL","Tallahassee, FL",2,2,1,0,0,0.5,0.0,0.0
"Birmingham, AL","Waco, TX",2,2,1,0,0,0.5,0.0,0.0
"Boston, MA","Omaha, NE",2,2,0,0,0,0.0,0.0,0.0
"Bristol/Johnson City/Kingsport, TN","Charlotte, NC",2,2,1,0,0,0.5,0.0,0.0
"Buffalo, NY","Kansas City, MO",2,2,0,0,0,0.0,0.0,0.0
"Buffalo, NY","New Orleans, LA",2,2,0,0,0,0.0,0.0,0.0
"Cedar Rapids/Iowa City, IA","Philadelphia, PA",2,2,0,0,0,0.0,0.0,0.0
"Cedar Rapids/Iowa City, IA","Portland, OR",2,2,1,0,0,0.5,0.0,0.0
"Cleveland, OH","Milwaukee, WI",2,2,0,0,0,0.0,0.0,0.0
"College Station/Bryan, TX","Gainesville, FL",2,2,1,0,0,0.5,0.0,0.0
"Columbus, OH","San Antonio, TX",2,2,0,0,0,0.0,0.0,0.0
"Detroit, MI","Lincoln, NE",2,2,0,0,0,0.0,0.0,0.0
"El Paso, TX","Nashville, TN",2,2,1,0,0,0.5,0.0,0.0
"Eugene, OR","Harrisburg, PA",2,2,1,0,0,0.5,0.0,0.0
"Eugene, OR","Indianapolis, IN",2,2,1,0,0,0.5,0.0,0.0
"Eugene, OR","Oklahoma City, OK",2,2,1,0,0,0.5,0.0,0.0
"Gainesville, FL","Houston, TX",2,2,0,0,0,0.0,0.0,0.0
"Gainesville, FL","Nashville, TN",2,2,1,0,0,0.5,0.0,0.0
"Green Bay, WI","Los Angeles, CA",2,2,1,0,0,0.5,0.0,0.0
"Green Bay, WI","Orlando, FL",2,2,1,0,0,0.5,0.0,0.0
"Greer, SC","Tallahassee, FL",2,2,0,0,0,0.0,0.0,0.0
"Harrisburg, PA","Los Angeles, CA",2,2,1,0,0,0.5,0.0,0.0
"Harrisburg, PA","Philadelphia, PA",2,2,0,0,0,0.0,0.0,0.0
"Houston, TX","Madison, WI",2,2,1,0,0,0.5,0.0,0.0
"Jackson/Vicksburg, MS","Las Vegas, NV",2,2,1,0,0,0.5,0.0,0.0
"Jacksonville, FL","Seattle, WA",2,2,0,0,0,0.0,0.0,0.0
"Key West, FL","Nashville, TN",2,2,1,0,0,0.5,0.0,0.0
"Lincoln, NE","Los Angeles, CA",2,2,1,0,0,0.5,0.0,0.0
"Los Angeles, CA","Rapid City, SD",2,2,1,0,0,0.5,0.0,0.0
"Los Angeles, CA","South Bend, IN",2,2,2,0,0,1.0,0.0,0.0
"Louisville, KY","San Francisco, CA",2,2,2,0,0,1.0,0.0,0.0
"Lubbock, TX","Salt Lake City, UT",2,2,0,0,0,0.0,0.0,0.0
"Montgomery, AL","St. Louis, MO",2,2,1,0,0,0.5,0.0,0.0
"Nashville, TN","Oakland, CA",2,2,1,0,0,0.5,0.0,0.0
"New Orleans, LA","Oklahoma City, OK",2,2,1,0,0,0.5,0.0,0.0
"South Bend, IN","Syracuse, NY",2,2,0,0,0,0.0,0.0,0.0
"Asheville, NC","Savannah, GA",1,1,1,0,0,1.0,0.0,0.0
"Atlanta, GA","Grand Junction, CO",1,1,1,0,0,1.0,0.0,0.0
"Bismarck/Mandan, ND","Dickinson, ND",1,0,0,0,1,,0.0,1.0
"Burbank, CA","Ontario, CA",1,0,0,1,0,,1.0,0.0
"Charleston, SC","Orlando, FL",1,1,0,0,0,0.0,0.0,0.0
"Cleveland, OH","Dallas, TX",1,1,0,0,0,0.0,0.0,0.0
"Eagle, CO","Grand Junction, CO",1,0,0,0,1,,0.0,1.0
"Eugene, OR","Miami, FL",1,1,0,0,0,0.0,0.0,0.0
"Fort Lauderdale, FL","Lubbock, TX",1,1,0,0,0,0.0,0.0,0.0
"Grand Rapids, MI","Houston, TX",1,1,0,0,0,0.0,0.0,0.0
"Harrisburg, PA","Phoenix, AZ",1,1,0,0,0,0.0,0.0,0.0
"Jacksonville, FL","Tampa, FL",1,1,1,0,0,1.0,0.0,0.0
"Lexington, KY","New York, NY",1,1,0,0,0,0.0,0.0,0.0
"Madison, WI","San Francisco, CA",1,1,0,0,0,0.0,0.0,0.0
"Mason City, IA","Minneapolis, MN",1,0,0,0,1,,0.0,1.0
"Miami, FL","Myrtle Beach, SC",1,1,1,0,0,1.0,0.0,0.0
"Myrtle Beach, SC","New Orleans, LA",1,1,0,0,0,0.0,0.0,0.0
"Pellston, MI","Sault Ste. Marie, MI",1,0,0,0,1,,0.0,1.0
"Philadelphia, PA","Trenton, NJ",1,0,0,1,0,,1.0,0.0
"Reno, NV","Sacramento, CA",1,0,0,0,1,,0.0,1.0
"Seattle, WA","Wrangell, AK",1,1,1,0,0,1.0,0.0,0.0
