OriginAirportID,Origin,DestAirportID,Dest,scheduled_flights,eligible_arrivals,delayed_arrivals,cancelled_flights,diverted_flights,arrival_delay_rate,cancellation_rate,diversion_rate
10135,ABE,10693,BNA,67,67,16,0,0,0.2388059701492537,0.0,0.0
10135,ABE,11057,CLT,913,884,149,26,3,0.168552036199095,0.0284775465498357,0.0032858707557502
10135,ABE,11292,DEN,46,46,0,0,0,0.0,0.0,0.0
10135,ABE,11697,FLL,126,125,37,1,0,0.296,0.0079365079365079,0.0
10135,ABE,13204,MCO,113,109,35,2,2,0.3211009174311927,0.0176991150442477,0.0176991150442477
10135,ABE,13360,MLB,104,104,8,0,0,0.0769230769230769,0.0,0.0
10135,ABE,13577,MYR,229,226,27,0,3,0.1194690265486725,0.0,0.0131004366812227
10135,ABE,13930,ORD,88,87,14,1,0,0.160919540229885,0.0113636363636363,0.0
10135,ABE,14082,PGD,259,252,45,2,5,0.1785714285714285,0.0077220077220077,0.0193050193050193
10135,ABE,14112,PIE,292,285,41,4,3,0.143859649122807,0.0136986301369863,0.0102739726027397
10135,ABE,14635,RSW,15,14,3,1,0,0.2142857142857142,0.0666666666666666,0.0
10135,ABE,14761,SFB,676,673,119,2,1,0.1768202080237741,0.0029585798816568,0.0014792899408284
10135,ABE,14986,SRQ,109,109,24,0,0,0.2201834862385321,0.0,0.0
10136,ABI,11298,DFW,1761,1718,312,41,2,0.1816065192083818,0.02328222600795,0.0011357183418512
10140,ABQ,10397,ATL,996,979,111,10,7,0.1133810010214504,0.0100401606425702,0.0070281124497991
10140,ABQ,10423,AUS,827,821,142,3,3,0.1729598051157125,0.0036275695284159,0.0036275695284159
10140,ABQ,10693,BNA,268,267,77,1,0,0.2883895131086142,0.003731343283582,0.0
10140,ABQ,10800,BUR,348,347,80,1,0,0.2305475504322766,0.0028735632183908,0.0
10140,ABQ,10821,BWI,421,414,87,3,4,0.2101449275362318,0.007125890736342,0.009501187648456
10140,ABQ,11057,CLT,6,6,0,0,0,0.0,0.0,0.0
10140,ABQ,11259,DAL,1671,1639,241,25,7,0.1470408785845027,0.0149611011370436,0.0041891083183722
10140,ABQ,11292,DEN,3144,3111,613,26,7,0.1970427515268402,0.0082697201017811,0.0022264631043256
10140,ABQ,11298,DFW,2433,2344,549,79,10,0.2342150170648464,0.0324702013974517,0.0041101520756267
10140,ABQ,11433,DTW,4,4,0,0,0,0.0,0.0,0.0
10140,ABQ,12191,HOU,966,956,127,5,5,0.1328451882845188,0.005175983436853,0.005175983436853
10140,ABQ,12264,IAD,193,193,38,0,0,0.1968911917098445,0.0,0.0
10140,ABQ,12266,IAH,464,456,44,8,0,0.0964912280701754,0.0172413793103448,0.0
10140,ABQ,12478,JFK,174,170,41,4,0,0.2411764705882353,0.0229885057471264,0.0
10140,ABQ,12889,LAS,1782,1772,305,9,1,0.1721218961625282,0.005050505050505,0.0005611672278338
10140,ABQ,12892,LAX,2161,2140,250,11,10,0.116822429906542,0.0050902360018509,0.0046274872744099
10140,ABQ,12954,LGB,269,268,55,0,1,0.2052238805970149,0.0,0.0037174721189591
10140,ABQ,13198,MCI,347,344,48,2,1,0.1395348837209302,0.0057636887608069,0.0028818443804034
10140,ABQ,13204,MCO,45,45,8,0,0,0.1777777777777777,0.0,0.0
10140,ABQ,13232,MDW,527,522,57,5,0,0.1091954022988505,0.0094876660341555,0.0
10140,ABQ,13487,MSP,178,177,9,1,0,0.0508474576271186,0.0056179775280898,0.0
10140,ABQ,13796,OAK,356,356,36,0,0,0.1011235955056179,0.0,0.0
10140,ABQ,13930,ORD,1149,1126,236,14,9,0.2095914742451154,0.0121845082680591,0.0078328981723237
10140,ABQ,14057,PDX,7,7,0,0,0,0.0,0.0,0.0
10140,ABQ,14100,PHL,6,6,2,0,0,0.3333333333333333,0.0,0.0
10140,ABQ,14107,PHX,3392,3373,579,18,1,0.1716572783871924,0.0053066037735849,0.0002948113207547
10140,ABQ,14679,SAN,655,649,118,3,3,0.1818181818181818,0.0045801526717557,0.0045801526717557
10140,ABQ,14683,SAT,9,8,3,0,1,0.375,0.0,0.1111111111111111
10140,ABQ,14747,SEA,574,570,131,4,0,0.2298245614035087,0.0069686411149825,0.0
10140,ABQ,14771,SFO,681,679,105,2,0,0.1546391752577319,0.0029368575624082,0.0
10140,ABQ,14869,SLC,1154,1153,59,1,0,0.0511708586296617,0.0008665511265164,0.0
10141,ABR,13487,MSP,754,748,78,6,0,0.1042780748663101,0.0079575596816976,0.0
10146,ABY,10397,ATL,890,871,141,18,1,0.1618828932261768,0.0202247191011235,0.0011235955056179
10154,ACK,10721,BOS,229,225,71,4,0,0.3155555555555555,0.0174672489082969,0.0
10154,ACK,11057,CLT,11,11,4,0,0,0.3636363636363636,0.0,0.0
10154,ACK,11278,DCA,282,265,70,16,1,0.2641509433962264,0.0567375886524822,0.0035460992907801
10154,ACK,12197,HPN,235,225,46,9,1,0.2044444444444444,0.0382978723404255,0.0042553191489361
10154,ACK,12478,JFK,308,293,99,15,0,0.3378839590443686,0.0487012987012987,0.0
10154,ACK,12953,LGA,407,390,83,16,1,0.2128205128205128,0.0393120393120393,0.0024570024570024
10154,ACK,13930,ORD,27,24,14,3,0,0.5833333333333334,0.1111111111111111,0.0
10154,ACK,14100,PHL,83,73,38,10,0,0.5205479452054794,0.1204819277108433,0.0
10155,ACT,10599,BHM,1,1,1,0,0,1.0,0.0,0.0
10155,ACT,11298,DFW,1089,1038,229,50,1,0.220616570327553,0.0459136822773186,0.0009182736455463
10157,ACV,11292,DEN,361,354,59,1,6,0.1666666666666666,0.002770083102493,0.0166204986149584
10157,ACV,12892,LAX,367,366,47,1,0,0.1284153005464481,0.0027247956403269,0.0
10157,ACV,14771,SFO,1257,1237,333,17,3,0.269199676637025,0.0135242641209228,0.0023866348448687
10158,ACY,11697,FLL,530,528,67,2,0,0.1268939393939394,0.0037735849056603,0.0
10158,ACY,13204,MCO,782,775,122,6,1,0.1574193548387096,0.0076726342710997,0.0012787723785166
10158,ACY,13303,MIA,27,27,2,0,0,0.074074074074074,0.0,0.0
10158,ACY,13577,MYR,195,192,31,3,0,0.1614583333333333,0.0153846153846153,0.0
10158,ACY,14027,PBI,394,390,60,3,1,0.1538461538461538,0.0076142131979695,0.0025380710659898
10158,ACY,14635,RSW,371,367,51,3,1,0.1389645776566757,0.0080862533692722,0.0026954177897574
10158,ACY,14761,SFB,4,4,2,0,0,0.5,0.0,0.0
10158,ACY,15304,TPA,368,360,52,6,2,0.1444444444444444,0.0163043478260869,0.0054347826086956
10165,ADK,10299,ANC,105,97,16,8,0,0.1649484536082474,0.0761904761904762,0.0
10170,ADQ,10299,ANC,864,832,134,32,0,0.1610576923076923,0.037037037037037,0.0
10185,AEX,10397,ATL,18,18,7,0,0,0.3888888888888889,0.0,0.0
10185,AEX,11298,DFW,1088,1036,246,52,0,0.2374517374517374,0.0477941176470588,0.0
10208,AGS,10397,ATL,909,892,170,16,1,0.1905829596412556,0.0176017601760176,0.0011001100110011
10208,AGS,10423,AUS,3,3,1,0,0,0.3333333333333333,0.0,0.0
10208,AGS,10721,BOS,5,5,1,0,0,0.2,0.0,0.0
10208,AGS,11057,CLT,523,510,124,13,0,0.2431372549019607,0.0248565965583174,0.0
10208,AGS,11278,DCA,346,324,64,21,1,0.1975308641975308,0.0606936416184971,0.0028901734104046
10208,AGS,11298,DFW,440,424,122,14,2,0.2877358490566037,0.0318181818181818,0.0045454545454545
10208,AGS,11433,DTW,9,9,4,0,0,0.4444444444444444,0.0,0.0
10208,AGS,12953,LGA,17,17,6,0,0,0.3529411764705882,0.0,0.0
10208,AGS,13303,MIA,9,9,2,0,0,0.2222222222222222,0.0,0.0
10208,AGS,13487,MSP,9,9,2,0,0,0.2222222222222222,0.0,0.0
10208,AGS,13930,ORD,12,12,6,0,0,0.5,0.0,0.0
10208,AGS,14100,PHL,13,13,6,0,0,0.4615384615384615,0.0,0.0
10208,AGS,14107,PHX,3,3,2,0,0,0.6666666666666666,0.0,0.0
10245,AKN,10299,ANC,166,165,13,1,0,0.0787878787878787,0.0060240963855421,0.0
10257,ALB,10397,ATL,1047,1027,223,15,5,0.2171372930866602,0.0143266475644699,0.0047755491881566
10257,ALB,10693,BNA,332,326,55,1,5,0.1687116564417178,0.003012048192771,0.0150602409638554
10257,ALB,10821,BWI,1636,1617,212,19,0,0.1311069882498454,0.0116136919315403,0.0
10257,ALB,11057,CLT,1149,1131,222,17,1,0.1962864721485411,0.0147954743255004,0.000870322019147
10257,ALB,11278,DCA,1263,1173,425,88,2,0.3623188405797101,0.0696753760886777,0.0015835312747426
10257,ALB,11292,DEN,307,301,69,2,4,0.2292358803986711,0.006514657980456,0.013029315960912
10257,ALB,11298,DFW,302,288,46,10,4,0.1597222222222222,0.0331125827814569,0.0132450331125827
10257,ALB,11433,DTW,1123,1114,168,9,0,0.1508078994614003,0.0080142475512021,0.0
10257,ALB,11618,EWR,44,42,7,2,0,0.1666666666666666,0.0454545454545454,0.0
10257,ALB,11697,FLL,542,533,114,6,3,0.2138836772983114,0.011070110701107,0.0055350553505535
10257,ALB,12889,LAS,323,318,83,3,2,0.2610062893081761,0.0092879256965944,0.0061919504643962
10257,ALB,13204,MCO,1113,1095,278,9,9,0.2538812785388127,0.0080862533692722,0.0080862533692722
10257,ALB,13232,MDW,651,642,106,8,1,0.1651090342679127,0.0122887864823348,0.0015360983102918
10257,ALB,13303,MIA,24,24,9,0,0,0.375,0.0,0.0
10257,ALB,13577,MYR,159,154,54,4,1,0.3506493506493506,0.0251572327044025,0.0062893081761006
10257,ALB,13930,ORD,1818,1781,445,32,5,0.2498596294216732,0.0176017601760176,0.0027502750275027
10257,ALB,14082,PGD,165,164,50,1,0,0.3048780487804878,0.006060606060606,0.0
10257,ALB,14112,PIE,146,144,53,2,0,0.3680555555555556,0.0136986301369863,0.0
10257,ALB,14635,RSW,13,13,4,0,0,0.3076923076923077,0.0,0.0
10257,ALB,14761,SFB,121,121,46,0,0,0.3801652892561983,0.0,0.0
10257,ALB,14986,SRQ,59,58,12,1,0,0.2068965517241379,0.0169491525423728,0.0
10257,ALB,15304,TPA,258,252,56,3,3,0.2222222222222222,0.0116279069767441,0.0116279069767441
10268,ALO,13930,ORD,390,380,113,9,1,0.2973684210526315,0.023076923076923,0.0025641025641025
10279,AMA,10423,AUS,194,193,35,1,0,0.1813471502590673,0.0051546391752577,0.0
10279,AMA,11259,DAL,1262,1246,164,13,3,0.131621187800963,0.0103011093502377,0.002377179080824
10279,AMA,11292,DEN,755,735,240,13,7,0.3265306122448979,0.0172185430463576,0.0092715231788079
10279,AMA,11298,DFW,2424,2347,434,68,9,0.1849169152109075,0.028052805280528,0.0037128712871287
10279,AMA,12191,HOU,17,16,6,0,1,0.375,0.0,0.0588235294117647
10279,AMA,12266,IAH,211,209,52,2,0,0.2488038277511961,0.0094786729857819,0.0
10279,AMA,12889,LAS,364,361,69,3,0,0.1911357340720221,0.0082417582417582,0.0
10299,ANC,10165,ADK,105,97,9,8,0,0.0927835051546391,0.0761904761904762,0.0
10299,ANC,10170,ADQ,864,827,122,34,3,0.1475211608222491,0.0393518518518518,0.0034722222222222
10299,ANC,10245,AKN,166,165,36,1,0,0.2181818181818181,0.0060240963855421,0.0
10299,ANC,10397,ATL,133,132,74,1,0,0.5606060606060606,0.0075187969924812,0.0
10299,ANC,10551,BET,723,698,124,23,2,0.1776504297994269,0.0318118948824343,0.0027662517289073
10299,ANC,10754,BRW,359,347,96,11,1,0.276657060518732,0.0306406685236768,0.0027855153203342
10299,ANC,10926,CDV,361,357,62,0,4,0.1736694677871148,0.0,0.0110803324099723
10299,ANC,11292,DEN,612,609,71,3,0,0.1165845648604269,0.0049019607843137,0.0
10299,ANC,11298,DFW,382,376,119,1,5,0.3164893617021276,0.0026178010471204,0.013089005235602
10299,ANC,11336,DLG,114,113,17,1,0,0.1504424778761062,0.0087719298245614,0.0
10299,ANC,11433,DTW,121,121,25,0,0,0.2066115702479339,0.0,0.0
10299,ANC,11618,EWR,103,100,23,3,0,0.23,0.029126213592233,0.0
10299,ANC,11630,FAI,930,921,79,9,0,0.0857763300760043,0.0096774193548387,0.0
10299,ANC,12173,HNL,386,383,86,2,1,0.2245430809399478,0.005181347150259,0.0025906735751295
10299,ANC,12264,IAD,108,107,24,1,0,0.2242990654205607,0.0092592592592592,0.0
10299,ANC,12266,IAH,126,126,32,0,0,0.2539682539682539,0.0,0.0
10299,ANC,12478,JFK,69,68,20,1,0,0.2941176470588235,0.0144927536231884,0.0
10299,ANC,12523,JNU,1227,1216,148,3,8,0.1217105263157894,0.0024449877750611,0.0065199674001629
10299,ANC,12758,KOA,96,94,18,2,0,0.1914893617021276,0.0208333333333333,0.0
10299,ANC,12889,LAS,122,121,18,1,0,0.1487603305785124,0.0081967213114754,0.0
10299,ANC,12892,LAX,349,349,54,0,0,0.154727793696275,0.0,0.0
10299,ANC,13487,MSP,734,730,115,2,2,0.1575342465753424,0.0027247956403269,0.0027247956403269
10299,ANC,13830,OGG,59,57,13,1,1,0.2280701754385964,0.0169491525423728,0.0169491525423728
10299,ANC,13873,OME,357,348,87,9,0,0.25,0.0252100840336134,0.0
10299,ANC,13930,ORD,787,778,151,7,2,0.1940874035989717,0.0088945362134688,0.0025412960609911
10299,ANC,13970,OTZ,363,347,33,13,3,0.0951008645533141,0.0358126721763085,0.0082644628099173
10299,ANC,14057,PDX,884,882,88,2,0,0.0997732426303854,0.002262443438914,0.0
10299,ANC,14107,PHX,363,361,35,0,2,0.0969529085872576,0.0,0.0055096418732782
10299,ANC,14679,SAN,17,17,5,0,0,0.2941176470588235,0.0,0.0
10299,ANC,14709,SCC,537,531,72,4,2,0.135593220338983,0.0074487895716946,0.0037243947858473
10299,ANC,14747,SEA,6877,6806,1078,67,4,0.1583896561857184,0.0097426203286316,0.0005816489748436
10299,ANC,14771,SFO,286,285,47,0,1,0.1649122807017544,0.0,0.0034965034965034
10299,ANC,14869,SLC,130,130,41,0,0,0.3153846153846154,0.0,0.0
10299,ANC,14893,SMF,10,10,5,0,0,0.5,0.0,0.0
10333,APN,11433,DTW,628,602,85,26,0,0.1411960132890365,0.0414012738853503,0.0
10372,ASE,10397,ATL,451,426,154,21,4,0.3615023474178404,0.0465631929046563,0.0088691796008869
10372,ASE,10423,AUS,167,143,70,23,1,0.4895104895104895,0.1377245508982036,0.0059880239520958
10372,ASE,11057,CLT,6,5,4,1,0,0.8,0.1666666666666666,0.0
10372,ASE,11292,DEN,2741,2611,791,128,2,0.3029490616621983,0.0466982852973367,0.0007296607077708
10372,ASE,11298,DFW,1178,1081,404,88,9,0.3737280296022202,0.0747028862478777,0.0076400679117147
10372,ASE,12266,IAH,547,507,203,36,4,0.4003944773175542,0.0658135283363802,0.0073126142595978
10372,ASE,12892,LAX,1138,1075,330,60,3,0.3069767441860465,0.0527240773286467,0.0026362038664323
10372,ASE,13930,ORD,958,897,368,49,12,0.4102564102564102,0.0511482254697286,0.0125260960334029
10372,ASE,14107,PHX,110,99,43,11,0,0.4343434343434343,0.1,0.0
10372,ASE,14771,SFO,389,363,109,26,0,0.3002754820936639,0.0668380462724935,0.0
10397,ATL,10140,ABQ,996,981,176,10,5,0.1794087665647298,0.0100401606425702,0.0050200803212851
10397,ATL,10146,ABY,890,870,209,19,1,0.2402298850574712,0.0213483146067415,0.0011235955056179
10397,ATL,10185,AEX,18,18,4,0,0,0.2222222222222222,0.0,0.0
10397,ATL,10208,AGS,910,895,203,15,0,0.2268156424581005,0.0164835164835164,0.0
10397,ATL,10257,ALB,1047,1029,286,13,5,0.2779397473275024,0.0124164278892072,0.0047755491881566
10397,ATL,10299,ANC,133,131,48,1,1,0.366412213740458,0.0075187969924812,0.0075187969924812
10397,ATL,10372,ASE,452,408,116,4,40,0.284313725490196,0.0088495575221238,0.0884955752212389
10397,ATL,10408,ATW,371,363,104,7,1,0.2865013774104683,0.0188679245283018,0.0026954177897574
10397,ATL,10423,AUS,4519,4460,1125,51,8,0.2522421524663677,0.0112856826731577,0.0017703031644169
10397,ATL,10431,AVL,1877,1851,348,20,6,0.1880064829821718,0.0106553010122535,0.003196590303676
10397,ATL,10529,BDL,2300,2269,544,25,6,0.2397531952401939,0.0108695652173913,0.0026086956521739
10397,ATL,10581,BGR,29,27,2,2,0,0.074074074074074,0.0689655172413793,0.0
10397,ATL,10599,BHM,3079,3027,557,45,7,0.18401057152296,0.0146151347840207,0.0022734654108476
10397,ATL,10685,BMI,143,142,39,0,1,0.2746478873239437,0.0,0.0069930069930069
10397,ATL,10693,BNA,4096,4040,820,44,12,0.2029702970297029,0.0107421875,0.0029296875
10397,ATL,10713,BOI,513,505,106,6,2,0.2099009900990099,0.0116959064327485,0.0038986354775828
10397,ATL,10721,BOS,4994,4927,1286,62,5,0.2610107570529734,0.0124148978774529,0.00100120144173
10397,ATL,10781,BTR,966,947,174,18,1,0.1837381203801478,0.0186335403726708,0.0010351966873706
10397,ATL,10785,BTV,380,371,90,7,2,0.2425876010781671,0.0184210526315789,0.0052631578947368
10397,ATL,10792,BUF,1368,1341,304,27,0,0.226696495152871,0.0197368421052631,0.0
10397,ATL,10800,BUR,352,345,124,4,3,0.3594202898550724,0.0113636363636363,0.0085227272727272
10397,ATL,10821,BWI,5701,5584,1463,107,10,0.2619985673352435,0.0187686370812138,0.0017540782318891
10397,ATL,10849,BZN,417,410,88,3,4,0.2146341463414634,0.0071942446043165,0.0095923261390887
10397,ATL,10868,CAE,1839,1816,370,21,2,0.2037444933920704,0.0114192495921696,0.0010875475802066
10397,ATL,10980,CHA,1480,1459,329,21,0,0.2254969156956819,0.0141891891891891,0.0
10397,ATL,10990,CHO,181,176,34,5,0,0.1931818181818181,0.0276243093922651,0.0
10397,ATL,10994,CHS,3070,3017,570,47,6,0.188929400066291,0.0153094462540716,0.0019543973941368
10397,ATL,11003,CID,367,362,94,2,3,0.2596685082872928,0.0054495912806539,0.0081743869209809
10397,ATL,11042,CLE,3342,3293,715,47,2,0.2171272395991497,0.014063435068821,0.0005984440454817
10397,ATL,11057,CLT,4781,4703,1032,75,3,0.2194344035721879,0.0156870947500522,0.000627483790002
10397,ATL,11066,CMH,3279,3245,711,30,4,0.2191063174114021,0.0091491308325709,0.0012198841110094
10397,ATL,11109,COS,542,535,126,7,0,0.2355140186915887,0.0129151291512915,0.0
10397,ATL,11146,CRW,444,429,121,13,2,0.282051282051282,0.0292792792792792,0.0045045045045045
10397,ATL,11193,CVG,2937,2895,543,38,4,0.1875647668393782,0.0129383724889342,0.0013619339462036
10397,ATL,11252,DAB,1573,1550,265,16,7,0.1709677419354838,0.0101716465352828,0.0044500953591862
10397,ATL,11259,DAL,3476,3406,716,50,20,0.2102172636523781,0.0143843498273878,0.0057537399309551
10397,ATL,11267,DAY,1373,1358,226,15,0,0.166421207658321,0.010924981791697,0.0
10397,ATL,11278,DCA,6872,6627,2083,209,36,0.3143202052210653,0.0304132712456344,0.0052386495925494
10397,ATL,11292,DEN,5572,5493,1494,53,26,0.2719825232113599,0.0095118449389806,0.0046661880832735
10397,ATL,11298,DFW,6643,6440,1879,170,33,0.2917701863354037,0.0255908475086557,0.0049676351046214
10397,ATL,11308,DHN,52,52,23,0,0,0.4423076923076923,0.0,0.0
10397,ATL,11423,DSM,1247,1228,212,17,2,0.1726384364820846,0.0136327185244587,0.0016038492381716
10397,ATL,11433,DTW,4939,4897,1082,38,4,0.2209516030222585,0.0076938651548896,0.0008098805426199
10397,ATL,11481,ECP,2318,2268,407,37,13,0.1794532627865961,0.0159620362381363,0.0056082830025884
10397,ATL,11503,EGE,181,177,58,3,1,0.327683615819209,0.0165745856353591,0.005524861878453
10397,ATL,11540,ELP,715,707,162,7,1,0.2291371994342291,0.0097902097902097,0.0013986013986013
10397,ATL,11612,EVV,314,300,73,14,0,0.2433333333333333,0.0445859872611464,0.0
10397,ATL,11618,EWR,6105,5910,2073,170,25,0.3507614213197969,0.0278460278460278,0.004095004095004
10397,ATL,11624,EYW,1449,1429,315,11,9,0.2204338698390482,0.007591442374051,0.0062111801242236
10397,ATL,11637,FAR,5,5,1,0,0,0.2,0.0,0.0
10397,ATL,11638,FAT,218,216,62,2,0,0.287037037037037,0.0091743119266055,0.0
10397,ATL,11641,FAY,158,156,44,2,0,0.282051282051282,0.0126582278481012,0.0
10397,ATL,11697,FLL,6551,6440,1923,96,15,0.2986024844720497,0.0146542512593497,0.0022897267592733
10397,ATL,11775,FSD,365,357,103,7,1,0.2885154061624649,0.0191780821917808,0.0027397260273972
10397,ATL,11823,FWA,1042,1023,230,17,2,0.2248289345063538,0.0163147792706333,0.0019193857965451
10397,ATL,11884,GEG,507,500,99,6,1,0.198,0.0118343195266272,0.0019723865877712
10397,ATL,11953,GNV,1548,1523,265,22,3,0.1739986868023637,0.0142118863049095,0.001937984496124
10397,ATL,11973,GPT,1291,1264,231,23,4,0.182753164556962,0.0178156467854376,0.0030983733539891
10397,ATL,11977,GRB,370,366,88,2,2,0.2404371584699453,0.0054054054054054,0.0054054054054054
10397,ATL,11986,GRR,1433,1415,249,16,2,0.1759717314487632,0.0111653872993719,0.0013956734124214
10397,ATL,11995,GSO,2667,2626,505,37,4,0.1923076923076923,0.0138732658417697,0.0014998125234345
10397,ATL,11996,GSP,2815,2782,518,30,3,0.1861969805895039,0.0106571936056838,0.0010657193605683
10397,ATL,12094,HDN,101,94,18,3,4,0.1914893617021276,0.0297029702970297,0.0396039603960396
10397,ATL,12124,HHH,195,194,31,0,1,0.1597938144329896,0.0,0.0051282051282051
10397,ATL,12173,HNL,378,377,66,0,1,0.1750663129973474,0.0,0.0026455026455026
10397,ATL,12191,HOU,3036,2989,638,37,10,0.2134493141518902,0.0121870882740447,0.0032938076416337
10397,ATL,12197,HPN,824,800,185,12,12,0.23125,0.0145631067961165,0.0145631067961165
10397,ATL,12217,HSV,2361,2326,423,29,6,0.1818572656921754,0.012282930961457,0.0025412960609911
10397,ATL,12264,IAD,3852,3782,996,64,6,0.2633527234267583,0.0166147455867082,0.0015576323987538
10397,ATL,12266,IAH,4520,4429,1191,79,12,0.2689094603748024,0.0174778761061946,0.0026548672566371
10397,ATL,12278,ICT,1122,1107,184,7,8,0.1662149954832881,0.0062388591800356,0.0071301247771836
10397,ATL,12323,ILM,985,976,194,9,0,0.1987704918032787,0.0091370558375634,0.0
10397,ATL,12339,IND,3329,3290,607,35,4,0.1844984802431611,0.0105136677680985,0.0012015620306398
10397,ATL,12441,JAC,209,204,59,3,2,0.2892156862745098,0.0143540669856459,0.0095693779904306
10397,ATL,12448,JAN,2129,2091,402,31,7,0.1922525107604017,0.0145608266791921,0.0032879286049788
10397,ATL,12451,JAX,4044,3982,1082,58,4,0.2717227523857358,0.0143422354104846,0.0009891196834817
10397,ATL,12478,JFK,4299,4210,1138,82,7,0.2703087885985748,0.0190742033030937,0.001628285647825
10397,ATL,12889,LAS,4924,4866,1230,51,7,0.2527743526510481,0.010357432981316,0.0014216084484159
10397,ATL,12892,LAX,5380,5312,1272,57,11,0.2394578313253012,0.0105947955390334,0.0020446096654275
10397,ATL,12945,LEX,2083,2048,391,30,5,0.19091796875,0.0144023043686989,0.0024003840614498
10397,ATL,12951,LFT,230,227,58,3,0,0.2555066079295154,0.0130434782608695,0.0
10397,ATL,12953,LGA,7748,7532,2136,178,38,0.2835900159320234,0.0229736706246773,0.0049044914816726
10397,ATL,12992,LIT,2262,2232,403,25,5,0.1805555555555555,0.01105216622458,0.002210433244916
10397,ATL,13198,MCI,3292,3240,654,40,12,0.2018518518518518,0.0121506682867557,0.0036452004860267
10397,ATL,13204,MCO,8143,8022,2560,92,29,0.319122413363251,0.0112980474026771,0.0035613410291047
10397,ATL,13230,MDT,959,950,174,8,1,0.1831578947368421,0.008342022940563,0.0010427528675703
10397,ATL,13232,MDW,3569,3498,783,55,16,0.2238421955403087,0.0154104791258055,0.0044830484729616
10397,ATL,13244,MEM,3289,3241,603,44,4,0.1860536871336007,0.0133779264214046,0.0012161751292186
10397,ATL,13277,MGM,732,722,186,9,1,0.2576177285318559,0.0122950819672131,0.0013661202185792
10397,ATL,13303,MIA,6245,6139,1777,89,17,0.2894608242384753,0.0142514011208967,0.0027221777421937
10397,ATL,13342,MKE,2268,2236,408,30,2,0.182468694096601,0.0132275132275132,0.0008818342151675
10397,ATL,13360,MLB,1407,1382,276,22,3,0.1997105643994211,0.0156361051883439,0.0021321961620469
10397,ATL,13422,MOB,531,521,130,9,1,0.2495201535508637,0.0169491525423728,0.0018832391713747
10397,ATL,13485,MSN,1008,995,187,11,2,0.1879396984924623,0.0109126984126984,0.0019841269841269
10397,ATL,13487,MSP,3546,3529,747,14,3,0.2116746953811278,0.0039481105470953,0.0008460236886632
10397,ATL,13495,MSY,4357,4264,1007,86,7,0.2361632270168855,0.0197383520771172,0.0016066100527886
10397,ATL,13502,MTJ,95,93,13,2,0,0.1397849462365591,0.0210526315789473,0.0
10397,ATL,13577,MYR,1483,1463,325,15,5,0.2221462747778537,0.0101146325016857,0.0033715441672285
10397,ATL,13830,OGG,129,128,16,1,0,0.125,0.0077519379844961,0.0
10397,ATL,13851,OKC,1830,1796,406,29,5,0.2260579064587973,0.0158469945355191,0.0027322404371584
10397,ATL,13871,OMA,1788,1760,389,23,5,0.2210227272727272,0.0128635346756152,0.0027964205816554
10397,ATL,13891,ONT,930,914,224,14,2,0.2450765864332603,0.0150537634408602,0.0021505376344086
10397,ATL,13930,ORD,6189,6058,1576,116,15,0.2601518653020799,0.0187429310066246,0.0024236548715462
10397,ATL,13931,ORF,2849,2810,731,36,3,0.2601423487544484,0.0126360126360126,0.001053001053001
10397,ATL,14027,PBI,3850,3798,1086,47,5,0.2859399684044234,0.0122077922077922,0.0012987012987012
10397,ATL,14057,PDX,1586,1576,343,9,1,0.2176395939086294,0.0056746532156368,0.0006305170239596
10397,ATL,14100,PHL,5640,5507,1593,129,4,0.2892682041038678,0.0228723404255319,0.000709219858156
10397,ATL,14107,PHX,3775,3733,954,30,12,0.2555585320117867,0.0079470198675496,0.0031788079470198
10397,ATL,14122,PIT,2806,2757,493,44,5,0.1788175553137468,0.0156806842480399,0.0017818959372772
10397,ATL,14193,PNS,2715,2660,504,51,4,0.1894736842105263,0.0187845303867403,0.0014732965009208
10397,ATL,14262,PSP,187,185,22,2,0,0.1189189189189189,0.0106951871657754,0.0
10397,ATL,14307,PVD,1032,1013,292,18,1,0.2882527147087858,0.0174418604651162,0.000968992248062
10397,ATL,14321,PWM,639,632,164,7,0,0.2594936708860759,0.0109546165884194,0.0
10397,ATL,14457,RAP,16,15,0,1,0,0.0,0.0625,0.0
10397,ATL,14492,RDU,4599,4546,937,50,3,0.2061152661680598,0.0108719286801478,0.0006523157208088
10397,ATL,14524,RIC,2744,2698,606,40,6,0.2246108228317272,0.0145772594752186,0.0021865889212827
10397,ATL,14570,RNO,313,305,111,5,3,0.3639344262295082,0.0159744408945686,0.0095846645367412
10397,ATL,14574,ROA,365,355,87,6,4,0.2450704225352112,0.0164383561643835,0.010958904109589
10397,ATL,14576,ROC,1047,1026,295,20,1,0.2875243664717349,0.0191021967526265,0.0009551098376313
10397,ATL,14635,RSW,2938,2888,703,42,8,0.2434210526315789,0.0142954390742001,0.0027229407760381
10397,ATL,14679,SAN,2511,2477,649,16,18,0.2620104965684295,0.0063719633612106,0.007168458781362
10397,ATL,14683,SAT,3097,3060,714,33,4,0.2333333333333333,0.0106554730384242,0.0012915724895059
10397,ATL,14685,SAV,2891,2835,546,52,4,0.1925925925925926,0.0179868557592528,0.0013836042891732
10397,ATL,14689,SBA,363,353,120,6,4,0.3399433427762039,0.0165289256198347,0.0110192837465564
10397,ATL,14696,SBN,1043,1025,248,14,4,0.2419512195121951,0.0134228187919463,0.0038350910834132
10397,ATL,14730,SDF,2721,2674,490,38,9,0.1832460732984293,0.013965453877251,0.0033076074972436
10397,ATL,14747,SEA,3251,3217,724,26,8,0.2250543985079266,0.0079975392187019,0.0024607812980621
10397,ATL,14771,SFO,3309,3280,896,23,6,0.2731707317073171,0.0069507404049561,0.0018132366273798
10397,ATL,14783,SGF,518,513,131,5,0,0.2553606237816764,0.0096525096525096,0.0
10397,ATL,14814,SHV,1243,1220,319,20,3,0.2614754098360656,0.0160901045856798,0.0024135156878519
10397,ATL,14831,SJC,885,874,124,10,1,0.1418764302059496,0.0112994350282485,0.0011299435028248
10397,ATL,14843,SJU,2137,2111,601,20,6,0.2846991946944576,0.0093589143659335,0.00280767430978
10397,ATL,14869,SLC,2944,2930,560,12,2,0.1911262798634812,0.0040760869565217,0.0006793478260869
10397,ATL,14893,SMF,1002,989,201,11,2,0.2032355915065723,0.0109780439121756,0.0019960079840319
10397,ATL,14908,SNA,1073,1054,282,9,10,0.2675521821631879,0.0083876980428704,0.0093196644920782
10397,ATL,14986,SRQ,2308,2277,476,26,5,0.2090469916556873,0.011265164644714,0.0021663778162911
10397,ATL,15016,STL,3621,3564,666,50,7,0.1868686868686868,0.0138083402375034,0.0019331676332504
10397,ATL,15024,STT,644,638,168,4,2,0.2633228840125391,0.0062111801242236,0.0031055900621118
10397,ATL,15027,STX,127,125,37,2,0,0.296,0.0157480314960629,0.0
10397,ATL,15096,SYR,1106,1085,261,20,1,0.240552995391705,0.0180831826401446,0.0009041591320072
10397,ATL,15249,TLH,1554,1528,325,21,5,0.212696335078534,0.0135135135135135,0.0032175032175032
10397,ATL,15304,TPA,6096,5995,1767,86,15,0.2947456213511259,0.0141076115485564,0.0024606299212598
10397,ATL,15323,TRI,538,531,117,6,1,0.2203389830508474,0.0111524163568773,0.0018587360594795
10397,ATL,15356,TTN,64,63,15,1,0,0.238095238095238,0.015625,0.0
10397,ATL,15370,TUL,1543,1512,295,30,1,0.1951058201058201,0.0194426441996111,0.000648088139987
10397,ATL,15376,TUS,803,789,154,12,2,0.1951837769328263,0.0149439601494396,0.0024906600249066
10397,ATL,15380,TVC,34,34,7,0,0,0.2058823529411764,0.0,0.0
10397,ATL,15412,TYS,1630,1598,327,27,5,0.204630788485607,0.0165644171779141,0.0030674846625766
10397,ATL,15624,VPS,2325,2276,400,43,6,0.1757469244288225,0.0184946236559139,0.0025806451612903
10397,ATL,15919,XNA,538,528,107,8,2,0.2026515151515151,0.0148698884758364,0.0037174721189591
10408,ATW,10397,ATL,371,361,55,9,1,0.1523545706371191,0.0242587601078167,0.0026954177897574
10408,ATW,10466,AZA,266,265,44,0,1,0.1660377358490566,0.0,0.0037593984962406
10408,ATW,10693,BNA,96,95,19,0,1,0.2,0.0,0.0104166666666666
10408,ATW,11057,CLT,368,365,62,3,0,0.1698630136986301,0.0081521739130434,0.0
10408,ATW,11292,DEN,440,438,99,1,1,0.2260273972602739,0.0022727272727272,0.0022727272727272
10408,ATW,11298,DFW,369,364,66,1,4,0.1813186813186813,0.002710027100271,0.010840108401084
10408,ATW,11433,DTW,1052,1044,186,8,0,0.1781609195402299,0.0076045627376425,0.0
10408,ATW,11618,EWR,26,26,6,0,0,0.2307692307692307,0.0,0.0
10408,ATW,11697,FLL,49,49,14,0,0,0.2857142857142857,0.0,0.0
10408,ATW,12266,IAH,3,3,2,0,0,0.6666666666666666,0.0,0.0
10408,ATW,12889,LAS,163,163,26,0,0,0.1595092024539877,0.0,0.0
10408,ATW,13487,MSP,921,912,221,8,1,0.2423245614035087,0.008686210640608,0.001085776330076
10408,ATW,13930,ORD,2346,2285,671,59,2,0.2936542669584245,0.0251491901108269,0.000852514919011
10408,ATW,14057,PDX,46,46,8,0,0,0.1739130434782608,0.0,0.0
10408,ATW,14082,PGD,256,255,47,1,0,0.1843137254901961,0.00390625,0.0
10408,ATW,14107,PHX,14,14,4,0,0,0.2857142857142857,0.0,0.0
10408,ATW,14112,PIE,195,194,54,0,1,0.2783505154639175,0.0,0.0051282051282051
10408,ATW,14635,RSW,12,12,2,0,0,0.1666666666666666,0.0,0.0
10408,ATW,14685,SAV,41,41,8,0,0,0.1951219512195122,0.0,0.0
10408,ATW,14761,SFB,258,258,53,0,0,0.2054263565891473,0.0,0.0
10408,ATW,14986,SRQ,80,80,10,0,0,0.125,0.0,0.0
10408,ATW,16422,GUF,27,26,2,0,1,0.0769230769230769,0.0,0.037037037037037
10409,ATY,11292,DEN,152,152,43,0,0,0.2828947368421052,0.0,0.0
10409,ATY,13487,MSP,152,151,11,1,0,0.0728476821192053,0.006578947368421,0.0
10423,AUS,10140,ABQ,828,826,189,2,0,0.2288135593220339,0.002415458937198,0.0
10423,AUS,10208,AGS,3,3,1,0,0,0.3333333333333333,0.0,0.0
10423,AUS,10279,AMA,194,192,47,1,1,0.2447916666666666,0.0051546391752577,0.0051546391752577
10423,AUS,10372,ASE,167,149,43,3,15,0.2885906040268456,0.0179640718562874,0.0898203592814371
10423,AUS,10397,ATL,4522,4452,854,60,10,0.1918238993710692,0.0132684652808491,0.0022114108801415
10423,AUS,10431,AVL,74,74,19,0,0,0.2567567567567567,0.0,0.0
10423,AUS,10693,BNA,3010,2986,633,19,5,0.2119892833221701,0.0063122923588039,0.0016611295681063
10423,AUS,10721,BOS,1475,1450,482,20,5,0.3324137931034482,0.0135593220338983,0.0033898305084745
10423,AUS,10800,BUR,357,353,103,0,4,0.291784702549575,0.0,0.011204481792717
10423,AUS,10821,BWI,1268,1253,264,11,4,0.2106943335993615,0.0086750788643533,0.0031545741324921
10423,AUS,10994,CHS,113,113,31,0,0,0.2743362831858407,0.0,0.0
10423,AUS,11042,CLE,109,107,33,2,0,0.308411214953271,0.018348623853211,0.0
10423,AUS,11057,CLT,1717,1685,366,29,3,0.2172106824925816,0.0168899242865463,0.0017472335468841
10423,AUS,11066,CMH,374,374,94,0,0,0.2513368983957219,0.0,0.0
10423,AUS,11193,CVG,295,293,80,2,0,0.273037542662116,0.0067796610169491,0.0
10423,AUS,11259,DAL,2342,2299,445,37,6,0.1935624184428012,0.015798462852263,0.0025619128949615
10423,AUS,11278,DCA,365,361,116,2,2,0.3213296398891966,0.0054794520547945,0.0054794520547945
10423,AUS,11292,DEN,4882,4836,1108,32,14,0.2291149710504549,0.0065546907005325,0.0028676771814829
10423,AUS,11298,DFW,4818,4638,1219,178,2,0.2628288055196205,0.0369447903694479,0.0004151100041511
10423,AUS,11423,DSM,106,104,43,2,0,0.4134615384615384,0.0188679245283018,0.0
10423,AUS,11433,DTW,1341,1332,207,8,1,0.1554054054054054,0.005965697240865,0.0007457121551081
10423,AUS,11481,ECP,562,560,131,0,2,0.2339285714285714,0.0,0.0035587188612099
10423,AUS,11540,ELP,1010,1007,204,1,2,0.2025819265143992,0.0009900990099009,0.0019801980198019
10423,AUS,11618,EWR,1948,1912,541,29,7,0.282949790794979,0.0148870636550308,0.0035934291581108
10423,AUS,11697,FLL,804,796,237,6,2,0.2977386934673366,0.0074626865671641,0.0024875621890547
10423,AUS,11953,GNV,2,2,0,0,0,0.0,0.0,0.0
10423,AUS,11986,GRR,94,94,32,0,0,0.3404255319148936,0.0,0.0
10423,AUS,12173,HNL,28,28,6,0,0,0.2142857142857142,0.0,0.0
10423,AUS,12191,HOU,1470,1460,358,8,2,0.2452054794520548,0.0054421768707482,0.001360544217687
10423,AUS,12206,HRL,801,783,173,17,1,0.2209450830140485,0.0212234706616729,0.0012484394506866
10423,AUS,12264,IAD,1098,1089,133,6,3,0.1221303948576675,0.0054644808743169,0.0027322404371584
10423,AUS,12266,IAH,2637,2598,618,35,4,0.2378752886836027,0.0132726583238528,0.0015168752370117
10423,AUS,12339,IND,876,870,205,4,2,0.2356321839080459,0.0045662100456621,0.002283105022831
10423,AUS,12451,JAX,325,323,52,0,2,0.1609907120743034,0.0,0.0061538461538461
10423,AUS,12478,JFK,1982,1949,389,27,6,0.1995895330938943,0.0136226034308779,0.0030272452068617
10423,AUS,12889,LAS,2973,2957,700,13,3,0.2367264119039567,0.0043726875210225,0.0010090817356205
10423,AUS,12892,LAX,4018,3992,746,18,8,0.1868737474949899,0.0044798407167745,0.0019910403185664
10423,AUS,12896,LBB,322,322,84,0,0,0.2608695652173913,0.0,0.0
10423,AUS,12945,LEX,2,2,0,0,0,0.0,0.0,0.0
10423,AUS,12954,LGB,535,533,113,1,1,0.2120075046904315,0.0018691588785046,0.0018691588785046
10423,AUS,13158,MAF,1061,1052,214,6,3,0.2034220532319391,0.005655042412818,0.002827521206409
10423,AUS,13198,MCI,867,858,197,7,2,0.2296037296037296,0.008073817762399,0.0023068050749711
10423,AUS,13204,MCO,2562,2535,622,20,7,0.2453648915187376,0.0078064012490242,0.0027322404371584
10423,AUS,13232,MDW,1365,1347,257,12,6,0.1907943578322197,0.0087912087912087,0.0043956043956043
10423,AUS,13244,MEM,239,238,51,1,0,0.2142857142857142,0.00418410041841,0.0
10423,AUS,13256,MFE,1025,1020,188,5,0,0.1843137254901961,0.0048780487804878,0.0
10423,AUS,13303,MIA,1890,1863,402,22,5,0.215780998389694,0.0116402116402116,0.0026455026455026
10423,AUS,13342,MKE,268,266,67,1,1,0.2518796992481203,0.003731343283582,0.003731343283582
10423,AUS,13485,MSN,1,1,0,0,0,0.0,0.0,0.0
10423,AUS,13487,MSP,1619,1611,382,4,4,0.2371198013656114,0.0024706609017912,0.0024706609017912
10423,AUS,13495,MSY,2055,2036,448,14,5,0.2200392927308448,0.0068126520681265,0.0024330900243309
10423,AUS,13502,MTJ,5,5,2,0,0,0.4,0.0,0.0
10423,AUS,13796,OAK,359,358,101,0,1,0.2821229050279329,0.0,0.0027855153203342
10423,AUS,13851,OKC,326,326,46,0,0,0.1411042944785276,0.0,0.0
10423,AUS,13871,OMA,20,20,2,0,0,0.1,0.0,0.0
10423,AUS,13891,ONT,351,351,77,0,0,0.2193732193732193,0.0,0.0
10423,AUS,13930,ORD,3058,3008,714,40,10,0.2373670212765957,0.0130804447351209,0.0032701111837802
10423,AUS,14057,PDX,528,519,105,8,1,0.2023121387283237,0.0151515151515151,0.0018939393939393
10423,AUS,14100,PHL,1148,1123,301,22,3,0.2680320569902048,0.019163763066202,0.0026132404181184
10423,AUS,14107,PHX,3353,3323,657,24,6,0.1977129100210653,0.0071577691619445,0.0017894422904861
10423,AUS,14122,PIT,327,327,93,0,0,0.2844036697247706,0.0,0.0
10423,AUS,14193,PNS,9,9,4,0,0,0.4444444444444444,0.0,0.0
10423,AUS,14262,PSP,17,17,3,0,0,0.1764705882352941,0.0,0.0
10423,AUS,14314,PVU,108,108,21,0,0,0.1944444444444444,0.0,0.0
10423,AUS,14492,RDU,758,754,162,3,1,0.2148541114058355,0.0039577836411609,0.0013192612137203
10423,AUS,14570,RNO,164,162,57,2,0,0.3518518518518518,0.0121951219512195,0.0
10423,AUS,14679,SAN,2164,2138,579,16,10,0.2708138447146866,0.0073937153419593,0.0046210720887245
10423,AUS,14730,SDF,5,5,1,0,0,0.2,0.0,0.0
10423,AUS,14747,SEA,2045,2028,385,15,2,0.1898422090729783,0.0073349633251833,0.0009779951100244
10423,AUS,14761,SFB,24,24,16,0,0,0.6666666666666666,0.0,0.0
10423,AUS,14771,SFO,2655,2635,492,18,2,0.1867172675521821,0.0067796610169491,0.0007532956685499
10423,AUS,14831,SJC,1183,1180,268,1,2,0.2271186440677966,0.0008453085376162,0.0016906170752324
10423,AUS,14843,SJU,34,34,9,0,0,0.2647058823529412,0.0,0.0
10423,AUS,14869,SLC,1712,1705,292,4,3,0.1712609970674486,0.0023364485981308,0.0017523364485981
10423,AUS,14893,SMF,551,546,124,5,0,0.2271062271062271,0.0090744101633393,0.0
10423,AUS,14908,SNA,346,345,92,0,1,0.2666666666666666,0.0,0.0028901734104046
10423,AUS,14986,SRQ,36,36,3,0,0,0.0833333333333333,0.0,0.0
10423,AUS,15016,STL,970,966,189,4,0,0.1956521739130435,0.0041237113402061,0.0
10423,AUS,15304,TPA,1256,1251,299,4,1,0.2390087929656275,0.0031847133757961,0.000796178343949
10423,AUS,15370,TUL,322,322,86,0,0,0.2670807453416149,0.0,0.0
10423,AUS,15412,TYS,96,95,37,0,1,0.3894736842105263,0.0,0.0104166666666666
10423,AUS,15919,XNA,2,2,0,0,0,0.0,0.0,0.0
10431,AVL,10397,ATL,1877,1857,326,20,0,0.1755519655358104,0.0106553010122535,0.0
10431,AVL,10423,AUS,74,74,13,0,0,0.1756756756756756,0.0,0.0
10431,AVL,10721,BOS,260,259,44,0,1,0.1698841698841698,0.0,0.0038461538461538
10431,AVL,11057,CLT,1479,1435,277,44,0,0.1930313588850174,0.0297498309668695,0.0
10431,AVL,11278,DCA,538,491,172,46,1,0.35030549898167,0.0855018587360594,0.0018587360594795
10431,AVL,11292,DEN,355,347,101,1,7,0.2910662824207493,0.0028169014084507,0.0197183098591549
10431,AVL,11298,DFW,690,671,184,15,4,0.2742175856929955,0.0217391304347826,0.0057971014492753
10431,AVL,11618,EWR,260,258,43,1,1,0.1666666666666666,0.0038461538461538,0.0038461538461538
10431,AVL,11624,EYW,115,114,24,1,0,0.2105263157894736,0.008695652173913,0.0
10431,AVL,11697,FLL,677,673,222,2,2,0.3298662704309064,0.0029542097488921,0.0029542097488921
10431,AVL,12191,HOU,40,39,10,0,1,0.2564102564102564,0.0,0.025
10431,AVL,12264,IAD,56,56,9,0,0,0.1607142857142857,0.0,0.0
10431,AVL,12889,LAS,105,104,18,0,1,0.173076923076923,0.0,0.0095238095238095
10431,AVL,12953,LGA,439,422,105,16,1,0.2488151658767772,0.0364464692482915,0.0022779043280182
10431,AVL,13204,MCO,136,135,39,0,1,0.2888888888888888,0.0,0.0073529411764705
10431,AVL,13232,MDW,56,56,15,0,0,0.2678571428571428,0.0,0.0
10431,AVL,13303,MIA,219,217,77,2,0,0.3548387096774194,0.0091324200913242,0.0
10431,AVL,13487,MSP,26,26,6,0,0,0.2307692307692307,0.0,0.0
10431,AVL,13930,ORD,1158,1133,312,20,5,0.2753751103265666,0.0172711571675302,0.0043177892918825
10431,AVL,14027,PBI,168,165,41,0,3,0.2484848484848484,0.0,0.0178571428571428
10431,AVL,14082,PGD,233,232,52,0,1,0.2241379310344827,0.0,0.0042918454935622
10431,AVL,14100,PHL,1,1,1,0,0,1.0,0.0,0.0
10431,AVL,14107,PHX,85,84,8,0,1,0.0952380952380952,0.0,0.0117647058823529
10431,AVL,14112,PIE,518,514,152,1,3,0.2957198443579766,0.0019305019305019,0.0057915057915057
10431,AVL,14761,SFB,535,532,163,3,0,0.306390977443609,0.005607476635514,0.0
10431,AVL,14986,SRQ,130,130,33,0,0,0.2538461538461538,0.0,0.0
10431,AVL,15624,VPS,13,13,1,0,0,0.0769230769230769,0.0,0.0
10434,AVP,11057,CLT,971,947,138,23,1,0.1457233368532207,0.0236869207003089,0.0010298661174047
10434,AVP,13930,ORD,563,545,153,15,3,0.2807339449541284,0.0266429840142095,0.0053285968028419
10466,AZA,10408,ATW,266,266,46,0,0,0.1729323308270676,0.0,0.0
10466,AZA,10620,BIL,188,188,28,0,0,0.1489361702127659,0.0,0.0
10466,AZA,10627,BIS,257,256,28,0,1,0.109375,0.0,0.0038910505836575
10466,AZA,10666,BLI,150,149,15,0,1,0.1006711409395973,0.0,0.0066666666666666
10466,AZA,10713,BOI,109,108,22,0,1,0.2037037037037037,0.0,0.0091743119266055
10466,AZA,10849,BZN,155,152,21,0,3,0.1381578947368421,0.0,0.0193548387096774
10466,AZA,11003,CID,209,207,33,2,0,0.1594202898550724,0.0095693779904306,0.0
10466,AZA,11109,COS,54,54,11,0,0,0.2037037037037037,0.0,0.0
10466,AZA,11193,CVG,84,84,19,0,0,0.2261904761904762,0.0,0.0
10466,AZA,11423,DSM,187,183,45,4,0,0.2459016393442623,0.0213903743315508,0.0
10466,AZA,11603,EUG,126,126,15,0,0,0.119047619047619,0.0,0.0
10466,AZA,11637,FAR,380,380,40,0,0,0.1052631578947368,0.0,0.0
10466,AZA,11648,FCA,101,101,7,0,0,0.0693069306930693,0.0,0.0
10466,AZA,11721,FNT,112,112,33,0,0,0.2946428571428571,0.0,0.0
10466,AZA,11775,FSD,377,375,51,0,2,0.136,0.0,0.0053050397877984
10466,AZA,11823,FWA,79,79,7,0,0,0.0886075949367088,0.0,0.0
10466,AZA,11884,GEG,97,95,15,0,2,0.1578947368421052,0.0,0.0206185567010309
10466,AZA,11898,GFK,72,72,4,0,0,0.0555555555555555,0.0,0.0
10466,AZA,11980,GRI,152,152,13,0,0,0.0855263157894736,0.0,0.0
10466,AZA,11986,GRR,223,223,41,0,0,0.1838565022421524,0.0,0.0
10466,AZA,12003,GTF,99,99,14,0,0,0.1414141414141414,0.0,0.0
10466,AZA,12278,ICT,110,109,15,1,0,0.1376146788990825,0.009090909090909,0.0
10466,AZA,12280,IDA,223,221,30,1,1,0.1357466063348416,0.0044843049327354,0.0044843049327354
10466,AZA,12889,LAS,53,52,19,1,0,0.3653846153846153,0.0188679245283018,0.0
10466,AZA,13367,MLI,95,94,10,1,0,0.1063829787234042,0.0105263157894736,0.0
10466,AZA,13433,MOT,157,157,23,0,0,0.1464968152866242,0.0,0.0
10466,AZA,13486,MSO,151,150,29,0,1,0.1933333333333333,0.0,0.0066225165562913
10466,AZA,13487,MSP,34,34,4,0,0,0.1176470588235294,0.0,0.0
10466,AZA,13871,OMA,109,108,21,0,1,0.1944444444444444,0.0,0.0091743119266055
10466,AZA,14057,PDX,52,52,0,0,0,0.0,0.0,0.0
10466,AZA,14108,PIA,212,211,26,0,1,0.1232227488151658,0.0,0.0047169811320754
10466,AZA,14252,PSC,154,154,26,0,0,0.1688311688311688,0.0,0.0
10466,AZA,14314,PVU,707,704,175,2,1,0.2485795454545454,0.0028288543140028,0.0014144271570014
10466,AZA,14457,RAP,217,216,40,1,0,0.1851851851851851,0.0046082949308755,0.0
10466,AZA,14512,RFD,170,170,22,0,0,0.1294117647058823,0.0,0.0
10466,AZA,14696,SBN,148,148,21,0,0,0.1418918918918918,0.0,0.0
10466,AZA,14783,SGF,223,220,29,1,2,0.1318181818181818,0.0044843049327354,0.0089686098654708
10466,AZA,15008,STC,131,130,17,0,1,0.1307692307692307,0.0,0.0076335877862595
10466,AZA,15295,TOL,8,8,0,0,0,0.0,0.0,0.0
10466,AZA,15380,TVC,48,47,6,0,1,0.1276595744680851,0.0,0.0208333333333333
10466,AZA,15919,XNA,42,42,3,0,0,0.0714285714285714,0.0,0.0
10469,AZO,11433,DTW,1003,989,197,14,0,0.1991911021233569,0.0139581256231306,0.0
10469,AZO,13930,ORD,599,572,107,27,0,0.187062937062937,0.0450751252086811,0.0
10529,BDL,10397,ATL,2302,2262,439,26,14,0.1940760389036251,0.0112945264986967,0.0060816681146828
10529,BDL,10693,BNA,389,389,66,0,0,0.1696658097686375,0.0,0.0
10529,BDL,10821,BWI,1748,1718,308,26,4,0.179278230500582,0.0148741418764302,0.0022883295194508
10529,BDL,11057,CLT,1746,1717,308,25,4,0.1793826441467676,0.0143184421534937,0.0022909507445589
10529,BDL,11278,DCA,1877,1753,589,116,8,0.3359954363947519,0.0618007458710708,0.0042621204049014
10529,BDL,11292,DEN,1067,1047,187,5,15,0.1786055396370582,0.0046860356138706,0.0140581068416119
10529,BDL,11298,DFW,799,777,199,17,5,0.2561132561132561,0.0212765957446808,0.0062578222778473
10529,BDL,11433,DTW,1312,1301,164,10,1,0.1260568793235972,0.0076219512195121,0.0007621951219512
10529,BDL,11697,FLL,831,820,189,10,1,0.2304878048780488,0.0120336943441636,0.0012033694344163
10529,BDL,12264,IAD,920,911,154,9,0,0.1690450054884742,0.0097826086956521,0.0
10529,BDL,12478,JFK,245,241,21,4,0,0.0871369294605809,0.0163265306122449,0.0
10529,BDL,13204,MCO,1940,1912,445,15,13,0.2327405857740585,0.0077319587628865,0.006701030927835
10529,BDL,13232,MDW,739,733,111,5,1,0.1514324693042291,0.006765899864682,0.0013531799729364
10529,BDL,13303,MIA,451,448,56,3,0,0.125,0.0066518847006651,0.0
10529,BDL,13487,MSP,834,827,144,3,4,0.1741233373639661,0.0035971223021582,0.0047961630695443
10529,BDL,13577,MYR,186,185,24,1,0,0.1297297297297297,0.0053763440860215,0.0
10529,BDL,13930,ORD,2301,2262,591,33,6,0.2612732095490716,0.014341590612777,0.0026075619295958
10529,BDL,14027,PBI,577,570,134,4,3,0.2350877192982456,0.0069324090121317,0.0051993067590987
10529,BDL,14100,PHL,609,599,137,9,1,0.2287145242070117,0.0147783251231527,0.0016420361247947
10529,BDL,14635,RSW,422,409,90,8,5,0.2200488997555012,0.0189573459715639,0.0118483412322274
10529,BDL,14843,SJU,956,937,301,6,13,0.3212379935965848,0.006276150627615,0.0135983263598326
10529,BDL,15304,TPA,857,845,186,7,5,0.2201183431952662,0.0081680280046674,0.0058343057176196
10551,BET,10299,ANC,723,699,215,24,0,0.3075822603719599,0.0331950207468879,0.0
10558,BFF,11292,DEN,626,610,163,15,1,0.2672131147540983,0.023961661341853,0.0015974440894568
10561,BFL,11292,DEN,730,726,92,0,4,0.1267217630853994,0.0,0.0054794520547945
10561,BFL,11298,DFW,348,337,56,7,4,0.1661721068249258,0.0201149425287356,0.0114942528735632
10561,BFL,14107,PHX,1272,1260,199,10,2,0.1579365079365079,0.0078616352201257,0.0015723270440251
10561,BFL,14771,SFO,704,702,117,2,0,0.1666666666666666,0.002840909090909,0.0
10577,BGM,11433,DTW,226,223,37,2,1,0.1659192825112107,0.0088495575221238,0.0044247787610619
10581,BGR,10397,ATL,29,27,5,2,0,0.1851851851851851,0.0689655172413793,0.0
10581,BGR,11057,CLT,185,185,41,0,0,0.2216216216216216,0.0,0.0
10581,BGR,11278,DCA,1012,940,283,69,3,0.301063829787234,0.0681818181818181,0.0029644268774703
10581,BGR,11433,DTW,1,1,1,0,0,1.0,0.0,0.0
10581,BGR,11618,EWR,458,436,131,22,0,0.3004587155963302,0.0480349344978165,0.0
10581,BGR,11697,FLL,43,43,10,0,0,0.2325581395348837,0.0,0.0
10581,BGR,12953,LGA,221,204,29,16,1,0.142156862745098,0.0723981900452488,0.004524886877828
10581,BGR,13930,ORD,549,546,150,3,0,0.2747252747252747,0.0054644808743169,0.0
10581,BGR,14082,PGD,96,95,24,0,1,0.2526315789473684,0.0,0.0104166666666666
10581,BGR,14100,PHL,526,510,123,15,1,0.2411764705882353,0.0285171102661596,0.0019011406844106
10581,BGR,14112,PIE,251,248,57,1,2,0.2298387096774193,0.0039840637450199,0.0079681274900398
10581,BGR,14761,SFB,285,280,85,3,2,0.3035714285714285,0.0105263157894736,0.0070175438596491
10599,BHM,10155,ACT,1,1,0,0,0,0.0,0.0,0.0
10599,BHM,10397,ATL,3079,3031,348,45,3,0.114813592873639,0.0146151347840207,0.0009743423189347
10599,BHM,10693,BNA,367,363,84,4,0,0.2314049586776859,0.0108991825613079,0.0
10599,BHM,10781,BTR,1,1,0,0,0,0.0,0.0,0.0
10599,BHM,10821,BWI,343,335,62,7,1,0.1850746268656716,0.0204081632653061,0.0029154518950437
10599,BHM,11049,CLL,1,1,0,0,0,0.0,0.0,0.0
10599,BHM,11057,CLT,2032,1976,357,55,1,0.1806680161943319,0.0270669291338582,0.0004921259842519
10599,BHM,11111,COU,1,1,0,0,0,0.0,0.0,0.0
10599,BHM,11259,DAL,963,944,168,13,6,0.1779661016949152,0.0134994807892004,0.0062305295950155
10599,BHM,11278,DCA,1007,946,240,54,7,0.2536997885835095,0.0536246276067527,0.0069513406156901
10599,BHM,11292,DEN,1092,1079,190,5,8,0.1760889712696941,0.0045787545787545,0.0073260073260073
10599,BHM,11298,DFW,2276,2191,550,76,9,0.2510269283432222,0.0333919156414762,0.0039543057996485
10599,BHM,11433,DTW,263,260,67,2,1,0.2576923076923076,0.0076045627376425,0.0038022813688212
10599,BHM,11618,EWR,84,77,33,5,2,0.4285714285714285,0.0595238095238095,0.0238095238095238
10599,BHM,11697,FLL,209,205,59,3,1,0.2878048780487804,0.0143540669856459,0.0047846889952153
10599,BHM,12191,HOU,461,455,71,5,1,0.156043956043956,0.0108459869848156,0.0021691973969631
10599,BHM,12266,IAH,133,131,38,1,1,0.2900763358778626,0.0075187969924812,0.0075187969924812
10599,BHM,12889,LAS,365,364,59,1,0,0.1620879120879121,0.0027397260273972,0.0
10599,BHM,12892,LAX,3,3,0,0,0,0.0,0.0,0.0
10599,BHM,13204,MCO,785,781,166,2,2,0.2125480153649167,0.0025477707006369,0.0025477707006369
10599,BHM,13232,MDW,547,539,87,6,2,0.1614100185528757,0.0109689213893967,0.0036563071297989
10599,BHM,13303,MIA,844,827,156,14,3,0.18863361547763,0.0165876777251184,0.0035545023696682
10599,BHM,13342,MKE,2,2,0,0,0,0.0,0.0,0.0
10599,BHM,13485,MSN,2,2,0,0,0,0.0,0.0,0.0
10599,BHM,13851,OKC,7,7,0,0,0,0.0,0.0,0.0
10599,BHM,13930,ORD,774,768,163,6,0,0.2122395833333333,0.0077519379844961,0.0
10599,BHM,14100,PHL,525,503,93,19,3,0.1848906560636183,0.0361904761904761,0.0057142857142857
10599,BHM,14107,PHX,249,247,51,1,1,0.2064777327935222,0.0040160642570281,0.0040160642570281
10599,BHM,15249,TLH,1,1,1,0,0,1.0,0.0,0.0
10599,BHM,15304,TPA,440,438,83,2,0,0.1894977168949771,0.0045454545454545,0.0
10599,BHM,15412,TYS,1,1,0,0,0,0.0,0.0,0.0
10617,BIH,11292,DEN,112,111,17,0,1,0.1531531531531531,0.0,0.0089285714285714
10617,BIH,14771,SFO,187,186,39,1,0,0.2096774193548387,0.0053475935828877,0.0
10620,BIL,10466,AZA,188,188,40,0,0,0.2127659574468085,0.0,0.0
10620,BIL,11292,DEN,1813,1779,439,22,12,0.2467678471051152,0.0121345835631549,0.0066188637617209
10620,BIL,11298,DFW,730,714,142,9,7,0.1988795518207282,0.0123287671232876,0.0095890410958904
10620,BIL,12889,LAS,136,136,35,0,0,0.2573529411764705,0.0,0.0
10620,BIL,13487,MSP,365,361,44,3,1,0.1218836565096952,0.0082191780821917,0.0027397260273972
10620,BIL,13930,ORD,429,424,93,1,4,0.2193396226415094,0.0023310023310023,0.0093240093240093
10620,BIL,14107,PHX,105,104,14,1,0,0.1346153846153846,0.0095238095238095,0.0
10620,BIL,14869,SLC,1075,1069,91,6,0,0.0851262862488306,0.0055813953488372,0.0
10627,BIS,10466,AZA,258,256,40,2,0,0.15625,0.0077519379844961,0.0
10627,BIS,11292,DEN,1565,1532,392,15,18,0.2558746736292428,0.0095846645367412,0.0115015974440894
10627,BIS,11298,DFW,728,716,173,5,7,0.2416201117318435,0.0068681318681318,0.0096153846153846
10627,BIS,11315,DIK,1,0,0,0,1,,0.0,1.0
10627,BIS,12889,LAS,128,127,23,1,0,0.1811023622047244,0.0078125,0.0
10627,BIS,13487,MSP,1325,1316,235,7,2,0.1785714285714285,0.0052830188679245,0.0015094339622641
10627,BIS,13930,ORD,210,209,63,1,0,0.3014354066985646,0.0047619047619047,0.0
10627,BIS,14112,PIE,27,27,0,0,0,0.0,0.0,0.0
10627,BIS,14761,SFB,28,27,10,1,0,0.3703703703703703,0.0357142857142857,0.0
10631,BJI,13487,MSP,728,723,95,5,0,0.1313969571230982,0.0068681318681318,0.0
10666,BLI,10466,AZA,150,150,9,0,0,0.06,0.0,0.0
10666,BLI,12889,LAS,493,487,28,6,0,0.0574948665297741,0.0121703853955375,0.0
10666,BLI,12892,LAX,109,109,12,0,0,0.110091743119266,0.0,0.0
10666,BLI,13796,OAK,147,147,10,0,0,0.0680272108843537,0.0,0.0
10666,BLI,14262,PSP,126,125,16,0,1,0.128,0.0,0.0079365079365079
10666,BLI,14679,SAN,25,25,1,0,0,0.04,0.0,0.0
10666,BLI,14747,SEA,1359,1333,267,24,2,0.2003000750187547,0.0176600441501103,0.0014716703458425
10676,BLV,11697,FLL,58,58,12,0,0,0.2068965517241379,0.0,0.0
10676,BLV,12451,JAX,48,47,28,1,0,0.5957446808510638,0.0208333333333333,0.0
10676,BLV,12889,LAS,54,54,11,0,0,0.2037037037037037,0.0,0.0
10676,BLV,13577,MYR,26,25,7,0,1,0.28,0.0,0.0384615384615384
10676,BLV,14082,PGD,230,227,64,1,2,0.2819383259911894,0.0043478260869565,0.008695652173913
10676,BLV,14112,PIE,177,175,66,1,1,0.3771428571428571,0.0056497175141242,0.0056497175141242
10676,BLV,14685,SAV,13,13,4,0,0,0.3076923076923077,0.0,0.0
10676,BLV,14761,SFB,149,148,66,1,0,0.4459459459459459,0.0067114093959731,0.0
10676,BLV,14986,SRQ,115,115,26,0,0,0.2260869565217391,0.0,0.0
10676,BLV,15412,TYS,28,27,9,1,0,0.3333333333333333,0.0357142857142857,0.0
10676,BLV,15624,VPS,398,395,106,3,0,0.2683544303797468,0.007537688442211,0.0
10676,BLV,16422,GUF,64,64,5,0,0,0.078125,0.0,0.0
10685,BMI,10397,ATL,143,141,25,0,2,0.1773049645390071,0.0,0.0139860139860139
10685,BMI,11298,DFW,729,713,99,12,4,0.1388499298737728,0.0164609053497942,0.0054869684499314
10685,BMI,13930,ORD,616,599,108,17,0,0.1803005008347245,0.0275974025974025,0.0
10685,BMI,14112,PIE,110,109,22,1,0,0.2018348623853211,0.009090909090909,0.0
10685,BMI,14761,SFB,124,124,50,0,0,0.4032258064516129,0.0,0.0
10693,BNA,10135,ABE,67,67,14,0,0,0.208955223880597,0.0,0.0
10693,BNA,10140,ABQ,268,266,49,2,0,0.1842105263157894,0.0074626865671641,0.0
10693,BNA,10257,ALB,332,330,40,2,0,0.1212121212121212,0.0060240963855421,0.0
10693,BNA,10397,ATL,4097,4045,625,48,4,0.1545117428924598,0.0117158896753722,0.0009763241396143
10693,BNA,10408,ATW,96,96,16,0,0,0.1666666666666666,0.0,0.0
10693,BNA,10423,AUS,3027,3005,593,15,7,0.1973377703826955,0.0049554013875123,0.0023125206475057
10693,BNA,10529,BDL,389,388,58,0,1,0.1494845360824742,0.0,0.0025706940874035
10693,BNA,10599,BHM,367,363,81,4,0,0.2231404958677686,0.0108991825613079,0.0
10693,BNA,10721,BOS,2915,2878,801,34,3,0.278318276580959,0.0116638078902229,0.0010291595197255
10693,BNA,10781,BTR,1,1,0,0,0,0.0,0.0,0.0
10693,BNA,10792,BUF,334,331,59,2,1,0.1782477341389728,0.0059880239520958,0.0029940119760479
10693,BNA,10800,BUR,335,334,82,0,1,0.2455089820359281,0.0,0.0029850746268656
10693,BNA,10821,BWI,1900,1863,383,34,3,0.2055823939881911,0.0178947368421052,0.001578947368421
10693,BNA,10849,BZN,121,119,26,1,1,0.2184873949579832,0.0082644628099173,0.0082644628099173
10693,BNA,10874,CAK,67,66,18,1,0,0.2727272727272727,0.0149253731343283,0.0
10693,BNA,10994,CHS,936,926,196,7,3,0.2116630669546436,0.0074786324786324,0.0032051282051282
10693,BNA,11003,CID,47,47,8,0,0,0.1702127659574468,0.0,0.0
10693,BNA,11042,CLE,967,963,240,4,0,0.249221183800623,0.0041365046535677,0.0
10693,BNA,11057,CLT,3774,3699,936,71,4,0.2530413625304136,0.0188129305776364,0.0010598834128245
10693,BNA,11066,CMH,972,964,178,7,1,0.1846473029045643,0.0072016460905349,0.0010288065843621
10693,BNA,11193,CVG,371,371,84,0,0,0.2264150943396226,0.0,0.0
10693,BNA,11259,DAL,2447,2405,472,31,11,0.1962577962577962,0.0126685737637923,0.0044953003677973
10693,BNA,11278,DCA,4270,4074,1113,174,22,0.2731958762886597,0.0407494145199063,0.0051522248243559
10693,BNA,11292,DEN,3722,3688,899,18,16,0.243763557483731,0.0048361096184846,0.0042987641053197
10693,BNA,11298,DFW,3492,3364,915,115,13,0.2719976218787158,0.0329324169530355,0.0037227949599083
10693,BNA,11423,DSM,186,183,37,2,1,0.2021857923497267,0.010752688172043,0.0053763440860215
10693,BNA,11433,DTW,2484,2463,430,19,2,0.1745838408444985,0.0076489533011272,0.000805152979066
10693,BNA,11481,ECP,1075,1068,211,5,2,0.197565543071161,0.0046511627906976,0.001860465116279
10693,BNA,11540,ELP,1,1,0,0,0,0.0,0.0,0.0
10693,BNA,11618,EWR,1924,1856,564,61,7,0.3038793103448275,0.0317047817047817,0.0036382536382536
10693,BNA,11624,EYW,1,1,0,0,0,0.0,0.0,0.0
10693,BNA,11637,FAR,105,104,17,0,1,0.1634615384615384,0.0,0.0095238095238095
10693,BNA,11697,FLL,2123,2102,467,17,4,0.2221693625118934,0.0080075365049458,0.0018841262364578
10693,BNA,11721,FNT,95,95,19,0,0,0.2,0.0,0.0
10693,BNA,11775,FSD,105,104,30,0,1,0.2884615384615384,0.0,0.0095238095238095
10693,BNA,11953,GNV,1,1,1,0,0,1.0,0.0,0.0
10693,BNA,11986,GRR,190,188,59,2,0,0.3138297872340425,0.0105263157894736,0.0
10693,BNA,11996,GSP,370,367,88,2,1,0.2397820163487738,0.0054054054054054,0.0027027027027027
10693,BNA,12094,HDN,11,10,4,0,1,0.4,0.0,0.0909090909090909
10693,BNA,12191,HOU,1765,1749,363,14,2,0.2075471698113207,0.0079320113314447,0.0011331444759206
10693,BNA,12264,IAD,1013,1006,218,4,3,0.2166998011928429,0.0039486673247778,0.0029615004935834
10693,BNA,12266,IAH,1362,1339,231,22,1,0.1725168035847647,0.0161527165932452,0.000734214390602
10693,BNA,12339,IND,303,302,82,1,0,0.271523178807947,0.0033003300330033,0.0
10693,BNA,12448,JAN,269,269,66,0,0,0.2453531598513011,0.0,0.0
10693,BNA,12451,JAX,1062,1056,220,6,0,0.2083333333333333,0.0056497175141242,0.0
10693,BNA,12478,JFK,1665,1607,379,52,6,0.2358431860609832,0.0312312312312312,0.0036036036036036
10693,BNA,12889,LAS,1989,1980,377,8,1,0.1904040404040404,0.0040221216691804,0.0005027652086475
10693,BNA,12892,LAX,2121,2107,422,14,0,0.2002847650688182,0.0066006600660066,0.0
10693,BNA,12953,LGA,3914,3775,976,108,31,0.2585430463576159,0.0275932549821154,0.0079202861522738
10693,BNA,12954,LGB,371,369,79,1,1,0.2140921409214092,0.0026954177897574,0.0026954177897574
10693,BNA,13198,MCI,1377,1362,306,12,3,0.224669603524229,0.008714596949891,0.0021786492374727
10693,BNA,13204,MCO,3277,3235,655,30,12,0.2024729520865533,0.0091547146780592,0.0036618858712236
10693,BNA,13230,MDT,73,72,19,0,1,0.2638888888888889,0.0,0.0136986301369863
10693,BNA,13232,MDW,1894,1869,350,20,5,0.1872659176029962,0.010559662090813,0.0026399155227032
10693,BNA,13244,MEM,270,270,93,0,0,0.3444444444444444,0.0,0.0
10693,BNA,13303,MIA,2343,2313,570,21,9,0.2464332036316472,0.0089628681177976,0.0038412291933418
10693,BNA,13342,MKE,958,950,203,7,1,0.2136842105263157,0.0073068893528183,0.0010438413361169
10693,BNA,13487,MSP,1625,1613,239,11,1,0.148171109733416,0.0067692307692307,0.0006153846153846
10693,BNA,13495,MSY,1590,1563,310,24,3,0.1983365323096609,0.0150943396226415,0.0018867924528301
10693,BNA,13577,MYR,623,618,137,3,2,0.2216828478964401,0.0048154093097913,0.0032102728731942
10693,BNA,13796,OAK,1,1,1,0,0,1.0,0.0,0.0
10693,BNA,13851,OKC,347,345,96,0,2,0.2782608695652174,0.0,0.0057636887608069
10693,BNA,13871,OMA,344,343,82,1,0,0.239067055393586,0.002906976744186,0.0
10693,BNA,13891,ONT,329,328,95,1,0,0.2896341463414634,0.0030395136778115,0.0
10693,BNA,13930,ORD,4949,4847,1314,95,7,0.2710955230039199,0.0191957971307334,0.0014144271570014
10693,BNA,13931,ORF,415,412,73,0,3,0.1771844660194174,0.0,0.0072289156626506
10693,BNA,14027,PBI,301,301,84,0,0,0.2790697674418604,0.0,0.0
10693,BNA,14057,PDX,372,367,97,4,1,0.2643051771117166,0.010752688172043,0.0026881720430107
10693,BNA,14082,PGD,126,122,26,1,3,0.2131147540983606,0.0079365079365079,0.0238095238095238
10693,BNA,14100,PHL,2693,2641,680,47,5,0.2574782279439606,0.0174526550315633,0.0018566654288897
10693,BNA,14107,PHX,2419,2401,482,15,3,0.2007496876301541,0.0062009094667217,0.0012401818933443
10693,BNA,14108,PIA,107,107,23,0,0,0.2149532710280373,0.0,0.0
10693,BNA,14112,PIE,101,100,41,0,1,0.41,0.0,0.0099009900990099
10693,BNA,14122,PIT,1074,1069,227,5,0,0.2123479887745556,0.0046554934823091,0.0
10693,BNA,14193,PNS,938,926,168,9,3,0.1814254859611231,0.009594882729211,0.0031982942430703
10693,BNA,14307,PVD,260,258,50,1,1,0.1937984496124031,0.0038461538461538,0.0038461538461538
10693,BNA,14314,PVU,95,93,19,1,1,0.2043010752688172,0.0105263157894736,0.0105263157894736
10693,BNA,14321,PWM,159,159,34,0,0,0.2138364779874214,0.0,0.0
10693,BNA,14492,RDU,2039,2002,483,33,4,0.2412587412587412,0.0161844041196665,0.0019617459538989
10693,BNA,14512,RFD,46,46,13,0,0,0.2826086956521739,0.0,0.0
10693,BNA,14524,RIC,449,448,97,0,1,0.2165178571428571,0.0,0.0022271714922048
10693,BNA,14635,RSW,690,683,158,5,2,0.2313323572474377,0.0072463768115942,0.0028985507246376
10693,BNA,14679,SAN,934,922,204,4,8,0.2212581344902386,0.0042826552462526,0.0085653104925053
10693,BNA,14683,SAT,964,954,206,7,3,0.2159329140461215,0.0072614107883817,0.0031120331950207
10693,BNA,14685,SAV,750,744,180,6,0,0.2419354838709677,0.008,0.0
10693,BNA,14730,SDF,143,143,32,0,0,0.2237762237762237,0.0,0.0
10693,BNA,14747,SEA,1437,1423,373,10,4,0.2621222768798313,0.0069589422407794,0.0027835768963117
10693,BNA,14761,SFB,127,127,43,0,0,0.3385826771653543,0.0,0.0
10693,BNA,14771,SFO,979,972,219,4,3,0.2253086419753086,0.0040858018386108,0.0030643513789581
10693,BNA,14814,SHV,26,26,1,0,0,0.0384615384615384,0.0,0.0
10693,BNA,14831,SJC,264,264,94,0,0,0.3560606060606061,0.0,0.0
10693,BNA,14843,SJU,52,52,13,0,0,0.25,0.0,0.0
10693,BNA,14869,SLC,1228,1224,194,4,0,0.1584967320261437,0.003257328990228,0.0
10693,BNA,14893,SMF,351,349,100,1,1,0.2865329512893982,0.0028490028490028,0.0028490028490028
10693,BNA,14908,SNA,201,201,23,0,0,0.1144278606965174,0.0,0.0
10693,BNA,14986,SRQ,650,649,135,1,0,0.2080123266563944,0.0015384615384615,0.0
10693,BNA,15016,STL,1276,1254,239,22,0,0.1905901116427432,0.0172413793103448,0.0
10693,BNA,15096,SYR,111,111,23,0,0,0.2072072072072072,0.0,0.0
10693,BNA,15304,TPA,2436,2404,566,26,6,0.235440931780366,0.0106732348111658,0.0024630541871921
10693,BNA,15370,TUL,268,268,64,0,0,0.2388059701492537,0.0,0.0
10693,BNA,15624,VPS,836,827,108,6,3,0.1305925030229746,0.0071770334928229,0.0035885167464114
10693,BNA,15919,XNA,92,91,17,0,1,0.1868131868131868,0.0,0.0108695652173913
10693,BNA,16422,GUF,13,11,4,1,1,0.3636363636363636,0.0769230769230769,0.0769230769230769
10713,BOI,10397,ATL,513,502,111,8,3,0.2211155378486055,0.0155945419103313,0.0058479532163742
10713,BOI,10466,AZA,109,109,30,0,0,0.2752293577981651,0.0,0.0
10713,BOI,10800,BUR,429,429,75,0,0,0.1748251748251748,0.0,0.0
10713,BOI,11259,DAL,9,9,2,0,0,0.2222222222222222,0.0,0.0
10713,BOI,11292,DEN,2999,2981,635,7,11,0.2130157665213015,0.0023341113704568,0.0036678892964321
10713,BOI,11298,DFW,787,757,149,17,13,0.1968295904887714,0.0216010165184243,0.0165184243964421
10713,BOI,11884,GEG,231,230,30,0,1,0.1304347826086956,0.0,0.0043290043290043
10713,BOI,12889,LAS,1447,1443,271,4,0,0.1878031878031878,0.0027643400138217,0.0
10713,BOI,12892,LAX,1447,1444,88,3,0,0.0609418282548476,0.0020732550103662,0.0
10713,BOI,13204,MCO,33,33,3,0,0,0.0909090909090909,0.0,0.0
10713,BOI,13232,MDW,78,77,13,0,1,0.1688311688311688,0.0,0.0128205128205128
10713,BOI,13487,MSP,780,775,103,3,2,0.1329032258064516,0.0038461538461538,0.0025641025641025
10713,BOI,13796,OAK,662,660,83,2,0,0.1257575757575757,0.0030211480362537,0.0
10713,BOI,13930,ORD,934,925,189,4,5,0.2043243243243243,0.0042826552462526,0.0053533190578158
10713,BOI,14057,PDX,1219,1211,129,8,0,0.106523534269199,0.0065627563576702,0.0
10713,BOI,14107,PHX,2085,2072,338,8,5,0.1631274131274131,0.0038369304556354,0.0023980815347721
10713,BOI,14262,PSP,20,20,2,0,0,0.1,0.0,0.0
10713,BOI,14679,SAN,939,929,143,8,2,0.1539289558665231,0.0085197018104366,0.0021299254526091
10713,BOI,14696,SBN,3,3,0,0,0,0.0,0.0,0.0
10713,BOI,14747,SEA,3759,3740,610,13,6,0.1631016042780748,0.0034583665868582,0.0015961691939345
10713,BOI,14771,SFO,1530,1519,308,6,5,0.2027649769585253,0.0039215686274509,0.0032679738562091
10713,BOI,14831,SJC,707,706,102,1,0,0.1444759206798866,0.0014144271570014,0.0
10713,BOI,14869,SLC,1713,1699,148,13,1,0.087110064743967,0.0075890251021599,0.0005837711617046
10713,BOI,14893,SMF,913,912,135,0,1,0.1480263157894736,0.0,0.0010952902519167
10713,BOI,14908,SNA,178,177,54,1,0,0.3050847457627119,0.0056179775280898,0.0
10721,BOS,10154,ACK,229,227,46,2,0,0.2026431718061674,0.0087336244541484,0.0
10721,BOS,10208,AGS,5,5,2,0,0,0.4,0.0,0.0
10721,BOS,10397,ATL,4990,4911,1121,66,13,0.2282630828751781,0.0132264529058116,0.0026052104208416
10721,BOS,10423,AUS,1475,1449,452,16,10,0.3119392684610076,0.0108474576271186,0.0067796610169491
10721,BOS,10431,AVL,260,258,30,0,2,0.1162790697674418,0.0,0.0076923076923076
10721,BOS,10693,BNA,2913,2871,793,31,11,0.2762103796586555,0.0106419498798489,0.0037761757638173
10721,BOS,10792,BUF,1035,1022,240,13,0,0.2348336594911937,0.0125603864734299,0.0
10721,BOS,10821,BWI,3843,3763,816,77,3,0.2168482593675259,0.0200364298724954,0.0007806401249024
10721,BOS,10849,BZN,188,185,41,3,0,0.2216216216216216,0.0159574468085106,0.0
10721,BOS,10994,CHS,1214,1193,299,17,4,0.250628667225482,0.0140032948929159,0.0032948929159802
10721,BOS,11042,CLE,1772,1744,376,28,0,0.2155963302752293,0.0158013544018058,0.0
10721,BOS,11057,CLT,4268,4191,815,75,2,0.194464328322596,0.0175726335520149,0.000468603561387
10721,BOS,11066,CMH,1979,1959,390,18,2,0.1990811638591118,0.0090955027791814,0.001010611419909
10721,BOS,11193,CVG,1661,1628,364,30,3,0.2235872235872235,0.0180614087898856,0.0018061408789885
10721,BOS,11252,DAB,28,28,8,0,0,0.2857142857142857,0.0,0.0
10721,BOS,11259,DAL,171,170,60,0,1,0.3529411764705882,0.0,0.0058479532163742
10721,BOS,11278,DCA,9132,8813,2341,288,31,0.2656303188471576,0.0315374507227332,0.003394656154183
10721,BOS,11292,DEN,3977,3950,961,15,12,0.2432911392405063,0.003771687201408,0.0030173497611264
10721,BOS,11298,DFW,3889,3776,986,81,32,0.2611228813559322,0.020827976343533,0.0082283363332476
10721,BOS,11423,DSM,64,63,9,1,0,0.1428571428571428,0.015625,0.0
10721,BOS,11433,DTW,2815,2782,602,27,6,0.216391085549964,0.0095914742451154,0.0021314387211367
10721,BOS,11618,EWR,3728,3567,1019,159,2,0.2856742360527053,0.0426502145922746,0.0005364806866952
10721,BOS,11624,EYW,207,202,54,2,3,0.2673267326732673,0.0096618357487922,0.0144927536231884
10721,BOS,11697,FLL,3483,3413,1078,58,12,0.3158511573395839,0.0166523112259546,0.0034453057708871
10721,BOS,11986,GRR,86,86,13,0,0,0.1511627906976744,0.0,0.0
10721,BOS,11996,GSP,2,2,1,0,0,0.5,0.0,0.0
10721,BOS,12094,HDN,35,33,9,1,1,0.2727272727272727,0.0285714285714285,0.0285714285714285
10721,BOS,12124,HHH,13,13,5,0,0,0.3846153846153846,0.0,0.0
10721,BOS,12173,HNL,295,288,83,6,1,0.2881944444444444,0.0203389830508474,0.0033898305084745
10721,BOS,12264,IAD,1581,1568,304,12,1,0.1938775510204081,0.0075901328273244,0.0006325110689437
10721,BOS,12266,IAH,2059,2029,439,17,13,0.2163627402661409,0.0082564351627003,0.0063137445361826
10721,BOS,12323,ILM,453,451,52,2,0,0.1152993348115299,0.0044150110375275,0.0
10721,BOS,12339,IND,1990,1960,332,30,0,0.1693877551020408,0.0150753768844221,0.0
10721,BOS,12391,ISP,7,0,0,7,0,,1.0,0.0
10721,BOS,12451,JAX,1575,1545,410,29,1,0.2653721682847896,0.0184126984126984,0.0006349206349206
10721,BOS,12478,JFK,5533,5346,1264,187,0,0.2364384586606809,0.0337972166998011,0.0
10721,BOS,12889,LAS,1716,1704,399,6,6,0.2341549295774647,0.0034965034965034,0.0034965034965034
10721,BOS,12892,LAX,4556,4531,1000,21,4,0.2207018318252041,0.0046093064091308,0.0008779631255487
10721,BOS,12953,LGA,7033,6755,1469,273,5,0.2174685418208734,0.0388170055452865,0.000710934167496
10721,BOS,13198,MCI,591,576,121,12,3,0.2100694444444444,0.0203045685279187,0.0050761421319796
10721,BOS,13204,MCO,4683,4589,1299,68,26,0.2830682065809544,0.0145206064488575,0.0055519965833867
10721,BOS,13232,MDW,1304,1290,332,13,1,0.2573643410852713,0.0099693251533742,0.0007668711656441
10721,BOS,13244,MEM,338,323,116,13,2,0.3591331269349845,0.0384615384615384,0.0059171597633136
10721,BOS,13303,MIA,3724,3669,854,45,10,0.2327609702916326,0.0120837808807733,0.0026852846401718
10721,BOS,13342,MKE,755,736,154,18,1,0.2092391304347826,0.023841059602649,0.0013245033112582
10721,BOS,13485,MSN,2,2,2,0,0,1.0,0.0,0.0
10721,BOS,13487,MSP,1851,1848,339,2,1,0.1834415584415584,0.0010804970286331,0.0005402485143165
10721,BOS,13495,MSY,1007,988,222,13,6,0.2246963562753036,0.012909632571996,0.0059582919563058
10721,BOS,13541,MVY,93,91,9,2,0,0.0989010989010989,0.021505376344086,0.0
10721,BOS,13577,MYR,642,621,135,18,3,0.217391304347826,0.02803738317757,0.0046728971962616
10721,BOS,13871,OMA,1,1,0,0,0,0.0,0.0,0.0
10721,BOS,13930,ORD,7290,7159,1914,112,19,0.2673557759463612,0.0153635116598079,0.0026063100137174
10721,BOS,13931,ORF,461,458,87,2,1,0.1899563318777292,0.0043383947939262,0.0021691973969631
10721,BOS,14027,PBI,2238,2189,727,35,14,0.3321151210598447,0.0156389633601429,0.0062555853440571
10721,BOS,14057,PDX,621,613,137,7,1,0.2234910277324633,0.0112721417069243,0.001610305958132
10721,BOS,14100,PHL,5026,4911,1172,111,4,0.2386479332111586,0.0220851571826502,0.0007958615200955
10721,BOS,14107,PHX,2075,2055,491,12,8,0.2389294403892944,0.0057831325301204,0.0038554216867469
10721,BOS,14122,PIT,2214,2180,454,33,1,0.2082568807339449,0.0149051490514905,0.0004516711833785
10721,BOS,14231,PQI,365,360,113,2,3,0.3138888888888889,0.0054794520547945,0.0082191780821917
10721,BOS,14492,RDU,2899,2864,692,35,0,0.2416201117318435,0.0120731286650569,0.0
10721,BOS,14524,RIC,1766,1736,425,26,4,0.2448156682027649,0.014722536806342,0.0022650056625141
10721,BOS,14635,RSW,2388,2345,641,35,8,0.2733475479744136,0.0146566164154103,0.0033500837520938
10721,BOS,14679,SAN,1720,1696,349,11,13,0.2057783018867924,0.0063953488372093,0.0075581395348837
10721,BOS,14683,SAT,337,333,70,3,1,0.2102102102102102,0.0089020771513353,0.0029673590504451
10721,BOS,14685,SAV,1065,1047,218,15,3,0.2082139446036294,0.0140845070422535,0.0028169014084507
10721,BOS,14730,SDF,689,682,95,4,3,0.1392961876832844,0.0058055152394775,0.0043541364296081
10721,BOS,14747,SEA,2491,2459,615,22,10,0.2501016673444489,0.0088317944600562,0.0040144520272982
10721,BOS,14771,SFO,4575,4540,977,22,13,0.2151982378854625,0.0048087431693989,0.0028415300546448
10721,BOS,14843,SJU,1897,1872,556,16,9,0.297008547008547,0.0084343700579862,0.0047443331576172
10721,BOS,14869,SLC,1249,1238,251,6,5,0.202746365105008,0.0048038430744595,0.0040032025620496
10721,BOS,14893,SMF,126,126,32,0,0,0.2539682539682539,0.0,0.0
10721,BOS,14986,SRQ,625,616,158,9,0,0.2564935064935065,0.0144,0.0
10721,BOS,15016,STL,1615,1587,356,24,4,0.2243226212980466,0.014860681114551,0.0024767801857585
10721,BOS,15024,STT,135,133,28,1,1,0.2105263157894736,0.0074074074074074,0.0074074074074074
10721,BOS,15096,SYR,358,352,126,6,0,0.3579545454545454,0.0167597765363128,0.0
10721,BOS,15304,TPA,2986,2929,826,44,13,0.2820075110959372,0.014735432016075,0.0043536503683858
10721,BOS,15380,TVC,174,174,21,0,0,0.1206896551724138,0.0,0.0
10721,BOS,15412,TYS,171,171,28,0,0,0.1637426900584795,0.0,0.0
10721,BOS,15624,VPS,31,31,3,0,0,0.0967741935483871,0.0,0.0
10721,BOS,15628,VRB,21,21,10,0,0,0.4761904761904761,0.0,0.0
10728,BPT,11298,DFW,727,695,138,30,2,0.1985611510791367,0.0412654745529573,0.0027510316368638
10732,BQN,11618,EWR,365,349,71,6,10,0.2034383954154728,0.0164383561643835,0.0273972602739726
10732,BQN,11697,FLL,322,319,72,2,1,0.225705329153605,0.0062111801242236,0.0031055900621118
10732,BQN,12478,JFK,602,591,88,10,1,0.1489001692047377,0.0166112956810631,0.0016611295681063
10732,BQN,13204,MCO,999,982,178,12,5,0.1812627291242362,0.012012012012012,0.005005005005005
10732,BQN,13303,MIA,9,9,0,0,0,0.0,0.0,0.0
10739,BRD,13487,MSP,629,623,102,6,0,0.1637239165329053,0.0095389507154213,0.0
10747,BRO,11298,DFW,1567,1509,306,57,1,0.2027833001988071,0.0363752393107849,0.0006381620931716
10754,BRW,10299,ANC,360,345,109,15,0,0.3159420289855073,0.0416666666666666,0.0
10779,BTM,11292,DEN,362,358,74,2,2,0.2067039106145251,0.005524861878453,0.005524861878453
10779,BTM,14869,SLC,346,343,18,3,0,0.0524781341107871,0.0086705202312138,0.0
10781,BTR,10397,ATL,965,942,152,21,2,0.1613588110403397,0.021761658031088,0.0020725388601036
10781,BTR,10599,BHM,1,1,0,0,0,0.0,0.0,0.0
10781,BTR,10693,BNA,1,1,0,0,0,0.0,0.0,0.0
10781,BTR,11057,CLT,742,730,131,12,0,0.1794520547945205,0.0161725067385444,0.0
10781,BTR,11278,DCA,296,276,36,17,3,0.1304347826086956,0.0574324324324324,0.0101351351351351
10781,BTR,11298,DFW,2055,1969,499,83,3,0.2534281361097003,0.0403892944038929,0.0014598540145985
10781,BTR,12266,IAH,475,467,119,8,0,0.2548179871520342,0.0168421052631578,0.0
10785,BTV,10397,ATL,380,371,59,7,2,0.1590296495956873,0.0184210526315789,0.0052631578947368
10785,BTV,11057,CLT,585,569,124,15,1,0.2179261862917399,0.0256410256410256,0.0017094017094017
10785,BTV,11278,DCA,1340,1255,401,77,8,0.3195219123505976,0.0574626865671641,0.0059701492537313
10785,BTV,11292,DEN,202,187,74,3,12,0.3957219251336898,0.0148514851485148,0.0594059405940594
10785,BTV,11433,DTW,332,332,60,0,0,0.180722891566265,0.0,0.0
10785,BTV,11618,EWR,770,740,194,28,2,0.2621621621621621,0.0363636363636363,0.0025974025974025
10785,BTV,12264,IAD,556,540,76,16,0,0.1407407407407407,0.0287769784172661,0.0
10785,BTV,12478,JFK,8,8,2,0,0,0.25,0.0,0.0
10785,BTV,12953,LGA,49,49,2,0,0,0.0408163265306122,0.0,0.0
10785,BTV,13204,MCO,80,80,17,0,0,0.2125,0.0,0.0
10785,BTV,13487,MSP,4,4,0,0,0,0.0,0.0,0.0
10785,BTV,13930,ORD,1162,1148,365,13,1,0.3179442508710801,0.0111876075731497,0.0008605851979345
10785,BTV,14100,PHL,1037,992,279,44,1,0.28125,0.0424300867888138,0.0009643201542912
10785,BTV,15304,TPA,46,44,11,2,0,0.25,0.0434782608695652,0.0
10792,BUF,10397,ATL,1367,1337,281,28,2,0.2101720269259536,0.0204828090709583,0.0014630577907827
10792,BUF,10693,BNA,334,330,65,1,3,0.1969696969696969,0.0029940119760479,0.0089820359281437
10792,BUF,10721,BOS,1035,1021,253,14,0,0.2477962781586679,0.0135265700483091,0.0
10792,BUF,10821,BWI,1686,1660,238,25,1,0.1433734939759036,0.0148279952550415,0.0005931198102016
10792,BUF,11057,CLT,1211,1187,249,22,2,0.2097725358045492,0.0181668042939719,0.0016515276630883
10792,BUF,11259,DAL,34,33,14,1,0,0.4242424242424242,0.0294117647058823,0.0
10792,BUF,11278,DCA,1270,1179,411,90,1,0.3486005089058524,0.0708661417322834,0.0007874015748031
10792,BUF,11292,DEN,596,593,117,2,1,0.1973018549747049,0.0033557046979865,0.0016778523489932
10792,BUF,11298,DFW,538,522,151,14,2,0.289272030651341,0.0260223048327137,0.0037174721189591
10792,BUF,11433,DTW,968,960,173,8,0,0.1802083333333333,0.0082644628099173,0.0
10792,BUF,11618,EWR,427,418,45,9,0,0.1076555023923445,0.0210772833723653,0.0
10792,BUF,11697,FLL,577,568,121,7,2,0.2130281690140845,0.0121317157712305,0.0034662045060658
10792,BUF,12191,HOU,1,1,0,0,0,0.0,0.0,0.0
10792,BUF,12264,IAD,126,123,22,3,0,0.1788617886178861,0.0238095238095238,0.0
10792,BUF,12266,IAH,1,1,0,0,0,0.0,0.0,0.0
10792,BUF,12478,JFK,1333,1286,294,45,2,0.2286158631415241,0.0337584396099024,0.0015003750937734
10792,BUF,12889,LAS,383,382,65,1,0,0.1701570680628272,0.0026109660574412,0.0
10792,BUF,12892,LAX,159,157,45,2,0,0.286624203821656,0.0125786163522012,0.0
10792,BUF,12953,LGA,1809,1730,349,75,4,0.2017341040462427,0.0414593698175787,0.0022111663902708
10792,BUF,13198,MCI,1,1,0,0,0,0.0,0.0,0.0
10792,BUF,13204,MCO,1923,1901,372,11,11,0.1956864807995791,0.0057202288091523,0.0057202288091523
10792,BUF,13232,MDW,729,721,132,7,1,0.1830790568654646,0.0096021947873799,0.0013717421124828
10792,BUF,13303,MIA,31,31,8,0,0,0.2580645161290322,0.0,0.0
10792,BUF,13487,MSP,93,91,16,1,1,0.1758241758241758,0.010752688172043,0.010752688172043
10792,BUF,13495,MSY,1,1,0,0,0,0.0,0.0,0.0
10792,BUF,13930,ORD,2129,2084,490,42,3,0.2351247600767754,0.0197275716298731,0.0014091122592766
10792,BUF,14027,PBI,58,58,16,0,0,0.2758620689655172,0.0,0.0
10792,BUF,14100,PHL,219,213,54,6,0,0.2535211267605634,0.0273972602739726,0.0
10792,BUF,14107,PHX,358,355,92,2,1,0.2591549295774648,0.0055865921787709,0.0027932960893854
10792,BUF,14492,RDU,96,94,15,2,0,0.1595744680851064,0.0208333333333333,0.0
10792,BUF,14635,RSW,227,220,48,5,2,0.2181818181818181,0.0220264317180616,0.0088105726872246
10792,BUF,14986,SRQ,52,50,12,2,0,0.24,0.0384615384615384,0.0
10792,BUF,15304,TPA,885,874,197,8,3,0.2254004576659038,0.0090395480225988,0.0033898305084745
10800,BUR,10140,ABQ,348,345,46,2,1,0.1333333333333333,0.0057471264367816,0.0028735632183908
10800,BUR,10397,ATL,352,342,99,6,4,0.2894736842105263,0.0170454545454545,0.0113636363636363
10800,BUR,10423,AUS,357,353,53,1,3,0.1501416430594901,0.0028011204481792,0.0084033613445378
10800,BUR,10693,BNA,335,332,42,0,3,0.1265060240963855,0.0,0.008955223880597
10800,BUR,10713,BOI,429,425,58,1,3,0.1364705882352941,0.0023310023310023,0.0069930069930069
10800,BUR,11259,DAL,448,437,63,6,5,0.1441647597254004,0.0133928571428571,0.0111607142857142
10800,BUR,11292,DEN,2398,2374,479,17,7,0.2017691659646167,0.0070892410341951,0.0029190992493744
10800,BUR,11298,DFW,729,713,138,12,4,0.1935483870967742,0.0164609053497942,0.0054869684499314
10800,BUR,11603,EUG,69,67,15,1,1,0.2238805970149253,0.0144927536231884,0.0144927536231884
10800,BUR,12191,HOU,329,325,39,3,1,0.12,0.0091185410334346,0.0030395136778115
10800,BUR,12478,JFK,179,174,74,5,0,0.425287356321839,0.0279329608938547,0.0
10800,BUR,12889,LAS,4419,4350,809,69,0,0.1859770114942529,0.0156143923964697,0.0
10800,BUR,13198,MCI,205,204,33,1,0,0.1617647058823529,0.0048780487804878,0.0
10800,BUR,13232,MDW,335,331,37,2,2,0.1117824773413897,0.0059701492537313,0.0059701492537313
10800,BUR,13495,MSY,22,22,5,0,0,0.2272727272727272,0.0,0.0
10800,BUR,13796,OAK,3077,3021,402,56,0,0.1330685203574975,0.0181995450113747,0.0
10800,BUR,14057,PDX,903,892,100,10,1,0.1121076233183856,0.0110741971207087,0.0011074197120708
10800,BUR,14107,PHX,3165,3117,472,45,3,0.1514276547962784,0.0142180094786729,0.0009478672985781
10800,BUR,14252,PSC,66,64,10,2,0,0.15625,0.0303030303030303,0.0
10800,BUR,14489,RDM,66,65,11,0,1,0.1692307692307692,0.0,0.0151515151515151
10800,BUR,14570,RNO,433,430,84,2,1,0.1953488372093023,0.0046189376443418,0.0023094688221709
10800,BUR,14683,SAT,19,19,4,0,0,0.2105263157894736,0.0,0.0
10800,BUR,14747,SEA,1599,1553,321,37,9,0.2066967160334835,0.0231394621638524,0.0056285178236397
10800,BUR,14771,SFO,3044,2999,768,39,6,0.2560853617872624,0.0128120893561103,0.0019710906701708
10800,BUR,14831,SJC,2398,2365,285,30,3,0.120507399577167,0.012510425354462,0.0012510425354462
10800,BUR,14869,SLC,1507,1497,178,10,0,0.1189044756179024,0.006635700066357,0.0
10800,BUR,14893,SMF,2761,2712,359,48,1,0.1323746312684365,0.0173850054328141,0.0003621876131836
10800,BUR,15016,STL,321,317,43,3,1,0.1356466876971608,0.0093457943925233,0.0031152647975077
10800,BUR,15023,STS,372,354,60,14,4,0.1694915254237288,0.0376344086021505,0.010752688172043
10821,BWI,10140,ABQ,423,420,97,1,2,0.2309523809523809,0.0023640661938534,0.0047281323877068
10821,BWI,10257,ALB,1637,1615,330,20,2,0.2043343653250774,0.0122174709835064,0.0012217470983506
10821,BWI,10397,ATL,5666,5548,1200,102,16,0.2162941600576784,0.018002117896223,0.00282386163078
10821,BWI,10423,AUS,1278,1257,285,17,4,0.2267303102625298,0.0133020344287949,0.0031298904538341
10821,BWI,10529,BDL,1747,1719,336,27,1,0.1954624781849912,0.0154550658271322,0.0005724098454493
10821,BWI,10599,BHM,342,336,58,4,2,0.1726190476190476,0.0116959064327485,0.0058479532163742
10821,BWI,10693,BNA,1881,1851,355,25,5,0.1917882225823879,0.0132908027644869,0.0026581605528973
10821,BWI,10721,BOS,3878,3801,975,76,1,0.2565114443567482,0.0195977307890665,0.0002578648788035
10821,BWI,10792,BUF,1687,1659,401,26,2,0.241711874623267,0.0154119739181979,0.0011855364552459
10821,BWI,10994,CHS,1268,1248,287,17,3,0.2299679487179487,0.0134069400630914,0.002365930599369
10821,BWI,11042,CLE,966,947,209,19,0,0.2206969376979936,0.0196687370600414,0.0
10821,BWI,11057,CLT,3134,3079,638,51,4,0.2072101331601169,0.0162731333758774,0.0012763241863433
10821,BWI,11066,CMH,1061,1041,244,17,3,0.2343900096061479,0.0160226201696512,0.002827521206409
10821,BWI,11109,COS,268,267,68,1,0,0.2546816479400749,0.003731343283582,0.0
10821,BWI,11193,CVG,712,706,146,6,0,0.206798866855524,0.0084269662921348,0.0
10821,BWI,11259,DAL,1843,1807,443,30,6,0.2451577199778638,0.0162778079218665,0.0032555615843733
10821,BWI,11292,DEN,3024,2985,714,28,11,0.2391959798994974,0.0092592592592592,0.0036375661375661
10821,BWI,11298,DFW,1473,1429,382,40,4,0.2673198040587823,0.0271554650373387,0.0027155465037338
10821,BWI,11433,DTW,2287,2263,428,23,1,0.1891294741493592,0.0100568430257979,0.0004372540445999
10821,BWI,11481,ECP,44,44,8,0,0,0.1818181818181818,0.0,0.0
10821,BWI,11697,FLL,3287,3235,735,47,5,0.2272024729520865,0.0142987526620018,0.0015211439002129
10821,BWI,11986,GRR,408,407,83,1,0,0.2039312039312039,0.0024509803921568,0.0
10821,BWI,11996,GSP,691,685,146,4,2,0.2131386861313868,0.0057887120115774,0.0028943560057887
10821,BWI,12191,HOU,1461,1430,336,30,1,0.2349650349650349,0.0205338809034907,0.000684462696783
10821,BWI,12266,IAH,1191,1174,217,15,2,0.1848381601362862,0.0125944584382871,0.0016792611251049
10821,BWI,12339,IND,1214,1202,268,12,0,0.2229617304492512,0.0098846787479406,0.0
10821,BWI,12391,ISP,1196,1178,287,14,4,0.2436332767402377,0.011705685618729,0.0033444816053511
10821,BWI,12448,JAN,303,301,68,2,0,0.2259136212624584,0.0066006600660066,0.0
10821,BWI,12451,JAX,1402,1379,344,18,5,0.2494561276287164,0.0128388017118402,0.0035663338088445
10821,BWI,12889,LAS,2025,2001,416,18,6,0.2078960519740129,0.0088888888888888,0.0029629629629629
10821,BWI,12892,LAX,1714,1692,366,18,4,0.2163120567375886,0.0105017502917152,0.0023337222870478
10821,BWI,12954,LGB,181,180,51,0,1,0.2833333333333333,0.0,0.005524861878453
10821,BWI,13198,MCI,806,793,204,10,3,0.2572509457755359,0.0124069478908188,0.0037220843672456
10821,BWI,13204,MCO,4905,4796,1153,88,21,0.2404086738949124,0.0179408766564729,0.0042813455657492
10821,BWI,13232,MDW,1959,1922,454,31,6,0.2362122788761706,0.0158244002041858,0.003062787136294
10821,BWI,13244,MEM,288,287,51,1,0,0.1777003484320557,0.0034722222222222,0.0
10821,BWI,13296,MHT,1604,1586,331,16,2,0.2087011349306431,0.0099750623441396,0.0012468827930174
10821,BWI,13303,MIA,2442,2395,616,41,6,0.2572025052192067,0.0167895167895167,0.0024570024570024
10821,BWI,13342,MKE,847,836,186,10,1,0.2224880382775119,0.011806375442739,0.0011806375442739
10821,BWI,13487,MSP,1373,1363,241,10,0,0.1768158473954512,0.0072833211944646,0.0
10821,BWI,13495,MSY,1312,1290,300,20,2,0.2325581395348837,0.0152439024390243,0.0015243902439024
10821,BWI,13577,MYR,1031,1020,232,8,3,0.2274509803921568,0.0077594568380213,0.002909796314258
10821,BWI,13796,OAK,4,4,2,0,0,0.5,0.0,0.0
10821,BWI,13891,ONT,185,185,65,0,0,0.3513513513513513,0.0,0.0
10821,BWI,13930,ORD,2677,2626,635,47,4,0.2418126428027418,0.0175569667538289,0.001494209936496
10821,BWI,13931,ORF,1535,1517,317,15,3,0.2089650626235992,0.009771986970684,0.0019543973941368
10821,BWI,14027,PBI,1274,1264,332,8,2,0.2626582278481013,0.0062794348508634,0.0015698587127158
10821,BWI,14057,PDX,119,114,25,2,3,0.219298245614035,0.0168067226890756,0.0252100840336134
10821,BWI,14107,PHX,1305,1292,283,9,4,0.2190402476780185,0.0068965517241379,0.0030651340996168
10821,BWI,14122,PIT,1051,1036,239,15,0,0.2306949806949807,0.0142721217887725,0.0
10821,BWI,14307,PVD,1857,1833,383,22,2,0.2089470812875068,0.0118470651588583,0.0010770059235325
10821,BWI,14321,PWM,1341,1329,283,10,2,0.2129420617005267,0.0074571215510812,0.0014914243102162
10821,BWI,14492,RDU,1815,1787,349,28,0,0.1952993844432008,0.015426997245179,0.0
10821,BWI,14524,RIC,729,719,151,10,0,0.2100139082058414,0.0137174211248285,0.0
10821,BWI,14576,ROC,1100,1084,263,14,2,0.2426199261992619,0.0127272727272727,0.0018181818181818
10821,BWI,14635,RSW,1436,1415,354,18,3,0.2501766784452296,0.0125348189415041,0.0020891364902506
10821,BWI,14679,SAN,984,969,234,10,5,0.2414860681114551,0.0101626016260162,0.0050813008130081
10821,BWI,14683,SAT,820,809,189,9,2,0.2336217552533992,0.0109756097560975,0.0024390243902439
10821,BWI,14685,SAV,980,969,206,8,3,0.2125902992776057,0.0081632653061224,0.0030612244897959
10821,BWI,14730,SDF,888,867,185,21,0,0.2133794694348327,0.0236486486486486,0.0
10821,BWI,14747,SEA,705,699,230,5,1,0.3290414878397711,0.0070921985815602,0.001418439716312
10821,BWI,14771,SFO,899,893,189,5,1,0.2116461366181411,0.0055617352614015,0.0011123470522803
10821,BWI,14831,SJC,150,150,46,0,0,0.3066666666666666,0.0,0.0
10821,BWI,14843,SJU,1287,1272,394,13,2,0.3097484276729559,0.0101010101010101,0.0015540015540015
10821,BWI,14869,SLC,767,763,154,4,0,0.2018348623853211,0.0052151238591916,0.0
10821,BWI,14893,SMF,300,298,99,0,2,0.3322147651006711,0.0,0.0066666666666666
10821,BWI,14986,SRQ,1307,1293,301,11,3,0.2327919566898685,0.008416220351951,0.0022953328232593
10821,BWI,15016,STL,1312,1290,245,20,2,0.189922480620155,0.0152439024390243,0.0015243902439024
10821,BWI,15304,TPA,2807,2752,613,44,11,0.2227470930232558,0.0156750979693623,0.0039187744923405
10821,BWI,15624,VPS,207,207,16,0,0,0.0772946859903381,0.0,0.0
10849,BZN,10397,ATL,417,408,82,5,4,0.2009803921568627,0.0119904076738609,0.0095923261390887
10849,BZN,10466,AZA,155,155,35,0,0,0.2258064516129032,0.0,0.0
10849,BZN,10693,BNA,120,120,30,0,0,0.25,0.0,0.0
10849,BZN,10721,BOS,188,185,69,2,1,0.372972972972973,0.0106382978723404,0.0053191489361702
10849,BZN,11057,CLT,70,68,22,0,2,0.3235294117647059,0.0,0.0285714285714285
10849,BZN,11259,DAL,26,26,8,0,0,0.3076923076923077,0.0,0.0
10849,BZN,11292,DEN,2736,2697,716,24,15,0.2654801631442343,0.0087719298245614,0.0054824561403508
10849,BZN,11298,DFW,708,693,207,10,5,0.2987012987012987,0.0141242937853107,0.0070621468926553
10849,BZN,11433,DTW,19,19,6,0,0,0.3157894736842105,0.0,0.0
10849,BZN,11618,EWR,365,359,105,2,4,0.2924791086350975,0.0054794520547945,0.010958904109589
10849,BZN,12264,IAD,51,51,17,0,0,0.3333333333333333,0.0,0.0
10849,BZN,12266,IAH,79,78,25,0,1,0.3205128205128205,0.0,0.0126582278481012
10849,BZN,12478,JFK,135,133,55,1,1,0.4135338345864661,0.0074074074074074,0.0074074074074074
10849,BZN,12889,LAS,614,608,132,5,1,0.2171052631578947,0.00814332247557,0.001628664495114
10849,BZN,12892,LAX,609,604,71,4,1,0.1175496688741721,0.0065681444991789,0.0016420361247947
10849,BZN,12953,LGA,15,15,7,0,0,0.4666666666666667,0.0,0.0
10849,BZN,13232,MDW,119,119,15,0,0,0.1260504201680672,0.0,0.0
10849,BZN,13487,MSP,803,801,123,1,1,0.1535580524344569,0.0012453300124533,0.0012453300124533
10849,BZN,13930,ORD,1116,1102,274,8,6,0.248638838475499,0.007168458781362,0.0053763440860215
10849,BZN,14057,PDX,83,82,9,1,0,0.1097560975609756,0.0120481927710843,0.0
10849,BZN,14679,SAN,58,56,15,1,1,0.2678571428571428,0.0172413793103448,0.0172413793103448
10849,BZN,14747,SEA,1055,1043,206,11,1,0.1975071907957814,0.0104265402843601,0.0009478672985781
10849,BZN,14771,SFO,385,384,61,1,0,0.1588541666666666,0.0025974025974025,0.0
10849,BZN,14869,SLC,1125,1119,117,6,0,0.1045576407506702,0.0053333333333333,0.0
10868,CAE,10397,ATL,1839,1816,234,21,2,0.1288546255506608,0.0114192495921696,0.0010875475802066
10868,CAE,11057,CLT,615,600,111,15,0,0.185,0.024390243902439,0.0
10868,CAE,11278,DCA,1085,999,297,80,6,0.2972972972972973,0.0737327188940092,0.0055299539170506
10868,CAE,11298,DFW,849,822,188,25,2,0.2287104622871046,0.0294464075382803,0.0023557126030624
10868,CAE,11618,EWR,58,52,23,5,1,0.4423076923076923,0.0862068965517241,0.0172413793103448
10868,CAE,11697,FLL,109,107,36,1,1,0.3364485981308411,0.0091743119266055,0.0091743119266055
10868,CAE,12953,LGA,479,457,105,21,1,0.2297592997811816,0.0438413361169102,0.0020876826722338
10868,CAE,13204,MCO,45,45,16,0,0,0.3555555555555555,0.0,0.0
10868,CAE,13303,MIA,13,12,4,0,1,0.3333333333333333,0.0,0.0769230769230769
10868,CAE,13930,ORD,361,349,74,12,0,0.2120343839541547,0.0332409972299169,0.0
10868,CAE,14761,SFB,67,67,21,0,0,0.3134328358208955,0.0,0.0
10874,CAK,10693,BNA,67,66,17,1,0,0.2575757575757575,0.0149253731343283,0.0
10874,CAK,11057,CLT,1372,1353,290,15,4,0.2143385070214338,0.0109329446064139,0.0029154518950437
10874,CAK,11278,DCA,350,340,88,10,0,0.2588235294117647,0.0285714285714285,0.0
10874,CAK,11697,FLL,82,82,21,0,0,0.2560975609756097,0.0,0.0
10874,CAK,12451,JAX,56,54,21,1,1,0.3888888888888889,0.0178571428571428,0.0178571428571428
10874,CAK,12889,LAS,2,2,0,0,0,0.0,0.0,0.0
10874,CAK,13577,MYR,62,61,9,0,1,0.1475409836065573,0.0,0.0161290322580645
10874,CAK,13930,ORD,1497,1458,408,38,1,0.279835390946502,0.0253841015364061,0.0006680026720106
10874,CAK,14082,PGD,143,142,30,1,0,0.2112676056338028,0.0069930069930069,0.0
10874,CAK,14112,PIE,119,118,45,0,1,0.3813559322033898,0.0,0.0084033613445378
10874,CAK,14685,SAV,153,152,36,1,0,0.2368421052631578,0.0065359477124183,0.0
10874,CAK,14761,SFB,123,121,40,1,1,0.3305785123966942,0.008130081300813,0.008130081300813
10874,CAK,14986,SRQ,171,171,26,0,0,0.1520467836257309,0.0,0.0
10874,CAK,15624,VPS,32,32,1,0,0,0.03125,0.0,0.0
10918,CDC,14869,SLC,628,625,46,3,0,0.0736,0.0047770700636942,0.0
10926,CDV,10299,ANC,362,352,45,9,1,0.1278409090909091,0.0248618784530386,0.0027624309392265
10926,CDV,15991,YAK,362,354,48,4,4,0.135593220338983,0.011049723756906,0.011049723756906
10980,CHA,10397,ATL,1481,1459,234,22,0,0.1603838245373543,0.0148548278190411,0.0
10980,CHA,11057,CLT,495,473,125,22,0,0.2642706131078224,0.0444444444444444,0.0
10980,CHA,11278,DCA,300,279,93,20,1,0.3333333333333333,0.0666666666666666,0.0033333333333333
10980,CHA,11298,DFW,1592,1542,373,42,8,0.24189364461738,0.0263819095477386,0.0050251256281407
10980,CHA,11433,DTW,33,33,10,0,0,0.303030303030303,0.0,0.0
10980,CHA,11618,EWR,58,55,19,3,0,0.3454545454545454,0.0517241379310344,0.0
10980,CHA,11697,FLL,48,46,15,0,2,0.3260869565217391,0.0,0.0416666666666666
10980,CHA,12889,LAS,90,89,16,1,0,0.1797752808988764,0.0111111111111111,0.0
10980,CHA,13204,MCO,62,61,14,0,1,0.2295081967213114,0.0,0.0161290322580645
10980,CHA,13303,MIA,13,13,3,0,0,0.2307692307692307,0.0,0.0
10980,CHA,13930,ORD,656,636,207,17,3,0.3254716981132075,0.0259146341463414,0.0045731707317073
10980,CHA,14082,PGD,53,52,17,1,0,0.3269230769230769,0.0188679245283018,0.0
10980,CHA,14112,PIE,127,124,54,2,1,0.4354838709677419,0.0157480314960629,0.0078740157480314
10980,CHA,14761,SFB,132,132,75,0,0,0.5681818181818182,0.0,0.0
10990,CHO,10397,ATL,181,174,22,6,1,0.1264367816091954,0.0331491712707182,0.005524861878453
10990,CHO,11057,CLT,4,2,0,2,0,0.0,0.5,0.0
10990,CHO,12953,LGA,346,328,93,17,1,0.2835365853658536,0.0491329479768786,0.0028901734104046
10990,CHO,13930,ORD,971,938,282,26,7,0.3006396588486141,0.0267765190525231,0.0072090628218331
10994,CHS,10397,ATL,3069,3016,361,47,6,0.1196949602122015,0.0153144346692733,0.0019550342130987
10994,CHS,10423,AUS,113,113,23,0,0,0.2035398230088495,0.0,0.0
10994,CHS,10693,BNA,938,927,165,5,6,0.1779935275080906,0.0053304904051172,0.0063965884861407
10994,CHS,10721,BOS,1214,1192,367,21,1,0.3078859060402684,0.0172981878088962,0.000823723228995
10994,CHS,10821,BWI,1266,1239,203,23,4,0.1638418079096045,0.0181674565560821,0.0031595576619273
10994,CHS,11057,CLT,2720,2668,448,52,0,0.1679160419790105,0.0191176470588235,0.0
10994,CHS,11193,CVG,118,117,39,1,0,0.3333333333333333,0.0084745762711864,0.0
10994,CHS,11259,DAL,365,361,77,2,2,0.2132963988919667,0.0054794520547945,0.0054794520547945
10994,CHS,11278,DCA,1889,1759,492,119,11,0.2797043774872086,0.0629962943356273,0.0058231868713605
10994,CHS,11292,DEN,665,646,215,7,12,0.3328173374613003,0.0105263157894736,0.0180451127819548
10994,CHS,11298,DFW,1195,1158,256,29,8,0.2210708117443868,0.0242677824267782,0.006694560669456
10994,CHS,11433,DTW,730,722,117,4,4,0.1620498614958448,0.0054794520547945,0.0054794520547945
10994,CHS,11618,EWR,1434,1374,337,59,1,0.2452692867540029,0.0411436541143654,0.000697350069735
10994,CHS,11697,FLL,542,534,96,6,2,0.1797752808988764,0.011070110701107,0.003690036900369
10994,CHS,12191,HOU,227,224,51,0,3,0.2276785714285714,0.0,0.013215859030837
10994,CHS,12264,IAD,727,713,94,13,1,0.1318373071528751,0.0178817056396148,0.0013755158184319
10994,CHS,12266,IAH,141,139,25,2,0,0.1798561151079136,0.0141843971631205,0.0
10994,CHS,12339,IND,23,23,7,0,0,0.3043478260869565,0.0,0.0
10994,CHS,12478,JFK,789,764,225,23,2,0.2945026178010471,0.0291508238276299,0.0025348542458808
10994,CHS,12917,LCK,24,23,11,1,0,0.4782608695652174,0.0416666666666666,0.0
10994,CHS,12953,LGA,1129,1086,287,40,3,0.2642725598526703,0.0354295837023915,0.0026572187776793
10994,CHS,13198,MCI,9,9,0,0,0,0.0,0.0,0.0
10994,CHS,13232,MDW,354,353,50,1,0,0.141643059490085,0.0028248587570621,0.0
10994,CHS,13303,MIA,955,941,195,13,1,0.2072263549415515,0.0136125654450261,0.0010471204188481
10994,CHS,13487,MSP,259,258,59,1,0,0.2286821705426356,0.0038610038610038,0.0
10994,CHS,13930,ORD,1798,1760,385,33,5,0.21875,0.0183537263626251,0.0027808676307007
10994,CHS,14100,PHL,1436,1399,320,36,1,0.2287348105789849,0.0250696378830083,0.0006963788300835
10994,CHS,14747,SEA,346,343,101,3,0,0.2944606413994169,0.0086705202312138,0.0
10994,CHS,15016,STL,159,159,32,0,0,0.2012578616352201,0.0,0.0
11003,CID,10397,ATL,367,360,38,5,2,0.1055555555555555,0.0136239782016348,0.0054495912806539
11003,CID,10466,AZA,209,207,38,2,0,0.1835748792270531,0.0095693779904306,0.0
11003,CID,10693,BNA,47,47,8,0,0,0.1702127659574468,0.0,0.0
11003,CID,11057,CLT,429,424,83,5,0,0.1957547169811321,0.0116550116550116,0.0
11003,CID,11278,DCA,364,339,73,21,4,0.2153392330383481,0.0576923076923076,0.0109890109890109
11003,CID,11292,DEN,1051,1031,289,14,6,0.2803103782735208,0.0133206470028544,0.005708848715509
11003,CID,11298,DFW,1204,1158,263,40,6,0.2271157167530224,0.0332225913621262,0.0049833887043189
11003,CID,11697,FLL,76,76,20,0,0,0.2631578947368421,0.0,0.0
11003,CID,12889,LAS,129,129,21,0,0,0.1627906976744186,0.0,0.0
11003,CID,12892,LAX,26,26,11,0,0,0.4230769230769231,0.0,0.0
11003,CID,13303,MIA,21,19,2,2,0,0.1052631578947368,0.0952380952380952,0.0
11003,CID,13487,MSP,451,450,90,1,0,0.2,0.0022172949002217,0.0
11003,CID,13930,ORD,2327,2266,591,60,1,0.2608120035304501,0.0257842715943274,0.0004297378599054
11003,CID,14057,PDX,1,1,1,0,0,1.0,0.0,0.0
11003,CID,14082,PGD,216,216,32,0,0,0.1481481481481481,0.0,0.0
11003,CID,14100,PHL,1,1,0,0,0,0.0,0.0,0.0
11003,CID,14107,PHX,755,743,122,11,1,0.1641991924629879,0.014569536423841,0.0013245033112582
11003,CID,14112,PIE,178,176,53,2,0,0.3011363636363636,0.0112359550561797,0.0
11003,CID,14761,SFB,169,168,43,1,0,0.2559523809523809,0.0059171597633136,0.0
11003,CID,14986,SRQ,45,44,13,1,0,0.2954545454545454,0.0222222222222222,0.0
11013,CIU,11433,DTW,362,356,61,5,1,0.1713483146067415,0.0138121546961325,0.0027624309392265
11013,CIU,13487,MSP,365,361,70,4,0,0.1939058171745152,0.010958904109589,0.0
11013,CIU,13930,ORD,137,132,60,2,3,0.4545454545454545,0.0145985401459854,0.0218978102189781
11027,CKB,13577,MYR,26,23,19,3,0,0.8260869565217391,0.1153846153846153,0.0
11027,CKB,14112,PIE,53,52,11,0,1,0.2115384615384615,0.0,0.0188679245283018
11027,CKB,14761,SFB,113,112,69,1,0,0.6160714285714286,0.0088495575221238,0.0
11027,CKB,15624,VPS,13,12,4,1,0,0.3333333333333333,0.0769230769230769,0.0
11041,CLD,14107,PHX,640,637,57,2,1,0.0894819466248037,0.003125,0.0015625
11042,CLE,10397,ATL,3342,3278,506,53,11,0.1543624161073825,0.0158587672052663,0.0032914422501496
11042,CLE,10423,AUS,109,108,31,1,0,0.287037037037037,0.0091743119266055,0.0
11042,CLE,10693,BNA,965,959,149,4,2,0.1553701772679875,0.0041450777202072,0.0020725388601036
11042,CLE,10721,BOS,1769,1743,357,24,2,0.2048192771084337,0.0135669869983041,0.0011305822498586
11042,CLE,10821,BWI,965,956,134,9,0,0.1401673640167364,0.0093264248704663,0.0
11042,CLE,11057,CLT,1855,1827,348,26,2,0.1904761904761904,0.0140161725067385,0.0010781671159029
11042,CLE,11259,DAL,1,1,0,0,0,0.0,0.0,0.0
11042,CLE,11278,DCA,1603,1480,478,120,3,0.3229729729729729,0.0748596381784154,0.0018714909544603
11042,CLE,11292,DEN,1838,1821,372,7,10,0.2042833607907743,0.0038084874863982,0.0054406964091403
11042,CLE,11298,DFW,1698,1643,413,42,13,0.2513694461351187,0.0247349823321554,0.0076560659599528
11042,CLE,11433,DTW,773,767,148,6,0,0.1929595827900912,0.0077619663648124,0.0
11042,CLE,11618,EWR,1974,1912,485,61,1,0.2536610878661088,0.030901722391084,0.0005065856129685
11042,CLE,11697,FLL,1065,1052,201,8,5,0.1910646387832699,0.0075117370892018,0.0046948356807511
11042,CLE,12264,IAD,995,985,140,10,0,0.1421319796954314,0.0100502512562814,0.0
11042,CLE,12266,IAH,928,921,129,6,1,0.1400651465798045,0.0064655172413793,0.0010775862068965
11042,CLE,12478,JFK,717,689,125,27,1,0.1814223512336719,0.0376569037656903,0.00139470013947
11042,CLE,12889,LAS,1020,1011,214,6,3,0.211671612265084,0.0058823529411764,0.0029411764705882
11042,CLE,12892,LAX,690,690,66,0,0,0.0956521739130434,0.0,0.0
11042,CLE,12953,LGA,1989,1902,458,83,4,0.2407991587802313,0.0417295123177476,0.0020110608345902
11042,CLE,13204,MCO,1913,1894,431,17,2,0.2275607180570222,0.0088865656037637,0.0010454783063251
11042,CLE,13232,MDW,1107,1099,185,7,1,0.1683348498635122,0.006323396567299,0.000903342366757
11042,CLE,13303,MIA,787,777,146,9,1,0.1879021879021879,0.0114358322744599,0.0012706480304955
11042,CLE,13342,MKE,1,1,0,0,0,0.0,0.0,0.0
11042,CLE,13487,MSP,805,800,129,4,1,0.16125,0.0049689440993788,0.0012422360248447
11042,CLE,13577,MYR,168,167,29,0,1,0.1736526946107784,0.0,0.0059523809523809
11042,CLE,13930,ORD,4546,4427,968,115,4,0.2186582335667495,0.0252969643642762,0.0008798944126704
11042,CLE,14027,PBI,38,35,7,2,1,0.2,0.0526315789473684,0.0263157894736842
11042,CLE,14100,PHL,927,884,255,42,1,0.2884615384615384,0.0453074433656957,0.0010787486515641
11042,CLE,14107,PHX,903,898,207,2,3,0.2305122494432071,0.0022148394241417,0.0033222591362126
11042,CLE,14122,PIT,38,37,14,1,0,0.3783783783783784,0.0263157894736842,0.0
11042,CLE,14492,RDU,191,191,21,0,0,0.1099476439790576,0.0,0.0
11042,CLE,14635,RSW,943,931,160,9,3,0.1718582169709989,0.009544008483563,0.0031813361611876
11042,CLE,14747,SEA,434,425,133,8,1,0.3129411764705882,0.0184331797235023,0.0023041474654377
11042,CLE,14771,SFO,645,645,74,0,0,0.1147286821705426,0.0,0.0
11042,CLE,14843,SJU,203,196,65,6,1,0.3316326530612244,0.0295566502463054,0.0049261083743842
11042,CLE,14869,SLC,169,168,42,1,0,0.25,0.0059171597633136,0.0
11042,CLE,14986,SRQ,134,133,30,0,1,0.225563909774436,0.0,0.0074626865671641
11042,CLE,15016,STL,701,690,97,10,1,0.1405797101449275,0.014265335235378,0.0014265335235378
11042,CLE,15304,TPA,1018,996,254,21,1,0.2550200803212851,0.0206286836935167,0.0009823182711198
11049,CLL,10599,BHM,1,1,0,0,0,0.0,0.0,0.0
11049,CLL,11298,DFW,1219,1175,237,44,0,0.2017021276595744,0.0360951599671862,0.0
11049,CLL,11953,GNV,1,1,1,0,0,1.0,0.0,0.0
11057,CLT,10135,ABE,913,884,222,28,1,0.251131221719457,0.0306681270536692,0.0010952902519167
11057,CLT,10140,ABQ,6,6,1,0,0,0.1666666666666666,0.0,0.0
11057,CLT,10154,ACK,11,11,4,0,0,0.3636363636363636,0.0,0.0
11057,CLT,10208,AGS,522,508,143,12,2,0.281496062992126,0.0229885057471264,0.003831417624521
11057,CLT,10257,ALB,1148,1129,268,17,2,0.237378210806023,0.0148083623693379,0.0017421602787456
11057,CLT,10372,ASE,6,4,4,0,2,1.0,0.0,0.3333333333333333
11057,CLT,10397,ATL,4786,4699,917,78,9,0.1951479038093211,0.0162975344755537,0.0018804847471792
11057,CLT,10408,ATW,368,365,69,3,0,0.1890410958904109,0.0081521739130434,0.0
11057,CLT,10423,AUS,1719,1689,438,25,5,0.2593250444049733,0.0145433391506689,0.0029086678301337
11057,CLT,10431,AVL,1479,1426,350,45,8,0.2454417952314165,0.0304259634888438,0.0054090601757944
11057,CLT,10434,AVP,971,939,188,26,6,0.2002129925452609,0.0267765190525231,0.0061791967044284
11057,CLT,10529,BDL,1747,1715,390,25,7,0.227405247813411,0.0143102461362335,0.0040068689181453
11057,CLT,10581,BGR,185,183,27,0,2,0.1475409836065573,0.0,0.0108108108108108
11057,CLT,10599,BHM,2032,1974,399,55,3,0.202127659574468,0.0270669291338582,0.0014763779527559
11057,CLT,10693,BNA,3771,3700,961,63,8,0.2597297297297297,0.0167064439140811,0.0021214531954388
11057,CLT,10721,BOS,4268,4196,1080,67,5,0.2573879885605338,0.0156982193064667,0.0011715089034676
11057,CLT,10781,BTR,743,725,193,17,1,0.2662068965517241,0.0228802153432032,0.0013458950201884
11057,CLT,10785,BTV,586,573,132,12,1,0.2303664921465968,0.0204778156996587,0.0017064846416382
11057,CLT,10792,BUF,1211,1193,324,18,0,0.2715842414082146,0.0148637489677952,0.0
11057,CLT,10821,BWI,3133,3073,759,53,7,0.2469899121379759,0.0169166932652409,0.0022342802425789
11057,CLT,10849,BZN,70,70,13,0,0,0.1857142857142857,0.0,0.0
11057,CLT,10868,CAE,614,599,156,15,0,0.2604340567612688,0.02442996742671,0.0
11057,CLT,10874,CAK,1373,1352,380,19,2,0.2810650887573964,0.0138383102694828,0.0014566642388929
11057,CLT,10980,CHA,492,473,130,18,1,0.2748414376321353,0.0365853658536585,0.0020325203252032
11057,CLT,10990,CHO,4,2,0,2,0,0.0,0.5,0.0
11057,CLT,10994,CHS,2719,2667,617,48,4,0.2313460817397825,0.0176535490989334,0.0014711290915777
11057,CLT,11003,CID,429,422,136,5,2,0.3222748815165877,0.0116550116550116,0.0046620046620046
11057,CLT,11042,CLE,1855,1828,474,26,1,0.2592997811816193,0.0140161725067385,0.0005390835579514
11057,CLT,11066,CMH,2004,1973,487,31,0,0.2468322351748606,0.0154690618762475,0.0
11057,CLT,11146,CRW,1153,1111,315,37,5,0.2835283528352835,0.0320901994796183,0.0043365134431916
11057,CLT,11193,CVG,1919,1880,539,37,2,0.2867021276595745,0.0192808754559666,0.0010422094841063
11057,CLT,11252,DAB,1410,1377,317,31,2,0.2302106027596223,0.0219858156028368,0.001418439716312
11057,CLT,11259,DAL,377,373,100,1,3,0.2680965147453083,0.0026525198938992,0.0079575596816976
11057,CLT,11267,DAY,1292,1280,348,11,1,0.271875,0.0085139318885448,0.0007739938080495
11057,CLT,11278,DCA,3087,3003,991,74,10,0.33000333000333,0.0239714933592484,0.003239390994493
11057,CLT,11292,DEN,2930,2899,804,16,15,0.2773370127630217,0.0054607508532423,0.0051194539249146
11057,CLT,11298,DFW,3970,3876,958,80,14,0.2471620227038183,0.0201511335012594,0.0035264483627204
11057,CLT,11423,DSM,818,795,217,20,3,0.2729559748427673,0.0244498777506112,0.0036674816625916
11057,CLT,11433,DTW,3735,3702,704,30,3,0.1901674770394381,0.0080321285140562,0.0008032128514056
11057,CLT,11481,ECP,1171,1135,219,31,5,0.1929515418502202,0.0264730999146029,0.0042698548249359
11057,CLT,11503,EGE,14,14,8,0,0,0.5714285714285714,0.0,0.0
11057,CLT,11577,ERI,39,37,6,0,2,0.1621621621621621,0.0,0.0512820512820512
11057,CLT,11617,EWN,294,292,77,1,1,0.2636986301369863,0.0034013605442176,0.0034013605442176
11057,CLT,11618,EWR,3676,3560,1134,105,11,0.3185393258426966,0.0285636561479869,0.0029923830250272
11057,CLT,11624,EYW,1220,1192,255,14,14,0.2139261744966443,0.0114754098360655,0.0114754098360655
11057,CLT,11641,FAY,196,193,31,3,0,0.160621761658031,0.0153061224489795,0.0
11057,CLT,11697,FLL,3222,3174,782,42,6,0.2463768115942029,0.0130353817504655,0.0018621973929236
11057,CLT,11823,FWA,409,392,108,16,1,0.2755102040816326,0.0391198044009779,0.0024449877750611
11057,CLT,11953,GNV,220,210,53,9,1,0.2523809523809524,0.0409090909090909,0.0045454545454545
11057,CLT,11973,GPT,968,929,194,37,2,0.208826695371367,0.0382231404958677,0.0020661157024793
11057,CLT,11977,GRB,4,4,1,0,0,0.25,0.0,0.0
11057,CLT,11986,GRR,1045,1034,275,11,0,0.2659574468085106,0.0105263157894736,0.0
11057,CLT,11995,GSO,1538,1501,346,37,0,0.2305129913391072,0.0240572171651495,0.0
11057,CLT,11996,GSP,2203,2163,591,37,3,0.2732316227461858,0.0167952791647753,0.0013617793917385
11057,CLT,12124,HHH,1109,1086,199,15,8,0.1832412523020258,0.0135256988277727,0.0072137060414788
11057,CLT,12191,HOU,38,38,17,0,0,0.4473684210526316,0.0,0.0
11057,CLT,12197,HPN,1333,1278,312,40,15,0.244131455399061,0.0300075018754688,0.0112528132033008
11057,CLT,12217,HSV,662,631,146,31,0,0.2313787638668779,0.0468277945619335,0.0
11057,CLT,12264,IAD,1991,1941,425,49,1,0.2189592993302421,0.0246107483676544,0.0005022601707684
11057,CLT,12266,IAH,2394,2344,594,42,8,0.2534129692832764,0.0175438596491228,0.0033416875522138
11057,CLT,12323,ILM,2227,2190,500,36,1,0.228310502283105,0.0161652447238437,0.0004490345756623
11057,CLT,12339,IND,1939,1900,479,33,6,0.2521052631578947,0.0170190820010314,0.003094378545642
11057,CLT,12441,JAC,122,122,21,0,0,0.1721311475409836,0.0,0.0
11057,CLT,12448,JAN,416,394,116,19,3,0.2944162436548223,0.0456730769230769,0.0072115384615384
11057,CLT,12451,JAX,2184,2156,475,24,4,0.2203153988868274,0.0109890109890109,0.0018315018315018
11057,CLT,12478,JFK,2147,2102,650,39,6,0.3092293054234062,0.0181648812296227,0.0027945971122496
11057,CLT,12889,LAS,2317,2294,476,16,7,0.2074978204010462,0.0069054812257229,0.0030211480362537
11057,CLT,12892,LAX,2511,2498,559,12,1,0.2237790232185748,0.004778972520908,0.0003982477100756
11057,CLT,12945,LEX,1720,1660,457,55,5,0.2753012048192771,0.0319767441860465,0.002906976744186
11057,CLT,12951,LFT,365,354,115,11,0,0.3248587570621469,0.0301369863013698,0.0
11057,CLT,12953,LGA,4865,4720,1372,126,19,0.2906779661016949,0.0258992805755395,0.0039054470709146
11057,CLT,12992,LIT,1254,1210,280,41,3,0.2314049586776859,0.0326953748006379,0.0023923444976076
11057,CLT,13198,MCI,1321,1294,323,24,3,0.249613601236476,0.0181680545041635,0.0022710068130204
11057,CLT,13204,MCO,4828,4757,1320,60,11,0.2774858103846962,0.0124275062137531,0.002278376139188
11057,CLT,13230,MDT,697,686,172,11,0,0.2507288629737609,0.0157819225251076,0.0
11057,CLT,13232,MDW,705,693,172,10,2,0.2481962481962482,0.0141843971631205,0.0028368794326241
11057,CLT,13244,MEM,1804,1767,435,32,5,0.2461799660441426,0.0177383592017738,0.0027716186252771
11057,CLT,13296,MHT,920,889,217,30,1,0.2440944881889764,0.0326086956521739,0.0010869565217391
11057,CLT,13303,MIA,3807,3752,973,45,10,0.2593283582089552,0.0118203309692671,0.0026267402153926
11057,CLT,13342,MKE,1011,997,263,12,2,0.2637913741223671,0.0118694362017804,0.0019782393669634
11057,CLT,13360,MLB,1228,1205,276,23,0,0.2290456431535269,0.018729641693811,0.0
11057,CLT,13367,MLI,538,522,144,15,1,0.2758620689655172,0.0278810408921933,0.0018587360594795
11057,CLT,13422,MOB,11,11,1,0,0,0.0909090909090909,0.0,0.0
11057,CLT,13485,MSN,1035,1020,224,13,2,0.2196078431372549,0.0125603864734299,0.0019323671497584
11057,CLT,13487,MSP,2535,2509,503,21,5,0.2004782781984854,0.008284023668639,0.0019723865877712
11057,CLT,13495,MSY,1975,1946,411,26,3,0.21120246659815,0.0131645569620253,0.0015189873417721
11057,CLT,13541,MVY,11,11,0,0,0,0.0,0.0,0.0
11057,CLT,13577,MYR,2429,2368,602,58,3,0.2542229729729729,0.0238781391519143,0.00123507616303
11057,CLT,13795,OAJ,350,327,91,23,0,0.2782874617737003,0.0657142857142857,0.0
11057,CLT,13851,OKC,792,771,174,19,2,0.22568093385214,0.0239898989898989,0.0025252525252525
11057,CLT,13871,OMA,997,978,242,15,4,0.2474437627811861,0.0150451354062186,0.0040120361083249
11057,CLT,13891,ONT,324,321,81,3,0,0.2523364485981308,0.0092592592592592,0.0
11057,CLT,13930,ORD,4226,4148,1067,66,12,0.2572324011571842,0.0156176053005205,0.0028395646000946
11057,CLT,13931,ORF,2593,2546,648,43,4,0.2545168892380204,0.0165831083686849,0.0015426147319706
11057,CLT,14027,PBI,1942,1918,460,21,3,0.2398331595411887,0.0108135942327497,0.0015447991761071
11057,CLT,14057,PDX,391,387,130,3,1,0.3359173126614987,0.0076726342710997,0.0025575447570332
11057,CLT,14098,PHF,3,3,0,0,0,0.0,0.0,0.0
11057,CLT,14100,PHL,3641,3569,899,66,6,0.2518912860745307,0.0181268882175226,0.0016478989288656
11057,CLT,14107,PHX,2931,2909,600,14,8,0.2062564455139223,0.004776526782668,0.0027294438758103
11057,CLT,14108,PIA,771,735,180,32,4,0.2448979591836734,0.0415045395590142,0.0051880674448767
11057,CLT,14122,PIT,1937,1916,437,19,2,0.2280793319415449,0.0098089829633453,0.0010325245224574
11057,CLT,14193,PNS,2076,2018,496,49,9,0.2457879088206144,0.0236030828516377,0.0043352601156069
11057,CLT,14262,PSP,2,2,1,0,0,0.5,0.0,0.0
11057,CLT,14307,PVD,1552,1524,346,25,3,0.2270341207349081,0.0161082474226804,0.0019329896907216
11057,CLT,14321,PWM,696,684,159,11,1,0.2324561403508772,0.0158045977011494,0.0014367816091954
11057,CLT,14457,RAP,123,122,14,1,0,0.1147540983606557,0.008130081300813,0.0
11057,CLT,14492,RDU,3318,3268,728,50,0,0.222766217870257,0.0150693188667872,0.0
11057,CLT,14524,RIC,2611,2569,633,39,3,0.2463993771895679,0.0149368058215243,0.0011489850631941
11057,CLT,14576,ROC,1030,1024,241,6,0,0.2353515625,0.0058252427184466,0.0
11057,CLT,14635,RSW,1938,1908,424,24,6,0.2222222222222222,0.0123839009287925,0.0030959752321981
11057,CLT,14679,SAN,1583,1566,325,10,7,0.2075351213282247,0.0063171193935565,0.0044219835754895
11057,CLT,14683,SAT,1384,1370,343,11,3,0.2503649635036496,0.0079479768786127,0.0021676300578034
11057,CLT,14685,SAV,2611,2547,625,59,5,0.2453867294856694,0.0225967062428188,0.0019149751053236
11057,CLT,14696,SBN,1065,1036,242,26,3,0.2335907335907336,0.0244131455399061,0.0028169014084507
11057,CLT,14730,SDF,1757,1713,442,41,3,0.2580268534734384,0.0233352305065452,0.0017074558907228
11057,CLT,14747,SEA,1277,1270,362,6,1,0.2850393700787401,0.004698512137823,0.0007830853563038
11057,CLT,14771,SFO,1597,1582,475,12,3,0.3002528445006321,0.0075140889167188,0.0018785222291797
11057,CLT,14783,SGF,1301,1262,295,34,5,0.233755942947702,0.0261337432744043,0.0038431975403535
11057,CLT,14814,SHV,833,816,242,16,1,0.2965686274509804,0.0192076830732292,0.0012004801920768
11057,CLT,14843,SJU,1038,1026,251,8,4,0.2446393762183235,0.0077071290944123,0.0038535645472061
11057,CLT,14869,SLC,897,890,208,7,0,0.2337078651685393,0.007803790412486,0.0
11057,CLT,14893,SMF,472,465,128,6,1,0.2752688172043011,0.0127118644067796,0.0021186440677966
11057,CLT,14908,SNA,364,357,99,2,5,0.2773109243697479,0.0054945054945054,0.0137362637362637
11057,CLT,14986,SRQ,1589,1567,353,20,2,0.2252712188895979,0.0125865324103209,0.001258653241032
11057,CLT,15016,STL,2008,1979,468,24,5,0.2364830722587165,0.0119521912350597,0.0024900398406374
11057,CLT,15024,STT,589,581,100,4,4,0.1721170395869191,0.0067911714770797,0.0067911714770797
11057,CLT,15027,STX,130,129,28,1,0,0.2170542635658914,0.0076923076923076,0.0
11057,CLT,15096,SYR,1111,1096,253,12,3,0.2308394160583941,0.0108010801080108,0.0027002700270027
11057,CLT,15249,TLH,286,277,73,9,0,0.2635379061371841,0.0314685314685314,0.0
11057,CLT,15304,TPA,3619,3566,850,47,6,0.2383623107122826,0.0129870129870129,0.0016579165515335
11057,CLT,15323,TRI,1,1,1,0,0,1.0,0.0,0.0
11057,CLT,15370,TUL,754,735,206,19,0,0.2802721088435374,0.0251989389920424,0.0
11057,CLT,15380,TVC,305,302,65,2,1,0.2152317880794702,0.0065573770491803,0.0032786885245901
11057,CLT,15412,TYS,1225,1201,323,22,2,0.2689425478767693,0.0179591836734693,0.0016326530612244
11057,CLT,15624,VPS,1202,1178,291,22,2,0.2470288624787776,0.0183028286189683,0.0016638935108153
11057,CLT,15919,XNA,1659,1621,394,34,4,0.243059839605182,0.0204942736588306,0.0024110910186859
11066,CMH,10397,ATL,3280,3240,504,31,9,0.1555555555555555,0.0094512195121951,0.0027439024390243
11066,CMH,10423,AUS,374,373,84,0,1,0.225201072386059,0.0,0.0026737967914438
11066,CMH,10693,BNA,970,960,167,9,1,0.1739583333333333,0.0092783505154639,0.0010309278350515
11066,CMH,10721,BOS,1982,1963,358,16,3,0.1823739174732552,0.0080726538849646,0.0015136226034308
11066,CMH,10821,BWI,1061,1044,113,16,1,0.1082375478927203,0.0150801131008482,0.000942507068803
11066,CMH,11057,CLT,2002,1971,407,30,1,0.2064941653982749,0.0149850149850149,0.0004995004995004
11066,CMH,11259,DAL,452,444,113,3,5,0.2545045045045045,0.0066371681415929,0.0110619469026548
11066,CMH,11278,DCA,2044,1958,598,82,4,0.3054136874361593,0.0401174168297455,0.0019569471624266
11066,CMH,11292,DEN,1736,1720,407,5,11,0.2366279069767441,0.0028801843317972,0.0063364055299539
11066,CMH,11298,DFW,1747,1693,396,42,12,0.2339043118724158,0.0240412135088723,0.0068689181453921
11066,CMH,11433,DTW,1384,1378,179,6,0,0.1298984034833091,0.0043352601156069,0.0
11066,CMH,11618,EWR,1752,1671,365,80,1,0.2184320766008378,0.045662100456621,0.0005707762557077
11066,CMH,11697,FLL,1015,1005,205,8,2,0.2039800995024875,0.0078817733990147,0.0019704433497536
11066,CMH,12191,HOU,354,351,47,2,1,0.1339031339031339,0.0056497175141242,0.0028248587570621
11066,CMH,12264,IAD,1102,1088,188,13,1,0.1727941176470588,0.0117967332123411,0.0009074410163339
11066,CMH,12266,IAH,570,564,156,6,0,0.2765957446808511,0.0105263157894736,0.0
11066,CMH,12478,JFK,1752,1706,299,43,3,0.175263774912075,0.0245433789954337,0.0017123287671232
11066,CMH,12889,LAS,1045,1042,206,1,2,0.1976967370441458,0.000956937799043,0.0019138755980861
11066,CMH,12892,LAX,320,316,81,4,0,0.2563291139240506,0.0125,0.0
11066,CMH,12953,LGA,3197,3088,679,99,10,0.2198834196891191,0.0309665311229277,0.0031279324366593
11066,CMH,13198,MCI,29,29,6,0,0,0.2068965517241379,0.0,0.0
11066,CMH,13204,MCO,2268,2240,436,23,5,0.1946428571428571,0.0101410934744268,0.0022045855379188
11066,CMH,13232,MDW,1265,1257,203,8,0,0.1614956245027844,0.0063241106719367,0.0
11066,CMH,13303,MIA,1054,1047,220,4,3,0.210124164278892,0.0037950664136622,0.0028462998102466
11066,CMH,13485,MSN,2,2,0,0,0,0.0,0.0,0.0
11066,CMH,13487,MSP,798,789,135,9,0,0.1711026615969581,0.0112781954887218,0.0
11066,CMH,13495,MSY,67,64,13,2,1,0.203125,0.0298507462686567,0.0149253731343283
11066,CMH,13577,MYR,27,27,7,0,0,0.2592592592592592,0.0,0.0
11066,CMH,13930,ORD,4564,4500,1161,62,2,0.258,0.0135845749342681,0.0004382120946538
11066,CMH,14100,PHL,1333,1287,342,43,3,0.2657342657342657,0.032258064516129,0.0022505626406601
11066,CMH,14107,PHX,1171,1162,181,7,2,0.1557659208261617,0.0059777967549103,0.0017079419299743
11066,CMH,14635,RSW,638,627,122,5,6,0.1945773524720893,0.0078369905956112,0.0094043887147335
11066,CMH,14679,SAN,68,68,20,0,0,0.2941176470588235,0.0,0.0
11066,CMH,14683,SAT,1,1,0,0,0,0.0,0.0,0.0
11066,CMH,14747,SEA,475,473,132,2,0,0.2790697674418604,0.0042105263157894,0.0
11066,CMH,14771,SFO,255,253,96,1,1,0.3794466403162055,0.0039215686274509,0.0039215686274509
11066,CMH,14869,SLC,363,362,34,1,0,0.0939226519337016,0.0027548209366391,0.0
11066,CMH,14986,SRQ,301,299,56,1,1,0.1872909698996655,0.0033222591362126,0.0033222591362126
11066,CMH,15016,STL,667,658,98,7,2,0.1489361702127659,0.0104947526236881,0.0029985007496251
11066,CMH,15304,TPA,918,910,162,6,2,0.178021978021978,0.0065359477124183,0.0021786492374727
11067,CMI,11298,DFW,727,710,132,13,4,0.1859154929577464,0.0178817056396148,0.0055020632737276
11067,CMI,13930,ORD,927,898,209,29,0,0.232739420935412,0.0312837108953613,0.0
11076,CMX,13930,ORD,795,757,214,35,3,0.2826948480845442,0.0440251572327044,0.0037735849056603
11097,COD,11292,DEN,930,897,280,21,12,0.3121516164994425,0.0225806451612903,0.0129032258064516
11109,COS,10397,ATL,542,529,69,8,5,0.1304347826086956,0.014760147601476,0.0092250922509225
11109,COS,10466,AZA,54,54,13,0,0,0.2407407407407407,0.0,0.0
11109,COS,10821,BWI,268,263,42,1,4,0.1596958174904943,0.003731343283582,0.0149253731343283
11109,COS,11259,DAL,883,873,157,7,3,0.1798396334478808,0.0079275198187995,0.0033975084937712
11109,COS,11292,DEN,5304,5213,1399,89,2,0.2683675426817571,0.0167797888386123,0.0003770739064856
11109,COS,11298,DFW,2017,1943,482,65,9,0.2480699948533196,0.0322260783341596,0.0044620723847297
11109,COS,12191,HOU,90,90,17,0,0,0.1888888888888888,0.0,0.0
11109,COS,12266,IAH,244,240,29,3,1,0.1208333333333333,0.0122950819672131,0.0040983606557377
11109,COS,12889,LAS,868,867,188,1,0,0.2168396770472895,0.0011520737327188,0.0
11109,COS,13232,MDW,362,358,76,1,3,0.2122905027932961,0.0027624309392265,0.0082872928176795
11109,COS,13487,MSP,92,92,10,0,0,0.108695652173913,0.0,0.0
11109,COS,13930,ORD,853,840,169,7,6,0.2011904761904762,0.0082063305978898,0.0070339976553341
11109,COS,14107,PHX,990,986,188,1,3,0.1906693711967545,0.001010101010101,0.003030303030303
11109,COS,14112,PIE,92,92,10,0,0,0.108695652173913,0.0,0.0
11109,COS,14679,SAN,61,61,14,0,0,0.2295081967213114,0.0,0.0
11109,COS,14683,SAT,19,19,7,0,0,0.3684210526315789,0.0,0.0
11109,COS,14869,SLC,536,534,42,1,1,0.0786516853932584,0.001865671641791,0.001865671641791
11109,COS,14908,SNA,85,83,26,2,0,0.3132530120481928,0.0235294117647058,0.0
11111,COU,10599,BHM,1,1,0,0,0,0.0,0.0,0.0
11111,COU,11292,DEN,97,96,18,0,1,0.1875,0.0,0.0103092783505154
11111,COU,11298,DFW,1150,1096,286,48,6,0.260948905109489,0.0417391304347826,0.0052173913043478
11111,COU,13930,ORD,1241,1197,320,43,1,0.2673350041771094,0.0346494762288477,0.0008058017727639
11122,CPR,11292,DEN,2398,2366,607,21,11,0.2565511411665258,0.0087572977481234,0.0045871559633027
11140,CRP,11292,DEN,24,24,5,0,0,0.2083333333333333,0.0,0.0
11140,CRP,11298,DFW,2431,2360,429,65,6,0.1817796610169491,0.0267379679144385,0.0024681201151789
11140,CRP,12191,HOU,957,949,137,7,1,0.1443624868282402,0.0073145245559038,0.0010449320794148
11140,CRP,12266,IAH,533,522,123,11,0,0.2356321839080459,0.0206378986866791,0.0
11146,CRW,10397,ATL,445,431,102,14,0,0.2366589327146171,0.0314606741573033,0.0
11146,CRW,11057,CLT,1152,1119,268,32,1,0.2394995531724754,0.0277777777777777,0.0008680555555555
11146,CRW,11278,DCA,339,318,51,21,0,0.160377358490566,0.0619469026548672,0.0
11146,CRW,13930,ORD,966,938,307,22,6,0.3272921108742004,0.0227743271221532,0.0062111801242236
11193,CVG,10397,ATL,2941,2900,421,37,4,0.1451724137931034,0.0125807548452907,0.0013600816048962
11193,CVG,10423,AUS,295,294,64,0,1,0.2176870748299319,0.0,0.0033898305084745
11193,CVG,10466,AZA,84,84,14,0,0,0.1666666666666666,0.0,0.0
11193,CVG,10693,BNA,371,369,70,2,0,0.1897018970189702,0.0053908355795148,0.0
11193,CVG,10721,BOS,1661,1632,361,27,2,0.2212009803921568,0.016255267910897,0.0012040939193257
11193,CVG,10821,BWI,712,703,133,9,0,0.1891891891891892,0.0126404494382022,0.0
11193,CVG,10994,CHS,118,116,30,1,1,0.2586206896551724,0.0084745762711864,0.0084745762711864
11193,CVG,11057,CLT,1917,1876,430,38,3,0.2292110874200426,0.0198226395409494,0.001564945226917
11193,CVG,11278,DCA,985,920,329,62,3,0.3576086956521739,0.0629441624365482,0.0030456852791878
11193,CVG,11292,DEN,1500,1474,322,15,11,0.2184531886024423,0.01,0.0073333333333333
11193,CVG,11298,DFW,1786,1727,442,53,6,0.2559351476548929,0.0296752519596864,0.0033594624860022
11193,CVG,11433,DTW,43,43,6,0,0,0.1395348837209302,0.0,0.0
11193,CVG,11618,EWR,509,489,80,20,0,0.16359918200409,0.0392927308447937,0.0
11193,CVG,11624,EYW,116,113,23,1,2,0.2035398230088495,0.0086206896551724,0.0172413793103448
11193,CVG,11697,FLL,1050,1033,232,14,3,0.2245885769603098,0.0133333333333333,0.0028571428571428
11193,CVG,12264,IAD,525,518,66,7,0,0.1274131274131274,0.0133333333333333,0.0
11193,CVG,12266,IAH,586,578,85,6,2,0.1470588235294117,0.0102389078498293,0.0034129692832764
11193,CVG,12451,JAX,133,131,32,0,2,0.2442748091603053,0.0,0.0150375939849624
11193,CVG,12478,JFK,733,715,114,16,2,0.1594405594405594,0.0218281036834924,0.0027285129604365
11193,CVG,12889,LAS,688,679,147,9,0,0.2164948453608247,0.0130813953488372,0.0
11193,CVG,12892,LAX,335,331,69,4,0,0.2084592145015106,0.0119402985074626,0.0
11193,CVG,12953,LGA,858,822,183,33,3,0.2226277372262773,0.0384615384615384,0.0034965034965034
11193,CVG,13204,MCO,1804,1783,408,12,9,0.2288278182837913,0.0066518847006651,0.0049889135254988
11193,CVG,13232,MDW,426,421,63,3,2,0.1496437054631829,0.0070422535211267,0.0046948356807511
11193,CVG,13303,MIA,1060,1042,238,12,6,0.2284069097888675,0.0113207547169811,0.0056603773584905
11193,CVG,13360,MLB,106,104,22,2,0,0.2115384615384615,0.0188679245283018,0.0
11193,CVG,13487,MSP,855,851,133,4,0,0.1562867215041128,0.0046783625730994,0.0
11193,CVG,13495,MSY,49,47,13,1,1,0.2765957446808511,0.0204081632653061,0.0204081632653061
11193,CVG,13577,MYR,131,130,26,1,0,0.2,0.0076335877862595,0.0
11193,CVG,13930,ORD,4034,3934,1072,93,7,0.2724961870869344,0.0230540406544372,0.0017352503718393
11193,CVG,13931,ORF,21,20,11,1,0,0.55,0.0476190476190476,0.0
11193,CVG,14027,PBI,90,89,29,0,1,0.3258426966292135,0.0,0.0111111111111111
11193,CVG,14057,PDX,44,44,8,0,0,0.1818181818181818,0.0,0.0
11193,CVG,14082,PGD,357,353,69,0,4,0.1954674220963173,0.0,0.011204481792717
11193,CVG,14100,PHL,1038,1012,267,24,2,0.2638339920948616,0.0231213872832369,0.001926782273603
11193,CVG,14107,PHX,589,581,101,3,5,0.1738382099827883,0.0050933786078098,0.0084889643463497
11193,CVG,14112,PIE,378,374,111,2,2,0.2967914438502674,0.0052910052910052,0.0052910052910052
11193,CVG,14492,RDU,61,58,14,3,0,0.2413793103448276,0.0491803278688524,0.0
11193,CVG,14635,RSW,714,703,91,5,6,0.1294452347083926,0.0070028011204481,0.0084033613445378
11193,CVG,14685,SAV,197,195,58,2,0,0.2974358974358974,0.0101522842639593,0.0
11193,CVG,14747,SEA,771,763,178,6,2,0.2332896461336828,0.0077821011673151,0.0025940337224383
11193,CVG,14761,SFB,360,358,102,2,0,0.2849162011173184,0.0055555555555555,0.0
11193,CVG,14869,SLC,798,795,153,3,0,0.1924528301886792,0.0037593984962406,0.0
11193,CVG,14986,SRQ,365,363,89,1,1,0.2451790633608815,0.0027397260273972,0.0027397260273972
11193,CVG,15304,TPA,786,773,171,9,4,0.2212160413971539,0.0114503816793893,0.005089058524173
11193,CVG,15624,VPS,444,441,101,2,1,0.2290249433106576,0.0045045045045045,0.0022522522522522
11193,CVG,16422,GUF,65,63,12,1,1,0.1904761904761904,0.0153846153846153,0.0153846153846153
11203,CWA,13930,ORD,749,731,180,18,0,0.2462380300957592,0.0240320427236315,0.0
11233,CYS,11292,DEN,736,727,161,8,1,0.2214580467675378,0.0108695652173913,0.0013586956521739
11252,DAB,10397,ATL,1573,1553,221,19,1,0.142305215711526,0.0120788302606484,0.0006357279084551
11252,DAB,10721,BOS,28,28,10,0,0,0.3571428571428571,0.0,0.0
11252,DAB,11057,CLT,1410,1367,220,33,10,0.1609363569861009,0.0234042553191489,0.0070921985815602
11252,DAB,11278,DCA,9,9,4,0,0,0.4444444444444444,0.0,0.0
11252,DAB,11298,DFW,3,3,1,0,0,0.3333333333333333,0.0,0.0
11252,DAB,11433,DTW,2,2,0,0,0,0.0,0.0,0.0
11252,DAB,12478,JFK,28,27,7,1,0,0.2592592592592592,0.0357142857142857,0.0
11252,DAB,12953,LGA,1,1,0,0,0,0.0,0.0,0.0
11259,DAL,10140,ABQ,1671,1649,368,21,1,0.2231655548817465,0.0125673249551166,0.0005984440454817
11259,DAL,10279,AMA,1262,1241,249,16,5,0.2006446414182111,0.0126782884310618,0.0039619651347068
11259,DAL,10397,ATL,3502,3434,725,62,6,0.2111240535818287,0.0177041690462592,0.001713306681896
11259,DAL,10423,AUS,2346,2310,469,35,1,0.203030303030303,0.0149190110826939,0.0004262574595055
11259,DAL,10599,BHM,963,950,221,12,1,0.2326315789473684,0.0124610591900311,0.0010384215991692
11259,DAL,10693,BNA,2460,2414,572,40,6,0.2369511184755592,0.016260162601626,0.0024390243902439
11259,DAL,10713,BOI,9,9,3,0,0,0.3333333333333333,0.0,0.0
11259,DAL,10721,BOS,171,170,82,1,0,0.4823529411764706,0.0058479532163742,0.0
11259,DAL,10792,BUF,34,33,10,1,0,0.303030303030303,0.0294117647058823,0.0
11259,DAL,10800,BUR,448,439,116,7,2,0.2642369020501139,0.015625,0.0044642857142857
11259,DAL,10821,BWI,1849,1809,429,33,7,0.2371475953565505,0.0178474851270957,0.0037858301784748
11259,DAL,10849,BZN,26,26,7,0,0,0.2692307692307692,0.0,0.0
11259,DAL,10994,CHS,365,360,103,4,1,0.2861111111111111,0.010958904109589,0.0027397260273972
11259,DAL,11057,CLT,377,375,113,2,0,0.3013333333333333,0.0053050397877984,0.0
11259,DAL,11066,CMH,452,449,113,3,0,0.2516703786191537,0.0066371681415929,0.0
11259,DAL,11109,COS,883,874,212,6,3,0.2425629290617849,0.0067950169875424,0.0033975084937712
11259,DAL,11278,DCA,1735,1690,509,36,9,0.3011834319526627,0.0207492795389049,0.0051873198847262
11259,DAL,11292,DEN,3042,2982,874,49,11,0.2930918846411804,0.0161078238001314,0.0036160420775805
11259,DAL,11481,ECP,667,659,177,4,4,0.2685887708649468,0.0059970014992503,0.0059970014992503
11259,DAL,11540,ELP,1774,1749,415,22,3,0.2372784448256146,0.012401352874859,0.0016910935738444
11259,DAL,11638,FAT,18,18,6,0,0,0.3333333333333333,0.0,0.0
11259,DAL,11697,FLL,641,634,191,6,1,0.3012618296529968,0.0093603744149766,0.0015600624024961
11259,DAL,11884,GEG,18,18,1,0,0,0.0555555555555555,0.0,0.0
11259,DAL,12094,HDN,68,67,14,0,1,0.208955223880597,0.0,0.0147058823529411
11259,DAL,12191,HOU,4090,3990,938,93,7,0.2350877192982456,0.0227383863080684,0.0017114914425427
11259,DAL,12206,HRL,379,372,94,6,1,0.2526881720430107,0.0158311345646438,0.0026385224274406
11259,DAL,12339,IND,677,666,155,11,0,0.2327327327327327,0.0162481536189069,0.0
11259,DAL,12451,JAX,350,347,100,2,1,0.2881844380403458,0.0057142857142857,0.0028571428571428
11259,DAL,12889,LAS,2937,2888,593,45,4,0.2053324099722991,0.0153217568947906,0.0013619339462036
11259,DAL,12892,LAX,1523,1503,380,17,3,0.2528276779773786,0.0111621799080761,0.0019697964543663
11259,DAL,12896,LBB,1614,1590,340,21,3,0.2138364779874214,0.0130111524163568,0.0018587360594795
11259,DAL,12953,LGA,1417,1379,403,25,13,0.2922407541696882,0.0176429075511644,0.0091743119266055
11259,DAL,12954,LGB,684,675,138,9,0,0.2044444444444444,0.0131578947368421,0.0
11259,DAL,12992,LIT,1022,1009,258,9,4,0.2556987115956392,0.0088062622309197,0.0039138943248532
11259,DAL,13158,MAF,1375,1351,257,22,2,0.1902294596595114,0.016,0.0014545454545454
11259,DAL,13198,MCI,2034,1990,444,38,6,0.2231155778894472,0.0186823992133726,0.0029498525073746
11259,DAL,13204,MCO,2611,2570,686,30,11,0.2669260700389105,0.0114898506319417,0.0042129452317119
11259,DAL,13232,MDW,2216,2169,555,39,8,0.255878284923928,0.0175992779783393,0.003610108303249
11259,DAL,13244,MEM,459,455,115,3,1,0.2527472527472527,0.0065359477124183,0.0021786492374727
11259,DAL,13303,MIA,410,403,119,6,1,0.2952853598014888,0.0146341463414634,0.0024390243902439
11259,DAL,13342,MKE,407,402,70,4,1,0.1741293532338308,0.0098280098280098,0.0024570024570024
11259,DAL,13487,MSP,60,60,15,0,0,0.25,0.0,0.0
11259,DAL,13495,MSY,2310,2262,539,42,6,0.2382847038019452,0.0181818181818181,0.0025974025974025
11259,DAL,13502,MTJ,55,55,13,0,0,0.2363636363636363,0.0,0.0
11259,DAL,13577,MYR,48,48,9,0,0,0.1875,0.0,0.0
11259,DAL,13796,OAK,566,560,171,6,0,0.3053571428571429,0.0106007067137809,0.0
11259,DAL,13871,OMA,427,423,72,4,0,0.1702127659574468,0.009367681498829,0.0
11259,DAL,13891,ONT,404,400,123,2,2,0.3075,0.0049504950495049,0.0049504950495049
11259,DAL,13930,ORD,865,851,208,13,1,0.2444183313748531,0.015028901734104,0.0011560693641618
11259,DAL,13931,ORF,74,74,13,0,0,0.1756756756756756,0.0,0.0
11259,DAL,14057,PDX,138,136,48,1,1,0.3529411764705882,0.0072463768115942,0.0072463768115942
11259,DAL,14100,PHL,245,243,81,1,1,0.3333333333333333,0.0040816326530612,0.0040816326530612
11259,DAL,14107,PHX,2976,2898,640,71,7,0.2208419599723947,0.0238575268817204,0.0023521505376344
11259,DAL,14122,PIT,366,364,93,2,0,0.2554945054945055,0.0054644808743169,0.0
11259,DAL,14193,PNS,496,491,119,4,1,0.2423625254582484,0.0080645161290322,0.002016129032258
11259,DAL,14262,PSP,8,8,1,0,0,0.125,0.0,0.0
11259,DAL,14307,PVD,9,9,2,0,0,0.2222222222222222,0.0,0.0
11259,DAL,14492,RDU,439,434,109,5,0,0.2511520737327189,0.0113895216400911,0.0
11259,DAL,14570,RNO,58,57,26,1,0,0.4561403508771929,0.0172413793103448,0.0
11259,DAL,14635,RSW,140,136,39,4,0,0.2867647058823529,0.0285714285714285,0.0
11259,DAL,14679,SAN,1588,1560,387,21,7,0.248076923076923,0.0132241813602015,0.0044080604534005
11259,DAL,14683,SAT,2779,2743,515,34,2,0.1877506379876048,0.0122346167686218,0.0007196833393306
11259,DAL,14685,SAV,337,335,110,0,2,0.3283582089552239,0.0,0.0059347181008902
11259,DAL,14730,SDF,353,348,77,3,2,0.2212643678160919,0.0084985835694051,0.0056657223796034
11259,DAL,14747,SEA,229,225,73,4,0,0.3244444444444444,0.0174672489082969,0.0
11259,DAL,14831,SJC,571,561,132,9,1,0.2352941176470588,0.0157618213660245,0.0017513134851138
11259,DAL,14869,SLC,668,661,152,6,1,0.2299546142208774,0.0089820359281437,0.0014970059880239
11259,DAL,14893,SMF,666,659,163,7,0,0.2473444613050076,0.0105105105105105,0.0
11259,DAL,14908,SNA,364,360,82,4,0,0.2277777777777777,0.0109890109890109,0.0
11259,DAL,14986,SRQ,133,132,30,1,0,0.2272727272727272,0.0075187969924812,0.0
11259,DAL,15016,STL,1987,1943,374,40,4,0.1924858466289243,0.0201308505284348,0.0020130850528434
11259,DAL,15304,TPA,1305,1294,358,10,1,0.276661514683153,0.0076628352490421,0.0007662835249042
11259,DAL,15370,TUL,1048,1037,214,9,2,0.2063645130183221,0.0085877862595419,0.0019083969465648
11259,DAL,15376,TUS,240,236,48,4,0,0.2033898305084746,0.0166666666666666,0.0
11259,DAL,15624,VPS,428,424,101,3,1,0.2382075471698113,0.0070093457943925,0.0023364485981308
11267,DAY,10397,ATL,1372,1354,153,15,3,0.1129985228951255,0.0109329446064139,0.0021865889212827
11267,DAY,11057,CLT,1291,1269,241,19,3,0.189913317572892,0.0147172734314484,0.0023237800154918
11267,DAY,11278,DCA,1115,1054,309,56,5,0.2931688804554079,0.0502242152466367,0.0044843049327354
11267,DAY,11292,DEN,365,364,46,0,1,0.1263736263736263,0.0,0.0027397260273972
11267,DAY,11298,DFW,1407,1370,328,28,9,0.2394160583941605,0.0199004975124378,0.0063965884861407
11267,DAY,12953,LGA,198,193,35,5,0,0.1813471502590673,0.0252525252525252,0.0
11267,DAY,13930,ORD,1633,1580,415,51,2,0.2626582278481013,0.0312308634415186,0.0012247397428046
11267,DAY,14082,PGD,99,99,26,0,0,0.2626262626262626,0.0,0.0
11267,DAY,14100,PHL,261,256,31,4,1,0.12109375,0.0153256704980842,0.003831417624521
11267,DAY,14112,PIE,106,105,43,1,0,0.4095238095238095,0.0094339622641509,0.0
11267,DAY,14761,SFB,81,81,54,0,0,0.6666666666666666,0.0,0.0
11278,DCA,10154,ACK,282,268,53,11,3,0.1977611940298507,0.0390070921985815,0.0106382978723404
11278,DCA,10208,AGS,345,308,138,36,1,0.448051948051948,0.1043478260869565,0.0028985507246376
11278,DCA,10257,ALB,1262,1177,394,83,2,0.3347493627867459,0.0657686212361331,0.0015847860538827
11278,DCA,10397,ATL,6874,6637,1542,222,15,0.2323338857917734,0.0322956066336921,0.0021821355833575
11278,DCA,10423,AUS,365,362,189,3,0,0.5220994475138122,0.0082191780821917,0.0
11278,DCA,10431,AVL,539,510,142,29,0,0.2784313725490196,0.0538033395176252,0.0
11278,DCA,10529,BDL,1876,1784,560,90,2,0.3139013452914798,0.0479744136460554,0.0010660980810234
11278,DCA,10581,BGR,1010,937,293,72,1,0.3127001067235859,0.0712871287128712,0.0009900990099009
11278,DCA,10599,BHM,1009,951,289,57,1,0.3038906414300736,0.0564915758176412,0.0009910802775024
11278,DCA,10693,BNA,4269,4103,1061,154,12,0.2585912746770655,0.0360740220192082,0.0028109627547434
11278,DCA,10721,BOS,9131,8829,2391,299,3,0.2708120965001699,0.0327455919395466,0.0003285510896944
11278,DCA,10781,BTR,296,265,94,30,1,0.3547169811320754,0.1013513513513513,0.0033783783783783
11278,DCA,10785,BTV,1341,1282,361,54,5,0.281591263650546,0.0402684563758389,0.0037285607755406
11278,DCA,10792,BUF,1269,1189,410,79,1,0.3448275862068966,0.0622537431048069,0.0007880220646178
11278,DCA,10868,CAE,1083,996,354,84,3,0.3554216867469879,0.077562326869806,0.002770083102493
11278,DCA,10874,CAK,350,325,138,24,1,0.4246153846153846,0.0685714285714285,0.0028571428571428
11278,DCA,10980,CHA,299,273,116,25,1,0.4249084249084249,0.0836120401337792,0.0033444816053511
11278,DCA,10994,CHS,1890,1789,536,99,2,0.2996087199552822,0.0523809523809523,0.001058201058201
11278,DCA,11003,CID,364,353,68,10,1,0.1926345609065155,0.0274725274725274,0.0027472527472527
11278,DCA,11042,CLE,1601,1476,493,124,1,0.3340108401084011,0.0774515927545284,0.0006246096189881
11278,DCA,11057,CLT,3083,2987,686,94,2,0.2296618680950787,0.0304897826792085,0.0006487187804086
11278,DCA,11066,CMH,2046,1962,500,82,2,0.254841997961264,0.0400782013685239,0.0009775171065493
11278,DCA,11146,CRW,337,300,121,36,1,0.4033333333333333,0.1068249258160237,0.0029673590504451
11278,DCA,11193,CVG,988,937,368,48,3,0.3927427961579509,0.048582995951417,0.0030364372469635
11278,DCA,11252,DAB,9,9,2,0,0,0.2222222222222222,0.0,0.0
11278,DCA,11259,DAL,1735,1687,455,42,6,0.2697095435684647,0.024207492795389,0.0034582132564841
11278,DCA,11267,DAY,1116,1062,373,54,0,0.3512241054613936,0.0483870967741935,0.0
11278,DCA,11292,DEN,1390,1373,337,9,8,0.2454479242534595,0.0064748201438848,0.0057553956834532
11278,DCA,11298,DFW,3420,3275,749,124,21,0.2287022900763358,0.0362573099415204,0.0061403508771929
11278,DCA,11423,DSM,694,640,189,53,1,0.2953125,0.0763688760806916,0.0014409221902017
11278,DCA,11433,DTW,2819,2721,680,98,0,0.2499081220139654,0.034764100744945,0.0
11278,DCA,11481,ECP,311,298,65,10,3,0.2181208053691275,0.0321543408360128,0.0096463022508038
11278,DCA,11618,EWR,357,343,43,14,0,0.1253644314868804,0.0392156862745098,0.0
11278,DCA,11624,EYW,560,545,125,9,6,0.2293577981651376,0.0160714285714285,0.0107142857142857
11278,DCA,11697,FLL,2284,2235,614,42,7,0.2747203579418344,0.0183887915936952,0.0030647985989492
11278,DCA,11977,GRB,2,2,0,0,0,0.0,0.0,0.0
11278,DCA,11986,GRR,697,642,214,52,3,0.3333333333333333,0.0746054519368723,0.0043041606886657
11278,DCA,11995,GSO,785,742,246,42,1,0.3315363881401617,0.0535031847133758,0.0012738853503184
11278,DCA,11996,GSP,999,941,328,56,2,0.3485653560042508,0.056056056056056,0.002002002002002
11278,DCA,12124,HHH,313,307,41,2,4,0.1335504885993485,0.0063897763578274,0.0127795527156549
11278,DCA,12191,HOU,1056,1026,228,25,5,0.2222222222222222,0.0236742424242424,0.0047348484848484
11278,DCA,12197,HPN,1359,1250,494,105,4,0.3952,0.0772626931567329,0.002943340691685
11278,DCA,12217,HSV,1316,1235,383,80,1,0.3101214574898785,0.060790273556231,0.0007598784194528
11278,DCA,12250,HYA,106,104,13,2,0,0.125,0.0188679245283018,0.0
11278,DCA,12266,IAH,2670,2617,475,45,8,0.1815055406954528,0.0168539325842696,0.0029962546816479
11278,DCA,12278,ICT,308,297,97,8,3,0.3265993265993266,0.0259740259740259,0.0097402597402597
11278,DCA,12323,ILM,887,826,234,59,2,0.2832929782082324,0.0665163472378805,0.0022547914317925
11278,DCA,12339,IND,2043,1957,485,82,4,0.2478283086356668,0.0401370533529123,0.0019579050416054
11278,DCA,12448,JAN,299,269,114,29,1,0.4237918215613382,0.0969899665551839,0.0033444816053511
11278,DCA,12451,JAX,1499,1447,360,51,1,0.248790601243953,0.0340226817878585,0.000667111407605
11278,DCA,12478,JFK,2706,2561,552,144,1,0.2155408043732916,0.0532150776053215,0.0003695491500369
11278,DCA,12884,LAN,299,280,110,18,1,0.3928571428571428,0.060200668896321,0.0033444816053511
11278,DCA,12889,LAS,678,670,212,6,2,0.3164179104477612,0.0088495575221238,0.0029498525073746
11278,DCA,12892,LAX,1457,1433,378,17,7,0.2637822749476622,0.0116678105696636,0.0048043925875085
11278,DCA,12945,LEX,303,291,80,12,0,0.274914089347079,0.0396039603960396,0.0
11278,DCA,12953,LGA,4628,4391,1284,232,5,0.2924163060806194,0.0501296456352636,0.0010803802938634
11278,DCA,12992,LIT,364,347,134,13,4,0.3861671469740634,0.0357142857142857,0.0109890109890109
11278,DCA,13198,MCI,1866,1787,500,70,9,0.2797985450475657,0.037513397642015,0.0048231511254019
11278,DCA,13204,MCO,4632,4521,1193,91,20,0.2638796726387967,0.0196459412780656,0.0043177892918825
11278,DCA,13232,MDW,2102,2042,444,53,7,0.21743388834476,0.0252140818268315,0.0033301617507136
11278,DCA,13244,MEM,1245,1191,293,52,2,0.2460117548278757,0.0417670682730923,0.0016064257028112
11278,DCA,13277,MGM,294,280,106,13,1,0.3785714285714285,0.0442176870748299,0.0034013605442176
11278,DCA,13296,MHT,1261,1171,353,89,1,0.3014517506404782,0.070578905630452,0.0007930214115781
11278,DCA,13303,MIA,4048,3946,976,89,13,0.2473390775468829,0.0219861660079051,0.0032114624505928
11278,DCA,13342,MKE,1337,1271,325,63,3,0.2557041699449252,0.0471204188481675,0.0022438294689603
11278,DCA,13485,MSN,1054,1016,285,38,0,0.280511811023622,0.0360531309297912,0.0
11278,DCA,13487,MSP,2450,2384,521,60,6,0.2185402684563758,0.0244897959183673,0.0024489795918367
11278,DCA,13495,MSY,1927,1859,490,64,4,0.2635825712748789,0.0332122470160871,0.0020757654385054
11278,DCA,13541,MVY,275,267,37,7,1,0.1385767790262172,0.0254545454545454,0.0036363636363636
11278,DCA,13577,MYR,707,673,169,33,1,0.2511144130757801,0.0466760961810466,0.0014144271570014
11278,DCA,13851,OKC,715,693,209,15,7,0.3015873015873015,0.0209790209790209,0.0097902097902097
11278,DCA,13871,OMA,642,633,132,9,0,0.2085308056872037,0.014018691588785,0.0
11278,DCA,13930,ORD,6761,6567,1557,185,9,0.2370945637277295,0.0273628161514568,0.0013311640289897
11278,DCA,13931,ORF,1106,1038,374,66,2,0.3603082851637765,0.0596745027124773,0.0018083182640144
11278,DCA,14027,PBI,1739,1708,468,28,3,0.2740046838407494,0.0161012075905692,0.0017251293847038
11278,DCA,14057,PDX,364,361,108,2,1,0.299168975069252,0.0054945054945054,0.0027472527472527
11278,DCA,14100,PHL,1049,1002,325,47,0,0.3243512974051896,0.0448045757864632,0.0
11278,DCA,14107,PHX,1084,1065,177,14,5,0.1661971830985915,0.0129151291512915,0.0046125461254612
11278,DCA,14122,PIT,1535,1465,348,69,1,0.2375426621160409,0.0449511400651465,0.0006514657980456
11278,DCA,14193,PNS,933,878,270,50,5,0.3075170842824601,0.0535905680600214,0.0053590568060021
11278,DCA,14307,PVD,2586,2472,673,111,3,0.2722491909385113,0.0429234338747099,0.0011600928074245
11278,DCA,14321,PWM,1288,1221,339,63,4,0.2776412776412776,0.0489130434782608,0.0031055900621118
11278,DCA,14492,RDU,1971,1878,521,93,0,0.2774227902023429,0.0471841704718417,0.0
11278,DCA,14576,ROC,1183,1108,338,72,3,0.3050541516245487,0.0608622147083685,0.0025359256128486
11278,DCA,14635,RSW,784,762,193,21,1,0.2532808398950131,0.0267857142857142,0.0012755102040816
11278,DCA,14679,SAN,288,283,99,3,2,0.3498233215547703,0.0104166666666666,0.0069444444444444
11278,DCA,14683,SAT,296,290,132,4,2,0.4551724137931034,0.0135135135135135,0.0067567567567567
11278,DCA,14685,SAV,1074,1009,369,62,3,0.3657086223984143,0.0577281191806331,0.0027932960893854
11278,DCA,14696,SBN,16,16,2,0,0,0.125,0.0,0.0
11278,DCA,14730,SDF,1011,931,297,78,2,0.3190118152524167,0.0771513353115727,0.0019782393669634
11278,DCA,14747,SEA,1027,1008,251,17,2,0.2490079365079365,0.0165530671859785,0.0019474196689386
11278,DCA,14771,SFO,1049,1039,236,9,1,0.2271414821944177,0.0085795996186844,0.0009532888465204
11278,DCA,14843,SJU,365,358,71,6,1,0.1983240223463687,0.0164383561643835,0.0027397260273972
11278,DCA,14869,SLC,365,362,89,3,0,0.2458563535911602,0.0082191780821917,0.0
11278,DCA,14986,SRQ,366,361,78,4,1,0.2160664819944598,0.0109289617486338,0.0027322404371584
11278,DCA,15016,STL,2354,2278,622,73,3,0.2730465320456541,0.0310110450297366,0.0012744265080713
11278,DCA,15096,SYR,1140,1059,361,77,4,0.3408876298394712,0.0675438596491228,0.0035087719298245
11278,DCA,15249,TLH,365,327,119,36,2,0.363914373088685,0.0986301369863013,0.0054794520547945
11278,DCA,15304,TPA,2172,2118,589,47,7,0.2780925401322002,0.0216390423572744,0.0032228360957642
11278,DCA,15370,TUL,358,337,109,20,1,0.3234421364985163,0.0558659217877094,0.0027932960893854
11278,DCA,15380,TVC,156,150,24,6,0,0.16,0.0384615384615384,0.0
11278,DCA,15412,TYS,1033,976,340,56,1,0.3483606557377049,0.0542110358180058,0.0009680542110358
11278,DCA,15624,VPS,390,362,104,28,0,0.287292817679558,0.0717948717948717,0.0
11278,DCA,15919,XNA,365,338,82,25,2,0.2426035502958579,0.0684931506849315,0.0054794520547945
11283,DDC,11292,DEN,627,610,147,16,1,0.240983606557377,0.0255183413078149,0.0015948963317384
11288,DEC,13930,ORD,627,609,170,17,1,0.2791461412151067,0.0271132376395534,0.0015948963317384
11292,DEN,10135,ABE,46,46,5,0,0,0.108695652173913,0.0,0.0
11292,DEN,10140,ABQ,3145,3123,762,20,2,0.2439961575408261,0.0063593004769475,0.0006359300476947
11292,DEN,10157,ACV,361,357,57,1,3,0.1596638655462184,0.002770083102493,0.0083102493074792
11292,DEN,10257,ALB,307,301,148,5,1,0.4916943521594684,0.01628664495114,0.003257328990228
11292,DEN,10279,AMA,755,738,227,13,4,0.3075880758807588,0.0172185430463576,0.0052980132450331
11292,DEN,10299,ANC,614,604,148,1,9,0.2450331125827814,0.001628664495114,0.014657980456026
11292,DEN,10372,ASE,2741,2570,734,126,45,0.2856031128404669,0.0459686245895658,0.0164173659248449
11292,DEN,10397,ATL,5561,5494,1286,45,22,0.2340735347651984,0.0080920697716238,0.0039561229994605
11292,DEN,10408,ATW,440,436,127,3,1,0.2912844036697247,0.0068181818181818,0.0022727272727272
11292,DEN,10409,ATY,152,152,25,0,0,0.1644736842105263,0.0,0.0
11292,DEN,10423,AUS,4865,4836,1264,21,8,0.261373035566584,0.0043165467625899,0.0016443987667009
11292,DEN,10431,AVL,355,354,76,1,0,0.2146892655367231,0.0028169014084507,0.0
11292,DEN,10529,BDL,1067,1060,317,5,2,0.2990566037735849,0.0046860356138706,0.0018744142455482
11292,DEN,10558,BFF,626,612,140,11,3,0.2287581699346405,0.0175718849840255,0.0047923322683706
11292,DEN,10561,BFL,730,725,191,1,4,0.263448275862069,0.0013698630136986,0.0054794520547945
11292,DEN,10599,BHM,1092,1082,317,9,1,0.2929759704251386,0.0082417582417582,0.0009157509157509
11292,DEN,10617,BIH,112,112,37,0,0,0.3303571428571428,0.0,0.0
11292,DEN,10620,BIL,1813,1784,429,19,10,0.2404708520179372,0.0104798676227247,0.005515719801434
11292,DEN,10627,BIS,1565,1536,404,21,8,0.2630208333333333,0.0134185303514377,0.0051118210862619
11292,DEN,10693,BNA,3757,3720,1014,23,14,0.2725806451612903,0.006121905775885,0.0037263774287995
11292,DEN,10713,BOI,2997,2981,750,7,9,0.2515934250251593,0.0023356690023356,0.003003003003003
11292,DEN,10721,BOS,3927,3911,1117,12,4,0.2856047046791102,0.0030557677616501,0.0010185892538833
11292,DEN,10779,BTM,363,353,101,9,1,0.2861189801699716,0.024793388429752,0.0027548209366391
11292,DEN,10785,BTV,202,202,48,0,0,0.2376237623762376,0.0,0.0
11292,DEN,10792,BUF,596,592,250,2,2,0.4222972972972973,0.0033557046979865,0.0033557046979865
11292,DEN,10800,BUR,2398,2373,657,13,12,0.2768647281921618,0.0054211843202668,0.0050041701417848
11292,DEN,10821,BWI,3059,3015,740,28,16,0.2454394693200663,0.0091533180778032,0.0052304674730304
11292,DEN,10849,BZN,2733,2712,648,13,8,0.2389380530973451,0.004756677643615,0.0029271862422246
11292,DEN,10994,CHS,665,658,171,5,2,0.2598784194528875,0.0075187969924812,0.0030075187969924
11292,DEN,11003,CID,1051,1041,250,8,2,0.2401536983669548,0.0076117982873453,0.0019029495718363
11292,DEN,11042,CLE,1841,1829,456,9,3,0.249316566429743,0.0048886474741988,0.0016295491580662
11292,DEN,11057,CLT,2930,2905,638,19,6,0.2196213425129087,0.0064846416382252,0.0020477815699658
11292,DEN,11066,CMH,1735,1728,502,5,2,0.2905092592592592,0.0028818443804034,0.0011527377521613
11292,DEN,11097,COD,930,890,225,18,22,0.2528089887640449,0.0193548387096774,0.0236559139784946
11292,DEN,11109,COS,5305,5214,1447,84,7,0.2775220560030687,0.0158341187558906,0.0013195098963242
11292,DEN,11111,COU,98,98,17,0,0,0.173469387755102,0.0,0.0
11292,DEN,11122,CPR,2399,2366,601,27,6,0.254015215553677,0.0112546894539391,0.0025010421008753
11292,DEN,11140,CRP,24,24,2,0,0,0.0833333333333333,0.0,0.0
11292,DEN,11193,CVG,1500,1483,387,13,4,0.2609575185434929,0.0086666666666666,0.0026666666666666
11292,DEN,11233,CYS,736,722,192,8,6,0.2659279778393352,0.0108695652173913,0.0081521739130434
11292,DEN,11259,DAL,3050,3001,877,36,13,0.2922359213595468,0.0118032786885245,0.0042622950819672
11292,DEN,11267,DAY,365,365,107,0,0,0.2931506849315068,0.0,0.0
11292,DEN,11278,DCA,1393,1375,331,6,12,0.2407272727272727,0.0043072505384063,0.0086145010768126
11292,DEN,11283,DDC,627,607,129,13,7,0.2125205930807248,0.0207336523125996,0.011164274322169
11292,DEN,11298,DFW,6028,5889,1603,120,19,0.2722024112752589,0.019907100199071,0.0031519575315195
11292,DEN,11315,DIK,689,664,179,18,7,0.269578313253012,0.0261248185776487,0.0101596516690856
11292,DEN,11413,DRO,2183,2148,500,27,8,0.2327746741154562,0.0123683005038937,0.0036646816307833
11292,DEN,11423,DSM,2240,2220,486,16,4,0.2189189189189189,0.0071428571428571,0.0017857142857142
11292,DEN,11433,DTW,2974,2958,703,10,6,0.2376605814739689,0.0033624747814391,0.0020174848688634
11292,DEN,11447,DVL,476,467,67,5,4,0.1434689507494646,0.0105042016806722,0.0084033613445378
11292,DEN,11468,EAR,626,618,129,5,3,0.2087378640776699,0.0079872204472843,0.0047923322683706
11292,DEN,11481,ECP,202,202,69,0,0,0.3415841584158416,0.0,0.0
11292,DEN,11503,EGE,1333,1321,294,11,1,0.222558667676003,0.0082520630157539,0.0007501875468867
11292,DEN,11540,ELP,1821,1812,469,6,3,0.2588300220750552,0.0032948929159802,0.0016474464579901
11292,DEN,11603,EUG,1112,1111,277,1,0,0.2493249324932493,0.0008992805755395,0.0
11292,DEN,11618,EWR,3216,3165,908,35,16,0.2868878357030016,0.0108830845771144,0.0049751243781094
11292,DEN,11630,FAI,126,122,36,1,3,0.2950819672131147,0.0079365079365079,0.0238095238095238
11292,DEN,11637,FAR,1461,1447,393,9,5,0.271596406357982,0.0061601642710472,0.0034223134839151
11292,DEN,11638,FAT,1456,1454,308,2,0,0.2118294360385144,0.0013736263736263,0.0
11292,DEN,11648,FCA,1162,1156,248,4,2,0.2145328719723183,0.0034423407917383,0.0017211703958691
11292,DEN,11697,FLL,1647,1634,386,6,7,0.2362301101591187,0.0036429872495446,0.0042501517911353
11292,DEN,11711,FMN,238,237,50,0,1,0.2109704641350211,0.0,0.0042016806722689
11292,DEN,11775,FSD,1840,1820,402,16,4,0.2208791208791208,0.008695652173913,0.0021739130434782
11292,DEN,11865,GCC,730,714,146,13,3,0.2044817927170868,0.0178082191780821,0.0041095890410958
11292,DEN,11884,GEG,2011,2001,545,7,3,0.2723638180909545,0.0034808552958727,0.0014917951268025
11292,DEN,11921,GJT,2185,2156,522,26,3,0.2421150278293135,0.0118993135011441,0.0013729977116704
11292,DEN,11977,GRB,29,28,5,1,0,0.1785714285714285,0.0344827586206896,0.0
11292,DEN,11986,GRR,1259,1255,371,3,1,0.295617529880478,0.0023828435266084,0.0007942811755361
11292,DEN,11995,GSO,365,363,105,2,0,0.2892561983471074,0.0054794520547945,0.0
11292,DEN,11996,GSP,383,382,62,1,0,0.1623036649214659,0.0026109660574412,0.0
11292,DEN,12003,GTF,729,725,164,4,0,0.2262068965517241,0.0054869684499314,0.0
11292,DEN,12012,GUC,993,984,189,5,4,0.1920731707317073,0.0050352467270896,0.0040281973816717
11292,DEN,12094,HDN,1403,1381,349,15,7,0.2527154236060825,0.0106913756236635,0.0049893086243763
11292,DEN,12156,HLN,884,864,229,13,7,0.2650462962962963,0.0147058823529411,0.007918552036199
11292,DEN,12173,HNL,616,602,146,5,9,0.2425249169435216,0.0081168831168831,0.0146103896103896
11292,DEN,12177,HOB,365,353,140,10,2,0.3966005665722379,0.0273972602739726,0.0054794520547945
11292,DEN,12191,HOU,2394,2364,630,18,12,0.266497461928934,0.0075187969924812,0.0050125313283208
11292,DEN,12206,HRL,4,3,0,1,0,0.0,0.25,0.0
11292,DEN,12217,HSV,729,726,177,2,1,0.2438016528925619,0.0027434842249657,0.0013717421124828
11292,DEN,12255,HYS,627,612,139,13,2,0.2271241830065359,0.0207336523125996,0.0031897926634768
11292,DEN,12264,IAD,3559,3533,788,15,11,0.2230399094254175,0.0042146670413037,0.0030907558302894
11292,DEN,12266,IAH,4538,4501,1093,28,9,0.2428349255720951,0.006170118995152,0.001983252534156
11292,DEN,12278,ICT,2082,2055,508,23,4,0.2472019464720194,0.0110470701248799,0.0019212295869356
11292,DEN,12280,IDA,1771,1745,408,17,9,0.233810888252149,0.0095990965556182,0.005081874647092
11292,DEN,12323,ILM,13,13,6,0,0,0.4615384615384615,0.0,0.0
11292,DEN,12339,IND,2568,2552,672,12,4,0.2633228840125391,0.0046728971962616,0.0015576323987538
11292,DEN,12441,JAC,1630,1598,344,18,14,0.2152690863579474,0.011042944785276,0.0085889570552147
11292,DEN,12451,JAX,943,939,265,2,2,0.2822151224707135,0.0021208907741251,0.0021208907741251
11292,DEN,12478,JFK,1544,1500,354,34,10,0.236,0.022020725388601,0.0064766839378238
11292,DEN,12511,JLN,361,356,88,2,3,0.247191011235955,0.0055401662049861,0.0083102493074792
11292,DEN,12519,JMS,501,494,82,2,5,0.1659919028340081,0.0039920159680638,0.0099800399201596
11292,DEN,12758,KOA,365,363,53,0,2,0.1460055096418732,0.0,0.0054794520547945
11292,DEN,12888,LAR,627,607,136,18,2,0.2240527182866556,0.0287081339712918,0.0031897926634768
11292,DEN,12889,LAS,7263,7215,1940,42,6,0.2688842688842688,0.0057827344072697,0.0008261049153242
11292,DEN,12892,LAX,7825,7781,1690,39,5,0.2171957331962472,0.0049840255591054,0.0006389776357827
11292,DEN,12896,LBB,951,934,302,13,4,0.3233404710920771,0.0136698212407991,0.0042060988433228
11292,DEN,12899,LBF,626,611,144,14,1,0.2356792144026186,0.0223642172523961,0.0015974440894568
11292,DEN,12902,LBL,627,604,119,12,11,0.1970198675496688,0.0191387559808612,0.0175438596491228
11292,DEN,12945,LEX,365,363,103,1,1,0.2837465564738292,0.0027397260273972,0.0027397260273972
11292,DEN,12953,LGA,4574,4457,1293,76,41,0.2901054520978236,0.0166156536947966,0.0089637079142982
11292,DEN,12954,LGB,1017,1009,272,5,3,0.2695738354806739,0.0049164208456243,0.0029498525073746
11292,DEN,12982,LIH,379,373,60,4,2,0.1608579088471849,0.0105540897097625,0.0052770448548812
11292,DEN,12992,LIT,1547,1532,386,13,2,0.2519582245430809,0.0084033613445378,0.0012928248222365
11292,DEN,13029,LNK,1602,1573,450,20,9,0.2860775588048315,0.0124843945068664,0.0056179775280898
11292,DEN,13127,LWS,31,31,10,0,0,0.3225806451612903,0.0,0.0
11292,DEN,13158,MAF,1471,1450,424,11,10,0.2924137931034483,0.0074779061862678,0.0067980965329707
11292,DEN,13198,MCI,4201,4157,1050,41,3,0.2525859995188838,0.0097595810521304,0.0007141156867412
11292,DEN,13204,MCO,4611,4570,1075,24,17,0.2352297592997811,0.0052049446974625,0.0036868358273693
11292,DEN,13232,MDW,2595,2548,674,37,10,0.2645211930926217,0.0142581888246628,0.0038535645472061
11292,DEN,13244,MEM,1222,1213,346,6,3,0.2852431986809563,0.0049099836333878,0.0024549918166939
11292,DEN,13264,MFR,732,725,176,4,3,0.2427586206896551,0.0054644808743169,0.0040983606557377
11292,DEN,13303,MIA,2602,2583,708,12,7,0.2740998838559814,0.0046118370484242,0.0026902382782475
11292,DEN,13342,MKE,2375,2359,667,12,4,0.2827469266638406,0.0050526315789473,0.0016842105263157
11292,DEN,13367,MLI,367,366,121,1,0,0.3306010928961748,0.0027247956403269,0.0
11292,DEN,13433,MOT,1184,1166,279,14,4,0.2392795883361921,0.0118243243243243,0.0033783783783783
11292,DEN,13476,MRY,729,722,167,2,5,0.2313019390581717,0.0027434842249657,0.0068587105624142
11292,DEN,13485,MSN,1023,1018,231,3,2,0.2269155206286837,0.002932551319648,0.0019550342130987
11292,DEN,13486,MSO,1205,1194,241,4,7,0.2018425460636516,0.0033195020746887,0.0058091286307053
11292,DEN,13487,MSP,5813,5781,1489,25,7,0.2575678948278844,0.0043007053156717,0.001204197488388
11292,DEN,13495,MSY,2288,2263,587,23,2,0.2593901900132567,0.0100524475524475,0.0008741258741258
11292,DEN,13502,MTJ,1398,1394,328,3,1,0.2352941176470588,0.0021459227467811,0.0007153075822603
11292,DEN,13577,MYR,100,99,30,0,1,0.303030303030303,0.0,0.01
11292,DEN,13796,OAK,1705,1693,554,12,0,0.3272297696396928,0.0070381231671554,0.0
11292,DEN,13830,OGG,393,384,71,3,6,0.1848958333333333,0.0076335877862595,0.015267175572519
11292,DEN,13851,OKC,3258,3232,862,17,9,0.2667079207920792,0.0052179251074278,0.0027624309392265
11292,DEN,13871,OMA,3284,3257,830,23,4,0.2548357384095793,0.0070036540803897,0.0012180267965895
11292,DEN,13891,ONT,2804,2783,763,17,4,0.2741645706072583,0.0060627674750356,0.0014265335235378
11292,DEN,13930,ORD,6252,6183,1801,51,18,0.2912825489244703,0.0081573896353166,0.0028790786948176
11292,DEN,13931,ORF,677,673,238,4,0,0.3536404160475483,0.0059084194977843,0.0
11292,DEN,13964,OTH,157,156,30,0,1,0.1923076923076923,0.0,0.0063694267515923
11292,DEN,14004,PAE,56,56,6,0,0,0.1071428571428571,0.0,0.0
11292,DEN,14027,PBI,161,161,46,0,0,0.2857142857142857,0.0,0.0
11292,DEN,14057,PDX,4481,4447,1234,31,3,0.2774904429952777,0.0069180986386967,0.000669493416648
11292,DEN,14100,PHL,3034,2996,849,30,8,0.2833778371161549,0.009887936717205,0.002636783124588
11292,DEN,14107,PHX,9014,8919,2328,82,13,0.2610158089471914,0.0090969602840026,0.0014422010206345
11292,DEN,14108,PIA,385,381,157,1,3,0.4120734908136483,0.0025974025974025,0.0077922077922077
11292,DEN,14120,PIR,298,291,54,5,2,0.1855670103092783,0.0167785234899328,0.0067114093959731
11292,DEN,14122,PIT,1761,1753,530,7,1,0.3023388476896748,0.0039750141964792,0.0005678591709256
11292,DEN,14193,PNS,534,529,141,1,4,0.2665406427221172,0.0018726591760299,0.0074906367041198
11292,DEN,14237,PRC,430,425,105,2,3,0.2470588235294117,0.0046511627906976,0.0069767441860465
11292,DEN,14252,PSC,732,729,167,1,2,0.2290809327846364,0.0013661202185792,0.0027322404371584
11292,DEN,14262,PSP,2078,2066,456,5,7,0.2207163601161665,0.0024061597690086,0.0033686236766121
11292,DEN,14307,PVD,289,287,120,1,1,0.4181184668989547,0.0034602076124567,0.0034602076124567
11292,DEN,14321,PWM,202,202,34,0,0,0.1683168316831683,0.0,0.0
11292,DEN,14457,RAP,2920,2866,693,41,13,0.2418004187020237,0.0140410958904109,0.0044520547945205
11292,DEN,14487,RDD,191,190,39,0,1,0.2052631578947368,0.0,0.0052356020942408
11292,DEN,14489,RDM,729,722,198,2,5,0.2742382271468144,0.0027434842249657,0.0068587105624142
11292,DEN,14492,RDU,1779,1775,493,3,1,0.2777464788732394,0.0016863406408094,0.0005621135469364
11292,DEN,14524,RIC,693,685,259,4,4,0.3781021897810219,0.0057720057720057,0.0057720057720057
11292,DEN,14534,RIW,729,724,145,4,1,0.2002762430939226,0.0054869684499314,0.0013717421124828
11292,DEN,14543,RKS,729,712,179,9,8,0.2514044943820224,0.0123456790123456,0.0109739368998628
11292,DEN,14570,RNO,2693,2671,690,12,10,0.2583302134032197,0.0044559970293353,0.0037133308577794
11292,DEN,14635,RSW,1054,1051,233,0,3,0.2216936251189343,0.0,0.0028462998102466
11292,DEN,14674,SAF,1391,1374,289,13,4,0.210334788937409,0.0093457943925233,0.0028756290438533
11292,DEN,14679,SAN,5513,5458,1447,38,17,0.265115426896299,0.0068927988391075,0.0030836205332849
11292,DEN,14683,SAT,2982,2961,726,12,9,0.2451874366767983,0.0040241448692152,0.0030181086519114
11292,DEN,14685,SAV,402,401,92,1,0,0.2294264339152119,0.0024875621890547,0.0
11292,DEN,14689,SBA,1044,1031,253,8,5,0.2453928225024248,0.0076628352490421,0.0047892720306513
11292,DEN,14698,SBP,725,715,183,4,6,0.2559440559440559,0.0055172413793103,0.0082758620689655
11292,DEN,14716,SCK,30,27,18,3,0,0.6666666666666666,0.1,0.0
11292,DEN,14730,SDF,1044,1035,297,6,3,0.2869565217391304,0.0057471264367816,0.0028735632183908
11292,DEN,14747,SEA,6391,6341,1799,47,3,0.2837091941334174,0.007354091691441,0.0004694101079643
11292,DEN,14771,SFO,5538,5510,1677,28,0,0.3043557168784029,0.0050559768869628,0.0
11292,DEN,14783,SGF,1309,1296,326,8,5,0.2515432098765432,0.0061115355233002,0.0038197097020626
11292,DEN,14794,SGU,1053,1046,223,2,5,0.2131931166347992,0.0018993352326685,0.0047483380816714
11292,DEN,14812,SHR,735,719,158,12,4,0.2197496522948539,0.0163265306122449,0.0054421768707482
11292,DEN,14814,SHV,364,360,104,1,3,0.2888888888888888,0.0027472527472527,0.0082417582417582
11292,DEN,14831,SJC,2893,2883,700,9,1,0.2428026361429067,0.003110957483581,0.0003456619426201
11292,DEN,14843,SJU,333,329,87,0,4,0.2644376899696048,0.0,0.012012012012012
11292,DEN,14869,SLC,7757,7711,1913,38,8,0.2480871482298015,0.0048988010828928,0.0010313265437669
11292,DEN,14877,SLN,365,354,124,7,4,0.3502824858757062,0.0191780821917808,0.010958904109589
11292,DEN,14893,SMF,3919,3905,1030,12,2,0.263764404609475,0.0030620056136769,0.0005103342689461
11292,DEN,14908,SNA,3707,3673,780,16,18,0.2123604682820582,0.0043161586188292,0.0048556784461828
11292,DEN,14986,SRQ,241,239,57,1,1,0.2384937238493724,0.0041493775933609,0.0041493775933609
11292,DEN,15016,STL,3671,3641,825,22,8,0.2265861027190332,0.0059929174611822,0.0021792427131571
11292,DEN,15041,SUN,628,621,126,3,4,0.2028985507246377,0.0047770700636942,0.0063694267515923
11292,DEN,15048,SUX,364,358,95,5,1,0.2653631284916201,0.0137362637362637,0.0027472527472527
11292,DEN,15096,SYR,441,440,139,0,1,0.3159090909090909,0.0,0.0022675736961451
11292,DEN,15304,TPA,3133,3121,804,6,6,0.2576097404677988,0.0019150973507819,0.0019150973507819
11292,DEN,15370,TUL,2428,2408,654,14,6,0.271594684385382,0.0057660626029654,0.0024711696869851
11292,DEN,15376,TUS,2850,2836,648,12,2,0.2284908321579689,0.0042105263157894,0.0007017543859649
11292,DEN,15380,TVC,265,263,60,0,2,0.2281368821292775,0.0,0.0075471698113207
11292,DEN,15412,TYS,946,940,227,6,0,0.2414893617021276,0.0063424947145877,0.0
11292,DEN,15897,WYS,188,184,38,0,4,0.2065217391304347,0.0,0.0212765957446808
11292,DEN,15919,XNA,1233,1223,256,7,3,0.2093213409648405,0.0056772100567721,0.0024330900243309
11292,DEN,16869,XWA,1512,1487,362,12,13,0.2434431741761936,0.0079365079365079,0.0085978835978835
11298,DFW,10136,ABI,1762,1716,400,44,2,0.2331002331002331,0.0249716231555051,0.0011350737797956
11298,DFW,10140,ABQ,2428,2343,765,78,7,0.3265044814340589,0.0321252059308072,0.0028830313014827
11298,DFW,10155,ACT,1089,1040,255,47,2,0.2451923076923076,0.0431588613406795,0.0018365472910927
11298,DFW,10185,AEX,1088,1036,214,48,4,0.2065637065637065,0.0441176470588235,0.0036764705882352
11298,DFW,10208,AGS,441,428,107,12,1,0.25,0.0272108843537414,0.0022675736961451
11298,DFW,10257,ALB,302,293,161,9,0,0.5494880546075085,0.0298013245033112,0.0
11298,DFW,10279,AMA,2423,2341,465,69,13,0.1986330627936779,0.0284770945109368,0.0053652496904663
11298,DFW,10299,ANC,382,379,138,1,2,0.3641160949868074,0.0026178010471204,0.0052356020942408
11298,DFW,10372,ASE,1177,1062,345,37,78,0.3248587570621469,0.0314358538657604,0.0662701784197111
11298,DFW,10397,ATL,6645,6458,1649,168,19,0.2553422112109012,0.0252821670428893,0.0028592927012791
11298,DFW,10408,ATW,369,367,76,1,1,0.2070844686648501,0.002710027100271,0.002710027100271
11298,DFW,10423,AUS,4816,4644,1448,164,8,0.3118001722652885,0.0340531561461794,0.0016611295681063
11298,DFW,10431,AVL,690,674,172,14,2,0.2551928783382789,0.0202898550724637,0.0028985507246376
11298,DFW,10529,BDL,799,776,251,17,6,0.3234536082474227,0.0212765957446808,0.0075093867334167
11298,DFW,10561,BFL,348,339,171,7,2,0.504424778761062,0.0201149425287356,0.0057471264367816
11298,DFW,10599,BHM,2278,2202,609,74,2,0.276566757493188,0.0324846356453029,0.0008779631255487
11298,DFW,10620,BIL,729,718,165,9,2,0.2298050139275766,0.0123456790123456,0.0027434842249657
11298,DFW,10627,BIS,728,723,180,5,0,0.2489626556016597,0.0068681318681318,0.0
11298,DFW,10685,BMI,730,717,120,12,1,0.1673640167364016,0.0164383561643835,0.0013698630136986
11298,DFW,10693,BNA,3492,3374,1106,111,7,0.3278008298755187,0.031786941580756,0.0020045819014891
11298,DFW,10713,BOI,787,769,268,17,1,0.3485045513654096,0.0216010165184243,0.0012706480304955
11298,DFW,10721,BOS,3887,3795,1271,83,9,0.3349143610013175,0.0213532287110882,0.0023154103421661
11298,DFW,10728,BPT,727,691,153,32,4,0.2214182344428364,0.0440165061898211,0.0055020632737276
11298,DFW,10747,BRO,1567,1506,329,53,8,0.2184594953519256,0.0338225909380982,0.0051052967453733
11298,DFW,10781,BTR,2054,1964,510,86,4,0.2596741344195519,0.0418695228821811,0.0019474196689386
11298,DFW,10792,BUF,538,522,230,16,0,0.4406130268199233,0.0297397769516728,0.0
11298,DFW,10800,BUR,729,716,236,10,3,0.329608938547486,0.0137174211248285,0.0041152263374485
11298,DFW,10821,BWI,1465,1417,439,41,7,0.3098094565984474,0.0279863481228668,0.004778156996587
11298,DFW,10849,BZN,708,697,215,9,2,0.3084648493543759,0.0127118644067796,0.0028248587570621
11298,DFW,10868,CAE,850,820,244,26,4,0.2975609756097561,0.0305882352941176,0.0047058823529411
11298,DFW,10980,CHA,1595,1559,410,34,2,0.2629890955740859,0.0213166144200626,0.0012539184952978
11298,DFW,10994,CHS,1192,1161,362,28,3,0.3118001722652885,0.023489932885906,0.0025167785234899
11298,DFW,11003,CID,1204,1160,314,39,5,0.2706896551724138,0.032392026578073,0.0041528239202657
11298,DFW,11042,CLE,1696,1653,507,41,2,0.3067150635208711,0.0241745283018867,0.0011792452830188
11298,DFW,11049,CLL,1219,1180,210,36,3,0.1779661016949152,0.0295324036095159,0.0024610336341263
11298,DFW,11057,CLT,3969,3885,1067,79,5,0.2746460746460746,0.019904257999496,0.001259763164525
11298,DFW,11066,CMH,1746,1702,503,41,3,0.2955346650998824,0.0234822451317296,0.0017182130584192
11298,DFW,11067,CMI,730,715,127,12,3,0.1776223776223776,0.0164383561643835,0.0041095890410958
11298,DFW,11109,COS,2017,1950,588,62,5,0.3015384615384615,0.030738720872583,0.0024789291026276
11298,DFW,11111,COU,1153,1104,254,47,2,0.2300724637681159,0.0407632263660017,0.0017346053772766
11298,DFW,11140,CRP,2430,2364,455,62,4,0.1924703891708968,0.025514403292181,0.0016460905349794
11298,DFW,11193,CVG,1785,1725,528,55,5,0.3060869565217391,0.0308123249299719,0.0028011204481792
11298,DFW,11252,DAB,3,3,0,0,0,0.0,0.0,0.0
11298,DFW,11267,DAY,1403,1367,348,33,3,0.254572055596196,0.0235210263720598,0.0021382751247327
11298,DFW,11278,DCA,3418,3283,888,117,18,0.2704843131282363,0.0342305441778818,0.0052662375658279
11298,DFW,11292,DEN,6028,5865,1848,138,25,0.3150895140664961,0.0228931652289316,0.0041473125414731
11298,DFW,11413,DRO,1160,1128,280,28,4,0.2482269503546099,0.0241379310344827,0.0034482758620689
11298,DFW,11423,DSM,1329,1276,423,50,3,0.3315047021943573,0.037622272385252,0.0022573363431151
11298,DFW,11433,DTW,3890,3824,900,63,3,0.2353556485355648,0.0161953727506426,0.000771208226221
11298,DFW,11481,ECP,1266,1218,377,45,3,0.3095238095238095,0.0355450236966824,0.0023696682464454
11298,DFW,11503,EGE,916,894,318,15,7,0.3557046979865771,0.0163755458515283,0.0076419213973799
11298,DFW,11540,ELP,2765,2680,904,80,5,0.3373134328358209,0.0289330922242314,0.0018083182640144
11298,DFW,11603,EUG,171,170,48,1,0,0.2823529411764706,0.0058479532163742,0.0
11298,DFW,11612,EVV,966,940,189,24,2,0.201063829787234,0.0248447204968944,0.0020703933747412
11298,DFW,11618,EWR,3445,3321,1046,96,28,0.314965371875941,0.027866473149492,0.0081277213352685
11298,DFW,11624,EYW,327,319,102,5,3,0.3197492163009404,0.0152905198776758,0.0091743119266055
11298,DFW,11637,FAR,1087,1067,189,15,5,0.1771321462043111,0.0137994480220791,0.0045998160073597
11298,DFW,11638,FAT,1413,1384,500,28,1,0.361271676300578,0.0198159943382873,0.0007077140835102
11298,DFW,11648,FCA,289,285,77,3,1,0.2701754385964912,0.0103806228373702,0.0034602076124567
11298,DFW,11695,FLG,407,391,97,12,4,0.248081841432225,0.0294840294840294,0.0098280098280098
11298,DFW,11697,FLL,2748,2662,760,81,5,0.2854996243425995,0.029475982532751,0.0018195050946142
11298,DFW,11775,FSD,1085,1056,347,27,2,0.3285984848484848,0.0248847926267281,0.0018433179723502
11298,DFW,11778,FSM,1169,1119,196,46,4,0.1751563896336014,0.039349871685201,0.0034217279726261
11298,DFW,11823,FWA,1084,1060,230,22,2,0.2169811320754717,0.0202952029520295,0.0018450184501845
11298,DFW,11867,GCK,729,702,170,20,7,0.2421652421652421,0.027434842249657,0.0096021947873799
11298,DFW,11884,GEG,552,544,206,8,0,0.3786764705882353,0.0144927536231884,0.0
11298,DFW,11905,GGG,727,697,157,25,5,0.2252510760401721,0.0343878954607978,0.0068775790921595
11298,DFW,11921,GJT,936,915,199,20,1,0.2174863387978142,0.0213675213675213,0.001068376068376
11298,DFW,11953,GNV,574,557,113,15,2,0.2028725314183123,0.0261324041811846,0.0034843205574912
11298,DFW,11973,GPT,1100,1055,219,43,2,0.2075829383886256,0.039090909090909,0.0018181818181818
11298,DFW,11980,GRI,725,694,153,28,3,0.2204610951008645,0.0386206896551724,0.0041379310344827
11298,DFW,11982,GRK,1811,1744,412,63,4,0.2362385321100917,0.0347874102705687,0.0022087244616234
11298,DFW,11986,GRR,1065,1030,334,33,2,0.3242718446601941,0.0309859154929577,0.0018779342723004
11298,DFW,11995,GSO,937,907,350,28,2,0.3858875413450937,0.0298826040554962,0.0021344717182497
11298,DFW,11996,GSP,1240,1218,396,20,2,0.3251231527093596,0.0161290322580645,0.0016129032258064
11298,DFW,12007,GTR,243,237,42,3,3,0.1772151898734177,0.0123456790123456,0.0123456790123456
11298,DFW,12012,GUC,134,132,32,1,1,0.2424242424242424,0.0074626865671641,0.0074626865671641
11298,DFW,12094,HDN,132,125,46,1,6,0.368,0.0075757575757575,0.0454545454545454
11298,DFW,12173,HNL,567,561,178,3,3,0.3172905525846702,0.0052910052910052,0.0052910052910052
11298,DFW,12191,HOU,2233,2131,519,93,9,0.2435476302205537,0.0416480071652485,0.0040304523063143
11298,DFW,12206,HRL,1611,1539,295,70,2,0.1916829109811565,0.0434512725015518,0.0012414649286157
11298,DFW,12217,HSV,2157,2071,532,80,6,0.2568807339449541,0.0370885489105238,0.0027816411682892
11298,DFW,12264,IAD,1883,1844,448,35,4,0.2429501084598698,0.0185873605947955,0.0021242697822623
11298,DFW,12266,IAH,5826,5615,1752,201,10,0.3120213713268032,0.0345005149330587,0.0017164435290078
11298,DFW,12278,ICT,2687,2551,716,132,4,0.2806742453939631,0.0491254186825455,0.0014886490509862
11298,DFW,12280,IDA,545,533,143,10,2,0.2682926829268293,0.018348623853211,0.0036697247706422
11298,DFW,12323,ILM,725,709,189,16,0,0.2665726375176304,0.0220689655172413,0.0
11298,DFW,12339,IND,2089,2031,614,51,7,0.3023141309699655,0.0244135950215414,0.0033508855911919
11298,DFW,12441,JAC,761,739,227,14,8,0.3071718538565629,0.0183968462549277,0.0105124835742444
11298,DFW,12448,JAN,1899,1817,457,74,8,0.2515134837644469,0.038967877830437,0.0042127435492364
11298,DFW,12451,JAX,1788,1732,605,52,4,0.3493071593533487,0.029082774049217,0.0022371364653243
11298,DFW,12478,JFK,2135,2081,455,45,9,0.2186448822681403,0.0210772833723653,0.004215456674473
11298,DFW,12758,KOA,35,35,11,0,0,0.3142857142857143,0.0,0.0
11298,DFW,12889,LAS,5605,5453,1667,143,9,0.3057032825967357,0.0255129348795718,0.0016057091882247
11298,DFW,12891,LAW,1088,1029,297,53,6,0.2886297376093295,0.0487132352941176,0.0055147058823529
11298,DFW,12892,LAX,6585,6470,1787,109,6,0.2761978361669243,0.0165527714502657,0.0009111617312072
11298,DFW,12896,LBB,2709,2632,636,69,8,0.2416413373860182,0.0254706533776301,0.0029531192321889
11298,DFW,12915,LCH,1088,1018,215,54,16,0.2111984282907662,0.0496323529411764,0.0147058823529411
11298,DFW,12945,LEX,1217,1185,289,31,1,0.2438818565400844,0.0254724732949876,0.000821692686935
11298,DFW,12951,LFT,1776,1717,439,56,3,0.2556785090273733,0.0315315315315315,0.0016891891891891
11298,DFW,12953,LGA,6938,6654,2091,225,59,0.3142470694319206,0.032430095128279,0.0085038916114153
11298,DFW,12992,LIT,2807,2698,710,106,3,0.2631578947368421,0.0377627360171001,0.0010687566797292
11298,DFW,13061,LRD,1665,1596,327,64,5,0.2048872180451127,0.0384384384384384,0.003003003003003
11298,DFW,13158,MAF,2973,2888,653,77,8,0.2261080332409972,0.025899764547595,0.0026908846283215
11298,DFW,13198,MCI,2595,2493,857,97,5,0.3437625350982751,0.0373795761078998,0.001926782273603
11298,DFW,13204,MCO,4832,4701,1661,113,18,0.3533290789193788,0.0233857615894039,0.0037251655629139
11298,DFW,13230,MDT,365,358,182,7,0,0.5083798882681564,0.0191780821917808,0.0
11298,DFW,13232,MDW,315,307,82,6,2,0.2671009771986971,0.019047619047619,0.0063492063492063
11298,DFW,13244,MEM,2456,2378,744,78,0,0.3128679562657696,0.0317589576547231,0.0
11298,DFW,13256,MFE,2529,2448,727,77,4,0.2969771241830065,0.0304468169236852,0.0015816528272044
11298,DFW,13277,MGM,1085,1037,286,46,2,0.2757955641272903,0.0423963133640553,0.0018433179723502
11298,DFW,13290,MHK,1089,1038,235,45,6,0.2263969171483622,0.0413223140495867,0.0055096418732782
11298,DFW,13303,MIA,4826,4723,1496,90,13,0.3167478297692145,0.0186489846663903,0.0026937422295897
11298,DFW,13342,MKE,1121,1088,378,31,2,0.3474264705882353,0.0276538804638715,0.0017841213202497
11298,DFW,13367,MLI,875,860,164,13,2,0.1906976744186046,0.0148571428571428,0.0022857142857142
11298,DFW,13377,MLU,1087,1048,218,36,3,0.2080152671755725,0.0331186752529898,0.0027598896044158
11298,DFW,13422,MOB,1137,1071,256,62,4,0.2390289449112978,0.0545294635004397,0.0035180299032541
11298,DFW,13476,MRY,332,325,76,7,0,0.2338461538461538,0.0210843373493975,0.0
11298,DFW,13485,MSN,1094,1065,404,24,5,0.3793427230046948,0.0219378427787934,0.0045703839122486
11298,DFW,13486,MSO,425,417,128,7,1,0.3069544364508393,0.0164705882352941,0.0023529411764705
11298,DFW,13487,MSP,3255,3187,816,61,7,0.256040163162849,0.0187403993855606,0.0021505376344086
11298,DFW,13495,MSY,2918,2795,940,117,6,0.3363148479427549,0.0400959561343385,0.002056202878684
11298,DFW,13502,MTJ,595,585,132,8,2,0.2256410256410256,0.0134453781512605,0.0033613445378151
11298,DFW,13577,MYR,507,489,178,16,2,0.3640081799591002,0.0315581854043392,0.0039447731755424
11298,DFW,13830,OGG,416,415,128,1,0,0.308433734939759,0.0024038461538461,0.0
11298,DFW,13851,OKC,3223,3107,908,105,11,0.2922433215320245,0.0325783431585479,0.0034129692832764
11298,DFW,13871,OMA,1589,1539,494,49,1,0.3209876543209876,0.0308370044052863,0.000629326620516
11298,DFW,13891,ONT,2356,2291,772,59,6,0.3369707551287647,0.0250424448217317,0.0025466893039049
11298,DFW,13930,ORD,6733,6544,1946,171,18,0.2973716381418093,0.0253972968958859,0.0026733996732511
11298,DFW,13931,ORF,1041,1005,335,30,6,0.3333333333333333,0.0288184438040345,0.0057636887608069
11298,DFW,14027,PBI,1152,1122,398,27,3,0.3547237076648841,0.0234375,0.0026041666666666
11298,DFW,14057,PDX,2433,2388,855,43,2,0.3580402010050251,0.0176736539251952,0.0008220304151253
11298,DFW,14100,PHL,3312,3203,944,101,8,0.2947236965344989,0.0304951690821256,0.002415458937198
11298,DFW,14107,PHX,5127,5016,1505,104,7,0.3000398724082934,0.0202847669202262,0.0013653208503998
11298,DFW,14108,PIA,994,962,210,31,1,0.2182952182952183,0.0311871227364185,0.0010060362173038
11298,DFW,14122,PIT,1529,1504,412,24,1,0.2739361702127659,0.0156965336821451,0.000654022236756
11298,DFW,14193,PNS,1794,1722,593,67,5,0.3443670150987224,0.0373467112597547,0.0027870680044593
11298,DFW,14262,PSP,1016,991,307,20,5,0.3097880928355196,0.0196850393700787,0.0049212598425196
11298,DFW,14314,PVU,943,916,286,20,7,0.3122270742358078,0.0212089077412513,0.0074231177094379
11298,DFW,14321,PWM,144,143,44,1,0,0.3076923076923077,0.0069444444444444,0.0
11298,DFW,14457,RAP,984,962,208,18,4,0.2162162162162162,0.0182926829268292,0.0040650406504065
11298,DFW,14489,RDM,90,89,26,1,0,0.2921348314606741,0.0111111111111111,0.0
11298,DFW,14492,RDU,2290,2224,642,62,4,0.2886690647482014,0.0270742358078602,0.0017467248908296
11298,DFW,14524,RIC,1087,1055,308,27,5,0.2919431279620853,0.0248390064397424,0.0045998160073597
11298,DFW,14570,RNO,1245,1204,364,31,10,0.3023255813953488,0.0248995983935742,0.0080321285140562
11298,DFW,14588,ROW,948,908,204,35,5,0.224669603524229,0.0369198312236286,0.0052742616033755
11298,DFW,14635,RSW,1373,1332,470,37,4,0.3528528528528528,0.0269482884195193,0.0029133284777858
11298,DFW,14674,SAF,1761,1701,442,48,12,0.2598471487360376,0.0272572402044293,0.0068143100511073
11298,DFW,14679,SAN,3434,3315,1201,102,17,0.3622926093514328,0.0297029702970297,0.0049504950495049
11298,DFW,14683,SAT,4503,4339,1452,159,5,0.3346393178151647,0.0353097934710193,0.0011103708638685
11298,DFW,14685,SAV,1073,1044,363,27,2,0.3477011494252873,0.0251630941286113,0.0018639328984156
11298,DFW,14689,SBA,347,339,81,6,2,0.2389380530973451,0.0172910662824207,0.0057636887608069
11298,DFW,14696,SBN,1075,1052,248,20,3,0.2357414448669201,0.0186046511627906,0.0027906976744186
11298,DFW,14698,SBP,324,318,78,3,3,0.2452830188679245,0.0092592592592592,0.0092592592592592
11298,DFW,14730,SDF,2084,2002,576,78,4,0.2877122877122877,0.0374280230326295,0.0019193857965451
11298,DFW,14747,SEA,5290,5196,1592,86,8,0.3063895304080061,0.0162570888468809,0.0015122873345935
11298,DFW,14771,SFO,4054,3972,1303,79,3,0.3280463242698892,0.0194869264923532,0.0007400098667982
11298,DFW,14783,SGF,3075,2994,658,69,12,0.2197728790915163,0.0224390243902439,0.0039024390243902
11298,DFW,14794,SGU,574,569,139,4,1,0.2442882249560632,0.0069686411149825,0.0017421602787456
11298,DFW,14814,SHV,2149,2060,537,86,3,0.2606796116504854,0.0400186133085155,0.0013959981386691
11298,DFW,14831,SJC,1286,1258,337,27,1,0.2678855325914149,0.0209953343701399,0.0007776049766718
11298,DFW,14842,SJT,1089,1045,238,39,5,0.2277511961722488,0.0358126721763085,0.0045913682277318
11298,DFW,14843,SJU,964,957,292,3,4,0.3051201671891327,0.0031120331950207,0.0041493775933609
11298,DFW,14869,SLC,3859,3779,1142,75,5,0.3021963482402752,0.0194350868100544,0.0012956724540036
11298,DFW,14893,SMF,1730,1689,560,38,3,0.3315571343990527,0.0219653179190751,0.0017341040462427
11298,DFW,14908,SNA,2930,2833,685,81,16,0.2417931521355453,0.0276450511945392,0.0054607508532423
11298,DFW,14960,SPS,729,694,150,33,2,0.2161383285302593,0.0452674897119341,0.0027434842249657
11298,DFW,14986,SRQ,414,402,139,9,3,0.3457711442786069,0.0217391304347826,0.0072463768115942
11298,DFW,15016,STL,2380,2301,676,75,4,0.2937853107344633,0.0315126050420168,0.0016806722689075
11298,DFW,15023,STS,203,202,39,1,0,0.193069306930693,0.0049261083743842,0.0
11298,DFW,15024,STT,101,101,33,0,0,0.3267326732673267,0.0,0.0
11298,DFW,15074,SWO,729,697,156,31,1,0.2238163558106169,0.0425240054869684,0.0013717421124828
11298,DFW,15096,SYR,326,318,167,8,0,0.5251572327044025,0.0245398773006134,0.0
11298,DFW,15249,TLH,1088,1058,285,27,3,0.2693761814744801,0.0248161764705882,0.0027573529411764
11298,DFW,15304,TPA,2866,2782,899,79,5,0.3231488138030194,0.0275645498953244,0.0017445917655268
11298,DFW,15323,TRI,603,593,118,9,1,0.1989881956155143,0.0149253731343283,0.0016583747927031
11298,DFW,15370,TUL,3021,2908,803,108,5,0.2761348005502063,0.0357497517378351,0.0016550810989738
11298,DFW,15376,TUS,2266,2196,667,69,1,0.3037340619307832,0.0304501323918799,0.0004413062665489
11298,DFW,15380,TVC,152,150,51,2,0,0.34,0.0131578947368421,0.0
11298,DFW,15401,TXK,727,699,158,26,2,0.2260371959942775,0.0357634112792297,0.0027510316368638
11298,DFW,15411,TYR,1089,1045,246,42,2,0.2354066985645933,0.0385674931129476,0.0018365472910927
11298,DFW,15412,TYS,1614,1564,494,48,2,0.3158567774936061,0.0297397769516728,0.0012391573729863
11298,DFW,15624,VPS,1391,1336,408,51,4,0.3053892215568862,0.0366642703091301,0.0028756290438533
11298,DFW,15919,XNA,3502,3387,803,106,9,0.2370829642751697,0.0302684180468303,0.002569960022844
11298,DFW,16218,YUM,365,352,89,11,2,0.2528409090909091,0.0301369863013698,0.0054794520547945
11308,DHN,10397,ATL,52,52,23,0,0,0.4423076923076923,0.0,0.0
11315,DIK,11292,DEN,689,673,197,12,4,0.2927191679049034,0.0174165457184325,0.0058055152394775
11336,DLG,10299,ANC,114,113,24,1,0,0.2123893805309734,0.0087719298245614,0.0
11337,DLH,13487,MSP,1113,1100,160,13,0,0.1454545454545454,0.0116801437556154,0.0
11337,DLH,13930,ORD,1099,1072,290,25,2,0.2705223880597014,0.0227479526842584,0.0018198362147406
11413,DRO,11292,DEN,2184,2145,525,31,8,0.2447552447552447,0.0141941391941391,0.0036630036630036
11413,DRO,11298,DFW,1158,1116,267,34,8,0.239247311827957,0.0293609671848013,0.006908462867012
11413,DRO,14107,PHX,878,875,139,2,1,0.1588571428571428,0.0022779043280182,0.0011389521640091
11423,DSM,10397,ATL,1249,1228,163,17,4,0.1327361563517915,0.0136108887109687,0.0032025620496397
11423,DSM,10423,AUS,106,104,32,2,0,0.3076923076923077,0.0188679245283018,0.0
11423,DSM,10466,AZA,187,183,35,4,0,0.1912568306010929,0.0213903743315508,0.0
11423,DSM,10693,BNA,185,184,39,1,0,0.2119565217391304,0.0054054054054054,0.0
11423,DSM,10721,BOS,64,63,5,1,0,0.0793650793650793,0.015625,0.0
11423,DSM,11057,CLT,818,796,138,21,1,0.1733668341708542,0.0256723716381418,0.0012224938875305
11423,DSM,11278,DCA,696,639,155,51,6,0.2425665101721439,0.0732758620689655,0.0086206896551724
11423,DSM,11292,DEN,2240,2218,405,17,5,0.1825969341749323,0.0075892857142857,0.0022321428571428
11423,DSM,11298,DFW,1328,1264,366,50,14,0.2895569620253164,0.0376506024096385,0.0105421686746987
11423,DSM,11433,DTW,16,16,9,0,0,0.5625,0.0,0.0
11423,DSM,11618,EWR,70,68,8,2,0,0.1176470588235294,0.0285714285714285,0.0
11423,DSM,11697,FLL,99,95,28,4,0,0.2947368421052631,0.0404040404040404,0.0
11423,DSM,12191,HOU,46,46,10,0,0,0.217391304347826,0.0,0.0
11423,DSM,12266,IAH,322,316,28,6,0,0.0886075949367088,0.0186335403726708,0.0
11423,DSM,12451,JAX,57,55,2,1,1,0.0363636363636363,0.0175438596491228,0.0175438596491228
11423,DSM,12889,LAS,596,591,105,4,1,0.1776649746192893,0.0067114093959731,0.0016778523489932
11423,DSM,12892,LAX,90,89,26,1,0,0.2921348314606741,0.0111111111111111,0.0
11423,DSM,12953,LGA,304,296,55,7,1,0.1858108108108108,0.0230263157894736,0.0032894736842105
11423,DSM,13204,MCO,36,36,7,0,0,0.1944444444444444,0.0,0.0
11423,DSM,13303,MIA,165,161,27,4,0,0.1677018633540372,0.0242424242424242,0.0
11423,DSM,13487,MSP,38,37,6,1,0,0.1621621621621621,0.0263157894736842,0.0
11423,DSM,13930,ORD,2958,2871,723,84,3,0.2518286311389759,0.0283975659229208,0.0010141987829614
11423,DSM,14057,PDX,56,56,11,0,0,0.1964285714285714,0.0,0.0
11423,DSM,14082,PGD,221,217,41,4,0,0.1889400921658986,0.0180995475113122,0.0
11423,DSM,14100,PHL,297,288,54,9,0,0.1875,0.0303030303030303,0.0
11423,DSM,14107,PHX,1117,1100,184,15,2,0.1672727272727272,0.0134288272157564,0.0017905102954341
11423,DSM,14112,PIE,235,228,60,4,3,0.2631578947368421,0.0170212765957446,0.0127659574468085
11423,DSM,14635,RSW,12,12,3,0,0,0.25,0.0,0.0
11423,DSM,14679,SAN,26,26,8,0,0,0.3076923076923077,0.0,0.0
11423,DSM,14761,SFB,204,200,41,4,0,0.205,0.0196078431372549,0.0
11423,DSM,14908,SNA,109,106,17,2,1,0.160377358490566,0.018348623853211,0.0091743119266055
11423,DSM,14986,SRQ,95,95,24,0,0,0.2526315789473684,0.0,0.0
11423,DSM,15016,STL,678,671,80,7,0,0.1192250372578241,0.0103244837758112,0.0
11423,DSM,15624,VPS,26,26,4,0,0,0.1538461538461538,0.0,0.0
11423,DSM,16422,GUF,27,24,1,2,1,0.0416666666666666,0.074074074074074,0.037037037037037
11433,DTW,10140,ABQ,4,4,0,0,0,0.0,0.0,0.0
11433,DTW,10208,AGS,9,9,3,0,0,0.3333333333333333,0.0,0.0
11433,DTW,10257,ALB,1123,1115,241,6,2,0.2161434977578475,0.0053428317008014,0.0017809439002671
11433,DTW,10299,ANC,121,121,37,0,0,0.3057851239669421,0.0,0.0
11433,DTW,10333,APN,628,598,84,26,4,0.1404682274247491,0.0414012738853503,0.0063694267515923
11433,DTW,10397,ATL,4947,4892,1027,43,12,0.2099345870809484,0.0086921366484738,0.0024257125530624
11433,DTW,10408,ATW,1053,1041,213,7,5,0.2046109510086455,0.0066476733143399,0.0047483380816714
11433,DTW,10423,AUS,1339,1330,315,7,2,0.2368421052631578,0.005227781926811,0.0014936519790888
11433,DTW,10469,AZO,1003,985,203,15,3,0.2060913705583756,0.0149551345962113,0.0029910269192422
11433,DTW,10529,BDL,1311,1294,226,11,6,0.1746522411128284,0.0083905415713196,0.0045766590389016
11433,DTW,10577,BGM,226,223,35,2,1,0.1569506726457399,0.0088495575221238,0.0044247787610619
11433,DTW,10581,BGR,1,1,0,0,0,0.0,0.0,0.0
11433,DTW,10599,BHM,263,261,77,2,0,0.2950191570881226,0.0076045627376425,0.0
11433,DTW,10693,BNA,2485,2456,472,20,9,0.1921824104234527,0.0080482897384305,0.0036217303822937
11433,DTW,10721,BOS,2814,2783,683,30,1,0.2454186130075458,0.0106609808102345,0.0003553660270078
11433,DTW,10785,BTV,332,331,70,0,1,0.2114803625377643,0.0,0.003012048192771
11433,DTW,10792,BUF,968,959,222,8,1,0.2314911366006256,0.0082644628099173,0.0010330578512396
11433,DTW,10821,BWI,2290,2274,411,15,1,0.1807387862796833,0.0065502183406113,0.0004366812227074
11433,DTW,10849,BZN,19,18,3,0,1,0.1666666666666666,0.0,0.0526315789473684
11433,DTW,10980,CHA,34,33,9,0,1,0.2727272727272727,0.0,0.0294117647058823
11433,DTW,10994,CHS,729,724,152,5,0,0.2099447513812154,0.0068587105624142,0.0
11433,DTW,11013,CIU,362,355,71,5,2,0.2,0.0138121546961325,0.005524861878453
11433,DTW,11042,CLE,772,765,191,6,1,0.2496732026143791,0.0077720207253886,0.0012953367875647
11433,DTW,11057,CLT,3737,3705,600,30,2,0.1619433198380566,0.008027829810008,0.0005351886540005
11433,DTW,11066,CMH,1383,1376,208,5,2,0.1511627906976744,0.0036153289949385,0.0014461315979754
11433,DTW,11193,CVG,45,45,17,0,0,0.3777777777777777,0.0,0.0
11433,DTW,11252,DAB,2,2,0,0,0,0.0,0.0,0.0
11433,DTW,11278,DCA,2820,2723,796,83,14,0.2923246419390378,0.0294326241134751,0.0049645390070921
11433,DTW,11292,DEN,2973,2942,667,12,19,0.2267165193745751,0.0040363269424823,0.0063908509922637
11433,DTW,11298,DFW,3894,3802,978,70,22,0.2572330352446081,0.0179763739085772,0.0056497175141242
11433,DTW,11423,DSM,16,16,7,0,0,0.4375,0.0,0.0
11433,DTW,11537,ELM,855,847,187,7,1,0.2207792207792207,0.0081871345029239,0.0011695906432748
11433,DTW,11587,ESC,365,349,49,13,3,0.1404011461318051,0.0356164383561643,0.0082191780821917
11433,DTW,11618,EWR,3319,3187,901,129,3,0.2827110134923125,0.0388671286532088,0.0009038867128653
11433,DTW,11697,FLL,2707,2674,610,23,10,0.2281226626776365,0.0084964905799778,0.0036941263391207
11433,DTW,11823,FWA,549,548,159,1,0,0.2901459854014598,0.0018214936247723,0.0
11433,DTW,11977,GRB,699,686,177,12,1,0.2580174927113702,0.0171673819742489,0.0014306151645207
11433,DTW,11986,GRR,1395,1385,323,9,1,0.2332129963898917,0.0064516129032258,0.0007168458781362
11433,DTW,11995,GSO,248,247,62,1,0,0.2510121457489878,0.0040322580645161,0.0
11433,DTW,11996,GSP,489,482,124,6,1,0.2572614107883817,0.0122699386503067,0.0020449897750511
11433,DTW,12173,HNL,289,285,43,1,3,0.1508771929824561,0.0034602076124567,0.0103806228373702
11433,DTW,12197,HPN,341,337,88,2,2,0.2611275964391691,0.0058651026392961,0.0058651026392961
11433,DTW,12217,HSV,97,97,26,0,0,0.268041237113402,0.0,0.0
11433,DTW,12264,IAD,1080,1071,268,7,2,0.2502334267040149,0.0064814814814814,0.0018518518518518
11433,DTW,12266,IAH,2216,2190,450,24,2,0.2054794520547945,0.0108303249097472,0.0009025270758122
11433,DTW,12335,IMT,365,354,73,5,6,0.2062146892655367,0.0136986301369863,0.0164383561643835
11433,DTW,12339,IND,611,600,93,10,1,0.155,0.0163666121112929,0.0016366612111292
11433,DTW,12451,JAX,578,573,102,5,0,0.1780104712041884,0.0086505190311418,0.0
11433,DTW,12478,JFK,1079,1057,213,20,2,0.2015137180700094,0.0185356811862835,0.0018535681186283
11433,DTW,12884,LAN,925,919,186,5,1,0.2023939064200217,0.0054054054054054,0.001081081081081
11433,DTW,12889,LAS,3091,3080,617,6,5,0.2003246753246753,0.0019411193788417,0.0016175994823681
11433,DTW,12892,LAX,2690,2668,518,16,6,0.1941529235382308,0.0059479553903345,0.0022304832713754
11433,DTW,12945,LEX,799,789,145,9,1,0.1837769328263624,0.0112640801001251,0.0012515644555694
11433,DTW,12953,LGA,3944,3829,936,103,12,0.2444502481065552,0.0261156186612576,0.0030425963488843
11433,DTW,13029,LNK,1,1,0,0,0,0.0,0.0,0.0
11433,DTW,13184,MBS,1235,1218,235,16,1,0.1929392446633825,0.0129554655870445,0.0008097165991902
11433,DTW,13198,MCI,1366,1351,239,12,3,0.1769059955588452,0.0087847730600292,0.0021961932650073
11433,DTW,13204,MCO,3835,3796,881,21,18,0.232086406743941,0.0054758800521512,0.0046936114732724
11433,DTW,13230,MDT,337,332,73,4,1,0.2198795180722891,0.0118694362017804,0.0029673590504451
11433,DTW,13232,MDW,1820,1800,381,16,4,0.2116666666666666,0.0087912087912087,0.0021978021978021
11433,DTW,13244,MEM,966,953,194,11,2,0.2035676810073452,0.0113871635610766,0.0020703933747412
11433,DTW,13303,MIA,1777,1761,400,12,4,0.2271436683702442,0.0067529544175576,0.0022509848058525
11433,DTW,13342,MKE,1382,1372,282,8,2,0.2055393586005831,0.0057887120115774,0.0014471780028943
11433,DTW,13459,MQT,364,353,71,10,1,0.2011331444759206,0.0274725274725274,0.0027472527472527
11433,DTW,13485,MSN,1163,1156,264,4,3,0.2283737024221453,0.0034393809114359,0.0025795356835769
11433,DTW,13487,MSP,2074,2067,445,5,2,0.2152878567972907,0.002410800385728,0.0009643201542912
11433,DTW,13495,MSY,907,893,175,12,2,0.1959686450167973,0.0132304299889746,0.0022050716648291
11433,DTW,13577,MYR,579,572,75,4,3,0.1311188811188811,0.006908462867012,0.005181347150259
11433,DTW,13851,OKC,6,6,1,0,0,0.1666666666666666,0.0,0.0
11433,DTW,13871,OMA,1149,1140,278,6,3,0.243859649122807,0.0052219321148825,0.0026109660574412
11433,DTW,13930,ORD,5823,5698,1422,119,6,0.2495612495612495,0.0204362012708226,0.0010303967027305
11433,DTW,13931,ORF,715,704,156,9,2,0.2215909090909091,0.0125874125874125,0.0027972027972027
11433,DTW,14027,PBI,467,465,98,2,0,0.210752688172043,0.0042826552462526,0.0
11433,DTW,14057,PDX,359,356,108,2,1,0.3033707865168539,0.0055710306406685,0.0027855153203342
11433,DTW,14100,PHL,2886,2834,626,50,2,0.2208892025405787,0.0173250173250173,0.0006930006930006
11433,DTW,14107,PHX,2410,2388,547,13,9,0.2290619765494137,0.0053941908713692,0.0037344398340248
11433,DTW,14122,PIT,1048,1046,210,2,0,0.2007648183556405,0.0019083969465648,0.0
11433,DTW,14150,PLN,671,632,114,34,5,0.180379746835443,0.0506706408345752,0.007451564828614
11433,DTW,14193,PNS,126,125,21,0,1,0.168,0.0,0.0079365079365079
11433,DTW,14307,PVD,669,658,143,10,1,0.2173252279635258,0.014947683109118,0.0014947683109118
11433,DTW,14321,PWM,491,489,79,2,0,0.1615541922290388,0.0040733197556008,0.0
11433,DTW,14492,RDU,1603,1595,246,7,1,0.1542319749216301,0.0043668122270742,0.0006238303181534
11433,DTW,14524,RIC,708,699,137,7,2,0.1959942775393419,0.0098870056497175,0.0028248587570621
11433,DTW,14576,ROC,415,407,89,7,1,0.2186732186732186,0.016867469879518,0.0024096385542168
11433,DTW,14635,RSW,1822,1794,378,21,7,0.2107023411371237,0.0115257958287596,0.0038419319429198
11433,DTW,14679,SAN,1291,1275,299,9,7,0.2345098039215686,0.0069713400464756,0.005422153369481
11433,DTW,14683,SAT,965,959,183,4,2,0.1908237747653806,0.0041450777202072,0.0020725388601036
11433,DTW,14685,SAV,468,464,107,3,1,0.230603448275862,0.0064102564102564,0.0021367521367521
11433,DTW,14696,SBN,558,552,181,6,0,0.3278985507246377,0.010752688172043,0.0
11433,DTW,14730,SDF,1214,1204,232,10,0,0.1926910299003322,0.0082372322899505,0.0
11433,DTW,14747,SEA,2028,2016,414,11,1,0.2053571428571428,0.0054240631163708,0.0004930966469428
11433,DTW,14771,SFO,1815,1795,414,16,4,0.2306406685236768,0.0088154269972451,0.0022038567493112
11433,DTW,14831,SJC,63,63,11,0,0,0.1746031746031746,0.0,0.0
11433,DTW,14843,SJU,410,408,96,0,2,0.2352941176470588,0.0,0.0048780487804878
11433,DTW,14869,SLC,1551,1549,256,1,1,0.1652679147837314,0.0006447453255963,0.0006447453255963
11433,DTW,14893,SMF,223,223,40,0,0,0.179372197309417,0.0,0.0
11433,DTW,14908,SNA,323,320,89,1,2,0.278125,0.0030959752321981,0.0061919504643962
11433,DTW,14986,SRQ,119,118,39,0,1,0.3305084745762712,0.0,0.0084033613445378
11433,DTW,15016,STL,1816,1799,355,13,4,0.197331851028349,0.00715859030837,0.0022026431718061
11433,DTW,15096,SYR,594,590,141,3,1,0.2389830508474576,0.005050505050505,0.0016835016835016
11433,DTW,15304,TPA,2377,2350,499,23,4,0.2123404255319149,0.0096760622633571,0.0016827934371055
11433,DTW,15380,TVC,1088,1077,248,8,3,0.2302692664809656,0.0073529411764705,0.0027573529411764
11433,DTW,15624,VPS,19,18,0,1,0,0.0,0.0526315789473684,0.0
11433,DTW,15919,XNA,3,3,0,0,0,0.0,0.0,0.0
11447,DVL,11292,DEN,501,488,150,11,2,0.3073770491803279,0.0219560878243512,0.0039920159680638
11447,DVL,12519,JMS,151,148,27,0,3,0.1824324324324324,0.0,0.0198675496688741
11468,EAR,11292,DEN,626,616,106,5,5,0.172077922077922,0.0079872204472843,0.0079872204472843
11471,EAU,13930,ORD,627,608,127,17,2,0.2088815789473684,0.0271132376395534,0.0031897926634768
11481,ECP,10397,ATL,2318,2278,370,38,2,0.1624231782265144,0.0163934426229508,0.0008628127696289
11481,ECP,10423,AUS,562,561,166,0,1,0.2959001782531194,0.0,0.0017793594306049
11481,ECP,10693,BNA,1074,1068,149,6,0,0.1395131086142322,0.0055865921787709,0.0
11481,ECP,10821,BWI,44,44,14,0,0,0.3181818181818182,0.0,0.0
11481,ECP,11057,CLT,1170,1142,196,28,0,0.1716287215411558,0.0239316239316239,0.0
11481,ECP,11259,DAL,666,653,113,9,4,0.1730474732006125,0.0135135135135135,0.006006006006006
11481,ECP,11278,DCA,311,295,69,16,0,0.2338983050847457,0.0514469453376205,0.0
11481,ECP,11292,DEN,202,202,37,0,0,0.1831683168316831,0.0,0.0
11481,ECP,11298,DFW,1267,1212,319,48,7,0.2632013201320132,0.0378847671665351,0.005524861878453
11481,ECP,12191,HOU,366,365,55,1,0,0.1506849315068493,0.0027322404371584,0.0
11481,ECP,12266,IAH,61,60,20,1,0,0.3333333333333333,0.0163934426229508,0.0
11481,ECP,12339,IND,53,53,19,0,0,0.3584905660377358,0.0,0.0
11481,ECP,13198,MCI,97,95,25,0,2,0.2631578947368421,0.0,0.0206185567010309
11481,ECP,13232,MDW,176,175,40,0,1,0.2285714285714285,0.0,0.0056818181818181
11481,ECP,13930,ORD,275,270,67,2,3,0.2481481481481481,0.0072727272727272,0.0109090909090909
11481,ECP,14100,PHL,90,83,32,6,1,0.3855421686746988,0.0666666666666666,0.0111111111111111
11481,ECP,15016,STL,311,310,57,1,0,0.1838709677419354,0.0032154340836012,0.0
11503,EGE,10397,ATL,181,177,45,4,0,0.2542372881355932,0.0220994475138121,0.0
11503,EGE,11057,CLT,14,14,5,0,0,0.3571428571428571,0.0,0.0
11503,EGE,11292,DEN,1333,1319,387,10,4,0.2934040940106141,0.0075018754688672,0.0030007501875468
11503,EGE,11298,DFW,918,895,312,17,6,0.3486033519553073,0.0185185185185185,0.0065359477124183
11503,EGE,11618,EWR,102,101,32,1,0,0.3168316831683168,0.0098039215686274,0.0
11503,EGE,12264,IAD,2,2,1,0,0,0.5,0.0,0.0
11503,EGE,12266,IAH,161,159,42,2,0,0.2641509433962264,0.0124223602484472,0.0
11503,EGE,12478,JFK,108,106,36,0,2,0.3396226415094339,0.0,0.0185185185185185
11503,EGE,12892,LAX,212,209,70,1,2,0.3349282296650718,0.0047169811320754,0.0094339622641509
11503,EGE,13303,MIA,202,199,71,1,2,0.3567839195979899,0.0049504950495049,0.0099009900990099
11503,EGE,13487,MSP,12,12,5,0,0,0.4166666666666667,0.0,0.0
11503,EGE,13930,ORD,307,301,91,3,3,0.3023255813953488,0.009771986970684,0.009771986970684
11503,EGE,14107,PHX,122,118,45,2,2,0.3813559322033898,0.0163934426229508,0.0163934426229508
11503,EGE,14679,SAN,39,39,8,0,0,0.2051282051282051,0.0,0.0
11503,EGE,14747,SEA,39,39,12,0,0,0.3076923076923077,0.0,0.0
11503,EGE,14771,SFO,116,115,28,1,0,0.2434782608695652,0.0086206896551724,0.0
11525,EKO,14869,SLC,504,503,18,1,0,0.0357852882703777,0.0019841269841269,0.0
11537,ELM,11433,DTW,855,847,143,8,0,0.1688311688311688,0.0093567251461988,0.0
11537,ELM,14082,PGD,65,65,12,0,0,0.1846153846153846,0.0,0.0
11537,ELM,14112,PIE,127,126,31,0,1,0.246031746031746,0.0,0.0078740157480314
11537,ELM,14761,SFB,177,176,58,0,1,0.3295454545454545,0.0,0.0056497175141242
11537,ELM,14986,SRQ,26,26,2,0,0,0.0769230769230769,0.0,0.0
11540,ELP,10397,ATL,715,703,80,7,5,0.1137980085348506,0.0097902097902097,0.0069930069930069
11540,ELP,10423,AUS,1010,1006,147,3,1,0.1461232604373757,0.0029702970297029,0.0009900990099009
11540,ELP,10693,BNA,1,1,1,0,0,1.0,0.0,0.0
11540,ELP,11259,DAL,1775,1738,257,27,10,0.1478711162255466,0.0152112676056338,0.0056338028169014
11540,ELP,11292,DEN,1818,1805,396,10,3,0.2193905817174515,0.0055005500550055,0.0016501650165016
11540,ELP,11298,DFW,2766,2673,609,82,11,0.2278338945005611,0.029645697758496,0.0039768618944323
11540,ELP,12191,HOU,1053,1041,157,5,7,0.1508165225744476,0.0047483380816714,0.0066476733143399
11540,ELP,12266,IAH,155,154,31,0,1,0.2012987012987013,0.0,0.0064516129032258
11540,ELP,12889,LAS,1308,1301,195,6,1,0.1498847040737894,0.0045871559633027,0.0007645259938837
11540,ELP,12892,LAX,1231,1226,156,4,1,0.1272430668841762,0.0032493907392363,0.000812347684809
11540,ELP,12954,LGB,173,172,30,0,1,0.1744186046511628,0.0,0.0057803468208092
11540,ELP,13204,MCO,59,58,20,1,0,0.3448275862068966,0.0169491525423728,0.0
11540,ELP,13232,MDW,327,321,41,3,3,0.1277258566978193,0.0091743119266055,0.0091743119266055
11540,ELP,13930,ORD,757,744,131,10,3,0.1760752688172043,0.0132100396301188,0.0039630118890356
11540,ELP,14107,PHX,2635,2609,444,23,3,0.1701801456496742,0.0087286527514231,0.0011385199240986
11540,ELP,14679,SAN,331,327,62,3,1,0.1896024464831804,0.0090634441087613,0.0030211480362537
11540,ELP,14683,SAT,897,891,136,5,1,0.1526374859708193,0.0055741360089186,0.0011148272017837
11577,ERI,11057,CLT,39,38,8,0,1,0.2105263157894736,0.0,0.0256410256410256
11587,ESC,11433,DTW,365,352,50,13,0,0.1420454545454545,0.0356164383561643,0.0
11587,ESC,13487,MSP,263,255,34,8,0,0.1333333333333333,0.0304182509505703,0.0
11603,EUG,10466,AZA,126,126,27,0,0,0.2142857142857142,0.0,0.0
11603,EUG,10800,BUR,69,68,11,1,0,0.1617647058823529,0.0144927536231884,0.0
11603,EUG,11292,DEN,1112,1093,259,8,11,0.2369624885635864,0.0071942446043165,0.0098920863309352
11603,EUG,11298,DFW,172,170,71,1,1,0.4176470588235294,0.005813953488372,0.005813953488372
11603,EUG,12339,IND,1,1,0,0,0,0.0,0.0,0.0
11603,EUG,12889,LAS,481,480,129,0,1,0.26875,0.0,0.002079002079002
11603,EUG,12892,LAX,395,390,46,4,1,0.1179487179487179,0.010126582278481,0.0025316455696202
11603,EUG,13230,MDT,1,1,1,0,0,1.0,0.0,0.0
11603,EUG,13303,MIA,1,1,0,0,0,0.0,0.0,0.0
11603,EUG,13485,MSN,2,2,0,0,0,0.0,0.0,0.0
11603,EUG,13796,OAK,366,366,56,0,0,0.1530054644808743,0.0,0.0
11603,EUG,13851,OKC,1,1,1,0,0,1.0,0.0,0.0
11603,EUG,14057,PDX,291,286,25,5,0,0.0874125874125874,0.0171821305841924,0.0
11603,EUG,14107,PHX,555,549,74,3,3,0.1347905282331511,0.0054054054054054,0.0054054054054054
11603,EUG,14679,SAN,305,299,86,4,2,0.2876254180602006,0.0131147540983606,0.0065573770491803
11603,EUG,14747,SEA,2000,1979,278,19,2,0.1404749873673572,0.0095,0.001
11603,EUG,14771,SFO,994,989,193,5,0,0.1951466127401415,0.0050301810865191,0.0
11603,EUG,14831,SJC,216,215,49,1,0,0.227906976744186,0.0046296296296296,0.0
11603,EUG,14869,SLC,730,729,45,1,0,0.0617283950617283,0.0013698630136986,0.0
11603,EUG,14893,SMF,365,364,30,0,1,0.0824175824175824,0.0,0.0027397260273972
11603,EUG,14908,SNA,96,91,37,5,0,0.4065934065934066,0.0520833333333333,0.0
11612,EVV,10397,ATL,314,300,82,13,1,0.2733333333333333,0.0414012738853503,0.0031847133757961
11612,EVV,11298,DFW,966,934,183,25,7,0.1959314775160599,0.025879917184265,0.0072463768115942
11612,EVV,13930,ORD,398,386,85,12,0,0.2202072538860103,0.0301507537688442,0.0
11612,EVV,14112,PIE,105,103,32,1,1,0.3106796116504854,0.0095238095238095,0.0095238095238095
11612,EVV,14761,SFB,121,121,55,0,0,0.4545454545454545,0.0,0.0
11612,EVV,15624,VPS,30,30,6,0,0,0.2,0.0,0.0
11617,EWN,11057,CLT,294,291,61,2,1,0.2096219931271477,0.0068027210884353,0.0034013605442176
11618,EWR,10257,ALB,45,42,9,3,0,0.2142857142857142,0.0666666666666666,0.0
11618,EWR,10299,ANC,103,100,20,2,1,0.2,0.0194174757281553,0.0097087378640776
11618,EWR,10397,ATL,6106,5922,1746,162,22,0.2948328267477204,0.0265312807075008,0.0036030134294136
11618,EWR,10408,ATW,26,26,6,0,0,0.2307692307692307,0.0,0.0
11618,EWR,10423,AUS,1950,1918,482,27,5,0.251303441084463,0.0138461538461538,0.0025641025641025
11618,EWR,10431,AVL,260,259,57,1,0,0.22007722007722,0.0038461538461538,0.0
11618,EWR,10581,BGR,456,426,97,30,0,0.2276995305164319,0.0657894736842105,0.0
11618,EWR,10599,BHM,83,79,17,4,0,0.2151898734177215,0.0481927710843373,0.0
11618,EWR,10693,BNA,1921,1869,465,50,2,0.2487961476725521,0.0260281103591879,0.0010411244143675
11618,EWR,10721,BOS,3729,3584,1122,144,1,0.3130580357142857,0.0386162510056315,0.0002681684097613
11618,EWR,10732,BQN,365,360,105,5,0,0.2916666666666667,0.0136986301369863,0.0
11618,EWR,10785,BTV,674,647,127,23,4,0.19629057187017,0.0341246290801186,0.0059347181008902
11618,EWR,10792,BUF,426,409,124,17,0,0.3031784841075794,0.0399061032863849,0.0
11618,EWR,10849,BZN,365,363,43,0,2,0.1184573002754821,0.0,0.0054794520547945
11618,EWR,10868,CAE,58,57,11,0,1,0.1929824561403508,0.0,0.0172413793103448
11618,EWR,10980,CHA,57,56,6,1,0,0.1071428571428571,0.0175438596491228,0.0
11618,EWR,10994,CHS,1432,1372,300,56,4,0.2186588921282798,0.0391061452513966,0.0027932960893854
11618,EWR,11042,CLE,1978,1937,453,40,1,0.233866804336603,0.0202224469160768,0.0005055611729019
11618,EWR,11057,CLT,3678,3579,835,98,1,0.2333053925677563,0.0266449157150625,0.0002718868950516
11618,EWR,11066,CMH,1758,1667,332,89,2,0.1991601679664067,0.0506257110352673,0.0011376564277588
11618,EWR,11193,CVG,512,487,85,24,1,0.1745379876796714,0.046875,0.001953125
11618,EWR,11278,DCA,358,342,92,16,0,0.2690058479532163,0.0446927374301676,0.0
11618,EWR,11292,DEN,3218,3173,804,29,16,0.2533879609202647,0.0090118085767557,0.00497203231821
11618,EWR,11298,DFW,3445,3330,786,95,20,0.236036036036036,0.0275761973875181,0.0058055152394775
11618,EWR,11423,DSM,70,68,11,2,0,0.1617647058823529,0.0285714285714285,0.0
11618,EWR,11433,DTW,3333,3210,773,122,1,0.240809968847352,0.0366036603660366,0.0003000300030003
11618,EWR,11503,EGE,102,99,26,0,3,0.2626262626262626,0.0,0.0294117647058823
11618,EWR,11624,EYW,378,373,92,4,1,0.2466487935656836,0.0105820105820105,0.0026455026455026
11618,EWR,11697,FLL,4832,4709,1242,114,9,0.2637502654491399,0.023592715231788,0.0018625827814569
11618,EWR,11721,FNT,22,22,4,0,0,0.1818181818181818,0.0,0.0
11618,EWR,11986,GRR,785,751,136,34,0,0.1810918774966711,0.043312101910828,0.0
11618,EWR,11995,GSO,23,22,2,1,0,0.0909090909090909,0.0434782608695652,0.0
11618,EWR,11996,GSP,580,545,113,34,1,0.2073394495412844,0.0586206896551724,0.0017241379310344
11618,EWR,12094,HDN,84,80,10,0,4,0.125,0.0,0.0476190476190476
11618,EWR,12124,HHH,214,208,38,4,2,0.1826923076923076,0.0186915887850467,0.0093457943925233
11618,EWR,12173,HNL,128,125,28,1,2,0.224,0.0078125,0.015625
11618,EWR,12264,IAD,1500,1476,439,24,0,0.2974254742547425,0.016,0.0
11618,EWR,12266,IAH,3725,3660,867,54,11,0.2368852459016393,0.014496644295302,0.0029530201342281
11618,EWR,12323,ILM,224,210,48,14,0,0.2285714285714285,0.0625,0.0
11618,EWR,12339,IND,2101,1999,406,99,3,0.2031015507753877,0.0471204188481675,0.0014278914802475
11618,EWR,12397,ITH,4,3,0,1,0,0.0,0.25,0.0
11618,EWR,12441,JAC,298,275,77,11,12,0.28,0.0369127516778523,0.0402684563758389
11618,EWR,12451,JAX,1313,1278,272,34,1,0.2128325508607198,0.0258948971820258,0.0007616146230007
11618,EWR,12889,LAS,3006,2971,676,29,6,0.2275328172332548,0.009647371922821,0.0019960079840319
11618,EWR,12892,LAX,5228,5127,1433,90,11,0.2795006826604252,0.0172149961744452,0.0021040550879877
11618,EWR,13198,MCI,383,364,87,18,1,0.239010989010989,0.0469973890339425,0.0026109660574412
11618,EWR,13204,MCO,6579,6418,1642,138,23,0.2558429417263945,0.0209758321933424,0.0034959720322237
11618,EWR,13232,MDW,36,33,17,3,0,0.5151515151515151,0.0833333333333333,0.0
11618,EWR,13244,MEM,383,356,92,27,0,0.2584269662921348,0.0704960835509138,0.0
11618,EWR,13303,MIA,4066,3974,1022,80,12,0.2571716155007549,0.0196753566158386,0.0029513034923757
11618,EWR,13342,MKE,793,744,136,48,1,0.1827956989247312,0.0605296343001261,0.0012610340479192
11618,EWR,13485,MSN,358,331,94,26,1,0.283987915407855,0.0726256983240223,0.0027932960893854
11618,EWR,13487,MSP,2126,2070,553,55,1,0.2671497584541062,0.0258701787394167,0.0004703668861712
11618,EWR,13495,MSY,1250,1213,307,34,3,0.2530915086562242,0.0272,0.0024
11618,EWR,13502,MTJ,84,84,20,0,0,0.238095238095238,0.0,0.0
11618,EWR,13577,MYR,1031,976,242,51,4,0.2479508196721311,0.049466537342386,0.0038797284190106
11618,EWR,13830,OGG,3,3,0,0,0,0.0,0.0,0.0
11618,EWR,13871,OMA,4,4,2,0,0,0.5,0.0,0.0
11618,EWR,13930,ORD,5990,5843,1721,138,9,0.2945404757829882,0.0230383973288814,0.0015025041736227
11618,EWR,13931,ORF,699,667,173,31,1,0.2593703148425787,0.044349070100143,0.0014306151645207
11618,EWR,14027,PBI,3482,3409,907,61,12,0.2660604282780874,0.01751866743251,0.0034462952326249
11618,EWR,14057,PDX,805,793,214,10,2,0.2698612862547289,0.0124223602484472,0.0024844720496894
11618,EWR,14107,PHX,2507,2471,567,31,5,0.2294617563739376,0.0123653769445552,0.0019944156362185
11618,EWR,14122,PIT,1958,1844,400,114,0,0.2169197396963123,0.0582226762002042,0.0
11618,EWR,14262,PSP,14,14,1,0,0,0.0714285714285714,0.0,0.0
11618,EWR,14307,PVD,11,11,4,0,0,0.3636363636363636,0.0,0.0
11618,EWR,14321,PWM,949,922,208,26,1,0.2255965292841648,0.0273972602739726,0.0010537407797681
11618,EWR,14492,RDU,1850,1799,478,50,1,0.2657031684269038,0.027027027027027,0.0005405405405405
11618,EWR,14524,RIC,246,235,42,11,0,0.1787234042553191,0.0447154471544715,0.0
11618,EWR,14570,RNO,3,3,0,0,0,0.0,0.0,0.0
11618,EWR,14576,ROC,605,576,119,28,1,0.2065972222222222,0.0462809917355371,0.0016528925619834
11618,EWR,14635,RSW,2083,2052,456,24,7,0.2222222222222222,0.0115218434949591,0.0033605376860297
11618,EWR,14679,SAN,1552,1515,347,21,16,0.229042904290429,0.0135309278350515,0.0103092783505154
11618,EWR,14683,SAT,508,507,96,1,0,0.1893491124260355,0.0019685039370078,0.0
11618,EWR,14685,SAV,1023,1000,222,22,1,0.222,0.021505376344086,0.0009775171065493
11618,EWR,14696,SBN,7,7,1,0,0,0.1428571428571428,0.0,0.0
11618,EWR,14730,SDF,903,859,166,42,2,0.1932479627473806,0.0465116279069767,0.0022148394241417
11618,EWR,14747,SEA,2006,1967,581,35,4,0.295373665480427,0.0174476570289132,0.0019940179461615
11618,EWR,14771,SFO,4408,4320,1171,76,12,0.2710648148148148,0.0172413793103448,0.0027223230490018
11618,EWR,14843,SJU,2248,2201,719,39,8,0.3266696955929123,0.0173487544483985,0.0035587188612099
11618,EWR,14869,SLC,1247,1234,353,12,1,0.2860615883306321,0.0096230954290296,0.0008019246190858
11618,EWR,14893,SMF,283,276,89,4,3,0.322463768115942,0.0141342756183745,0.0106007067137809
11618,EWR,14908,SNA,1088,1053,177,13,22,0.168091168091168,0.0119485294117647,0.0202205882352941
11618,EWR,14986,SRQ,932,912,192,17,3,0.2105263157894736,0.0182403433476394,0.0032188841201716
11618,EWR,15016,STL,994,935,179,57,2,0.1914438502673796,0.0573440643863179,0.0020120724346076
11618,EWR,15024,STT,248,246,42,1,1,0.1707317073170731,0.0040322580645161,0.0040322580645161
11618,EWR,15096,SYR,541,494,99,47,0,0.2004048582995951,0.0868761552680221,0.0
11618,EWR,15304,TPA,2760,2703,705,49,8,0.2608213096559378,0.0177536231884057,0.0028985507246376
11618,EWR,15412,TYS,164,164,42,0,0,0.2560975609756097,0.0,0.0
11618,EWR,15624,VPS,121,121,36,0,0,0.2975206611570248,0.0,0.0
11618,EWR,15919,XNA,2,2,0,0,0,0.0,0.0,0.0
11624,EYW,10397,ATL,1448,1424,283,17,7,0.1987359550561797,0.0117403314917127,0.0048342541436464
11624,EYW,10431,AVL,115,113,27,1,1,0.2389380530973451,0.008695652173913,0.008695652173913
11624,EYW,10693,BNA,1,1,1,0,0,1.0,0.0,0.0
11624,EYW,10721,BOS,206,192,59,3,11,0.3072916666666667,0.0145631067961165,0.0533980582524271
11624,EYW,11057,CLT,1220,1195,259,18,7,0.2167364016736401,0.0147540983606557,0.0057377049180327
11624,EYW,11193,CVG,116,115,35,1,0,0.3043478260869565,0.0086206896551724,0.0
11624,EYW,11278,DCA,560,542,124,11,7,0.2287822878228782,0.0196428571428571,0.0125
11624,EYW,11298,DFW,326,314,108,6,6,0.3439490445859872,0.0184049079754601,0.0184049079754601
11624,EYW,11618,EWR,378,368,116,5,5,0.3152173913043478,0.0132275132275132,0.0132275132275132
11624,EYW,11697,FLL,30,29,9,1,0,0.3103448275862069,0.0333333333333333,0.0
11624,EYW,12264,IAD,73,73,13,0,0,0.1780821917808219,0.0,0.0
11624,EYW,12339,IND,88,87,23,0,1,0.264367816091954,0.0,0.0113636363636363
11624,EYW,12953,LGA,321,304,97,6,11,0.3190789473684211,0.0186915887850467,0.0342679127725856
11624,EYW,13303,MIA,1336,1324,251,12,0,0.1895770392749244,0.0089820359281437,0.0
11624,EYW,13930,ORD,477,467,155,6,4,0.3319057815845824,0.0125786163522012,0.0083857442348008
11624,EYW,14100,PHL,530,512,151,7,11,0.294921875,0.0132075471698113,0.020754716981132
11624,EYW,14112,PIE,313,308,48,2,3,0.1558441558441558,0.0063897763578274,0.0095846645367412
11624,EYW,14122,PIT,97,96,17,0,1,0.1770833333333333,0.0,0.0103092783505154
11624,EYW,14761,SFB,98,96,37,1,1,0.3854166666666667,0.010204081632653,0.010204081632653
11624,EYW,15412,TYS,27,27,6,0,0,0.2222222222222222,0.0,0.0
11630,FAI,10299,ANC,930,919,153,11,0,0.1664853101196953,0.0118279569892473,0.0
11630,FAI,11292,DEN,126,125,5,1,0,0.04,0.0079365079365079,0.0
11630,FAI,13487,MSP,92,92,18,0,0,0.1956521739130435,0.0,0.0
11630,FAI,13930,ORD,138,137,16,1,0,0.1167883211678832,0.0072463768115942,0.0
11630,FAI,14747,SEA,2381,2361,378,20,0,0.1601016518424396,0.0083998320033599,0.0
11630,FAI,14869,SLC,92,92,26,0,0,0.2826086956521739,0.0,0.0
11637,FAR,10397,ATL,5,5,2,0,0,0.4,0.0,0.0
11637,FAR,10466,AZA,381,380,68,1,0,0.1789473684210526,0.0026246719160104,0.0
11637,FAR,10693,BNA,105,105,16,0,0,0.1523809523809524,0.0,0.0
11637,FAR,11292,DEN,1465,1452,439,9,4,0.3023415977961432,0.0061433447098976,0.0027303754266211
11637,FAR,11298,DFW,1087,1065,181,15,7,0.1699530516431925,0.0137994480220791,0.0064397424103035
11637,FAR,12889,LAS,144,144,24,0,0,0.1666666666666666,0.0,0.0
11637,FAR,13204,MCO,14,13,0,1,0,0.0,0.0714285714285714,0.0
11637,FAR,13487,MSP,1339,1337,186,2,0,0.1391174270755422,0.0014936519790888,0.0
11637,FAR,13930,ORD,2209,2167,603,33,9,0.278264882325796,0.0149388863739248,0.0040742417383431
11637,FAR,14107,PHX,112,110,21,2,0,0.1909090909090909,0.0178571428571428,0.0
11637,FAR,14112,PIE,59,59,12,0,0,0.2033898305084746,0.0,0.0
11637,FAR,14761,SFB,75,75,19,0,0,0.2533333333333333,0.0,0.0
11638,FAT,10397,ATL,218,216,44,2,0,0.2037037037037037,0.0091743119266055,0.0
11638,FAT,11259,DAL,18,18,3,0,0,0.1666666666666666,0.0,0.0
11638,FAT,11292,DEN,1456,1449,197,3,4,0.1359558316080055,0.0020604395604395,0.0027472527472527
11638,FAT,11298,DFW,1412,1368,267,31,13,0.1951754385964912,0.0219546742209631,0.0092067988668555
11638,FAT,12889,LAS,1801,1794,317,6,1,0.1767001114827202,0.0033314825097168,0.0005552470849528
11638,FAT,12892,LAX,1047,1044,122,3,0,0.1168582375478927,0.0028653295128939,0.0
11638,FAT,13930,ORD,194,187,66,6,1,0.3529411764705882,0.0309278350515463,0.0051546391752577
11638,FAT,14057,PDX,724,723,68,1,0,0.0940525587828492,0.0013812154696132,0.0
11638,FAT,14107,PHX,1468,1463,315,4,1,0.215311004784689,0.0027247956403269,0.0006811989100817
11638,FAT,14679,SAN,1390,1365,338,14,11,0.2476190476190476,0.0100719424460431,0.0079136690647482
11638,FAT,14747,SEA,1014,1002,242,10,2,0.2415169660678642,0.009861932938856,0.0019723865877712
11638,FAT,14771,SFO,1320,1305,328,14,1,0.2513409961685823,0.0106060606060606,0.0007575757575757
11638,FAT,14869,SLC,1279,1274,76,5,0,0.0596546310832025,0.0039093041438623,0.0
11641,FAY,10397,ATL,158,155,40,2,1,0.2580645161290322,0.0126582278481012,0.0063291139240506
11641,FAY,11057,CLT,196,193,16,3,0,0.082901554404145,0.0153061224489795,0.0
11648,FCA,10466,AZA,101,101,22,0,0,0.2178217821782178,0.0,0.0
11648,FCA,11292,DEN,1162,1148,235,7,7,0.2047038327526132,0.0060240963855421,0.0060240963855421
11648,FCA,11298,DFW,289,283,79,3,3,0.2791519434628975,0.0103806228373702,0.0103806228373702
11648,FCA,12266,IAH,10,10,5,0,0,0.5,0.0,0.0
11648,FCA,12889,LAS,112,112,26,0,0,0.2321428571428571,0.0,0.0
11648,FCA,12892,LAX,176,175,24,1,0,0.1371428571428571,0.0056818181818181,0.0
11648,FCA,12953,LGA,13,13,6,0,0,0.4615384615384615,0.0,0.0
11648,FCA,13487,MSP,468,462,84,4,2,0.1818181818181818,0.0085470085470085,0.0042735042735042
11648,FCA,13796,OAK,18,18,4,0,0,0.2222222222222222,0.0,0.0
11648,FCA,13930,ORD,531,519,189,4,8,0.3641618497109826,0.007532956685499,0.0150659133709981
11648,FCA,14057,PDX,24,24,5,0,0,0.2083333333333333,0.0,0.0
11648,FCA,14679,SAN,40,40,11,0,0,0.275,0.0,0.0
11648,FCA,14747,SEA,24,24,3,0,0,0.125,0.0,0.0
11648,FCA,14771,SFO,216,216,39,0,0,0.1805555555555555,0.0,0.0
11648,FCA,14869,SLC,1156,1150,75,6,0,0.0652173913043478,0.0051903114186851,0.0
11695,FLG,11298,DFW,408,399,93,7,2,0.2330827067669172,0.017156862745098,0.0049019607843137
11695,FLG,12892,LAX,10,9,4,1,0,0.4444444444444444,0.1,0.0
11695,FLG,14107,PHX,1311,1288,245,22,1,0.1902173913043478,0.0167810831426392,0.0007627765064836
11697,FLL,10135,ABE,126,125,32,1,0,0.256,0.0079365079365079,0.0
11697,FLL,10158,ACY,527,524,85,2,1,0.1622137404580152,0.0037950664136622,0.0018975332068311
11697,FLL,10257,ALB,544,537,151,5,2,0.2811918063314711,0.0091911764705882,0.0036764705882352
11697,FLL,10397,ATL,6549,6430,1670,102,17,0.2597200622083981,0.0155748969308291,0.0025958161551381
11697,FLL,10408,ATW,49,48,12,0,1,0.25,0.0,0.0204081632653061
11697,FLL,10423,AUS,807,799,223,5,3,0.27909887359199,0.0061957868649318,0.0037174721189591
11697,FLL,10431,AVL,677,671,209,2,4,0.3114754098360656,0.0029542097488921,0.0059084194977843
11697,FLL,10529,BDL,831,818,187,10,3,0.2286063569682151,0.0120336943441636,0.003610108303249
11697,FLL,10581,BGR,43,43,5,0,0,0.1162790697674418,0.0,0.0
11697,FLL,10599,BHM,210,207,53,3,0,0.2560386473429952,0.0142857142857142,0.0
11697,FLL,10676,BLV,58,58,3,0,0,0.0517241379310344,0.0,0.0
11697,FLL,10693,BNA,2124,2098,467,19,7,0.2225929456625357,0.0089453860640301,0.0032956685499058
11697,FLL,10721,BOS,3473,3416,1023,54,3,0.2994730679156909,0.0155485171321623,0.0008638065073423
11697,FLL,10732,BQN,323,322,102,0,1,0.3167701863354037,0.0,0.0030959752321981
11697,FLL,10792,BUF,578,569,127,7,2,0.2231985940246045,0.0121107266435986,0.0034602076124567
11697,FLL,10821,BWI,3285,3226,696,55,4,0.2157470551766894,0.0167427701674277,0.0012176560121765
11697,FLL,10868,CAE,109,107,30,1,1,0.2803738317757009,0.0091743119266055,0.0091743119266055
11697,FLL,10874,CAK,82,82,14,0,0,0.1707317073170731,0.0,0.0
11697,FLL,10980,CHA,48,48,14,0,0,0.2916666666666667,0.0,0.0
11697,FLL,10994,CHS,539,531,93,7,1,0.1751412429378531,0.0129870129870129,0.0018552875695732
11697,FLL,11003,CID,76,76,20,0,0,0.2631578947368421,0.0,0.0
11697,FLL,11042,CLE,1067,1061,204,5,1,0.1922714420358152,0.0046860356138706,0.0009372071227741
11697,FLL,11057,CLT,3225,3184,611,38,3,0.1918969849246231,0.0117829457364341,0.0009302325581395
11697,FLL,11066,CMH,1018,1011,275,5,2,0.2720079129574678,0.0049115913555992,0.0019646365422396
11697,FLL,11193,CVG,1050,1033,287,16,1,0.2778315585672797,0.0152380952380952,0.0009523809523809
11697,FLL,11259,DAL,641,628,151,10,3,0.2404458598726114,0.0156006240249609,0.0046801872074883
11697,FLL,11278,DCA,2285,2223,662,37,25,0.297795771479982,0.0161925601750547,0.0109409190371991
11697,FLL,11292,DEN,1646,1632,293,4,10,0.1795343137254902,0.0024301336573511,0.0060753341433778
11697,FLL,11298,DFW,2745,2649,695,77,19,0.2623631559078898,0.0280510018214936,0.0069216757741347
11697,FLL,11423,DSM,99,94,30,4,1,0.3191489361702128,0.0404040404040404,0.0101010101010101
11697,FLL,11433,DTW,2717,2691,612,23,3,0.2274247491638795,0.0084652189915347,0.0011041589988958
11697,FLL,11618,EWR,4826,4697,1394,105,24,0.2967851820310836,0.0217571487774554,0.0049730625777041
11697,FLL,11624,EYW,30,29,11,1,0,0.3793103448275862,0.0333333333333333,0.0
11697,FLL,11721,FNT,22,22,0,0,0,0.0,0.0,0.0
11697,FLL,11775,FSD,36,36,5,0,0,0.1388888888888889,0.0,0.0
11697,FLL,11823,FWA,13,13,10,0,0,0.7692307692307693,0.0,0.0
11697,FLL,11986,GRR,114,114,24,0,0,0.2105263157894736,0.0,0.0
11697,FLL,11996,GSP,95,93,37,1,1,0.3978494623655914,0.0105263157894736,0.0105263157894736
11697,FLL,12094,HDN,25,24,5,0,1,0.2083333333333333,0.0,0.04
11697,FLL,12191,HOU,798,785,152,9,4,0.1936305732484076,0.0112781954887218,0.0050125313283208
11697,FLL,12197,HPN,898,877,188,10,11,0.2143671607753705,0.0111358574610244,0.0122494432071269
11697,FLL,12217,HSV,13,13,4,0,0,0.3076923076923077,0.0,0.0
11697,FLL,12223,HTS,59,57,21,2,0,0.3684210526315789,0.0338983050847457,0.0
11697,FLL,12264,IAD,770,766,97,3,1,0.1266318537859007,0.0038961038961038,0.0012987012987012
11697,FLL,12266,IAH,2733,2706,497,21,6,0.1836659275683665,0.0076838638858397,0.0021953896816684
11697,FLL,12339,IND,1065,1059,259,6,0,0.2445703493862134,0.0056338028169014,0.0
11697,FLL,12391,ISP,395,392,71,2,1,0.1811224489795918,0.0050632911392405,0.0025316455696202
11697,FLL,12451,JAX,119,118,43,1,0,0.3644067796610169,0.0084033613445378,0.0
11697,FLL,12478,JFK,3857,3756,955,90,11,0.2542598509052183,0.0233341975628726,0.0028519574799066
11697,FLL,12544,USA,181,180,70,1,0,0.3888888888888889,0.005524861878453,0.0
11697,FLL,12889,LAS,1042,1032,208,9,1,0.2015503875968992,0.0086372360844529,0.0009596928982725
11697,FLL,12892,LAX,2097,2092,413,5,0,0.1974187380497132,0.0023843586075345,0.0
11697,FLL,12898,LBE,51,51,12,0,0,0.2352941176470588,0.0,0.0
11697,FLL,12917,LCK,88,88,26,0,0,0.2954545454545454,0.0,0.0
11697,FLL,12945,LEX,130,130,58,0,0,0.4461538461538462,0.0,0.0
11697,FLL,12953,LGA,4175,4053,1107,100,22,0.2731310140636565,0.0239520958083832,0.0052694610778443
11697,FLL,13198,MCI,574,567,101,4,3,0.1781305114638448,0.0069686411149825,0.0052264808362369
11697,FLL,13204,MCO,1259,1250,187,7,2,0.1496,0.0055599682287529,0.0015885623510722
11697,FLL,13230,MDT,63,63,16,0,0,0.2539682539682539,0.0,0.0
11697,FLL,13232,MDW,1138,1119,257,12,7,0.2296693476318141,0.0105448154657293,0.0061511423550087
11697,FLL,13244,MEM,245,242,53,3,0,0.2190082644628099,0.0122448979591836,0.0
11697,FLL,13296,MHT,98,95,37,2,1,0.3894736842105263,0.0204081632653061,0.010204081632653
11697,FLL,13342,MKE,176,175,45,1,0,0.2571428571428571,0.0056818181818181,0.0
11697,FLL,13487,MSP,703,691,126,10,2,0.1823444283646888,0.0142247510668563,0.0028449502133712
11697,FLL,13495,MSY,1223,1210,308,12,1,0.2545454545454545,0.0098119378577269,0.0008176614881439
11697,FLL,13577,MYR,375,372,88,2,1,0.2365591397849462,0.0053333333333333,0.0026666666666666
11697,FLL,13871,OMA,13,12,2,0,1,0.1666666666666666,0.0,0.0769230769230769
11697,FLL,13930,ORD,2989,2952,686,25,12,0.2323848238482384,0.0083640013382402,0.0040147206423553
11697,FLL,13931,ORF,359,351,77,8,0,0.2193732193732193,0.022284122562674,0.0
11697,FLL,13933,ORH,311,300,53,7,4,0.1766666666666666,0.022508038585209,0.0128617363344051
11697,FLL,14025,PBG,151,150,25,1,0,0.1666666666666666,0.0066225165562913,0.0
11697,FLL,14057,PDX,39,38,15,1,0,0.3947368421052631,0.0256410256410256,0.0
11697,FLL,14100,PHL,2841,2790,626,46,5,0.2243727598566308,0.01619148187258,0.0017599436818021
11697,FLL,14107,PHX,328,325,66,2,1,0.203076923076923,0.0060975609756097,0.0030487804878048
11697,FLL,14108,PIA,18,18,5,0,0,0.2777777777777778,0.0,0.0
11697,FLL,14122,PIT,999,991,263,7,1,0.2653884964682139,0.007007007007007,0.001001001001001
11697,FLL,14193,PNS,361,357,80,4,0,0.2240896358543417,0.0110803324099723,0.0
11697,FLL,14307,PVD,557,552,140,4,1,0.2536231884057971,0.0071813285457809,0.0017953321364452
11697,FLL,14492,RDU,1223,1214,332,8,1,0.2734761120263591,0.0065412919051512,0.0008176614881439
11697,FLL,14524,RIC,833,822,223,11,0,0.2712895377128954,0.0132052821128451,0.0
11697,FLL,14576,ROC,169,167,51,1,1,0.3053892215568862,0.0059171597633136,0.0059171597633136
11697,FLL,14679,SAN,165,162,30,0,3,0.1851851851851851,0.0,0.0181818181818181
11697,FLL,14683,SAT,299,294,62,3,2,0.2108843537414966,0.0100334448160535,0.0066889632107023
11697,FLL,14685,SAV,85,85,18,0,0,0.2117647058823529,0.0,0.0
11697,FLL,14696,SBN,37,36,7,0,1,0.1944444444444444,0.0,0.027027027027027
11697,FLL,14730,SDF,403,393,104,8,2,0.2646310432569974,0.0198511166253101,0.0049627791563275
11697,FLL,14747,SEA,868,851,270,9,8,0.3172737955346651,0.01036866359447,0.0092165898617511
11697,FLL,14771,SFO,1254,1247,225,5,2,0.1804330392943063,0.003987240829346,0.0015948963317384
11697,FLL,14843,SJU,2335,2320,597,12,3,0.2573275862068965,0.0051391862955032,0.0012847965738758
11697,FLL,14869,SLC,366,365,54,1,0,0.147945205479452,0.0027322404371584,0.0
11697,FLL,15016,STL,882,871,164,9,2,0.1882893226176808,0.010204081632653,0.0022675736961451
11697,FLL,15024,STT,372,368,42,1,3,0.1141304347826086,0.0026881720430107,0.0080645161290322
11697,FLL,15027,STX,195,194,34,0,1,0.1752577319587628,0.0,0.0051282051282051
11697,FLL,15070,SWF,97,97,20,0,0,0.2061855670103092,0.0,0.0
11697,FLL,15096,SYR,127,127,40,0,0,0.3149606299212598,0.0,0.0
11697,FLL,15304,TPA,1223,1214,241,7,2,0.1985172981878089,0.0057236304170073,0.0016353229762878
11697,FLL,15380,TVC,62,62,19,0,0,0.3064516129032258,0.0,0.0
11697,FLL,15412,TYS,494,492,168,1,1,0.3414634146341463,0.0020242914979757,0.0020242914979757
11697,FLL,15919,XNA,93,93,19,0,0,0.2043010752688172,0.0,0.0
11711,FMN,11292,DEN,237,236,40,1,0,0.1694915254237288,0.0042194092827004,0.0
11721,FNT,10466,AZA,112,112,20,0,0,0.1785714285714285,0.0,0.0
11721,FNT,10693,BNA,95,95,17,0,0,0.1789473684210526,0.0,0.0
11721,FNT,11618,EWR,22,22,1,0,0,0.0454545454545454,0.0,0.0
11721,FNT,11697,FLL,22,22,1,0,0,0.0454545454545454,0.0,0.0
11721,FNT,12451,JAX,82,82,18,0,0,0.2195121951219512,0.0,0.0
11721,FNT,12889,LAS,105,104,26,0,1,0.25,0.0,0.0095238095238095
11721,FNT,13930,ORD,1570,1527,481,40,3,0.3149967256057629,0.0254777070063694,0.0019108280254777
11721,FNT,14057,PDX,30,30,1,0,0,0.0333333333333333,0.0,0.0
11721,FNT,14082,PGD,333,332,83,0,1,0.25,0.0,0.003003003003003
11721,FNT,14112,PIE,300,296,60,0,4,0.2027027027027027,0.0,0.0133333333333333
11721,FNT,14761,SFB,353,352,84,1,0,0.2386363636363636,0.0028328611898017,0.0
11721,FNT,14986,SRQ,187,186,54,1,0,0.2903225806451613,0.0053475935828877,0.0
11721,FNT,15624,VPS,104,104,9,0,0,0.0865384615384615,0.0,0.0
11725,FOD,13930,ORD,627,602,124,24,1,0.2059800664451827,0.0382775119617224,0.0015948963317384
11775,FSD,10397,ATL,365,355,71,7,3,0.2,0.0191780821917808,0.0082191780821917
11775,FSD,10466,AZA,377,377,96,0,0,0.2546419098143236,0.0,0.0
11775,FSD,10693,BNA,105,105,27,0,0,0.2571428571428571,0.0,0.0
11775,FSD,11292,DEN,1839,1808,478,21,10,0.2643805309734513,0.0114192495921696,0.0054377379010331
11775,FSD,11298,DFW,1085,1044,290,28,13,0.2777777777777778,0.0258064516129032,0.0119815668202764
11775,FSD,11697,FLL,36,36,8,0,0,0.2222222222222222,0.0,0.0
11775,FSD,12889,LAS,182,181,41,1,0,0.2265193370165746,0.0054945054945054,0.0
11775,FSD,12892,LAX,24,24,13,0,0,0.5416666666666666,0.0,0.0
11775,FSD,13487,MSP,968,959,162,9,0,0.1689259645464025,0.009297520661157,0.0
11775,FSD,13930,ORD,1686,1640,520,41,5,0.3170731707317073,0.024317912218268,0.0029655990510083
11775,FSD,14082,PGD,46,46,13,0,0,0.2826086956521739,0.0,0.0
11775,FSD,14107,PHX,445,443,87,2,0,0.1963882618510158,0.0044943820224719,0.0
11775,FSD,14112,PIE,123,123,28,0,0,0.2276422764227642,0.0,0.0
11775,FSD,14761,SFB,117,117,41,0,0,0.3504273504273504,0.0,0.0
11778,FSM,11298,DFW,1169,1119,199,47,3,0.1778373547810545,0.0402053036783575,0.0025662959794696
11823,FWA,10397,ATL,1042,1019,198,18,5,0.1943081452404318,0.0172744721689059,0.0047984644913627
11823,FWA,10466,AZA,79,78,26,0,1,0.3333333333333333,0.0,0.0126582278481012
11823,FWA,11057,CLT,410,404,97,6,0,0.2400990099009901,0.0146341463414634,0.0
11823,FWA,11298,DFW,1084,1052,253,24,8,0.2404942965779467,0.022140221402214,0.007380073800738
11823,FWA,11433,DTW,548,547,92,1,0,0.1681901279707495,0.0018248175182481,0.0
11823,FWA,11697,FLL,13,13,10,0,0,0.7692307692307693,0.0,0.0
11823,FWA,12889,LAS,82,82,18,0,0,0.2195121951219512,0.0,0.0
11823,FWA,13487,MSP,365,361,77,2,2,0.2132963988919667,0.0054794520547945,0.0054794520547945
11823,FWA,13577,MYR,35,34,12,1,0,0.3529411764705882,0.0285714285714285,0.0
11823,FWA,13930,ORD,2224,2149,709,71,4,0.3299208934388087,0.0319244604316546,0.0017985611510791
11823,FWA,14082,PGD,230,230,63,0,0,0.2739130434782608,0.0,0.0
11823,FWA,14112,PIE,191,189,79,0,2,0.4179894179894179,0.0,0.0104712041884816
11823,FWA,14761,SFB,196,195,84,1,0,0.4307692307692308,0.0051020408163265,0.0
11823,FWA,14986,SRQ,115,115,19,0,0,0.1652173913043478,0.0,0.0
11865,GCC,11292,DEN,730,714,156,14,2,0.2184873949579832,0.0191780821917808,0.0027397260273972
11867,GCK,11298,DFW,729,705,154,22,2,0.2184397163120567,0.0301783264746227,0.0027434842249657
11884,GEG,10397,ATL,507,497,80,6,4,0.1609657947686116,0.0118343195266272,0.0078895463510848
11884,GEG,10466,AZA,97,97,33,0,0,0.3402061855670103,0.0,0.0
11884,GEG,10713,BOI,270,270,32,0,0,0.1185185185185185,0.0,0.0
11884,GEG,11259,DAL,18,17,7,0,1,0.4117647058823529,0.0,0.0555555555555555
11884,GEG,11292,DEN,2012,1996,383,5,11,0.1918837675350701,0.0024850894632206,0.0054671968190854
11884,GEG,11298,DFW,553,536,115,9,8,0.2145522388059701,0.0162748643761302,0.0144665461121157
11884,GEG,12889,LAS,850,847,112,2,1,0.1322314049586777,0.0023529411764705,0.0011764705882352
11884,GEG,12892,LAX,875,870,62,4,1,0.0712643678160919,0.0045714285714285,0.0011428571428571
11884,GEG,13232,MDW,77,74,9,1,2,0.1216216216216216,0.0129870129870129,0.0259740259740259
11884,GEG,13487,MSP,776,775,83,1,0,0.1070967741935483,0.0012886597938144,0.0
11884,GEG,13796,OAK,518,516,61,2,0,0.1182170542635659,0.0038610038610038,0.0
11884,GEG,13930,ORD,534,525,181,3,6,0.3447619047619047,0.0056179775280898,0.0112359550561797
11884,GEG,14057,PDX,805,799,104,6,0,0.130162703379224,0.0074534161490683,0.0
11884,GEG,14107,PHX,1144,1142,155,1,1,0.1357267950963222,0.0008741258741258,0.0008741258741258
11884,GEG,14679,SAN,326,320,24,6,0,0.075,0.0184049079754601,0.0
11884,GEG,14747,SEA,5283,5244,939,34,5,0.1790617848970251,0.0064357372704902,0.0009464319515426
11884,GEG,14771,SFO,893,888,162,2,3,0.1824324324324324,0.0022396416573348,0.0033594624860022
11884,GEG,14831,SJC,280,280,43,0,0,0.1535714285714285,0.0,0.0
11884,GEG,14869,SLC,1675,1670,177,4,1,0.1059880239520958,0.0023880597014925,0.0005970149253731
11884,GEG,14893,SMF,678,677,97,1,0,0.1432791728212703,0.0014749262536873,0.0
11884,GEG,14908,SNA,31,30,20,1,0,0.6666666666666666,0.032258064516129,0.0
11898,GFK,10466,AZA,72,72,15,0,0,0.2083333333333333,0.0,0.0
11898,GFK,12889,LAS,105,104,16,1,0,0.1538461538461538,0.0095238095238095,0.0
11898,GFK,13487,MSP,611,604,85,7,0,0.140728476821192,0.011456628477905,0.0
11898,GFK,14761,SFB,28,28,9,0,0,0.3214285714285714,0.0,0.0
11905,GGG,11298,DFW,727,702,141,24,1,0.2008547008547008,0.0330123796423658,0.0013755158184319
11921,GJT,10397,ATL,1,1,1,0,0,1.0,0.0,0.0
11921,GJT,11292,DEN,2186,2150,577,33,3,0.2683720930232558,0.0150960658737419,0.0013723696248856
11921,GJT,11298,DFW,935,908,184,18,9,0.2026431718061674,0.0192513368983957,0.0096256684491978
11921,GJT,11503,EGE,1,0,0,0,1,,0.0,1.0
11921,GJT,12889,LAS,2,2,0,0,0,0.0,0.0,0.0
11921,GJT,14107,PHX,942,934,135,4,4,0.1445396145610278,0.0042462845010615,0.0042462845010615
11921,GJT,14869,SLC,632,631,38,1,0,0.0602218700475435,0.0015822784810126,0.0
11953,GNV,10397,ATL,1548,1524,205,22,2,0.134514435695538,0.0142118863049095,0.0012919896640826
11953,GNV,10423,AUS,2,2,1,0,0,0.5,0.0,0.0
11953,GNV,10693,BNA,1,1,0,0,0,0.0,0.0,0.0
11953,GNV,11049,CLL,1,1,0,0,0,0.0,0.0,0.0
11953,GNV,11057,CLT,221,212,20,9,0,0.0943396226415094,0.0407239819004524,0.0
11953,GNV,11298,DFW,573,555,129,14,4,0.2324324324324324,0.0244328097731239,0.0069808027923211
11953,GNV,12266,IAH,1,1,0,0,0,0.0,0.0,0.0
11953,GNV,13303,MIA,367,364,23,3,0,0.0631868131868131,0.0081743869209809,0.0
11973,GPT,10397,ATL,1291,1266,170,23,2,0.1342812006319115,0.0178156467854376,0.0015491866769945
11973,GPT,11057,CLT,969,924,169,43,2,0.1829004329004329,0.04437564499484,0.002063983488132
11973,GPT,11298,DFW,1101,1053,188,45,3,0.1785375118708452,0.0408719346049046,0.0027247956403269
11977,GRB,10397,ATL,370,365,45,3,2,0.1232876712328767,0.0081081081081081,0.0054054054054054
11977,GRB,11057,CLT,4,4,0,0,0,0.0,0.0,0.0
11977,GRB,11278,DCA,2,2,0,0,0,0.0,0.0,0.0
11977,GRB,11292,DEN,29,28,6,1,0,0.2142857142857142,0.0344827586206896,0.0
11977,GRB,11433,DTW,700,688,109,12,0,0.1584302325581395,0.0171428571428571,0.0
11977,GRB,12892,LAX,1,1,1,0,0,1.0,0.0,0.0
11977,GRB,12953,LGA,3,3,0,0,0,0.0,0.0,0.0
11977,GRB,13204,MCO,1,1,1,0,0,1.0,0.0,0.0
11977,GRB,13487,MSP,769,761,127,8,0,0.16688567674113,0.0104031209362808,0.0
11977,GRB,13930,ORD,2408,2348,635,59,1,0.270442930153322,0.0245016611295681,0.0004152823920265
11977,GRB,14100,PHL,2,1,0,1,0,0.0,0.5,0.0
11977,GRB,14107,PHX,3,3,0,0,0,0.0,0.0,0.0
11977,GRB,14869,SLC,2,2,0,0,0,0.0,0.0,0.0
11980,GRI,10466,AZA,152,152,27,0,0,0.1776315789473684,0.0,0.0
11980,GRI,11298,DFW,725,699,156,24,2,0.223175965665236,0.033103448275862,0.0027586206896551
11980,GRI,12889,LAS,112,112,20,0,0,0.1785714285714285,0.0,0.0
11982,GRK,11298,DFW,1811,1742,364,65,4,0.208955223880597,0.0358917725013804,0.0022087244616234
11986,GRR,10397,ATL,1432,1413,178,16,3,0.1259731068648266,0.0111731843575419,0.0020949720670391
11986,GRR,10423,AUS,94,94,25,0,0,0.2659574468085106,0.0,0.0
11986,GRR,10466,AZA,223,223,47,0,0,0.210762331838565,0.0,0.0
11986,GRR,10693,BNA,190,188,55,2,0,0.2925531914893617,0.0105263157894736,0.0
11986,GRR,10721,BOS,86,85,8,0,1,0.0941176470588235,0.0,0.0116279069767441
11986,GRR,10821,BWI,407,403,83,3,1,0.205955334987593,0.0073710073710073,0.0024570024570024
11986,GRR,11057,CLT,1045,1034,201,10,1,0.1943907156673114,0.0095693779904306,0.000956937799043
11986,GRR,11278,DCA,697,652,177,41,4,0.2714723926380368,0.0588235294117647,0.0057388809182209
11986,GRR,11292,DEN,1258,1253,232,3,2,0.1851556264964086,0.0023847376788553,0.0015898251192368
11986,GRR,11298,DFW,1066,1025,323,35,6,0.3151219512195122,0.0328330206378986,0.0056285178236397
11986,GRR,11433,DTW,1396,1388,275,8,0,0.1981268011527377,0.0057306590257879,0.0
11986,GRR,11618,EWR,775,739,150,31,5,0.2029769959404601,0.04,0.0064516129032258
11986,GRR,11697,FLL,114,114,27,0,0,0.2368421052631578,0.0,0.0
11986,GRR,12266,IAH,1,1,0,0,0,0.0,0.0,0.0
11986,GRR,12451,JAX,64,64,9,0,0,0.140625,0.0,0.0
11986,GRR,12889,LAS,546,543,131,0,3,0.2412523020257826,0.0,0.0054945054945054
11986,GRR,12892,LAX,25,25,5,0,0,0.2,0.0,0.0
11986,GRR,12953,LGA,846,814,179,29,3,0.2199017199017199,0.0342789598108747,0.0035460992907801
11986,GRR,13204,MCO,460,455,102,5,0,0.2241758241758241,0.0108695652173913,0.0
11986,GRR,13232,MDW,866,862,191,2,2,0.2215777262180974,0.0023094688221709,0.0023094688221709
11986,GRR,13303,MIA,184,183,44,1,0,0.2404371584699453,0.0054347826086956,0.0
11986,GRR,13487,MSP,1150,1143,200,6,1,0.1749781277340332,0.0052173913043478,0.0008695652173913
11986,GRR,13577,MYR,30,29,4,0,1,0.1379310344827586,0.0,0.0333333333333333
11986,GRR,13930,ORD,3582,3514,1007,67,1,0.2865680136596471,0.0187046342825237,0.0002791736460078
11986,GRR,14027,PBI,65,64,10,0,1,0.15625,0.0,0.0153846153846153
11986,GRR,14057,PDX,36,36,4,0,0,0.1111111111111111,0.0,0.0
11986,GRR,14082,PGD,364,362,65,0,2,0.1795580110497237,0.0,0.0054945054945054
11986,GRR,14100,PHL,167,166,18,1,0,0.108433734939759,0.0059880239520958,0.0
11986,GRR,14107,PHX,153,151,46,2,0,0.304635761589404,0.0130718954248366,0.0
11986,GRR,14112,PIE,389,387,94,0,2,0.2428940568475452,0.0,0.0051413881748071
11986,GRR,14635,RSW,112,110,24,2,0,0.2181818181818181,0.0178571428571428,0.0
11986,GRR,14685,SAV,41,41,5,0,0,0.1219512195121951,0.0,0.0
11986,GRR,14761,SFB,424,424,145,0,0,0.3419811320754717,0.0,0.0
11986,GRR,14986,SRQ,172,172,37,0,0,0.2151162790697674,0.0,0.0
11986,GRR,15304,TPA,45,44,9,1,0,0.2045454545454545,0.0222222222222222,0.0
11986,GRR,15624,VPS,87,86,15,0,1,0.1744186046511628,0.0,0.0114942528735632
11995,GSO,10397,ATL,2667,2621,305,40,6,0.1163677985501717,0.0149981252343457,0.0022497187851518
11995,GSO,11057,CLT,1539,1502,267,36,1,0.177762982689747,0.023391812865497,0.0006497725795971
11995,GSO,11278,DCA,787,748,199,37,2,0.2660427807486631,0.0470139771283354,0.0025412960609911
11995,GSO,11292,DEN,365,362,49,2,1,0.1353591160220994,0.0054794520547945,0.0027397260273972
11995,GSO,11298,DFW,936,905,226,30,1,0.2497237569060773,0.032051282051282,0.001068376068376
11995,GSO,11433,DTW,248,247,55,1,0,0.2226720647773279,0.0040322580645161,0.0
11995,GSO,11618,EWR,20,20,9,0,0,0.45,0.0,0.0
11995,GSO,12264,IAD,1,1,0,0,0,0.0,0.0,0.0
11995,GSO,12953,LGA,1911,1826,389,83,2,0.2130339539978094,0.043432757718472,0.0010465724751439
11995,GSO,13303,MIA,483,474,49,7,2,0.1033755274261603,0.0144927536231884,0.0041407867494824
11995,GSO,13930,ORD,1156,1134,259,21,1,0.228395061728395,0.0181660899653979,0.0008650519031141
11995,GSO,14100,PHL,139,130,40,9,0,0.3076923076923077,0.0647482014388489,0.0
11995,GSO,14112,PIE,96,95,45,0,1,0.4736842105263157,0.0,0.0104166666666666
11995,GSO,14761,SFB,20,20,5,0,0,0.25,0.0,0.0
11996,GSP,10397,ATL,2816,2781,311,31,4,0.1118302768788205,0.0110085227272727,0.0014204545454545
11996,GSP,10693,BNA,370,370,47,0,0,0.127027027027027,0.0,0.0
11996,GSP,10721,BOS,2,2,2,0,0,1.0,0.0,0.0
11996,GSP,10821,BWI,691,685,105,5,1,0.1532846715328467,0.0072358900144717,0.0014471780028943
11996,GSP,11057,CLT,2204,2164,415,40,0,0.1917744916820702,0.0181488203266787,0.0
11996,GSP,11278,DCA,997,936,274,58,3,0.2927350427350427,0.0581745235707121,0.0030090270812437
11996,GSP,11292,DEN,383,372,83,2,9,0.2231182795698924,0.0052219321148825,0.0234986945169712
11996,GSP,11298,DFW,1240,1210,318,21,9,0.2628099173553719,0.0169354838709677,0.007258064516129
11996,GSP,11433,DTW,488,480,65,7,1,0.1354166666666666,0.0143442622950819,0.0020491803278688
11996,GSP,11618,EWR,575,553,98,20,2,0.1772151898734177,0.0347826086956521,0.0034782608695652
11996,GSP,11697,FLL,95,94,47,1,0,0.5,0.0105263157894736,0.0
11996,GSP,12191,HOU,267,265,50,2,0,0.1886792452830188,0.0074906367041198,0.0
11996,GSP,12266,IAH,134,133,21,1,0,0.1578947368421052,0.0074626865671641,0.0
11996,GSP,12953,LGA,946,888,187,54,4,0.2105855855855855,0.0570824524312896,0.0042283298097251
11996,GSP,13303,MIA,655,651,104,3,1,0.1597542242703533,0.0045801526717557,0.0015267175572519
11996,GSP,13495,MSY,3,3,0,0,0,0.0,0.0,0.0
11996,GSP,13930,ORD,1519,1473,335,41,5,0.2274270196877121,0.0269914417379855,0.0032916392363396
11996,GSP,14100,PHL,477,466,68,11,0,0.1459227467811159,0.0230607966457023,0.0
11996,GSP,14112,PIE,110,108,52,0,2,0.4814814814814814,0.0,0.0181818181818181
11996,GSP,14761,SFB,113,113,64,0,0,0.5663716814159292,0.0,0.0
11996,GSP,14986,SRQ,93,91,14,2,0,0.1538461538461538,0.021505376344086,0.0
11996,GSP,15249,TLH,1,1,0,0,0,0.0,0.0,0.0
11997,GST,12523,JNU,86,83,15,3,0,0.180722891566265,0.0348837209302325,0.0
12003,GTF,10466,AZA,99,99,23,0,0,0.2323232323232323,0.0,0.0
12003,GTF,11292,DEN,729,723,139,2,4,0.1922544951590594,0.0027434842249657,0.0054869684499314
12003,GTF,12889,LAS,111,110,22,1,0,0.2,0.009009009009009,0.0
12003,GTF,13487,MSP,250,250,24,0,0,0.096,0.0,0.0
12003,GTF,13930,ORD,13,12,1,0,1,0.0833333333333333,0.0,0.0769230769230769
12003,GTF,14747,SEA,179,179,39,0,0,0.217877094972067,0.0,0.0
12003,GTF,14869,SLC,1063,1058,70,5,0,0.0661625708884688,0.0047036688617121,0.0
12007,GTR,11298,DFW,243,238,62,3,2,0.2605042016806723,0.0123456790123456,0.0082304526748971
12012,GUC,11292,DEN,993,985,245,4,4,0.248730964467005,0.0040281973816717,0.0040281973816717
12012,GUC,11298,DFW,134,131,41,1,2,0.3129770992366412,0.0074626865671641,0.0149253731343283
12012,GUC,13930,ORD,11,10,1,0,1,0.1,0.0,0.0909090909090909
12016,GUM,12173,HNL,365,360,24,4,1,0.0666666666666666,0.010958904109589,0.0027397260273972
12016,GUM,14955,SPN,367,366,23,1,0,0.0628415300546448,0.0027247956403269,0.0
12094,HDN,10397,ATL,101,94,21,6,1,0.2234042553191489,0.0594059405940594,0.0099009900990099
12094,HDN,10693,BNA,11,10,5,0,1,0.5,0.0,0.0909090909090909
12094,HDN,10721,BOS,35,33,10,1,1,0.303030303030303,0.0285714285714285,0.0285714285714285
12094,HDN,11259,DAL,68,67,19,0,1,0.2835820895522388,0.0,0.0147058823529411
12094,HDN,11292,DEN,1403,1382,362,18,3,0.2619392185238784,0.0128296507483962,0.0021382751247327
12094,HDN,11298,DFW,132,129,53,2,1,0.4108527131782946,0.0151515151515151,0.0075757575757575
12094,HDN,11618,EWR,84,84,22,0,0,0.2619047619047619,0.0,0.0
12094,HDN,11697,FLL,25,25,4,0,0,0.16,0.0,0.0
12094,HDN,12264,IAD,15,15,6,0,0,0.4,0.0,0.0
12094,HDN,12266,IAH,53,52,9,1,0,0.173076923076923,0.0188679245283018,0.0
12094,HDN,12892,LAX,80,79,16,1,0,0.2025316455696202,0.0125,0.0
12094,HDN,13487,MSP,39,38,10,1,0,0.2631578947368421,0.0256410256410256,0.0
12094,HDN,13930,ORD,179,175,48,3,1,0.2742857142857143,0.0167597765363128,0.0055865921787709
12094,HDN,14679,SAN,52,50,12,2,0,0.24,0.0384615384615384,0.0
12094,HDN,14747,SEA,12,12,4,0,0,0.3333333333333333,0.0,0.0
12094,HDN,14771,SFO,24,24,8,0,0,0.3333333333333333,0.0,0.0
12119,HGR,13577,MYR,75,71,36,3,1,0.5070422535211268,0.04,0.0133333333333333
12119,HGR,14112,PIE,109,107,54,1,1,0.5046728971962616,0.0091743119266055,0.0091743119266055
12119,HGR,14761,SFB,132,130,63,2,0,0.4846153846153846,0.0151515151515151,0.0
12124,HHH,10397,ATL,195,194,20,1,0,0.1030927835051546,0.0051282051282051,0.0
12124,HHH,10721,BOS,13,13,6,0,0,0.4615384615384615,0.0,0.0
12124,HHH,11057,CLT,1109,1087,159,22,0,0.1462741490340386,0.0198376916140667,0.0
12124,HHH,11278,DCA,313,307,50,5,1,0.1628664495114006,0.0159744408945686,0.0031948881789137
12124,HHH,11618,EWR,214,201,65,10,3,0.3233830845771144,0.0467289719626168,0.014018691588785
12124,HHH,12953,LGA,195,176,51,5,14,0.2897727272727273,0.0256410256410256,0.0717948717948717
12124,HHH,13930,ORD,38,37,14,1,0,0.3783783783783784,0.0263157894736842,0.0
12124,HHH,14100,PHL,108,101,29,3,4,0.2871287128712871,0.0277777777777777,0.037037037037037
12129,HIB,13487,MSP,627,620,102,7,0,0.164516129032258,0.011164274322169,0.0
12156,HLN,11292,DEN,884,860,261,11,13,0.3034883720930232,0.0124434389140271,0.0147058823529411
12156,HLN,14747,SEA,71,70,23,1,0,0.3285714285714285,0.0140845070422535,0.0
12156,HLN,14869,SLC,725,721,27,4,0,0.0374479889042995,0.0055172413793103,0.0
12173,HNL,10299,ANC,386,380,112,5,1,0.2947368421052631,0.0129533678756476,0.0025906735751295
12173,HNL,10397,ATL,378,374,83,4,0,0.2219251336898395,0.0105820105820105,0.0
12173,HNL,10423,AUS,27,27,9,0,0,0.3333333333333333,0.0,0.0
12173,HNL,10721,BOS,292,289,64,2,1,0.2214532871972318,0.0068493150684931,0.0034246575342465
12173,HNL,11292,DEN,616,611,87,5,0,0.1423895253682487,0.0081168831168831,0.0
12173,HNL,11298,DFW,567,556,123,7,4,0.2212230215827338,0.0123456790123456,0.0070546737213403
12173,HNL,11433,DTW,290,288,50,1,1,0.1736111111111111,0.0034482758620689,0.0034482758620689
12173,HNL,11618,EWR,128,126,34,2,0,0.2698412698412698,0.015625,0.0
12173,HNL,12016,GUM,365,365,51,0,0,0.1397260273972602,0.0,0.0
12173,HNL,12264,IAD,143,137,20,5,1,0.145985401459854,0.0349650349650349,0.0069930069930069
12173,HNL,12266,IAH,378,375,62,3,0,0.1653333333333333,0.0079365079365079,0.0
12173,HNL,12402,ITO,6335,6292,628,40,3,0.0998092816274634,0.0063141278610891,0.0004735595895816
12173,HNL,12478,JFK,668,665,126,1,2,0.1894736842105263,0.0014970059880239,0.0029940119760479
12173,HNL,12758,KOA,7488,7407,769,77,4,0.1038207101390576,0.0102831196581196,0.000534188034188
12173,HNL,12889,LAS,2021,2016,332,4,1,0.1646825396825396,0.0019792182088075,0.0004948045522018
12173,HNL,12892,LAX,5324,5287,900,32,5,0.1702288632494798,0.0060105184072126,0.0009391435011269
12173,HNL,12954,LGB,730,724,114,4,2,0.1574585635359116,0.0054794520547945,0.0027397260273972
12173,HNL,12982,LIH,8080,8001,867,72,7,0.1083614548181477,0.0089108910891089,0.0008663366336633
12173,HNL,13487,MSP,365,359,55,5,1,0.1532033426183844,0.0136986301369863,0.0027397260273972
12173,HNL,13796,OAK,798,796,121,1,1,0.1520100502512562,0.0012531328320802,0.0012531328320802
12173,HNL,13830,OGG,10706,10607,1088,96,3,0.1025737720373338,0.0089669344292919,0.0002802167009153
12173,HNL,13891,ONT,365,362,107,2,1,0.2955801104972376,0.0054794520547945,0.0027397260273972
12173,HNL,13930,ORD,487,481,74,5,1,0.1538461538461538,0.0102669404517453,0.002053388090349
12173,HNL,14004,PAE,125,124,14,0,1,0.1129032258064516,0.0,0.008
12173,HNL,14057,PDX,846,838,196,7,1,0.233890214797136,0.0082742316784869,0.0011820330969267
12173,HNL,14107,PHX,1347,1339,189,7,1,0.1411501120238984,0.0051967334818114,0.0007423904974016
12173,HNL,14222,PPG,150,148,34,2,0,0.2297297297297297,0.0133333333333333,0.0
12173,HNL,14679,SAN,1609,1590,365,9,10,0.2295597484276729,0.0055935363579863,0.0062150403977625
12173,HNL,14747,SEA,2996,2962,724,30,4,0.2444294395678595,0.0100133511348464,0.0013351134846461
12173,HNL,14771,SFO,2365,2337,426,24,4,0.1822849807445443,0.0101479915433403,0.00169133192389
12173,HNL,14831,SJC,910,908,127,0,2,0.1398678414096916,0.0,0.0021978021978021
12173,HNL,14869,SLC,858,848,138,6,4,0.1627358490566037,0.0069930069930069,0.0046620046620046
12173,HNL,14893,SMF,730,727,131,1,2,0.1801925722145804,0.0013698630136986,0.0027397260273972
12177,HOB,11292,DEN,365,356,76,7,2,0.2134831460674157,0.0191780821917808,0.0054794520547945
12177,HOB,12266,IAH,365,358,79,5,2,0.2206703910614525,0.0136986301369863,0.0054794520547945
12191,HOU,10140,ABQ,967,957,180,10,0,0.1880877742946708,0.0103412616339193,0.0
12191,HOU,10279,AMA,17,17,5,0,0,0.2941176470588235,0.0,0.0
12191,HOU,10397,ATL,3013,2965,563,43,5,0.1898819561551433,0.0142714902090939,0.0016594756057085
12191,HOU,10423,AUS,1472,1462,331,8,2,0.2264021887824897,0.0054347826086956,0.0013586956521739
12191,HOU,10431,AVL,40,40,16,0,0,0.4,0.0,0.0
12191,HOU,10599,BHM,462,457,84,3,2,0.1838074398249453,0.0064935064935064,0.0043290043290043
12191,HOU,10693,BNA,1783,1762,364,16,5,0.2065834279228149,0.0089736399326977,0.002804262478968
12191,HOU,10792,BUF,1,1,0,0,0,0.0,0.0,0.0
12191,HOU,10800,BUR,329,327,63,0,2,0.1926605504587156,0.0,0.0060790273556231
12191,HOU,10821,BWI,1468,1437,308,27,4,0.2143354210160055,0.018392370572207,0.0027247956403269
12191,HOU,10994,CHS,227,226,63,0,1,0.2787610619469026,0.0,0.0044052863436123
12191,HOU,11057,CLT,38,38,11,0,0,0.2894736842105263,0.0,0.0
12191,HOU,11066,CMH,355,354,96,1,0,0.2711864406779661,0.0028169014084507,0.0
12191,HOU,11109,COS,90,90,21,0,0,0.2333333333333333,0.0,0.0
12191,HOU,11140,CRP,957,950,205,7,0,0.2157894736842105,0.0073145245559038,0.0
12191,HOU,11259,DAL,4092,3974,739,112,6,0.1859587317564167,0.0273704789833822,0.001466275659824
12191,HOU,11278,DCA,1056,1036,314,13,7,0.3030888030888031,0.012310606060606,0.0066287878787878
12191,HOU,11292,DEN,2360,2324,533,23,13,0.2293459552495697,0.0097457627118644,0.0055084745762711
12191,HOU,11298,DFW,2233,2134,501,92,7,0.2347703842549203,0.0412001791312136,0.0031347962382445
12191,HOU,11423,DSM,46,46,8,0,0,0.1739130434782608,0.0,0.0
12191,HOU,11481,ECP,365,365,80,0,0,0.2191780821917808,0.0,0.0
12191,HOU,11540,ELP,1053,1045,190,5,3,0.1818181818181818,0.0047483380816714,0.0028490028490028
12191,HOU,11697,FLL,797,786,218,7,4,0.27735368956743,0.0087829360100376,0.0050188205771643
12191,HOU,11996,GSP,267,266,45,1,0,0.169172932330827,0.0037453183520599,0.0
12191,HOU,12206,HRL,1301,1281,261,19,1,0.2037470725995316,0.0146041506533435,0.0007686395080707
12191,HOU,12339,IND,490,488,120,1,1,0.2459016393442623,0.0020408163265306,0.0020408163265306
12191,HOU,12448,JAN,729,727,165,2,0,0.2269601100412654,0.0027434842249657,0.0
12191,HOU,12451,JAX,293,292,103,1,0,0.3527397260273973,0.0034129692832764,0.0
12191,HOU,12889,LAS,2093,2074,396,19,0,0.1909353905496625,0.009077878643096,0.0
12191,HOU,12892,LAX,1203,1196,235,6,1,0.1964882943143812,0.0049875311720698,0.0008312551953449
12191,HOU,12896,LBB,85,85,17,0,0,0.2,0.0,0.0
12191,HOU,12953,LGA,1359,1329,343,19,11,0.2580887885628292,0.013980868285504,0.0080941869021339
12191,HOU,12954,LGB,551,547,91,3,1,0.1663619744058501,0.0054446460980036,0.0018148820326678
12191,HOU,12992,LIT,24,24,6,0,0,0.25,0.0,0.0
12191,HOU,13158,MAF,1342,1329,257,12,1,0.1933784800601956,0.0089418777943368,0.0007451564828614
12191,HOU,13198,MCI,994,980,215,11,3,0.2193877551020408,0.011066398390342,0.0030181086519114
12191,HOU,13204,MCO,1945,1922,393,21,2,0.204474505723205,0.0107969151670951,0.0010282776349614
12191,HOU,13232,MDW,1832,1801,373,27,4,0.2071071626873959,0.0147379912663755,0.0021834061135371
12191,HOU,13244,MEM,796,785,191,9,2,0.243312101910828,0.0113065326633165,0.0025125628140703
12191,HOU,13303,MIA,298,296,93,2,0,0.3141891891891892,0.0067114093959731,0.0
12191,HOU,13495,MSY,2280,2256,349,22,2,0.1546985815602836,0.0096491228070175,0.0008771929824561
12191,HOU,13796,OAK,375,372,117,3,0,0.314516129032258,0.008,0.0
12191,HOU,13851,OKC,1310,1300,259,9,1,0.1992307692307692,0.0068702290076335,0.0007633587786259
12191,HOU,13871,OMA,393,389,61,4,0,0.1568123393316195,0.010178117048346,0.0
12191,HOU,13891,ONT,362,360,57,2,0,0.1583333333333333,0.005524861878453,0.0
12191,HOU,14107,PHX,2149,2128,448,19,2,0.2105263157894736,0.0088413215449046,0.0009306654257794
12191,HOU,14122,PIT,316,316,82,0,0,0.2594936708860759,0.0,0.0
12191,HOU,14193,PNS,363,362,98,0,1,0.2707182320441988,0.0,0.0027548209366391
12191,HOU,14314,PVU,125,124,28,1,0,0.2258064516129032,0.008,0.0
12191,HOU,14492,RDU,352,350,93,2,0,0.2657142857142857,0.0056818181818181,0.0
12191,HOU,14635,RSW,25,24,5,1,0,0.2083333333333333,0.04,0.0
12191,HOU,14679,SAN,897,886,199,9,2,0.2246049661399548,0.0100334448160535,0.0022296544035674
12191,HOU,14683,SAT,1561,1552,277,8,1,0.1784793814432989,0.0051249199231262,0.0006406149903907
12191,HOU,14685,SAV,203,200,54,2,1,0.27,0.0098522167487684,0.0049261083743842
12191,HOU,14696,SBN,1,1,0,0,0,0.0,0.0,0.0
12191,HOU,14730,SDF,286,284,69,2,0,0.2429577464788732,0.0069930069930069,0.0
12191,HOU,14747,SEA,119,119,38,0,0,0.3193277310924369,0.0,0.0
12191,HOU,14831,SJC,364,361,63,3,0,0.1745152354570637,0.0082417582417582,0.0
12191,HOU,14843,SJU,91,91,27,0,0,0.2967032967032967,0.0,0.0
12191,HOU,14869,SLC,409,406,73,2,1,0.1798029556650246,0.0048899755501222,0.0024449877750611
12191,HOU,14893,SMF,364,362,71,2,0,0.1961325966850828,0.0054945054945054,0.0
12191,HOU,14986,SRQ,182,181,48,1,0,0.2651933701657458,0.0054945054945054,0.0
12191,HOU,15016,STL,1537,1516,247,19,2,0.1629287598944591,0.0123617436564736,0.0013012361743656
12191,HOU,15304,TPA,979,970,174,7,2,0.179381443298969,0.0071501532175689,0.0020429009193054
12191,HOU,15370,TUL,723,715,130,7,1,0.1818181818181818,0.0096818810511756,0.0013831258644536
12191,HOU,15376,TUS,339,336,58,3,0,0.1726190476190476,0.0088495575221238,0.0
12191,HOU,15412,TYS,54,54,15,0,0,0.2777777777777778,0.0,0.0
12191,HOU,15624,VPS,249,247,66,0,2,0.2672064777327935,0.0,0.0080321285140562
12191,HOU,16422,GUF,24,24,5,0,0,0.2083333333333333,0.0,0.0
12197,HPN,10154,ACK,235,228,24,5,2,0.1052631578947368,0.0212765957446808,0.0085106382978723
12197,HPN,10397,ATL,824,805,141,14,5,0.1751552795031055,0.0169902912621359,0.0060679611650485
12197,HPN,11057,CLT,1333,1261,300,69,3,0.2379064234734337,0.0517629407351837,0.0022505626406601
12197,HPN,11278,DCA,1359,1267,470,88,4,0.3709550118389897,0.0647534952170713,0.002943340691685
12197,HPN,11433,DTW,341,335,89,5,1,0.2656716417910448,0.0146627565982404,0.002932551319648
12197,HPN,11697,FLL,896,881,196,10,5,0.2224744608399546,0.0111607142857142,0.0055803571428571
12197,HPN,13204,MCO,1223,1184,280,17,22,0.2364864864864864,0.0139002452984464,0.0179885527391659
12197,HPN,13303,MIA,138,134,13,4,0,0.0970149253731343,0.0289855072463768,0.0
12197,HPN,13930,ORD,1392,1352,304,38,2,0.2248520710059171,0.0272988505747126,0.0014367816091954
12197,HPN,14027,PBI,1620,1592,366,18,10,0.2298994974874371,0.0111111111111111,0.0061728395061728
12197,HPN,14635,RSW,703,693,120,5,5,0.1731601731601731,0.0071123755334281,0.0071123755334281
12197,HPN,14843,SJU,364,359,73,4,1,0.2033426183844011,0.0109890109890109,0.0027472527472527
12197,HPN,15304,TPA,366,360,31,4,2,0.0861111111111111,0.0109289617486338,0.0054644808743169
12206,HRL,10423,AUS,801,782,126,17,2,0.1611253196930946,0.0212234706616729,0.0024968789013732
12206,HRL,11259,DAL,379,372,46,7,0,0.1236559139784946,0.0184696569920844,0.0
12206,HRL,11292,DEN,4,3,0,1,0,0.0,0.25,0.0
12206,HRL,11298,DFW,1611,1537,283,71,3,0.1841249186727391,0.0440720049658597,0.0018621973929236
12206,HRL,12191,HOU,1301,1279,221,20,2,0.1727912431587177,0.0153727901614142,0.0015372790161414
12206,HRL,12266,IAH,26,25,7,1,0,0.28,0.0384615384615384,0.0
12206,HRL,13487,MSP,177,173,24,4,0,0.1387283236994219,0.0225988700564971,0.0
12206,HRL,13930,ORD,8,7,2,1,0,0.2857142857142857,0.125,0.0
12217,HSV,10397,ATL,2360,2329,285,29,2,0.1223701159295835,0.0122881355932203,0.0008474576271186
12217,HSV,11057,CLT,663,641,151,21,1,0.235569422776911,0.0316742081447963,0.0015082956259426
12217,HSV,11278,DCA,1316,1221,427,82,13,0.3497133497133497,0.0623100303951367,0.0098784194528875
12217,HSV,11292,DEN,729,722,149,2,5,0.206371191135734,0.0027434842249657,0.0068587105624142
12217,HSV,11298,DFW,2154,2059,590,90,5,0.2865468674113647,0.0417827298050139,0.0023212627669452
12217,HSV,11433,DTW,97,97,19,0,0,0.1958762886597938,0.0,0.0
12217,HSV,11697,FLL,13,13,5,0,0,0.3846153846153846,0.0,0.0
12217,HSV,12266,IAH,11,11,1,0,0,0.0909090909090909,0.0,0.0
12217,HSV,13303,MIA,28,28,10,0,0,0.3571428571428571,0.0,0.0
12217,HSV,13930,ORD,1179,1157,359,20,2,0.3102852203975799,0.01696352841391,0.001696352841391
12223,HTS,11697,FLL,59,57,26,2,0,0.4561403508771929,0.0338983050847457,0.0
12223,HTS,13577,MYR,66,66,12,0,0,0.1818181818181818,0.0,0.0
12223,HTS,14082,PGD,24,23,15,0,1,0.6521739130434783,0.0,0.0416666666666666
12223,HTS,14112,PIE,198,195,85,2,1,0.4358974358974359,0.0101010101010101,0.005050505050505
12223,HTS,14761,SFB,149,146,81,2,1,0.5547945205479452,0.0134228187919463,0.0067114093959731
12223,HTS,15624,VPS,44,44,15,0,0,0.3409090909090909,0.0,0.0
12250,HYA,11278,DCA,106,97,36,7,2,0.3711340206185567,0.0660377358490566,0.0188679245283018
12250,HYA,12478,JFK,111,107,35,4,0,0.3271028037383177,0.036036036036036,0.0
12250,HYA,12953,LGA,76,75,17,1,0,0.2266666666666666,0.0131578947368421,0.0
12250,HYA,13930,ORD,11,10,3,1,0,0.3,0.0909090909090909,0.0
12250,HYA,14100,PHL,76,75,12,0,1,0.16,0.0,0.0131578947368421
12255,HYS,11292,DEN,627,608,122,18,1,0.2006578947368421,0.0287081339712918,0.0015948963317384
12264,IAD,10140,ABQ,193,193,28,0,0,0.1450777202072538,0.0,0.0
12264,IAD,10299,ANC,108,105,37,1,2,0.3523809523809524,0.0092592592592592,0.0185185185185185
12264,IAD,10397,ATL,3851,3769,914,68,14,0.2425046431414168,0.0176577512334458,0.0036354193715917
12264,IAD,10423,AUS,1103,1095,221,6,2,0.2018264840182648,0.0054397098821396,0.0018132366273798
12264,IAD,10431,AVL,56,55,8,0,1,0.1454545454545454,0.0,0.0178571428571428
12264,IAD,10529,BDL,920,915,151,5,0,0.1650273224043716,0.0054347826086956,0.0
12264,IAD,10693,BNA,1015,1007,214,3,5,0.2125124131082423,0.0029556650246305,0.0049261083743842
12264,IAD,10721,BOS,1581,1567,403,14,0,0.2571793235481812,0.0088551549652118,0.0
12264,IAD,10785,BTV,654,632,108,19,3,0.170886075949367,0.0290519877675841,0.0045871559633027
12264,IAD,10792,BUF,127,122,29,5,0,0.2377049180327868,0.0393700787401574,0.0
12264,IAD,10849,BZN,51,51,4,0,0,0.0784313725490196,0.0,0.0
12264,IAD,10994,CHS,728,716,91,12,0,0.1270949720670391,0.0164835164835164,0.0
12264,IAD,11042,CLE,991,978,149,11,2,0.1523517382413088,0.0110998990918264,0.0020181634712411
12264,IAD,11057,CLT,1992,1940,387,52,0,0.1994845360824742,0.0261044176706827,0.0
12264,IAD,11066,CMH,1101,1089,210,11,1,0.1928374655647383,0.0099909173478655,0.0009082652134423
12264,IAD,11193,CVG,511,504,84,6,1,0.1666666666666666,0.0117416829745596,0.0019569471624266
12264,IAD,11292,DEN,3560,3519,727,15,26,0.2065927820403523,0.0042134831460674,0.0073033707865168
12264,IAD,11298,DFW,1880,1830,440,31,19,0.2404371584699453,0.0164893617021276,0.0101063829787234
12264,IAD,11433,DTW,1062,1056,232,6,0,0.2196969696969697,0.0056497175141242,0.0
12264,IAD,11503,EGE,2,2,1,0,0,0.5,0.0,0.0
12264,IAD,11618,EWR,1499,1470,527,27,2,0.3585034013605442,0.0180120080053368,0.0013342228152101
12264,IAD,11624,EYW,73,72,17,0,1,0.2361111111111111,0.0,0.0136986301369863
12264,IAD,11697,FLL,770,768,141,2,0,0.18359375,0.0025974025974025,0.0
12264,IAD,12094,HDN,15,13,8,0,2,0.6153846153846154,0.0,0.1333333333333333
12264,IAD,12173,HNL,143,142,22,1,0,0.1549295774647887,0.0069930069930069,0.0
12264,IAD,12266,IAH,1930,1916,390,11,3,0.2035490605427975,0.0056994818652849,0.0015544041450777
12264,IAD,12339,IND,1119,1104,198,14,1,0.1793478260869565,0.0125111706881143,0.000893655049151
12264,IAD,12441,JAC,2,1,1,0,1,1.0,0.0,0.5
12264,IAD,12451,JAX,692,680,157,11,1,0.2308823529411764,0.0158959537572254,0.0014450867052023
12264,IAD,12478,JFK,59,58,17,1,0,0.293103448275862,0.0169491525423728,0.0
12264,IAD,12559,JST,365,350,85,11,4,0.2428571428571428,0.0301369863013698,0.010958904109589
12264,IAD,12889,LAS,1274,1269,267,2,3,0.210401891252955,0.0015698587127158,0.0023547880690737
12264,IAD,12892,LAX,2440,2425,460,14,1,0.1896907216494845,0.0057377049180327,0.0004098360655737
12264,IAD,12953,LGA,757,713,195,44,0,0.273492286115007,0.0581241743725231,0.0
12264,IAD,13198,MCI,10,10,2,0,0,0.2,0.0,0.0
12264,IAD,13204,MCO,2262,2250,549,10,2,0.244,0.004420866489832,0.0008841732979664
12264,IAD,13282,MGW,363,346,67,17,0,0.1936416184971098,0.046831955922865,0.0
12264,IAD,13303,MIA,592,589,122,3,0,0.2071307300509338,0.0050675675675675,0.0
12264,IAD,13485,MSN,1,1,1,0,0,1.0,0.0,0.0
12264,IAD,13487,MSP,896,890,129,3,3,0.1449438202247191,0.0033482142857142,0.0033482142857142
12264,IAD,13495,MSY,658,651,123,7,0,0.1889400921658986,0.0106382978723404,0.0
12264,IAD,13577,MYR,11,11,1,0,0,0.0909090909090909,0.0,0.0
12264,IAD,13930,ORD,1991,1976,474,11,4,0.2398785425101214,0.005524861878453,0.0020090406830738
12264,IAD,13931,ORF,578,565,110,13,0,0.1946902654867256,0.0224913494809688,0.0
12264,IAD,14027,PBI,139,137,30,1,1,0.218978102189781,0.0071942446043165,0.0071942446043165
12264,IAD,14057,PDX,291,290,75,1,0,0.2586206896551724,0.0034364261168384,0.0
12264,IAD,14082,PGD,82,82,16,0,0,0.1951219512195122,0.0,0.0
12264,IAD,14100,PHL,101,96,16,5,0,0.1666666666666666,0.0495049504950495,0.0
12264,IAD,14107,PHX,1209,1200,263,6,3,0.2191666666666666,0.0049627791563275,0.0024813895781637
12264,IAD,14122,PIT,1176,1156,202,19,1,0.1747404844290657,0.016156462585034,0.0008503401360544
12264,IAD,14262,PSP,134,133,9,1,0,0.0676691729323308,0.0074626865671641,0.0
12264,IAD,14307,PVD,141,140,20,1,0,0.1428571428571428,0.0070921985815602,0.0
12264,IAD,14321,PWM,854,835,131,19,0,0.1568862275449102,0.0222482435597189,0.0
12264,IAD,14492,RDU,1225,1206,217,16,3,0.1799336650082919,0.0130612244897959,0.0024489795918367
12264,IAD,14524,RIC,92,90,10,2,0,0.1111111111111111,0.0217391304347826,0.0
12264,IAD,14576,ROC,132,128,40,4,0,0.3125,0.0303030303030303,0.0
12264,IAD,14635,RSW,467,464,71,2,1,0.1530172413793103,0.0042826552462526,0.0021413276231263
12264,IAD,14679,SAN,1445,1430,282,3,12,0.1972027972027972,0.002076124567474,0.0083044982698961
12264,IAD,14683,SAT,647,645,119,2,0,0.1844961240310077,0.0030911901081916,0.0
12264,IAD,14685,SAV,166,164,26,1,1,0.1585365853658536,0.0060240963855421,0.0060240963855421
12264,IAD,14696,SBN,212,206,44,6,0,0.2135922330097087,0.0283018867924528,0.0
12264,IAD,14711,SCE,11,11,4,0,0,0.3636363636363636,0.0,0.0
12264,IAD,14730,SDF,358,354,43,4,0,0.1214689265536723,0.0111731843575419,0.0
12264,IAD,14747,SEA,1955,1938,442,13,4,0.2280701754385964,0.0066496163682864,0.0020460358056265
12264,IAD,14771,SFO,2875,2854,603,16,5,0.2112824106517168,0.0055652173913043,0.0017391304347826
12264,IAD,14843,SJU,615,613,160,2,0,0.2610114192495921,0.0032520325203252,0.0
12264,IAD,14869,SLC,715,709,128,3,3,0.1805359661495063,0.0041958041958041,0.0041958041958041
12264,IAD,14893,SMF,365,364,102,1,0,0.2802197802197802,0.0027397260273972,0.0
12264,IAD,14986,SRQ,97,96,30,1,0,0.3125,0.0103092783505154,0.0
12264,IAD,15016,STL,1,1,1,0,0,1.0,0.0,0.0
12264,IAD,15024,STT,321,320,45,1,0,0.140625,0.0031152647975077,0.0
12264,IAD,15096,SYR,89,87,20,2,0,0.2298850574712643,0.0224719101123595,0.0
12264,IAD,15304,TPA,1550,1532,368,13,5,0.2402088772845953,0.0083870967741935,0.0032258064516129
12264,IAD,15380,TVC,8,8,1,0,0,0.125,0.0,0.0
12264,IAD,15412,TYS,55,54,11,0,1,0.2037037037037037,0.0,0.0181818181818181
12264,IAD,15624,VPS,32,32,8,0,0,0.25,0.0,0.0
12265,IAG,13577,MYR,48,48,19,0,0,0.3958333333333333,0.0,0.0
12265,IAG,14082,PGD,214,210,48,3,1,0.2285714285714285,0.014018691588785,0.0046728971962616
12265,IAG,14112,PIE,133,130,44,2,1,0.3384615384615385,0.0150375939849624,0.0075187969924812
12265,IAG,14761,SFB,79,78,31,1,0,0.3974358974358974,0.0126582278481012,0.0
12266,IAH,10140,ABQ,464,455,112,7,2,0.2461538461538461,0.0150862068965517,0.0043103448275862
12266,IAH,10279,AMA,211,208,48,3,0,0.2307692307692307,0.0142180094786729,0.0
12266,IAH,10299,ANC,126,126,40,0,0,0.3174603174603174,0.0,0.0
12266,IAH,10372,ASE,545,484,163,27,34,0.3367768595041322,0.0495412844036697,0.0623853211009174
12266,IAH,10397,ATL,4515,4428,999,80,7,0.2256097560975609,0.0177187153931339,0.0015503875968992
12266,IAH,10408,ATW,3,3,1,0,0,0.3333333333333333,0.0,0.0
12266,IAH,10423,AUS,2636,2606,603,28,2,0.2313891020721412,0.0106221547799696,0.0007587253414264
12266,IAH,10599,BHM,133,131,39,2,0,0.2977099236641221,0.0150375939849624,0.0
12266,IAH,10693,BNA,1364,1336,338,23,5,0.2529940119760479,0.0168621700879765,0.0036656891495601
12266,IAH,10721,BOS,2058,2037,555,19,2,0.2724594992636229,0.0092322643343051,0.0009718172983479
12266,IAH,10781,BTR,475,466,106,8,1,0.2274678111587982,0.0168421052631578,0.0021052631578947
12266,IAH,10792,BUF,1,1,1,0,0,1.0,0.0,0.0
12266,IAH,10821,BWI,1189,1175,291,10,4,0.2476595744680851,0.0084104289318755,0.0033641715727502
12266,IAH,10849,BZN,79,78,25,0,1,0.3205128205128205,0.0,0.0126582278481012
12266,IAH,10994,CHS,140,138,64,2,0,0.463768115942029,0.0142857142857142,0.0
12266,IAH,11042,CLE,930,919,129,9,2,0.1403699673558215,0.0096774193548387,0.0021505376344086
12266,IAH,11057,CLT,2395,2350,514,42,3,0.2187234042553191,0.017536534446764,0.0012526096033402
12266,IAH,11066,CMH,569,564,139,4,1,0.2464539007092198,0.0070298769771528,0.0017574692442882
12266,IAH,11109,COS,243,239,63,4,0,0.2635983263598326,0.0164609053497942,0.0
12266,IAH,11140,CRP,533,524,121,9,0,0.2309160305343511,0.0168855534709193,0.0
12266,IAH,11193,CVG,586,581,159,5,0,0.2736660929432014,0.0085324232081911,0.0
12266,IAH,11278,DCA,2670,2614,686,41,15,0.2624330527926549,0.0153558052434456,0.0056179775280898
12266,IAH,11292,DEN,4536,4493,974,26,17,0.2167816603605608,0.005731922398589,0.003747795414462
12266,IAH,11298,DFW,5831,5630,1501,191,10,0.266607460035524,0.0327559595266678,0.0017149717029669
12266,IAH,11423,DSM,322,317,101,4,1,0.3186119873817035,0.0124223602484472,0.0031055900621118
12266,IAH,11433,DTW,2222,2194,390,23,5,0.1777575205104831,0.0103510351035103,0.0022502250225022
12266,IAH,11481,ECP,61,60,18,0,1,0.3,0.0,0.0163934426229508
12266,IAH,11503,EGE,161,159,57,2,0,0.3584905660377358,0.0124223602484472,0.0
12266,IAH,11540,ELP,155,155,19,0,0,0.1225806451612903,0.0,0.0
12266,IAH,11618,EWR,3731,3665,1012,49,17,0.2761255115961801,0.0131332082551594,0.0045564191905655
12266,IAH,11648,FCA,10,10,1,0,0,0.1,0.0,0.0
12266,IAH,11697,FLL,2736,2709,532,23,4,0.1963824289405684,0.008406432748538,0.0014619883040935
12266,IAH,11953,GNV,1,1,0,0,0,0.0,0.0,0.0
12266,IAH,11996,GSP,134,133,45,1,0,0.3383458646616541,0.0074626865671641,0.0
12266,IAH,12094,HDN,53,51,15,1,1,0.2941176470588235,0.0188679245283018,0.0188679245283018
12266,IAH,12173,HNL,378,374,79,2,2,0.2112299465240641,0.0052910052910052,0.0052910052910052
12266,IAH,12177,HOB,365,351,100,10,4,0.2849002849002849,0.0273972602739726,0.010958904109589
12266,IAH,12206,HRL,26,25,10,0,1,0.4,0.0,0.0384615384615384
12266,IAH,12217,HSV,11,11,3,0,0,0.2727272727272727,0.0,0.0
12266,IAH,12264,IAD,1931,1918,406,12,1,0.2116788321167883,0.0062143966856551,0.0005178663904712
12266,IAH,12278,ICT,552,542,122,8,2,0.2250922509225092,0.0144927536231884,0.0036231884057971
12266,IAH,12339,IND,752,741,155,10,1,0.2091767881241565,0.0132978723404255,0.0013297872340425
12266,IAH,12441,JAC,73,71,16,1,1,0.2253521126760563,0.0136986301369863,0.0136986301369863
12266,IAH,12448,JAN,52,50,18,2,0,0.36,0.0384615384615384,0.0
12266,IAH,12451,JAX,664,655,167,7,2,0.2549618320610687,0.0105421686746987,0.003012048192771
12266,IAH,12478,JFK,257,251,74,5,1,0.2948207171314741,0.0194552529182879,0.0038910505836575
12266,IAH,12889,LAS,3608,3572,683,29,7,0.1912094064949608,0.0080376940133037,0.001940133037694
12266,IAH,12892,LAX,5400,5347,907,46,7,0.1696278286889845,0.0085185185185185,0.0012962962962962
12266,IAH,12896,LBB,161,154,51,5,2,0.3311688311688311,0.031055900621118,0.0124223602484472
12266,IAH,12915,LCH,98,97,14,1,0,0.1443298969072164,0.010204081632653,0.0
12266,IAH,12951,LFT,303,298,80,5,0,0.2684563758389262,0.0165016501650165,0.0
12266,IAH,12953,LGA,4297,4180,1140,80,37,0.2727272727272727,0.0186176402141028,0.0086106585990225
12266,IAH,12992,LIT,521,510,114,8,3,0.2235294117647059,0.0153550863723608,0.0057581573896353
12266,IAH,13158,MAF,928,915,217,9,4,0.2371584699453552,0.0096982758620689,0.0043103448275862
12266,IAH,13198,MCI,426,418,118,8,0,0.2822966507177033,0.0187793427230046,0.0
12266,IAH,13204,MCO,3525,3475,775,35,15,0.2230215827338129,0.0099290780141843,0.0042553191489361
12266,IAH,13232,MDW,175,173,58,2,0,0.3352601156069364,0.0114285714285714,0.0
12266,IAH,13241,MEI,627,613,149,10,4,0.2430668841761827,0.0159489633173843,0.0063795853269537
12266,IAH,13244,MEM,960,951,221,8,1,0.2323869610935857,0.0083333333333333,0.0010416666666666
12266,IAH,13256,MFE,684,677,138,7,0,0.2038404726735598,0.0102339181286549,0.0
12266,IAH,13303,MIA,3767,3699,856,52,16,0.2314138956474722,0.0138040881337934,0.0042474117334749
12266,IAH,13342,MKE,138,138,25,0,0,0.181159420289855,0.0,0.0
12266,IAH,13422,MOB,32,30,10,1,1,0.3333333333333333,0.03125,0.03125
12266,IAH,13485,MSN,1,1,0,0,0,0.0,0.0,0.0
12266,IAH,13487,MSP,1775,1755,441,18,2,0.2512820512820513,0.0101408450704225,0.0011267605633802
12266,IAH,13495,MSY,3071,3027,574,41,3,0.189626693095474,0.013350700097688,0.0009768804949527
12266,IAH,13502,MTJ,2,2,1,0,0,0.5,0.0,0.0
12266,IAH,13851,OKC,1424,1405,350,13,6,0.2491103202846975,0.009129213483146,0.0042134831460674
12266,IAH,13871,OMA,690,679,200,9,2,0.2945508100147275,0.0130434782608695,0.0028985507246376
12266,IAH,13891,ONT,538,529,183,7,2,0.3459357277882797,0.0130111524163568,0.0037174721189591
12266,IAH,13930,ORD,5827,5726,1336,88,13,0.2333216905344044,0.0151021108632229,0.0022309936502488
12266,IAH,13931,ORF,102,99,24,3,0,0.2424242424242424,0.0294117647058823,0.0
12266,IAH,14027,PBI,367,365,93,2,0,0.2547945205479452,0.0054495912806539,0.0
12266,IAH,14057,PDX,1093,1082,213,9,2,0.1968576709796672,0.0082342177493138,0.0018298261665141
12266,IAH,14100,PHL,1670,1635,353,33,2,0.2159021406727828,0.0197604790419161,0.0011976047904191
12266,IAH,14107,PHX,3061,3026,665,31,4,0.219762062128222,0.0101274093433518,0.0013067624959163
12266,IAH,14109,PIB,627,613,162,10,4,0.2642740619902121,0.0159489633173843,0.0063795853269537
12266,IAH,14122,PIT,632,629,141,3,0,0.2241653418124006,0.0047468354430379,0.0
12266,IAH,14193,PNS,587,573,171,12,2,0.2984293193717277,0.0204429301533219,0.0034071550255536
12266,IAH,14262,PSP,169,168,28,0,1,0.1666666666666666,0.0,0.0059171597633136
12266,IAH,14321,PWM,13,13,2,0,0,0.1538461538461538,0.0,0.0
12266,IAH,14492,RDU,823,815,152,8,0,0.1865030674846625,0.0097205346294046,0.0
12266,IAH,14524,RIC,6,5,2,1,0,0.4,0.1666666666666666,0.0
12266,IAH,14570,RNO,41,41,7,0,0,0.1707317073170731,0.0,0.0
12266,IAH,14635,RSW,801,796,158,3,2,0.1984924623115578,0.0037453183520599,0.0024968789013732
12266,IAH,14674,SAF,17,17,4,0,0,0.2352941176470588,0.0,0.0
12266,IAH,14679,SAN,1673,1655,349,15,3,0.2108761329305136,0.0089659294680215,0.0017931858936043
12266,IAH,14683,SAT,2406,2378,461,26,2,0.1938603868797308,0.0108063175394846,0.0008312551953449
12266,IAH,14696,SBN,2,2,0,0,0,0.0,0.0,0.0
12266,IAH,14730,SDF,13,13,4,0,0,0.3076923076923077,0.0,0.0
12266,IAH,14747,SEA,2113,2081,546,26,6,0.2623738587217684,0.0123047799337434,0.0028395646000946
12266,IAH,14771,SFO,3444,3418,691,24,2,0.2021650087770626,0.0069686411149825,0.0005807200929152
12266,IAH,14783,SGF,500,485,135,12,3,0.2783505154639175,0.024,0.006
12266,IAH,14814,SHV,1185,1163,304,22,0,0.2613929492691315,0.0185654008438818,0.0
12266,IAH,14831,SJC,215,213,30,2,0,0.1408450704225352,0.0093023255813953,0.0
12266,IAH,14843,SJU,1046,1041,209,5,0,0.2007684918347742,0.0047801147227533,0.0
12266,IAH,14869,SLC,1976,1963,367,11,2,0.1869587366276108,0.0055668016194331,0.0010121457489878
12266,IAH,14877,SLN,242,234,79,5,3,0.3376068376068376,0.0206611570247933,0.012396694214876
12266,IAH,14893,SMF,667,663,147,2,2,0.2217194570135746,0.0029985007496251,0.0029985007496251
12266,IAH,14908,SNA,1169,1148,161,7,14,0.1402439024390244,0.0059880239520958,0.0119760479041916
12266,IAH,14986,SRQ,6,6,2,0,0,0.3333333333333333,0.0,0.0
12266,IAH,15016,STL,577,570,167,5,2,0.2929824561403509,0.0086655112651646,0.0034662045060658
12266,IAH,15024,STT,137,134,18,2,1,0.1343283582089552,0.0145985401459854,0.0072992700729927
12266,IAH,15304,TPA,1812,1791,374,18,3,0.208821887213847,0.009933774834437,0.0016556291390728
12266,IAH,15370,TUL,1088,1076,242,10,2,0.224907063197026,0.0091911764705882,0.0018382352941176
12266,IAH,15376,TUS,303,298,58,5,0,0.1946308724832214,0.0165016501650165,0.0
12266,IAH,15380,TVC,54,54,25,0,0,0.4629629629629629,0.0,0.0
12266,IAH,15569,VCT,596,574,130,18,4,0.2264808362369338,0.0302013422818791,0.0067114093959731
12266,IAH,15919,XNA,169,167,33,1,1,0.1976047904191616,0.0059171597633136,0.0059171597633136
12278,ICT,10397,ATL,1122,1106,174,11,5,0.1573236889692585,0.0098039215686274,0.0044563279857397
12278,ICT,10466,AZA,110,109,21,1,0,0.1926605504587156,0.009090909090909,0.0
12278,ICT,11278,DCA,312,282,112,26,4,0.3971631205673759,0.0833333333333333,0.0128205128205128
12278,ICT,11292,DEN,2085,2061,466,20,4,0.2261038330907326,0.0095923261390887,0.0019184652278177
12278,ICT,11298,DFW,2687,2542,643,134,11,0.2529504327301337,0.0498697432080387,0.0040937848902121
12278,ICT,12266,IAH,552,540,97,9,3,0.1796296296296296,0.0163043478260869,0.0054347826086956
12278,ICT,12889,LAS,476,475,92,1,0,0.1936842105263158,0.0021008403361344,0.0
12278,ICT,12892,LAX,24,24,6,0,0,0.25,0.0,0.0
12278,ICT,13303,MIA,25,25,2,0,0,0.08,0.0,0.0
12278,ICT,13487,MSP,296,294,52,2,0,0.1768707482993197,0.0067567567567567,0.0
12278,ICT,13930,ORD,2018,1958,536,57,3,0.2737487231869254,0.0282457879088206,0.0014866204162537
12278,ICT,14107,PHX,634,625,88,8,1,0.1408,0.0126182965299684,0.001577287066246
12278,ICT,14112,PIE,30,30,14,0,0,0.4666666666666667,0.0,0.0
12278,ICT,14761,SFB,37,36,9,1,0,0.25,0.027027027027027,0.0
12278,ICT,15016,STL,678,671,90,7,0,0.1341281669150521,0.0103244837758112,0.0
12278,ICT,15624,VPS,78,78,19,0,0,0.2435897435897435,0.0,0.0
12280,IDA,10466,AZA,223,222,51,1,0,0.2297297297297297,0.0044843049327354,0.0
12280,IDA,11292,DEN,1770,1736,420,21,13,0.2419354838709677,0.011864406779661,0.0073446327683615
12280,IDA,11298,DFW,545,526,130,10,9,0.247148288973384,0.018348623853211,0.0165137614678899
12280,IDA,12889,LAS,115,115,29,0,0,0.2521739130434782,0.0,0.0
12280,IDA,13796,OAK,30,30,7,0,0,0.2333333333333333,0.0,0.0
12280,IDA,13930,ORD,88,82,37,1,5,0.4512195121951219,0.0113636363636363,0.0568181818181818
12280,IDA,14057,PDX,76,76,23,0,0,0.3026315789473684,0.0,0.0
12280,IDA,14107,PHX,184,183,24,1,0,0.1311475409836065,0.0054347826086956,0.0
12280,IDA,14747,SEA,124,124,24,0,0,0.1935483870967742,0.0,0.0
12280,IDA,14869,SLC,1158,1154,108,4,0,0.0935875216637781,0.003454231433506,0.0
12280,IDA,14908,SNA,106,106,28,0,0,0.2641509433962264,0.0,0.0
12323,ILM,10397,ATL,985,975,147,9,1,0.1507692307692307,0.0091370558375634,0.0010152284263959
12323,ILM,10721,BOS,453,446,134,7,0,0.3004484304932735,0.0154525386313465,0.0
12323,ILM,11057,CLT,2226,2183,318,42,1,0.1456710948236372,0.0188679245283018,0.0004492362982929
12323,ILM,11278,DCA,887,825,253,59,3,0.3066666666666666,0.0665163472378805,0.0033821871476888
12323,ILM,11292,DEN,13,12,9,0,1,0.75,0.0,0.0769230769230769
12323,ILM,11298,DFW,725,706,131,16,3,0.1855524079320113,0.0220689655172413,0.0041379310344827
12323,ILM,11618,EWR,225,204,50,20,1,0.2450980392156862,0.0888888888888888,0.0044444444444444
12323,ILM,12953,LGA,990,935,195,51,4,0.2085561497326203,0.0515151515151515,0.004040404040404
12323,ILM,13303,MIA,401,396,48,5,0,0.1212121212121212,0.0124688279301745,0.0
12323,ILM,13487,MSP,27,27,11,0,0,0.4074074074074074,0.0,0.0
12323,ILM,13930,ORD,345,334,119,10,1,0.3562874251497006,0.0289855072463768,0.0028985507246376
12323,ILM,14100,PHL,139,134,22,5,0,0.1641791044776119,0.0359712230215827,0.0
12335,IMT,11433,DTW,365,358,76,7,0,0.2122905027932961,0.0191780821917808,0.0
12335,IMT,13487,MSP,362,354,76,8,0,0.2146892655367231,0.0220994475138121,0.0
12339,IND,10397,ATL,3333,3280,432,39,14,0.1317073170731707,0.0117011701170117,0.0042004200420042
12339,IND,10423,AUS,876,872,146,1,3,0.1674311926605504,0.0011415525114155,0.0034246575342465
12339,IND,10693,BNA,303,302,57,0,1,0.1887417218543046,0.0,0.0033003300330033
12339,IND,10721,BOS,1989,1957,464,32,0,0.2370975983648441,0.0160884866767219,0.0
12339,IND,10821,BWI,1216,1203,207,12,1,0.1720698254364089,0.0098684210526315,0.0008223684210526
12339,IND,10994,CHS,23,23,5,0,0,0.217391304347826,0.0,0.0
12339,IND,11057,CLT,1940,1904,384,35,1,0.2016806722689075,0.018041237113402,0.0005154639175257
12339,IND,11259,DAL,677,667,132,7,3,0.1979010494752623,0.0103397341211226,0.0044313146233382
12339,IND,11278,DCA,2044,1947,462,89,8,0.2372881355932203,0.0435420743639921,0.0039138943248532
12339,IND,11292,DEN,2537,2511,599,18,8,0.2385503783353245,0.0070949940875049,0.0031533307055577
12339,IND,11298,DFW,2087,2029,495,50,8,0.2439625431246919,0.0239578342117872,0.0038332534738859
12339,IND,11433,DTW,609,599,95,10,0,0.1585976627712854,0.0164203612479474,0.0
12339,IND,11481,ECP,53,53,12,0,0,0.2264150943396226,0.0,0.0
12339,IND,11603,EUG,1,1,1,0,0,1.0,0.0,0.0
12339,IND,11618,EWR,2110,2012,401,96,2,0.1993041749502982,0.0454976303317535,0.0009478672985781
12339,IND,11624,EYW,88,87,27,1,0,0.3103448275862069,0.0113636363636363,0.0
12339,IND,11697,FLL,1068,1057,173,10,1,0.1636707663197729,0.0093632958801498,0.0009363295880149
12339,IND,12191,HOU,495,488,78,6,1,0.1598360655737705,0.0121212121212121,0.002020202020202
12339,IND,12264,IAD,1120,1101,168,18,1,0.1525885558583106,0.0160714285714285,0.0008928571428571
12339,IND,12266,IAH,751,739,147,10,2,0.1989174560216508,0.0133155792276964,0.0026631158455392
12339,IND,12451,JAX,97,95,18,2,0,0.1894736842105263,0.0206185567010309,0.0
12339,IND,12478,JFK,1177,1147,225,25,5,0.1961639058413252,0.0212404418011894,0.0042480883602378
12339,IND,12889,LAS,1431,1417,248,10,4,0.1750176429075511,0.0069881201956673,0.0027952480782669
12339,IND,12892,LAX,748,740,130,6,2,0.1756756756756756,0.0080213903743315,0.0026737967914438
12339,IND,12953,LGA,2453,2378,414,63,12,0.1740958788898234,0.0256828373420301,0.0048919690175295
12339,IND,13198,MCI,348,347,51,1,0,0.1469740634005763,0.0028735632183908,0.0
12339,IND,13204,MCO,2385,2345,436,32,8,0.1859275053304904,0.0134171907756813,0.0033542976939203
12339,IND,13232,MDW,298,295,56,3,0,0.1898305084745762,0.0100671140939597,0.0
12339,IND,13303,MIA,934,919,206,12,3,0.2241566920565832,0.012847965738758,0.0032119914346895
12339,IND,13487,MSP,1133,1124,188,9,0,0.1672597864768683,0.0079435127978817,0.0
12339,IND,13495,MSY,28,28,0,0,0,0.0,0.0,0.0
12339,IND,13577,MYR,13,13,8,0,0,0.6153846153846154,0.0,0.0
12339,IND,13930,ORD,4797,4698,916,98,1,0.1949765857811835,0.0204294350635814,0.0002084636230977
12339,IND,14027,PBI,16,16,5,0,0,0.3125,0.0,0.0
12339,IND,14057,PDX,30,30,8,0,0,0.2666666666666666,0.0,0.0
12339,IND,14082,PGD,273,272,71,1,0,0.2610294117647059,0.0036630036630036,0.0
12339,IND,14100,PHL,1514,1482,344,29,3,0.2321187584345479,0.0191545574636723,0.0019815059445178
12339,IND,14107,PHX,1537,1529,318,6,2,0.2079790712884238,0.0039037085230969,0.0013012361743656
12339,IND,14112,PIE,248,248,76,0,0,0.3064516129032258,0.0,0.0
12339,IND,14492,RDU,59,59,12,0,0,0.2033898305084746,0.0,0.0
12339,IND,14635,RSW,900,891,184,7,2,0.2065095398428731,0.0077777777777777,0.0022222222222222
12339,IND,14679,SAN,297,297,64,0,0,0.2154882154882154,0.0,0.0
12339,IND,14685,SAV,34,34,8,0,0,0.2352941176470588,0.0,0.0
12339,IND,14747,SEA,542,535,154,6,1,0.2878504672897196,0.011070110701107,0.0018450184501845
12339,IND,14761,SFB,231,230,68,0,1,0.2956521739130435,0.0,0.0043290043290043
12339,IND,14771,SFO,519,511,91,7,1,0.1780821917808219,0.0134874759152215,0.001926782273603
12339,IND,14869,SLC,364,359,33,5,0,0.0919220055710306,0.0137362637362637,0.0
12339,IND,14986,SRQ,372,367,83,3,2,0.2261580381471389,0.0080645161290322,0.0053763440860215
12339,IND,15304,TPA,1155,1142,240,12,1,0.2101576182136602,0.0103896103896103,0.0008658008658008
12339,IND,15624,VPS,93,93,9,0,0,0.0967741935483871,0.0,0.0
12343,INL,13487,MSP,658,650,74,8,0,0.1138461538461538,0.0121580547112462,0.0
12391,ISP,10721,BOS,6,0,0,6,0,,1.0,0.0
12391,ISP,10821,BWI,1194,1184,184,8,2,0.1554054054054054,0.0067001675041876,0.0016750418760469
12391,ISP,11697,FLL,394,390,111,2,2,0.2846153846153846,0.0050761421319796,0.0050761421319796
12391,ISP,13204,MCO,1498,1479,389,11,8,0.2630155510480054,0.007343124165554,0.0053404539385847
12391,ISP,13303,MIA,213,211,51,0,2,0.2417061611374407,0.0,0.0093896713615023
12391,ISP,13577,MYR,114,113,21,0,1,0.1858407079646017,0.0,0.0087719298245614
12391,ISP,14027,PBI,1271,1255,330,9,7,0.2629482071713147,0.007081038552321,0.005507474429583
12391,ISP,14635,RSW,64,61,18,3,0,0.2950819672131147,0.046875,0.0
12391,ISP,15304,TPA,529,514,142,15,0,0.2762645914396887,0.0283553875236294,0.0
12397,ITH,11618,EWR,4,4,0,0,0,0.0,0.0,0.0
12402,ITO,12173,HNL,6333,6287,678,45,1,0.1078415778590742,0.0071056371387967,0.0001579030475288
12402,ITO,13830,OGG,316,316,23,0,0,0.0727848101265822,0.0,0.0
12441,JAC,10397,ATL,209,201,67,7,1,0.3333333333333333,0.0334928229665071,0.0047846889952153
12441,JAC,11057,CLT,122,122,34,0,0,0.2786885245901639,0.0,0.0
12441,JAC,11292,DEN,1630,1593,456,21,16,0.2862523540489642,0.012883435582822,0.0098159509202454
12441,JAC,11298,DFW,761,743,246,15,3,0.3310901749663526,0.0197109067017082,0.0039421813403416
12441,JAC,11618,EWR,298,279,88,16,3,0.3154121863799283,0.0536912751677852,0.0100671140939597
12441,JAC,12264,IAD,2,1,0,1,0,0.0,0.5,0.0
12441,JAC,12266,IAH,73,70,19,2,1,0.2714285714285714,0.0273972602739726,0.0136986301369863
12441,JAC,12892,LAX,647,621,154,7,19,0.2479871175523349,0.0108191653786707,0.0293663060278207
12441,JAC,13487,MSP,58,58,18,0,0,0.3103448275862069,0.0,0.0
12441,JAC,13930,ORD,781,765,227,5,11,0.2967320261437908,0.0064020486555697,0.0140845070422535
12441,JAC,14679,SAN,76,73,36,3,0,0.4931506849315068,0.0394736842105263,0.0
12441,JAC,14747,SEA,201,196,42,2,3,0.2142857142857142,0.0099502487562189,0.0149253731343283
12441,JAC,14771,SFO,344,338,82,4,2,0.2426035502958579,0.0116279069767441,0.005813953488372
12441,JAC,14869,SLC,1184,1177,160,7,0,0.1359388275276125,0.0059121621621621,0.0
12448,JAN,10397,ATL,2129,2095,302,33,1,0.1441527446300716,0.0155002348520432,0.0004697040864255
12448,JAN,10693,BNA,269,266,60,2,1,0.225563909774436,0.0074349442379182,0.0037174721189591
12448,JAN,10821,BWI,303,300,59,2,1,0.1966666666666666,0.0066006600660066,0.0033003300330033
12448,JAN,11057,CLT,416,398,71,18,0,0.1783919597989949,0.0432692307692307,0.0
12448,JAN,11278,DCA,300,285,36,15,0,0.1263157894736842,0.05,0.0
12448,JAN,11298,DFW,1900,1817,473,79,4,0.2603192074848651,0.041578947368421,0.0021052631578947
12448,JAN,12191,HOU,729,720,106,7,2,0.1472222222222222,0.0096021947873799,0.0027434842249657
12448,JAN,12266,IAH,52,52,13,0,0,0.25,0.0,0.0
12448,JAN,12889,LAS,1,1,0,0,0,0.0,0.0,0.0
12448,JAN,13204,MCO,19,19,7,0,0,0.3684210526315789,0.0,0.0
12451,JAX,10397,ATL,4044,3975,655,62,7,0.1647798742138364,0.0153313550939663,0.0017309594460929
12451,JAX,10423,AUS,325,323,79,2,0,0.2445820433436532,0.0061538461538461,0.0
12451,JAX,10676,BLV,48,47,21,1,0,0.4468085106382978,0.0208333333333333,0.0
12451,JAX,10693,BNA,1062,1053,146,8,1,0.1386514719848053,0.007532956685499,0.0009416195856873
12451,JAX,10721,BOS,1576,1545,417,29,2,0.2699029126213592,0.0184010152284263,0.0012690355329949
12451,JAX,10821,BWI,1402,1378,226,21,3,0.1640058055152394,0.0149786019971469,0.0021398002853067
12451,JAX,10874,CAK,56,55,11,1,0,0.2,0.0178571428571428,0.0
12451,JAX,11057,CLT,2187,2158,392,25,4,0.1816496756255792,0.0114311842706904,0.0018289894833104
12451,JAX,11193,CVG,134,133,52,1,0,0.3909774436090225,0.0074626865671641,0.0
12451,JAX,11259,DAL,350,343,109,4,3,0.3177842565597668,0.0114285714285714,0.0085714285714285
12451,JAX,11278,DCA,1498,1451,382,40,7,0.2632667126119917,0.0267022696929239,0.0046728971962616
12451,JAX,11292,DEN,943,936,134,3,4,0.1431623931623931,0.0031813361611876,0.0042417815482502
12451,JAX,11298,DFW,1788,1716,415,55,17,0.2418414918414918,0.0307606263982102,0.0095078299776286
12451,JAX,11423,DSM,56,56,3,0,0,0.0535714285714285,0.0,0.0
12451,JAX,11433,DTW,578,573,93,5,0,0.1623036649214659,0.0086505190311418,0.0
12451,JAX,11618,EWR,1313,1268,343,39,6,0.2705047318611987,0.0297029702970297,0.0045696877380045
12451,JAX,11697,FLL,119,116,31,3,0,0.2672413793103448,0.0252100840336134,0.0
12451,JAX,11721,FNT,82,82,23,0,0,0.2804878048780488,0.0,0.0
12451,JAX,11986,GRR,64,64,20,0,0,0.3125,0.0,0.0
12451,JAX,12191,HOU,293,289,28,2,2,0.0968858131487889,0.0068259385665529,0.0068259385665529
12451,JAX,12264,IAD,692,682,89,9,1,0.1304985337243401,0.0130057803468208,0.0014450867052023
12451,JAX,12266,IAH,664,655,79,9,0,0.1206106870229007,0.0135542168674698,0.0
12451,JAX,12339,IND,97,94,34,2,1,0.3617021276595745,0.0206185567010309,0.0103092783505154
12451,JAX,12478,JFK,1358,1306,347,44,8,0.2656967840735069,0.03240058910162,0.0058910162002945
12451,JAX,12889,LAS,3,3,1,0,0,0.3333333333333333,0.0,0.0
12451,JAX,12953,LGA,268,257,44,8,3,0.1712062256809338,0.0298507462686567,0.0111940298507462
12451,JAX,13198,MCI,12,12,2,0,0,0.1666666666666666,0.0,0.0
12451,JAX,13230,MDT,83,83,18,0,0,0.216867469879518,0.0,0.0
12451,JAX,13232,MDW,382,379,73,2,1,0.1926121372031662,0.0052356020942408,0.0026178010471204
12451,JAX,13303,MIA,1819,1794,359,24,1,0.2001114827201783,0.0131940626717976,0.0005497526113249
12451,JAX,13487,MSP,341,337,66,4,0,0.1958456973293768,0.0117302052785923,0.0
12451,JAX,13930,ORD,1801,1766,356,30,5,0.2015855039637599,0.0166574125485841,0.002776235424764
12451,JAX,13931,ORF,46,46,11,0,0,0.2391304347826087,0.0,0.0
12451,JAX,14100,PHL,1575,1532,362,43,0,0.2362924281984334,0.0273015873015873,0.0
12451,JAX,14107,PHX,311,310,46,1,0,0.1483870967741935,0.0032154340836012,0.0
12451,JAX,14122,PIT,127,127,39,0,0,0.3070866141732283,0.0,0.0
12451,JAX,14747,SEA,1,1,0,0,0,0.0,0.0,0.0
12451,JAX,14843,SJU,144,138,37,6,0,0.2681159420289855,0.0416666666666666,0.0
12451,JAX,15016,STL,573,571,75,2,0,0.1313485113835376,0.0034904013961605,0.0
12451,JAX,15304,TPA,1,1,1,0,0,1.0,0.0,0.0
12451,JAX,15412,TYS,106,106,29,0,0,0.2735849056603773,0.0,0.0
12478,JFK,10140,ABQ,174,171,63,3,0,0.3684210526315789,0.0172413793103448,0.0
12478,JFK,10154,ACK,308,298,45,10,0,0.1510067114093959,0.0324675324675324,0.0
12478,JFK,10299,ANC,69,67,23,2,0,0.3432835820895522,0.0289855072463768,0.0
12478,JFK,10397,ATL,4310,4218,1115,73,19,0.2643432906590801,0.016937354988399,0.0044083526682134
12478,JFK,10423,AUS,1983,1950,417,28,5,0.2138461538461538,0.0141200201714573,0.0025214321734745
12478,JFK,10529,BDL,246,241,98,5,0,0.4066390041493776,0.0203252032520325,0.0
12478,JFK,10693,BNA,1664,1614,433,45,5,0.2682775712515489,0.0270432692307692,0.0030048076923076
12478,JFK,10721,BOS,5548,5375,1423,172,1,0.2647441860465116,0.0310021629416005,0.0001802451333813
12478,JFK,10732,BQN,601,589,179,11,1,0.3039049235993208,0.0183028286189683,0.0016638935108153
12478,JFK,10785,BTV,7,7,1,0,0,0.1428571428571428,0.0,0.0
12478,JFK,10792,BUF,1333,1291,363,42,0,0.2811773818745158,0.0315078769692423,0.0
12478,JFK,10800,BUR,179,175,69,3,1,0.3942857142857143,0.0167597765363128,0.0055865921787709
12478,JFK,10849,BZN,135,133,24,0,2,0.1804511278195488,0.0,0.0148148148148148
12478,JFK,10994,CHS,791,770,207,20,1,0.2688311688311688,0.0252844500632111,0.0012642225031605
12478,JFK,11042,CLE,718,701,106,17,0,0.1512125534950071,0.0236768802228412,0.0
12478,JFK,11057,CLT,2140,2107,393,31,2,0.1865211200759373,0.0144859813084112,0.0009345794392523
12478,JFK,11066,CMH,1752,1704,378,47,1,0.2218309859154929,0.0268264840182648,0.0005707762557077
12478,JFK,11193,CVG,733,718,127,12,3,0.1768802228412256,0.0163710777626193,0.0040927694406548
12478,JFK,11252,DAB,28,27,9,1,0,0.3333333333333333,0.0357142857142857,0.0
12478,JFK,11278,DCA,2738,2583,773,149,6,0.2992644212156407,0.0544192841490138,0.0021913805697589
12478,JFK,11292,DEN,1543,1513,458,28,2,0.3027098479841374,0.018146467919637,0.001296176279974
12478,JFK,11298,DFW,2138,2076,550,45,17,0.2649325626204239,0.0210477081384471,0.0079513564078578
12478,JFK,11433,DTW,1081,1060,274,20,1,0.2584905660377358,0.0185013876040703,0.0009250693802035
12478,JFK,11503,EGE,109,106,21,0,3,0.1981132075471698,0.0,0.0275229357798165
12478,JFK,11697,FLL,3864,3760,1016,88,16,0.2702127659574468,0.0227743271221532,0.0041407867494824
12478,JFK,12173,HNL,670,665,169,3,2,0.2541353383458646,0.0044776119402985,0.0029850746268656
12478,JFK,12250,HYA,111,107,18,4,0,0.1682242990654205,0.036036036036036,0.0
12478,JFK,12264,IAD,59,59,10,0,0,0.1694915254237288,0.0,0.0
12478,JFK,12266,IAH,257,254,62,3,0,0.2440944881889764,0.0116731517509727,0.0
12478,JFK,12339,IND,1176,1132,297,43,1,0.2623674911660777,0.0365646258503401,0.0008503401360544
12478,JFK,12451,JAX,1357,1308,372,42,7,0.2844036697247706,0.0309506263817243,0.0051584377302873
12478,JFK,12889,LAS,3930,3882,784,39,9,0.201957753735188,0.0099236641221374,0.0022900763358778
12478,JFK,12892,LAX,10268,10157,2087,93,18,0.2054740573003839,0.009057265290222,0.00175301908843
12478,JFK,13198,MCI,63,61,16,2,0,0.2622950819672131,0.0317460317460317,0.0
12478,JFK,13204,MCO,5004,4896,1426,89,19,0.2912581699346405,0.0177857713828936,0.0037969624300559
12478,JFK,13244,MEM,4,4,1,0,0,0.25,0.0,0.0
12478,JFK,13296,MHT,77,73,35,4,0,0.4794520547945205,0.0519480519480519,0.0
12478,JFK,13303,MIA,5034,4920,1307,97,17,0.265650406504065,0.0192689709972189,0.0033770361541517
12478,JFK,13342,MKE,76,75,23,1,0,0.3066666666666666,0.0131578947368421,0.0
12478,JFK,13487,MSP,907,894,172,11,2,0.192393736017897,0.01212789415656,0.0022050716648291
12478,JFK,13495,MSY,1154,1118,217,35,1,0.1940966010733452,0.0303292894280762,0.0008665511265164
12478,JFK,13541,MVY,288,280,47,6,1,0.1678571428571428,0.0208333333333333,0.0034722222222222
12478,JFK,13891,ONT,179,177,73,2,0,0.4124293785310734,0.0111731843575419,0.0
12478,JFK,13930,ORD,1939,1867,542,68,4,0.2903053026245313,0.0350696235172769,0.002062919030428
12478,JFK,13931,ORF,719,691,116,27,1,0.1678726483357453,0.0375521557719054,0.0013908205841446
12478,JFK,13933,ORH,185,183,20,1,1,0.1092896174863388,0.0054054054054054,0.0054054054054054
12478,JFK,14027,PBI,2199,2135,627,53,11,0.2936768149882904,0.0241018644838563,0.0050022737608003
12478,JFK,14057,PDX,914,897,269,15,2,0.2998885172798216,0.0164113785557986,0.0021881838074398
12478,JFK,14107,PHX,2756,2711,576,40,5,0.2124677240870527,0.0145137880986937,0.0018142235123367
12478,JFK,14122,PIT,1775,1696,428,77,2,0.2523584905660377,0.0433802816901408,0.0011267605633802
12478,JFK,14254,PSE,102,95,46,7,0,0.4842105263157895,0.0686274509803921,0.0
12478,JFK,14262,PSP,184,180,25,4,0,0.1388888888888889,0.0217391304347826,0.0
12478,JFK,14307,PVD,246,240,89,6,0,0.3708333333333333,0.024390243902439,0.0
12478,JFK,14321,PWM,398,382,117,16,0,0.306282722513089,0.0402010050251256,0.0
12478,JFK,14492,RDU,2388,2282,583,102,4,0.2554776511831726,0.0427135678391959,0.0016750418760469
12478,JFK,14524,RIC,31,31,10,0,0,0.3225806451612903,0.0,0.0
12478,JFK,14570,RNO,146,142,57,3,1,0.4014084507042254,0.0205479452054794,0.0068493150684931
12478,JFK,14576,ROC,809,789,258,18,2,0.3269961977186312,0.0222496909765142,0.0024721878862793
12478,JFK,14635,RSW,1329,1292,278,31,6,0.2151702786377708,0.0233258088788562,0.0045146726862302
12478,JFK,14679,SAN,2411,2363,509,36,12,0.2154041472704189,0.0149315636665284,0.0049771878888428
12478,JFK,14683,SAT,364,359,46,5,0,0.128133704735376,0.0137362637362637,0.0
12478,JFK,14685,SAV,826,798,204,26,2,0.2556390977443609,0.0314769975786924,0.0024213075060532
12478,JFK,14730,SDF,2,2,0,0,0,0.0,0.0,0.0
12478,JFK,14747,SEA,2886,2830,827,45,11,0.2922261484098939,0.0155925155925155,0.0038115038115038
12478,JFK,14771,SFO,6702,6625,1465,65,12,0.2211320754716981,0.0096985974336019,0.0017905102954341
12478,JFK,14843,SJU,3988,3934,1125,45,9,0.2859684799186578,0.0112838515546639,0.0022567703109327
12478,JFK,14869,SLC,1951,1933,416,15,3,0.2152095188825659,0.0076883649410558,0.0015376729882111
12478,JFK,14893,SMF,179,177,75,2,0,0.423728813559322,0.0111731843575419,0.0
12478,JFK,14908,SNA,371,366,56,4,1,0.1530054644808743,0.0107816711590296,0.0026954177897574
12478,JFK,14986,SRQ,462,453,95,7,2,0.2097130242825607,0.0151515151515151,0.0043290043290043
12478,JFK,15016,STL,2,2,0,0,0,0.0,0.0,0.0
12478,JFK,15024,STT,546,539,78,2,5,0.1447124304267161,0.0036630036630036,0.0091575091575091
12478,JFK,15096,SYR,590,570,176,19,1,0.3087719298245614,0.0322033898305084,0.0016949152542372
12478,JFK,15304,TPA,2533,2470,644,50,13,0.2607287449392712,0.019739439399921,0.0051322542439794
12478,JFK,15628,VRB,21,20,11,1,0,0.55,0.0476190476190476,0.0
12511,JLN,11292,DEN,361,350,127,8,3,0.3628571428571429,0.0221606648199446,0.0083102493074792
12511,JLN,13930,ORD,365,349,66,15,1,0.1891117478510028,0.0410958904109589,0.0027397260273972
12519,JMS,11292,DEN,476,465,98,9,2,0.210752688172043,0.01890756302521,0.0042016806722689
12519,JMS,11447,DVL,176,173,30,2,1,0.1734104046242774,0.0113636363636363,0.0056818181818181
12523,JNU,10299,ANC,1228,1196,168,30,2,0.1404682274247491,0.02442996742671,0.001628664495114
12523,JNU,11997,GST,86,82,14,3,1,0.1707317073170731,0.0348837209302325,0.0116279069767441
12523,JNU,12819,KTN,361,346,38,9,6,0.1098265895953757,0.0249307479224376,0.0166204986149584
12523,JNU,14256,PSG,362,351,63,2,9,0.1794871794871795,0.005524861878453,0.0248618784530386
12523,JNU,14747,SEA,1579,1546,304,29,4,0.1966364812419146,0.0183660544648511,0.0025332488917036
12523,JNU,14828,SIT,725,711,98,11,3,0.1378340365682137,0.0151724137931034,0.0041379310344827
12523,JNU,15991,YAK,362,348,40,5,9,0.1149425287356321,0.0138121546961325,0.0248618784530386
12544,USA,11697,FLL,181,178,85,2,1,0.4775280898876404,0.011049723756906,0.005524861878453
12544,USA,14082,PGD,133,132,39,1,0,0.2954545454545454,0.0075187969924812,0.0
12544,USA,14112,PIE,197,195,90,2,0,0.4615384615384615,0.0101522842639593,0.0
12544,USA,14761,SFB,199,198,104,1,0,0.5252525252525253,0.0050251256281407,0.0
12559,JST,12264,IAD,365,354,74,11,0,0.2090395480225988,0.0301369863013698,0.0
12559,JST,13930,ORD,362,349,100,12,1,0.2865329512893982,0.0331491712707182,0.0027624309392265
12758,KOA,10299,ANC,96,91,12,4,1,0.1318681318681318,0.0416666666666666,0.0104166666666666
12758,KOA,11292,DEN,365,357,36,4,4,0.1008403361344537,0.010958904109589,0.010958904109589
12758,KOA,11298,DFW,35,35,10,0,0,0.2857142857142857,0.0,0.0
12758,KOA,12173,HNL,7490,7407,843,81,2,0.113811259619279,0.0108144192256341,0.0002670226969292
12758,KOA,12889,LAS,365,362,13,3,0,0.0359116022099447,0.0082191780821917,0.0
12758,KOA,12892,LAX,1590,1571,222,14,5,0.1413112667091025,0.0088050314465408,0.0031446540880503
12758,KOA,12982,LIH,365,364,22,1,0,0.0604395604395604,0.0027397260273972,0.0
12758,KOA,13796,OAK,64,64,8,0,0,0.125,0.0,0.0
12758,KOA,13830,OGG,1468,1462,130,5,1,0.0889192886456908,0.0034059945504087,0.0006811989100817
12758,KOA,13930,ORD,18,18,5,0,0,0.2777777777777778,0.0,0.0
12758,KOA,14057,PDX,343,342,85,0,1,0.2485380116959064,0.0,0.0029154518950437
12758,KOA,14107,PHX,385,381,38,3,1,0.0997375328083989,0.0077922077922077,0.0025974025974025
12758,KOA,14679,SAN,333,328,92,2,3,0.2804878048780488,0.006006006006006,0.009009009009009
12758,KOA,14747,SEA,1440,1406,204,33,1,0.1450924608819345,0.0229166666666666,0.0006944444444444
12758,KOA,14771,SFO,809,805,124,3,1,0.1540372670807453,0.003708281829419,0.0012360939431396
12758,KOA,14831,SJC,160,158,34,0,2,0.2151898734177215,0.0,0.0125
12758,KOA,14869,SLC,12,12,6,0,0,0.5,0.0,0.0
12758,KOA,14893,SMF,458,458,49,0,0,0.1069868995633187,0.0,0.0
12819,KTN,12523,JNU,362,354,42,8,0,0.1186440677966101,0.0220994475138121,0.0
12819,KTN,14747,SEA,1300,1267,209,33,0,0.164956590370955,0.0253846153846153,0.0
12819,KTN,14828,SIT,365,351,110,13,1,0.3133903133903133,0.0356164383561643,0.0027397260273972
12819,KTN,15841,WRG,361,353,80,5,3,0.2266288951841359,0.0138504155124653,0.0083102493074792
12878,LAF,13930,ORD,236,231,48,5,0,0.2077922077922078,0.0211864406779661,0.0
12884,LAN,11278,DCA,299,263,117,34,2,0.4448669201520912,0.1137123745819397,0.0066889632107023
12884,LAN,11433,DTW,925,921,194,4,0,0.2106406080347448,0.0043243243243243,0.0
12884,LAN,13930,ORD,741,728,134,12,1,0.184065934065934,0.0161943319838056,0.0013495276653171
12888,LAR,11292,DEN,627,603,170,24,0,0.2819237147595356,0.0382775119617224,0.0
12889,LAS,10140,ABQ,1779,1769,387,9,1,0.218767665347654,0.0050590219224283,0.0005621135469364
12889,LAS,10257,ALB,323,319,60,0,4,0.1880877742946708,0.0,0.0123839009287925
12889,LAS,10279,AMA,364,361,38,3,0,0.1052631578947368,0.0082417582417582,0.0
12889,LAS,10299,ANC,124,117,42,2,5,0.358974358974359,0.0161290322580645,0.0403225806451612
12889,LAS,10397,ATL,4926,4852,788,56,18,0.1624072547403132,0.0113682501015022,0.0036540803897685
12889,LAS,10408,ATW,163,163,23,0,0,0.1411042944785276,0.0,0.0
12889,LAS,10423,AUS,2969,2948,692,13,8,0.2347354138398914,0.0043785786460087,0.0026945099360053
12889,LAS,10431,AVL,105,105,24,0,0,0.2285714285714285,0.0,0.0
12889,LAS,10466,AZA,54,53,12,1,0,0.2264150943396226,0.0185185185185185,0.0
12889,LAS,10599,BHM,365,363,79,0,2,0.2176308539944903,0.0,0.0054794520547945
12889,LAS,10620,BIL,136,135,19,0,1,0.1407407407407407,0.0,0.0073529411764705
12889,LAS,10627,BIS,128,128,15,0,0,0.1171875,0.0,0.0
12889,LAS,10666,BLI,492,486,43,5,1,0.088477366255144,0.0101626016260162,0.0020325203252032
12889,LAS,10676,BLV,54,54,6,0,0,0.1111111111111111,0.0,0.0
12889,LAS,10693,BNA,2008,1995,351,9,4,0.1759398496240601,0.0044820717131474,0.0019920318725099
12889,LAS,10713,BOI,1445,1440,320,5,0,0.2222222222222222,0.0034602076124567,0.0
12889,LAS,10721,BOS,1715,1699,384,7,9,0.226015303119482,0.0040816326530612,0.0052478134110787
12889,LAS,10792,BUF,383,381,102,1,1,0.2677165354330709,0.0026109660574412,0.0026109660574412
12889,LAS,10800,BUR,4417,4333,848,69,15,0.1957073621047773,0.0156214625311297,0.0033959701154629
12889,LAS,10821,BWI,2031,2010,410,13,8,0.2039800995024875,0.0064007877892663,0.0039389463318562
12889,LAS,10849,BZN,615,609,129,2,4,0.2118226600985221,0.0032520325203252,0.0065040650406504
12889,LAS,10874,CAK,2,2,0,0,0,0.0,0.0,0.0
12889,LAS,10980,CHA,90,90,7,0,0,0.0777777777777777,0.0,0.0
12889,LAS,11003,CID,129,129,18,0,0,0.1395348837209302,0.0,0.0
12889,LAS,11042,CLE,1023,1016,193,4,3,0.1899606299212598,0.0039100684261974,0.002932551319648
12889,LAS,11057,CLT,2315,2291,324,17,7,0.1414229594063727,0.0073434125269978,0.003023758099352
12889,LAS,11066,CMH,1044,1038,228,0,6,0.2196531791907514,0.0,0.0057471264367816
12889,LAS,11109,COS,864,859,188,4,1,0.2188591385331781,0.0046296296296296,0.0011574074074074
12889,LAS,11193,CVG,688,678,140,9,1,0.2064896755162241,0.0130813953488372,0.001453488372093
12889,LAS,11259,DAL,2938,2885,686,35,18,0.2377816291161178,0.0119128658951667,0.0061266167460857
12889,LAS,11278,DCA,678,660,170,3,15,0.2575757575757575,0.0044247787610619,0.0221238938053097
12889,LAS,11292,DEN,7275,7200,1796,57,18,0.2494444444444444,0.0078350515463917,0.0024742268041237
12889,LAS,11298,DFW,5611,5426,1080,151,34,0.1990416513085145,0.0269114239885938,0.0060595259312065
12889,LAS,11423,DSM,596,590,133,4,2,0.2254237288135593,0.0067114093959731,0.0033557046979865
12889,LAS,11433,DTW,3086,3072,543,10,4,0.1767578125,0.0032404406999351,0.001296176279974
12889,LAS,11540,ELP,1297,1285,278,8,4,0.2163424124513618,0.0061680801850424,0.0030840400925212
12889,LAS,11603,EUG,481,479,66,0,2,0.1377870563674321,0.0,0.0041580041580041
12889,LAS,11618,EWR,3004,2950,653,33,21,0.2213559322033898,0.0109853528628495,0.0069906790945406
12889,LAS,11637,FAR,144,143,12,0,1,0.0839160839160839,0.0,0.0069444444444444
12889,LAS,11638,FAT,1801,1794,330,6,1,0.1839464882943143,0.0033314825097168,0.0005552470849528
12889,LAS,11648,FCA,112,110,13,0,2,0.1181818181818181,0.0,0.0178571428571428
12889,LAS,11697,FLL,1043,1029,208,10,4,0.2021379980563654,0.009587727708533,0.0038350910834132
12889,LAS,11721,FNT,105,105,32,0,0,0.3047619047619048,0.0,0.0
12889,LAS,11775,FSD,182,181,20,1,0,0.1104972375690607,0.0054945054945054,0.0
12889,LAS,11823,FWA,82,82,11,0,0,0.1341463414634146,0.0,0.0
12889,LAS,11884,GEG,855,852,172,3,0,0.2018779342723004,0.0035087719298245,0.0
12889,LAS,11898,GFK,105,104,9,1,0,0.0865384615384615,0.0095238095238095,0.0
12889,LAS,11921,GJT,2,2,0,0,0,0.0,0.0,0.0
12889,LAS,11980,GRI,112,111,9,0,1,0.081081081081081,0.0,0.0089285714285714
12889,LAS,11986,GRR,546,542,121,0,4,0.2232472324723247,0.0,0.0073260073260073
12889,LAS,12003,GTF,111,111,15,0,0,0.1351351351351351,0.0,0.0
12889,LAS,12173,HNL,2025,1981,432,5,39,0.2180716809692074,0.0024691358024691,0.0192592592592592
12889,LAS,12191,HOU,2076,2050,460,15,11,0.224390243902439,0.0072254335260115,0.0052986512524084
12889,LAS,12264,IAD,1270,1265,178,3,2,0.1407114624505928,0.0023622047244094,0.0015748031496062
12889,LAS,12266,IAH,3607,3561,574,33,13,0.1611906767761864,0.0091488771832547,0.0036041031327973
12889,LAS,12278,ICT,476,471,104,0,5,0.2208067940552017,0.0,0.0105042016806722
12889,LAS,12280,IDA,115,115,22,0,0,0.1913043478260869,0.0,0.0
12889,LAS,12339,IND,1422,1412,305,6,4,0.2160056657223796,0.0042194092827004,0.0028129395218002
12889,LAS,12448,JAN,1,1,1,0,0,1.0,0.0,0.0
12889,LAS,12451,JAX,3,3,1,0,0,0.3333333333333333,0.0,0.0
12889,LAS,12478,JFK,3931,3850,792,47,34,0.2057142857142857,0.0119562452302213,0.0086491986771813
12889,LAS,12758,KOA,365,361,58,0,4,0.1606648199445983,0.0,0.010958904109589
12889,LAS,12892,LAX,8763,8723,1774,39,1,0.2033704000917115,0.0044505306401917,0.0001141161702613
12889,LAS,12896,LBB,366,364,57,2,0,0.1565934065934066,0.0054644808743169,0.0
12889,LAS,12945,LEX,93,92,15,1,0,0.1630434782608695,0.010752688172043,0.0
12889,LAS,12953,LGA,2,2,0,0,0,0.0,0.0,0.0
12889,LAS,12954,LGB,2306,2295,471,11,0,0.2052287581699346,0.0047701647875108,0.0
12889,LAS,12982,LIH,365,360,47,0,5,0.1305555555555555,0.0,0.0136986301369863
12889,LAS,12992,LIT,360,356,82,3,1,0.2303370786516854,0.0083333333333333,0.0027777777777777
12889,LAS,13061,LRD,111,109,16,2,0,0.146788990825688,0.018018018018018,0.0
12889,LAS,13158,MAF,365,363,71,1,1,0.1955922865013774,0.0027397260273972,0.0027397260273972
12889,LAS,13198,MCI,1935,1916,384,12,7,0.2004175365344467,0.0062015503875968,0.0036175710594315
12889,LAS,13204,MCO,1613,1604,371,5,4,0.2312967581047381,0.0030998140111593,0.0024798512089274
12889,LAS,13232,MDW,2627,2593,501,19,15,0.1932124951793289,0.0072325846973734,0.0057099352874
12889,LAS,13244,MEM,721,719,111,1,1,0.1543810848400556,0.001386962552011,0.001386962552011
12889,LAS,13256,MFE,453,453,54,0,0,0.119205298013245,0.0,0.0
12889,LAS,13264,MFR,154,154,31,0,0,0.2012987012987013,0.0,0.0
12889,LAS,13303,MIA,1720,1701,334,9,10,0.1963550852439741,0.0052325581395348,0.005813953488372
12889,LAS,13342,MKE,1166,1157,238,5,4,0.2057044079515989,0.0042881646655231,0.0034305317324185
12889,LAS,13367,MLI,104,104,11,0,0,0.1057692307692307,0.0,0.0
12889,LAS,13433,MOT,130,130,20,0,0,0.1538461538461538,0.0,0.0
12889,LAS,13476,MRY,105,104,23,0,1,0.2211538461538461,0.0,0.0095238095238095
12889,LAS,13486,MSO,113,110,19,2,1,0.1727272727272727,0.0176991150442477,0.0088495575221238
12889,LAS,13487,MSP,2366,2348,355,12,6,0.1511925042589438,0.0050718512256973,0.0025359256128486
12889,LAS,13495,MSY,964,957,216,6,1,0.225705329153605,0.0062240663900414,0.0010373443983402
12889,LAS,13796,OAK,3926,3908,910,18,0,0.2328556806550665,0.0045848191543555,0.0
12889,LAS,13830,OGG,764,757,127,3,4,0.1677675033025099,0.0039267015706806,0.0052356020942408
12889,LAS,13851,OKC,1221,1213,271,4,4,0.2234130255564715,0.0032760032760032,0.0032760032760032
12889,LAS,13871,OMA,1101,1095,233,3,3,0.2127853881278538,0.0027247956403269,0.0027247956403269
12889,LAS,13891,ONT,2559,2535,559,23,1,0.2205128205128205,0.0089878858929269,0.0003907776475185
12889,LAS,13930,ORD,5283,5219,1077,45,19,0.2063613719103276,0.0085178875638841,0.0035964414158621
12889,LAS,14004,PAE,296,294,64,0,2,0.2176870748299319,0.0,0.0067567567567567
12889,LAS,14057,PDX,3366,3343,656,20,3,0.1962309303021238,0.005941770647653,0.0008912655971479
12889,LAS,14100,PHL,1736,1701,317,30,5,0.1863609641387419,0.0172811059907834,0.0028801843317972
12889,LAS,14107,PHX,6381,6303,1286,70,8,0.2040298270664763,0.0109700673875568,0.0012537219871493
12889,LAS,14108,PIA,126,126,5,0,0,0.0396825396825396,0.0,0.0
12889,LAS,14122,PIT,835,834,173,1,0,0.2074340527577937,0.0011976047904191,0.0
12889,LAS,14252,PSC,132,131,24,0,1,0.183206106870229,0.0,0.0075757575757575
12889,LAS,14262,PSP,727,720,178,4,3,0.2472222222222222,0.0055020632737276,0.0041265474552957
12889,LAS,14314,PVU,12,12,5,0,0,0.4166666666666667,0.0,0.0
12889,LAS,14457,RAP,112,109,30,0,3,0.2752293577981651,0.0,0.0267857142857142
12889,LAS,14492,RDU,753,750,174,2,1,0.232,0.0026560424966799,0.0013280212483399
12889,LAS,14512,RFD,105,105,9,0,0,0.0857142857142857,0.0,0.0
12889,LAS,14570,RNO,3854,3800,746,41,13,0.1963157894736842,0.0106382978723404,0.0033731188375713
12889,LAS,14576,ROC,324,323,66,0,1,0.2043343653250774,0.0,0.0030864197530864
12889,LAS,14679,SAN,7107,7017,2157,87,3,0.3073963232150491,0.0122414520894892,0.0004221190375685
12889,LAS,14683,SAT,2244,2227,459,14,3,0.2061068702290076,0.0062388591800356,0.0013368983957219
12889,LAS,14689,SBA,864,849,205,11,4,0.2414605418138987,0.0127314814814814,0.0046296296296296
12889,LAS,14696,SBN,105,105,27,0,0,0.2571428571428571,0.0,0.0
12889,LAS,14698,SBP,153,149,59,3,1,0.3959731543624161,0.0196078431372549,0.0065359477124183
12889,LAS,14716,SCK,411,404,57,3,4,0.141089108910891,0.0072992700729927,0.0097323600973236
12889,LAS,14730,SDF,398,395,109,3,0,0.2759493670886076,0.007537688442211,0.0
12889,LAS,14747,SEA,5873,5823,1150,45,5,0.197492701356689,0.0076621828707645,0.0008513536523071
12889,LAS,14771,SFO,6097,6060,1800,36,1,0.297029702970297,0.005904543217976,0.0001640150893882
12889,LAS,14783,SGF,133,133,17,0,0,0.1278195488721804,0.0,0.0
12889,LAS,14814,SHV,107,107,11,0,0,0.102803738317757,0.0,0.0
12889,LAS,14831,SJC,4364,4348,815,16,0,0.187442502299908,0.0036663611365719,0.0
12889,LAS,14869,SLC,3783,3758,635,22,3,0.1689728579031399,0.0058154903515728,0.0007930214115781
12889,LAS,14893,SMF,5097,5065,978,27,5,0.1930898321816387,0.0052972336668628,0.0009809691975671
12889,LAS,14905,SMX,105,104,23,1,0,0.2211538461538461,0.0095238095238095,0.0
12889,LAS,14908,SNA,4455,4419,786,24,12,0.1778682959945689,0.0053872053872053,0.0026936026936026
12889,LAS,15016,STL,2024,2003,409,15,6,0.2041937094358462,0.0074110671936758,0.0029644268774703
12889,LAS,15023,STS,249,245,76,2,2,0.310204081632653,0.0080321285140562,0.0080321285140562
12889,LAS,15304,TPA,1135,1127,265,3,5,0.2351375332741792,0.0026431718061674,0.0044052863436123
12889,LAS,15370,TUL,765,760,157,3,2,0.206578947368421,0.0039215686274509,0.0026143790849673
12889,LAS,15376,TUS,1334,1328,292,5,1,0.2198795180722891,0.0037481259370314,0.0007496251874062
12889,LAS,15412,TYS,122,122,24,0,0,0.1967213114754098,0.0,0.0
12889,LAS,15624,VPS,36,36,8,0,0,0.2222222222222222,0.0,0.0
12889,LAS,15919,XNA,119,119,15,0,0,0.1260504201680672,0.0,0.0
12891,LAW,11298,DFW,1088,1030,268,57,1,0.2601941747572815,0.0523897058823529,0.0009191176470588
12892,LAX,10140,ABQ,2163,2156,236,5,2,0.1094619666048237,0.0023116042533518,0.0009246417013407
12892,LAX,10157,ACV,367,360,36,1,6,0.1,0.0027247956403269,0.0163487738419618
12892,LAX,10299,ANC,348,346,43,0,2,0.1242774566473988,0.0,0.0057471264367816
12892,LAX,10372,ASE,1135,1060,287,18,57,0.270754716981132,0.0158590308370044,0.0502202643171806
12892,LAX,10397,ATL,5374,5299,1193,58,17,0.2251368182675976,0.0107927056196501,0.0031633792333457
12892,LAX,10423,AUS,4018,3986,686,20,12,0.1721023582538886,0.0049776007964161,0.0029865604778496
12892,LAX,10666,BLI,109,109,9,0,0,0.0825688073394495,0.0,0.0
12892,LAX,10693,BNA,2122,2100,296,14,8,0.1409523809523809,0.0065975494816211,0.003770028275212
12892,LAX,10713,BOI,1445,1442,150,1,2,0.1040221914008321,0.0006920415224913,0.0013840830449826
12892,LAX,10721,BOS,4556,4526,870,20,10,0.1922227132125497,0.0043898156277436,0.0021949078138718
12892,LAX,10792,BUF,159,153,52,4,2,0.3398692810457516,0.0251572327044025,0.0125786163522012
12892,LAX,10821,BWI,1725,1715,207,6,4,0.1206997084548105,0.0034782608695652,0.0023188405797101
12892,LAX,10849,BZN,611,605,72,2,4,0.1190082644628099,0.0032733224222585,0.0065466448445171
12892,LAX,11003,CID,26,26,6,0,0,0.2307692307692307,0.0,0.0
12892,LAX,11042,CLE,689,688,66,0,1,0.0959302325581395,0.0,0.0014513788098693
12892,LAX,11057,CLT,2506,2491,411,12,3,0.164993978321959,0.0047885075818036,0.0011971268954509
12892,LAX,11066,CMH,323,319,58,3,1,0.1818181818181818,0.0092879256965944,0.0030959752321981
12892,LAX,11193,CVG,335,331,61,4,0,0.1842900302114803,0.0119402985074626,0.0
12892,LAX,11259,DAL,1522,1503,300,13,6,0.1996007984031936,0.0085413929040735,0.0039421813403416
12892,LAX,11278,DCA,1457,1422,320,15,20,0.2250351617440225,0.0102951269732326,0.0137268359643102
12892,LAX,11292,DEN,7827,7756,1454,44,27,0.1874677668901495,0.005621566372812,0.0034495975469528
12892,LAX,11298,DFW,6581,6431,1501,113,37,0.2334007152853366,0.017170642759459,0.0056222458592919
12892,LAX,11423,DSM,88,88,8,0,0,0.0909090909090909,0.0,0.0
12892,LAX,11433,DTW,2692,2670,434,17,5,0.1625468164794007,0.0063150074294205,0.0018573551263001
12892,LAX,11503,EGE,212,208,66,0,4,0.3173076923076923,0.0,0.0188679245283018
12892,LAX,11540,ELP,1232,1227,160,4,1,0.1303993480032599,0.0032467532467532,0.0008116883116883
12892,LAX,11603,EUG,398,395,68,3,0,0.1721518987341772,0.007537688442211,0.0
12892,LAX,11618,EWR,5229,5107,1097,81,41,0.2148032112786371,0.0154905335628227,0.0078408873589596
12892,LAX,11638,FAT,1048,1045,120,3,0,0.1148325358851674,0.0028625954198473,0.0
12892,LAX,11648,FCA,176,175,21,1,0,0.12,0.0056818181818181,0.0
12892,LAX,11695,FLG,10,10,3,0,0,0.3,0.0,0.0
12892,LAX,11697,FLL,2099,2085,451,5,9,0.2163069544364508,0.0023820867079561,0.0042877560743211
12892,LAX,11775,FSD,24,24,7,0,0,0.2916666666666667,0.0,0.0
12892,LAX,11884,GEG,874,869,91,5,0,0.1047180667433832,0.005720823798627,0.0
12892,LAX,11977,GRB,1,1,0,0,0,0.0,0.0,0.0
12892,LAX,11986,GRR,25,25,10,0,0,0.4,0.0,0.0
12892,LAX,12094,HDN,80,79,16,0,1,0.2025316455696202,0.0,0.0125
12892,LAX,12173,HNL,5328,5287,1022,30,11,0.1933043313788538,0.0056306306306306,0.0020645645645645
12892,LAX,12191,HOU,1203,1190,205,6,7,0.1722689075630252,0.0049875311720698,0.0058187863674147
12892,LAX,12264,IAD,2442,2419,328,12,11,0.135593220338983,0.0049140049140049,0.0045045045045045
12892,LAX,12266,IAH,5395,5323,819,46,26,0.1538606049220364,0.0085264133456904,0.0048192771084337
12892,LAX,12278,ICT,24,24,5,0,0,0.2083333333333333,0.0,0.0
12892,LAX,12339,IND,744,737,126,4,3,0.1709633649932157,0.0053763440860215,0.0040322580645161
12892,LAX,12441,JAC,648,641,129,2,5,0.2012480499219968,0.0030864197530864,0.007716049382716
12892,LAX,12478,JFK,10265,10110,1935,100,55,0.1913946587537092,0.0097418412079883,0.0053580126643935
12892,LAX,12758,KOA,1590,1580,221,6,4,0.1398734177215189,0.0037735849056603,0.0025157232704402
12892,LAX,12889,LAS,8741,8692,1904,49,0,0.2190520018407731,0.0056057659306715,0.0
12892,LAX,12982,LIH,1464,1458,186,4,2,0.1275720164609053,0.0027322404371584,0.0013661202185792
12892,LAX,12992,LIT,24,24,5,0,0,0.2083333333333333,0.0,0.0
12892,LAX,13029,LNK,1,1,0,0,0,0.0,0.0,0.0
12892,LAX,13198,MCI,1134,1117,156,11,6,0.1396598030438675,0.009700176366843,0.0052910052910052
12892,LAX,13204,MCO,3159,3139,650,6,14,0.2070723160242115,0.0018993352326685,0.0044317822095599
12892,LAX,13230,MDT,1,1,0,0,0,0.0,0.0,0.0
12892,LAX,13232,MDW,1367,1353,197,5,9,0.1456023651145602,0.0036576444769568,0.0065837600585223
12892,LAX,13244,MEM,274,271,65,2,1,0.2398523985239852,0.0072992700729927,0.0036496350364963
12892,LAX,13256,MFE,36,36,4,0,0,0.1111111111111111,0.0,0.0
12892,LAX,13264,MFR,11,11,1,0,0,0.0909090909090909,0.0,0.0
12892,LAX,13303,MIA,3204,3187,681,4,13,0.2136805773454659,0.0012484394506866,0.0040574282147315
12892,LAX,13342,MKE,34,34,5,0,0,0.1470588235294117,0.0,0.0
12892,LAX,13476,MRY,879,869,77,6,4,0.0886075949367088,0.0068259385665529,0.0045506257110352
12892,LAX,13485,MSN,2,2,1,0,0,0.5,0.0,0.0
12892,LAX,13486,MSO,89,89,10,0,0,0.1123595505617977,0.0,0.0
12892,LAX,13487,MSP,2215,2203,327,10,2,0.1484339536995007,0.0045146726862302,0.000902934537246
12892,LAX,13495,MSY,1801,1773,292,20,8,0.164692611393119,0.011104941699056,0.0044419766796224
12892,LAX,13502,MTJ,37,37,7,0,0,0.1891891891891892,0.0,0.0
12892,LAX,13796,OAK,2239,2222,296,17,0,0.1332133213321332,0.0075926753014738,0.0
12892,LAX,13830,OGG,1885,1874,235,5,6,0.1254002134471718,0.0026525198938992,0.003183023872679
12892,LAX,13851,OKC,849,843,90,3,3,0.1067615658362989,0.0035335689045936,0.0035335689045936
12892,LAX,13871,OMA,465,462,59,2,1,0.1277056277056277,0.0043010752688172,0.0021505376344086
12892,LAX,13930,ORD,7084,6971,1379,90,23,0.1978195380863577,0.01270468661773,0.0032467532467532
12892,LAX,14027,PBI,186,185,34,0,1,0.1837837837837838,0.0,0.0053763440860215
12892,LAX,14057,PDX,4605,4562,593,41,2,0.1299868478737396,0.0089033659066232,0.0004343105320304
12892,LAX,14100,PHL,2521,2483,523,30,8,0.2106322996375352,0.0119000396667988,0.0031733439111463
12892,LAX,14107,PHX,7645,7586,1263,54,5,0.1664909042973899,0.0070634401569653,0.000654022236756
12892,LAX,14122,PIT,259,259,55,0,0,0.2123552123552123,0.0,0.0
12892,LAX,14237,PRC,364,356,83,6,2,0.2331460674157303,0.0164835164835164,0.0054945054945054
12892,LAX,14252,PSC,366,364,53,1,1,0.1456043956043956,0.0027322404371584,0.0027322404371584
12892,LAX,14262,PSP,352,352,44,0,0,0.125,0.0,0.0
12892,LAX,14457,RAP,1,1,0,0,0,0.0,0.0,0.0
12892,LAX,14487,RDD,332,332,30,0,0,0.0903614457831325,0.0,0.0
12892,LAX,14489,RDM,364,363,30,0,1,0.0826446280991735,0.0,0.0027472527472527
12892,LAX,14492,RDU,774,771,153,2,1,0.1984435797665369,0.0025839793281653,0.0012919896640826
12892,LAX,14570,RNO,2629,2597,318,22,10,0.1224489795918367,0.00836820083682,0.0038037276531
12892,LAX,14635,RSW,21,21,5,0,0,0.238095238095238,0.0,0.0
12892,LAX,14674,SAF,87,87,24,0,0,0.2758620689655172,0.0,0.0
12892,LAX,14679,SAN,2380,2359,307,21,0,0.1301398897838067,0.0088235294117647,0.0
12892,LAX,14683,SAT,2062,2049,310,10,3,0.1512933138116154,0.0048496605237633,0.001454898157129
12892,LAX,14689,SBA,673,658,85,8,7,0.1291793313069908,0.0118870728083209,0.0104011887072808
12892,LAX,14696,SBN,1,1,1,0,0,1.0,0.0,0.0
12892,LAX,14698,SBP,663,654,85,3,6,0.1299694189602446,0.004524886877828,0.0090497737556561
12892,LAX,14730,SDF,120,118,15,2,0,0.1271186440677966,0.0166666666666666,0.0
12892,LAX,14747,SEA,7396,7318,1101,71,7,0.1504509428805684,0.0095997836668469,0.0009464575446187
12892,LAX,14771,SFO,10840,10787,2861,46,7,0.2652266617224437,0.0042435424354243,0.0006457564575645
12892,LAX,14783,SGF,55,55,7,0,0,0.1272727272727272,0.0,0.0
12892,LAX,14794,SGU,363,363,47,0,0,0.1294765840220385,0.0,0.0
12892,LAX,14831,SJC,4892,4878,549,13,1,0.1125461254612546,0.0026573998364677,0.0002044153720359
12892,LAX,14869,SLC,4138,4126,431,11,1,0.1044595249636451,0.0026582890285161,0.000241662638956
12892,LAX,14893,SMF,5596,5573,710,19,4,0.1273999641126861,0.0033952823445318,0.0007147962830593
12892,LAX,15016,STL,1017,1008,193,9,0,0.1914682539682539,0.0088495575221238,0.0
12892,LAX,15023,STS,703,679,104,16,8,0.1531664212076583,0.0227596017069701,0.011379800853485
12892,LAX,15041,SUN,318,314,28,1,3,0.0891719745222929,0.0031446540880503,0.0094339622641509
12892,LAX,15304,TPA,1031,1024,173,4,3,0.1689453125,0.0038797284190106,0.002909796314258
12892,LAX,15370,TUL,436,436,60,0,0,0.1376146788990825,0.0,0.0
12892,LAX,15376,TUS,2648,2635,494,12,1,0.1874762808349146,0.0045317220543806,0.0003776435045317
12892,LAX,15919,XNA,414,412,71,1,1,0.1723300970873786,0.002415458937198,0.002415458937198
12896,LBB,10423,AUS,322,321,27,0,1,0.0841121495327102,0.0,0.0031055900621118
12896,LBB,11259,DAL,1614,1585,228,23,6,0.1438485804416403,0.0142503097893432,0.0037174721189591
12896,LBB,11292,DEN,952,928,294,12,12,0.3168103448275862,0.0126050420168067,0.0126050420168067
12896,LBB,11298,DFW,2707,2626,536,73,8,0.2041127189642041,0.0269671222755818,0.0029553010712966
12896,LBB,11697,FLL,1,1,0,0,0,0.0,0.0,0.0
12896,LBB,12191,HOU,83,83,13,0,0,0.1566265060240964,0.0,0.0
12896,LBB,12266,IAH,160,157,58,3,0,0.3694267515923566,0.01875,0.0
12896,LBB,12889,LAS,365,361,66,2,2,0.1828254847645429,0.0054794520547945,0.0054794520547945
12896,LBB,13303,MIA,6,6,0,0,0,0.0,0.0,0.0
12896,LBB,14107,PHX,365,364,32,0,1,0.0879120879120879,0.0,0.0027397260273972
12896,LBB,14869,SLC,1,1,0,0,0,0.0,0.0,0.0
12898,LBE,11697,FLL,51,51,9,0,0,0.1764705882352941,0.0,0.0
12898,LBE,13204,MCO,288,280,64,6,2,0.2285714285714285,0.0208333333333333,0.0069444444444444
12898,LBE,13577,MYR,153,152,24,1,0,0.1578947368421052,0.0065359477124183,0.0
12899,LBF,11292,DEN,626,609,150,15,2,0.2463054187192118,0.023961661341853,0.0031948881789137
12902,LBL,11292,DEN,627,611,155,16,0,0.2536824877250409,0.0255183413078149,0.0
12915,LCH,11298,DFW,1088,1033,263,54,1,0.2545982575024201,0.0496323529411764,0.0009191176470588
12915,LCH,12266,IAH,98,96,18,2,0,0.1875,0.0204081632653061,0.0
12917,LCK,10994,CHS,24,22,12,1,1,0.5454545454545454,0.0416666666666666,0.0416666666666666
12917,LCK,11697,FLL,88,88,26,0,0,0.2954545454545454,0.0,0.0
12917,LCK,13577,MYR,111,109,40,1,1,0.3669724770642202,0.009009009009009,0.009009009009009
12917,LCK,14082,PGD,192,192,65,0,0,0.3385416666666667,0.0,0.0
12917,LCK,14112,PIE,183,182,71,1,0,0.3901098901098901,0.0054644808743169,0.0
12917,LCK,14685,SAV,145,141,22,2,2,0.1560283687943262,0.0137931034482758,0.0137931034482758
12917,LCK,14761,SFB,171,170,76,0,1,0.4470588235294118,0.0,0.0058479532163742
12917,LCK,14986,SRQ,130,130,16,0,0,0.123076923076923,0.0,0.0
12917,LCK,15624,VPS,126,125,32,1,0,0.256,0.0079365079365079,0.0
12945,LEX,10397,ATL,2082,2048,265,31,3,0.12939453125,0.0148895292987512,0.0014409221902017
12945,LEX,10423,AUS,2,2,0,0,0,0.0,0.0,0.0
12945,LEX,11057,CLT,1718,1660,387,56,2,0.2331325301204819,0.0325960419091967,0.0011641443538998
12945,LEX,11278,DCA,303,297,25,6,0,0.0841750841750841,0.0198019801980198,0.0
12945,LEX,11292,DEN,365,364,80,1,0,0.2197802197802197,0.0027397260273972,0.0
12945,LEX,11298,DFW,1218,1182,242,28,8,0.2047377326565143,0.0229885057471264,0.0065681444991789
12945,LEX,11433,DTW,801,791,110,8,2,0.1390644753476612,0.0099875156054931,0.0024968789013732
12945,LEX,11697,FLL,130,128,63,0,2,0.4921875,0.0,0.0153846153846153
12945,LEX,12889,LAS,93,92,30,1,0,0.3260869565217391,0.010752688172043,0.0
12945,LEX,12953,LGA,1,1,0,0,0,0.0,0.0,0.0
12945,LEX,13303,MIA,15,15,2,0,0,0.1333333333333333,0.0,0.0
12945,LEX,13577,MYR,24,24,2,0,0,0.0833333333333333,0.0,0.0
12945,LEX,13930,ORD,1598,1566,476,31,1,0.3039591315453384,0.0193992490613266,0.0006257822277847
12945,LEX,14082,PGD,179,177,56,2,0,0.3163841807909605,0.0111731843575419,0.0
12945,LEX,14100,PHL,327,302,75,25,0,0.2483443708609271,0.0764525993883792,0.0
12945,LEX,14112,PIE,194,192,83,1,1,0.4322916666666667,0.0051546391752577,0.0051546391752577
12945,LEX,14761,SFB,224,220,135,3,1,0.6136363636363636,0.0133928571428571,0.0044642857142857
12945,LEX,14986,SRQ,64,64,11,0,0,0.171875,0.0,0.0
12945,LEX,15624,VPS,35,35,15,0,0,0.4285714285714285,0.0,0.0
12951,LFT,10397,ATL,230,221,61,6,3,0.2760180995475113,0.0260869565217391,0.0130434782608695
12951,LFT,11057,CLT,365,353,39,12,0,0.1104815864022662,0.0328767123287671,0.0
12951,LFT,11298,DFW,1776,1702,468,69,5,0.2749706227967097,0.0388513513513513,0.0028153153153153
12951,LFT,12266,IAH,303,299,58,4,0,0.1939799331103679,0.0132013201320132,0.0
12953,LGA,10154,ACK,407,397,65,8,2,0.163727959697733,0.0196560196560196,0.0049140049140049
12953,LGA,10208,AGS,16,16,2,0,0,0.125,0.0,0.0
12953,LGA,10397,ATL,7746,7544,1884,181,21,0.2497348886532343,0.0233668990446682,0.0027110766847405
12953,LGA,10431,AVL,439,429,77,9,1,0.1794871794871795,0.020501138952164,0.0022779043280182
12953,LGA,10581,BGR,221,218,33,2,1,0.1513761467889908,0.0090497737556561,0.004524886877828
12953,LGA,10693,BNA,3914,3767,1018,129,18,0.2702415715423414,0.0329586101175268,0.0045988758303525
12953,LGA,10721,BOS,7037,6783,1695,248,6,0.2498894294559929,0.0352422907488986,0.0008526360665056
12953,LGA,10785,BTV,49,46,7,3,0,0.1521739130434782,0.0612244897959183,0.0
12953,LGA,10792,BUF,1809,1719,431,86,4,0.2507271669575334,0.0475400773908236,0.0022111663902708
12953,LGA,10849,BZN,15,14,2,1,0,0.1428571428571428,0.0666666666666666,0.0
12953,LGA,10868,CAE,480,466,124,13,1,0.2660944206008583,0.0270833333333333,0.0020833333333333
12953,LGA,10990,CHO,347,342,75,5,0,0.219298245614035,0.0144092219020172,0.0
12953,LGA,10994,CHS,1128,1083,319,41,4,0.2945521698984303,0.0363475177304964,0.0035460992907801
12953,LGA,11042,CLE,1989,1907,501,78,4,0.2627163083377032,0.0392156862745098,0.0020110608345902
12953,LGA,11057,CLT,4868,4738,1028,126,4,0.2169691853102575,0.0258833196384552,0.000821692686935
12953,LGA,11066,CMH,3197,3106,698,85,6,0.2247263361236317,0.0265874257116046,0.0018767594619956
12953,LGA,11193,CVG,858,821,218,37,0,0.2655298416565164,0.0431235431235431,0.0
12953,LGA,11252,DAB,1,1,0,0,0,0.0,0.0,0.0
12953,LGA,11259,DAL,1417,1377,369,31,9,0.2679738562091503,0.0218772053634438,0.0063514467184191
12953,LGA,11267,DAY,198,184,41,14,0,0.2228260869565217,0.0707070707070707,0.0
12953,LGA,11278,DCA,4629,4412,1223,212,5,0.2771985494106981,0.045798228559084,0.0010801468999783
12953,LGA,11292,DEN,4573,4455,1280,84,34,0.287317620650954,0.0183686857642685,0.0074349442379182
12953,LGA,11298,DFW,6938,6649,2020,232,57,0.3038050834711986,0.0334390314211588,0.008215624099164
12953,LGA,11423,DSM,303,288,97,14,1,0.3368055555555556,0.0462046204620462,0.0033003300330033
12953,LGA,11433,DTW,3946,3838,877,106,2,0.2285044293903074,0.0268626457171819,0.0005068423720223
12953,LGA,11624,EYW,321,311,75,6,4,0.2411575562700964,0.0186915887850467,0.0124610591900311
12953,LGA,11648,FCA,13,13,2,0,0,0.1538461538461538,0.0,0.0
12953,LGA,11697,FLL,4176,4047,1138,116,13,0.2811959476155177,0.0277777777777777,0.0031130268199233
12953,LGA,11977,GRB,2,2,1,0,0,0.5,0.0,0.0
12953,LGA,11986,GRR,847,814,186,33,0,0.2285012285012285,0.0389610389610389,0.0
12953,LGA,11995,GSO,1911,1824,436,86,1,0.2390350877192982,0.0450026164311878,0.0005232862375719
12953,LGA,11996,GSP,947,885,229,62,0,0.2587570621468926,0.0654699049630411,0.0
12953,LGA,12124,HHH,195,194,10,1,0,0.0515463917525773,0.0051282051282051,0.0
12953,LGA,12191,HOU,1359,1329,368,25,5,0.2768999247554552,0.0183958793230316,0.0036791758646063
12953,LGA,12250,HYA,76,76,4,0,0,0.0526315789473684,0.0,0.0
12953,LGA,12264,IAD,757,713,196,44,0,0.2748948106591865,0.0581241743725231,0.0
12953,LGA,12266,IAH,4301,4203,1000,80,18,0.237925291458482,0.0186003255056963,0.0041850732387816
12953,LGA,12323,ILM,990,935,265,54,1,0.2834224598930481,0.0545454545454545,0.001010101010101
12953,LGA,12339,IND,2451,2361,595,88,2,0.2520118593816179,0.0359037127702978,0.0008159934720522
12953,LGA,12451,JAX,269,261,74,8,0,0.2835249042145594,0.0297397769516728,0.0
12953,LGA,12992,LIT,312,291,100,20,1,0.3436426116838488,0.0641025641025641,0.0032051282051282
12953,LGA,13198,MCI,1681,1628,501,49,4,0.3077395577395577,0.0291493158834027,0.0023795359904818
12953,LGA,13204,MCO,5288,5144,1549,113,31,0.3011275272161742,0.0213691376701966,0.0058623298033282
12953,LGA,13232,MDW,2354,2276,588,67,11,0.2583479789103691,0.0284621920135938,0.0046728971962616
12953,LGA,13244,MEM,1005,957,224,46,2,0.2340647857889237,0.0457711442786069,0.0019900497512437
12953,LGA,13303,MIA,6073,5914,1702,136,23,0.2877916807575245,0.0223942038531203,0.0037872550633953
12953,LGA,13342,MKE,643,622,115,21,0,0.1848874598070739,0.0326594090202177,0.0
12953,LGA,13485,MSN,675,643,179,32,0,0.2783825816485225,0.0474074074074074,0.0
12953,LGA,13487,MSP,2126,2096,387,28,2,0.1846374045801526,0.0131702728127939,0.0009407337723424
12953,LGA,13495,MSY,1475,1440,429,31,4,0.2979166666666666,0.0210169491525423,0.0027118644067796
12953,LGA,13541,MVY,316,313,34,2,1,0.108626198083067,0.0063291139240506,0.0031645569620253
12953,LGA,13577,MYR,675,661,142,13,1,0.2148260211800302,0.0192592592592592,0.0014814814814814
12953,LGA,13851,OKC,1014,923,290,59,32,0.314192849404117,0.0581854043392504,0.0315581854043392
12953,LGA,13871,OMA,432,409,98,21,2,0.2396088019559902,0.0486111111111111,0.0046296296296296
12953,LGA,13930,ORD,11545,11206,3379,313,26,0.301534892022131,0.0271113035946297,0.002252057167605
12953,LGA,13931,ORF,1428,1349,325,78,1,0.2409191994069681,0.0546218487394958,0.0007002801120448
12953,LGA,14027,PBI,3021,2938,926,72,11,0.3151803948264125,0.0238331678252234,0.0036411784177424
12953,LGA,14100,PHL,271,268,63,3,0,0.2350746268656716,0.011070110701107,0.0
12953,LGA,14122,PIT,2992,2902,646,90,0,0.222605099931082,0.0300802139037433,0.0
12953,LGA,14321,PWM,1053,1011,229,40,2,0.2265084075173096,0.0379867046533713,0.0018993352326685
12953,LGA,14492,RDU,2804,2696,734,105,3,0.2722551928783382,0.0374465049928673,0.0010699001426533
12953,LGA,14524,RIC,1804,1712,423,91,1,0.2470794392523364,0.0504434589800443,0.0005543237250554
12953,LGA,14574,ROA,327,312,94,13,2,0.3012820512820512,0.0397553516819571,0.0061162079510703
12953,LGA,14576,ROC,171,170,37,1,0,0.2176470588235294,0.0058479532163742,0.0
12953,LGA,14635,RSW,900,882,260,17,1,0.2947845804988662,0.0188888888888888,0.0011111111111111
12953,LGA,14685,SAV,661,627,182,34,0,0.2902711323763955,0.0514372163388804,0.0
12953,LGA,14696,SBN,14,14,2,0,0,0.1428571428571428,0.0,0.0
12953,LGA,14730,SDF,1363,1325,271,33,5,0.2045283018867924,0.0242112986060161,0.0036683785766691
12953,LGA,14843,SJU,2,1,1,1,0,1.0,0.5,0.0
12953,LGA,14869,SLC,19,19,6,0,0,0.3157894736842105,0.0,0.0
12953,LGA,14986,SRQ,680,663,151,16,1,0.2277526395173454,0.0235294117647058,0.0014705882352941
12953,LGA,15016,STL,2590,2510,612,77,3,0.2438247011952191,0.0297297297297297,0.0011583011583011
12953,LGA,15096,SYR,221,214,31,6,1,0.1448598130841121,0.0271493212669683,0.004524886877828
12953,LGA,15304,TPA,2761,2693,845,53,15,0.3137764574823616,0.0191959434987323,0.0054328141977544
12953,LGA,15370,TUL,428,395,133,26,7,0.3367088607594937,0.0607476635514018,0.0163551401869158
12953,LGA,15380,TVC,40,39,3,1,0,0.0769230769230769,0.025,0.0
12953,LGA,15412,TYS,674,642,134,32,0,0.2087227414330218,0.0474777448071216,0.0
12953,LGA,15919,XNA,747,704,200,35,8,0.2840909090909091,0.0468540829986613,0.0107095046854083
12954,LGB,10140,ABQ,269,267,38,0,2,0.1423220973782771,0.0,0.0074349442379182
12954,LGB,10423,AUS,535,534,88,0,1,0.1647940074906367,0.0,0.0018691588785046
12954,LGB,10693,BNA,371,370,46,1,0,0.1243243243243243,0.0026954177897574,0.0
12954,LGB,10821,BWI,181,180,26,1,0,0.1444444444444444,0.005524861878453,0.0
12954,LGB,11259,DAL,684,675,88,4,5,0.1303703703703703,0.0058479532163742,0.0073099415204678
12954,LGB,11292,DEN,1017,1010,200,6,1,0.198019801980198,0.0058997050147492,0.0009832841691248
12954,LGB,11540,ELP,173,170,29,1,2,0.1705882352941176,0.0057803468208092,0.0115606936416184
12954,LGB,12173,HNL,730,725,65,3,2,0.0896551724137931,0.0041095890410958,0.0027397260273972
12954,LGB,12191,HOU,551,543,72,2,6,0.1325966850828729,0.0036297640653357,0.0108892921960072
12954,LGB,12889,LAS,2306,2293,437,13,0,0.1905800261665939,0.0056374674761491,0.0
12954,LGB,13198,MCI,13,11,3,1,1,0.2727272727272727,0.0769230769230769,0.0769230769230769
12954,LGB,13204,MCO,14,14,3,0,0,0.2142857142857142,0.0,0.0
12954,LGB,13232,MDW,351,347,32,2,2,0.0922190201729106,0.0056980056980056,0.0056980056980056
12954,LGB,13495,MSY,17,17,8,0,0,0.4705882352941176,0.0,0.0
12954,LGB,13796,OAK,1752,1746,172,6,0,0.0985108820160366,0.0034246575342465,0.0
12954,LGB,13830,OGG,370,368,16,2,0,0.0434782608695652,0.0054054054054054,0.0
12954,LGB,14107,PHX,1576,1564,248,11,1,0.1585677749360614,0.006979695431472,0.0006345177664974
12954,LGB,14570,RNO,741,733,123,6,2,0.1678035470668485,0.0080971659919028,0.0026990553306342
12954,LGB,14831,SJC,1234,1228,147,6,0,0.1197068403908794,0.0048622366288492,0.0
12954,LGB,14869,SLC,1552,1548,174,3,1,0.1124031007751938,0.0019329896907216,0.0006443298969072
12954,LGB,14893,SMF,1991,1981,234,10,0,0.1181221605249873,0.0050226017076845,0.0
12954,LGB,15016,STL,296,295,27,1,0,0.0915254237288135,0.0033783783783783,0.0
12982,LIH,11292,DEN,379,370,17,8,1,0.0459459459459459,0.021108179419525,0.0026385224274406
12982,LIH,12173,HNL,8082,8000,1002,82,0,0.12525,0.0101460034644889,0.0
12982,LIH,12758,KOA,365,364,69,1,0,0.1895604395604395,0.0027397260273972,0.0
12982,LIH,12889,LAS,365,361,22,1,3,0.0609418282548476,0.0027397260273972,0.0082191780821917
12982,LIH,12892,LAX,1464,1450,253,11,3,0.1744827586206896,0.0075136612021857,0.0020491803278688
12982,LIH,13796,OAK,696,691,100,3,2,0.1447178002894356,0.0043103448275862,0.0028735632183908
12982,LIH,13830,OGG,1459,1450,184,5,4,0.1268965517241379,0.0034270047978067,0.0027416038382453
12982,LIH,14057,PDX,120,117,16,2,1,0.1367521367521367,0.0166666666666666,0.0083333333333333
12982,LIH,14107,PHX,385,382,28,2,1,0.0732984293193717,0.0051948051948051,0.0025974025974025
12982,LIH,14679,SAN,222,215,67,7,0,0.3116279069767442,0.0315315315315315,0.0
12982,LIH,14747,SEA,1094,1068,162,24,2,0.1516853932584269,0.0219378427787934,0.0018281535648994
12982,LIH,14771,SFO,674,669,73,5,0,0.109118086696562,0.0074183976261127,0.0
12982,LIH,14831,SJC,151,150,47,0,1,0.3133333333333333,0.0,0.0066225165562913
12982,LIH,14893,SMF,208,206,59,1,1,0.2864077669902912,0.0048076923076923,0.0048076923076923
12992,LIT,10397,ATL,2262,2233,312,25,4,0.1397223466188983,0.01105216622458,0.0017683465959328
12992,LIT,11057,CLT,1253,1209,263,44,0,0.2175351530190239,0.0351157222665602,0.0
12992,LIT,11259,DAL,1022,1008,156,13,1,0.1547619047619047,0.0127201565557729,0.0009784735812133
12992,LIT,11278,DCA,363,358,25,5,0,0.0698324022346368,0.0137741046831955,0.0
12992,LIT,11292,DEN,1545,1521,429,13,11,0.282051282051282,0.0084142394822006,0.0071197411003236
12992,LIT,11298,DFW,2808,2693,820,108,7,0.3044931303379131,0.0384615384615384,0.0024928774928774
12992,LIT,12191,HOU,24,24,5,0,0,0.2083333333333333,0.0,0.0
12992,LIT,12266,IAH,524,511,152,13,0,0.2974559686888454,0.0248091603053435,0.0
12992,LIT,12889,LAS,360,360,65,0,0,0.1805555555555555,0.0,0.0
12992,LIT,12892,LAX,24,24,14,0,0,0.5833333333333334,0.0,0.0
12992,LIT,12953,LGA,312,304,58,8,0,0.1907894736842105,0.0256410256410256,0.0
12992,LIT,13303,MIA,52,52,11,0,0,0.2115384615384615,0.0,0.0
12992,LIT,13930,ORD,1229,1203,369,24,2,0.3067331670822942,0.0195280716029292,0.0016273393002441
12992,LIT,14107,PHX,98,98,15,0,0,0.1530612244897959,0.0,0.0
12992,LIT,14112,PIE,24,24,16,0,0,0.6666666666666666,0.0,0.0
12992,LIT,14761,SFB,63,63,39,0,0,0.6190476190476191,0.0,0.0
12992,LIT,14869,SLC,114,113,5,1,0,0.0442477876106194,0.0087719298245614,0.0
12992,LIT,15016,STL,678,673,92,5,0,0.1367013372956909,0.0073746312684365,0.0
12992,LIT,15624,VPS,27,27,6,0,0,0.2222222222222222,0.0,0.0
13029,LNK,11292,DEN,1601,1567,400,23,11,0.2552648372686662,0.014366021236727,0.0068707058088694
13029,LNK,11433,DTW,1,1,0,0,0,0.0,0.0,0.0
13029,LNK,12892,LAX,1,1,1,0,0,1.0,0.0,0.0
13029,LNK,13930,ORD,1262,1235,300,23,4,0.242914979757085,0.0182250396196513,0.0031695721077654
13061,LRD,11298,DFW,1665,1594,303,67,4,0.1900878293601003,0.0402402402402402,0.0024024024024024
13061,LRD,12889,LAS,111,109,34,2,0,0.3119266055045872,0.018018018018018,0.0
13076,LSE,13930,ORD,891,867,167,24,0,0.1926182237600922,0.0269360269360269,0.0
13127,LWS,11292,DEN,32,32,9,0,0,0.28125,0.0,0.0
13127,LWS,14747,SEA,364,360,34,2,2,0.0944444444444444,0.0054945054945054,0.0054945054945054
13127,LWS,14869,SLC,365,365,21,0,0,0.0575342465753424,0.0,0.0
13158,MAF,10423,AUS,1063,1053,190,7,3,0.1804368471035137,0.0065851364063969,0.0028222013170272
13158,MAF,11259,DAL,1376,1354,169,20,2,0.1248153618906942,0.0145348837209302,0.001453488372093
13158,MAF,11292,DEN,1470,1440,353,13,17,0.2451388888888888,0.0088435374149659,0.0115646258503401
13158,MAF,11298,DFW,2973,2892,571,76,5,0.1974412171507607,0.0255634039690548,0.0016818028927009
13158,MAF,12191,HOU,1340,1324,194,13,3,0.1465256797583081,0.0097014925373134,0.0022388059701492
13158,MAF,12266,IAH,928,913,149,11,4,0.1631982475355969,0.011853448275862,0.0043103448275862
13158,MAF,12889,LAS,365,363,54,2,0,0.1487603305785124,0.0054794520547945,0.0
13158,MAF,14107,PHX,366,364,52,2,0,0.1428571428571428,0.0054644808743169,0.0
13184,MBS,11433,DTW,1235,1220,229,15,0,0.1877049180327868,0.0121457489878542,0.0
13184,MBS,13930,ORD,1070,1044,304,24,2,0.2911877394636015,0.022429906542056,0.0018691588785046
13198,MCI,10140,ABQ,347,343,48,3,1,0.1399416909620991,0.0086455331412103,0.0028818443804034
13198,MCI,10397,ATL,3293,3242,428,41,10,0.1320172732880937,0.0124506529000911,0.0030367446097783
13198,MCI,10423,AUS,866,857,169,8,1,0.1971995332555426,0.0092378752886836,0.0011547344110854
13198,MCI,10693,BNA,1376,1358,230,12,6,0.1693667157584683,0.0087209302325581,0.004360465116279
13198,MCI,10721,BOS,591,575,148,15,1,0.2573913043478261,0.0253807106598984,0.0016920473773265
13198,MCI,10792,BUF,1,1,0,0,0,0.0,0.0,0.0
13198,MCI,10800,BUR,205,204,48,1,0,0.2352941176470588,0.0048780487804878,0.0
13198,MCI,10821,BWI,812,789,152,17,6,0.1926489226869455,0.020935960591133,0.0073891625615763
13198,MCI,10994,CHS,9,9,0,0,0,0.0,0.0,0.0
13198,MCI,11057,CLT,1323,1296,278,26,1,0.2145061728395061,0.019652305366591,0.000755857898715
13198,MCI,11066,CMH,29,29,6,0,0,0.2068965517241379,0.0,0.0
13198,MCI,11259,DAL,2032,1989,385,40,3,0.1935646053293112,0.0196850393700787,0.0014763779527559
13198,MCI,11278,DCA,1866,1792,448,62,12,0.25,0.0332261521972132,0.0064308681672025
13198,MCI,11292,DEN,4169,4114,1141,43,12,0.277345649003403,0.0103142240345406,0.0028783881026625
13198,MCI,11298,DFW,2594,2488,750,100,6,0.3014469453376205,0.038550501156515,0.0023130300693909
13198,MCI,11433,DTW,1367,1351,160,12,4,0.1184307920059215,0.0087783467446964,0.0029261155815654
13198,MCI,11481,ECP,97,97,21,0,0,0.2164948453608247,0.0,0.0
13198,MCI,11618,EWR,387,371,77,14,2,0.2075471698113207,0.0361757105943152,0.0051679586563307
13198,MCI,11697,FLL,574,565,139,6,3,0.2460176991150442,0.0104529616724738,0.0052264808362369
13198,MCI,12191,HOU,996,979,194,14,3,0.1981613891726251,0.0140562248995983,0.003012048192771
13198,MCI,12264,IAD,7,7,1,0,0,0.1428571428571428,0.0,0.0
13198,MCI,12266,IAH,429,420,66,9,0,0.1571428571428571,0.0209790209790209,0.0
13198,MCI,12339,IND,348,347,89,1,0,0.2564841498559078,0.0028735632183908,0.0
13198,MCI,12451,JAX,12,12,2,0,0,0.1666666666666666,0.0,0.0
13198,MCI,12478,JFK,63,59,13,4,0,0.2203389830508474,0.0634920634920634,0.0
13198,MCI,12889,LAS,1952,1932,343,16,4,0.1775362318840579,0.0081967213114754,0.0020491803278688
13198,MCI,12892,LAX,1136,1123,200,12,1,0.1780943900267141,0.0105633802816901,0.0008802816901408
13198,MCI,12953,LGA,1681,1621,376,47,13,0.2319555829734731,0.0279595478881618,0.007733491969066
13198,MCI,12954,LGB,13,12,5,1,0,0.4166666666666667,0.0769230769230769,0.0
13198,MCI,13204,MCO,1569,1549,288,16,4,0.1859264041316978,0.0101975780752071,0.0025493945188017
13198,MCI,13232,MDW,2114,2079,399,33,2,0.1919191919191919,0.0156102175969725,0.0009460737937559
13198,MCI,13303,MIA,631,617,109,10,4,0.1766612641815235,0.0158478605388272,0.0063391442155309
13198,MCI,13342,MKE,347,343,75,4,0,0.2186588921282798,0.0115273775216138,0.0
13198,MCI,13487,MSP,1086,1069,190,15,2,0.1777362020579981,0.0138121546961325,0.001841620626151
13198,MCI,13495,MSY,410,404,96,5,1,0.2376237623762376,0.0121951219512195,0.0024390243902439
13198,MCI,13577,MYR,9,9,0,0,0,0.0,0.0,0.0
13198,MCI,13796,OAK,355,350,110,3,2,0.3142857142857143,0.0084507042253521,0.0056338028169014
13198,MCI,13930,ORD,3789,3708,850,79,2,0.2292340884573894,0.0208498284507785,0.0005278437582475
13198,MCI,14057,PDX,160,159,24,1,0,0.1509433962264151,0.00625,0.0
13198,MCI,14082,PGD,98,97,26,0,1,0.268041237113402,0.0,0.010204081632653
13198,MCI,14100,PHL,767,734,190,28,5,0.2588555858310626,0.0365058670143415,0.0065189048239895
13198,MCI,14107,PHX,2445,2416,482,26,3,0.1995033112582781,0.0106339468302658,0.0012269938650306
13198,MCI,14112,PIE,81,80,36,1,0,0.45,0.0123456790123456,0.0
13198,MCI,14193,PNS,183,183,26,0,0,0.1420765027322404,0.0,0.0
13198,MCI,14492,RDU,63,63,22,0,0,0.3492063492063492,0.0,0.0
13198,MCI,14635,RSW,253,250,59,3,0,0.236,0.0118577075098814,0.0
13198,MCI,14679,SAN,406,405,90,1,0,0.2222222222222222,0.0024630541871921,0.0
13198,MCI,14683,SAT,288,286,75,2,0,0.2622377622377622,0.0069444444444444,0.0
13198,MCI,14747,SEA,1134,1112,217,19,3,0.1951438848920863,0.0167548500881834,0.0026455026455026
13198,MCI,14771,SFO,371,365,63,5,1,0.1726027397260274,0.013477088948787,0.0026954177897574
13198,MCI,14869,SLC,1011,999,135,11,1,0.1351351351351351,0.0108803165182987,0.0009891196834817
13198,MCI,14893,SMF,296,293,80,2,1,0.273037542662116,0.0067567567567567,0.0033783783783783
13198,MCI,14986,SRQ,16,16,4,0,0,0.25,0.0,0.0
13198,MCI,15016,STL,1012,1002,133,9,1,0.1327345309381237,0.008893280632411,0.0009881422924901
13198,MCI,15304,TPA,653,648,146,5,0,0.2253086419753086,0.007656967840735,0.0
13198,MCI,15624,VPS,81,81,25,0,0,0.3086419753086419,0.0,0.0
13198,MCI,16422,GUF,25,25,10,0,0,0.4,0.0,0.0
13204,MCO,10135,ABE,113,111,47,2,0,0.4234234234234234,0.0176991150442477,0.0
13204,MCO,10140,ABQ,45,45,7,0,0,0.1555555555555555,0.0,0.0
13204,MCO,10158,ACY,783,776,165,7,0,0.2126288659793814,0.0089399744572158,0.0
13204,MCO,10257,ALB,1112,1102,262,7,3,0.2377495462794918,0.0062949640287769,0.0026978417266187
13204,MCO,10397,ATL,8140,8036,2116,90,14,0.2633150821304131,0.011056511056511,0.0017199017199017
13204,MCO,10423,AUS,2566,2547,592,11,8,0.232430310168826,0.0042868277474668,0.0031176929072486
13204,MCO,10431,AVL,137,136,45,1,0,0.3308823529411764,0.0072992700729927,0.0
13204,MCO,10529,BDL,1940,1920,454,13,7,0.2364583333333333,0.006701030927835,0.0036082474226804
13204,MCO,10599,BHM,786,779,231,3,4,0.2965340179717586,0.0038167938931297,0.005089058524173
13204,MCO,10693,BNA,3305,3269,811,30,6,0.2480881003364943,0.0090771558245083,0.0018154311649016
13204,MCO,10713,BOI,33,33,4,0,0,0.1212121212121212,0.0,0.0
13204,MCO,10721,BOS,4682,4605,1230,70,7,0.2671009771986971,0.0149508756941478,0.0014950875694147
13204,MCO,10732,BQN,998,987,259,8,3,0.2624113475177305,0.0080160320641282,0.003006012024048
13204,MCO,10785,BTV,80,80,16,0,0,0.2,0.0,0.0
13204,MCO,10792,BUF,1921,1908,460,11,2,0.2410901467505241,0.0057261842790213,0.0010411244143675
13204,MCO,10821,BWI,4887,4788,1034,86,13,0.2159565580618212,0.017597708205443,0.0026601186822181
13204,MCO,10868,CAE,45,44,5,0,1,0.1136363636363636,0.0,0.0222222222222222
13204,MCO,10980,CHA,62,60,10,0,2,0.1666666666666666,0.0,0.032258064516129
13204,MCO,10994,CHS,1,1,0,0,0,0.0,0.0,0.0
13204,MCO,11042,CLE,1910,1889,381,18,3,0.2016940179989412,0.0094240837696335,0.0015706806282722
13204,MCO,11057,CLT,4833,4768,981,58,7,0.205746644295302,0.0120008276432857,0.0014483757500517
13204,MCO,11066,CMH,2270,2251,571,17,2,0.2536650377609951,0.0074889867841409,0.0008810572687224
13204,MCO,11193,CVG,1804,1789,481,13,2,0.2688652878703186,0.0072062084257206,0.0011086474501108
13204,MCO,11259,DAL,2639,2591,660,38,10,0.2547279042840602,0.0143993937097385,0.0037893141341417
13204,MCO,11278,DCA,4632,4524,1486,82,26,0.3284703801945181,0.0177029360967184,0.0056131260794473
13204,MCO,11292,DEN,4605,4563,1030,24,18,0.2257286872671488,0.0052117263843648,0.0039087947882736
13204,MCO,11298,DFW,4828,4703,1293,106,19,0.2749308951732936,0.0219552609776304,0.0039353769676884
13204,MCO,11423,DSM,36,35,8,0,1,0.2285714285714285,0.0,0.0277777777777777
13204,MCO,11433,DTW,3833,3806,944,25,2,0.2480294272201786,0.0065223062875032,0.0005217845030002
13204,MCO,11540,ELP,59,59,15,0,0,0.2542372881355932,0.0,0.0
13204,MCO,11618,EWR,6582,6416,1923,133,33,0.2997194513715711,0.0202066241264053,0.0050136736554238
13204,MCO,11637,FAR,14,13,0,1,0,0.0,0.0714285714285714,0.0
13204,MCO,11697,FLL,1269,1263,298,6,0,0.2359461599366587,0.0047281323877068,0.0
13204,MCO,11977,GRB,1,1,0,0,0,0.0,0.0,0.0
13204,MCO,11986,GRR,461,457,75,2,2,0.1641137855579868,0.0043383947939262,0.0043383947939262
13204,MCO,12191,HOU,1943,1921,419,18,4,0.2181155648099948,0.0092640247040658,0.002058672156459
13204,MCO,12197,HPN,1222,1200,294,7,15,0.245,0.0057283142389525,0.0122749590834697
13204,MCO,12264,IAD,2262,2246,465,10,6,0.2070347284060552,0.004420866489832,0.0026525198938992
13204,MCO,12266,IAH,3528,3489,748,31,8,0.2143880768128403,0.0087868480725623,0.0022675736961451
13204,MCO,12339,IND,2384,2353,539,26,5,0.2290692732681682,0.0109060402684563,0.0020973154362416
13204,MCO,12391,ISP,1498,1485,342,8,5,0.2303030303030303,0.0053404539385847,0.0033377837116154
13204,MCO,12448,JAN,19,19,8,0,0,0.4210526315789473,0.0,0.0
13204,MCO,12478,JFK,5009,4911,1352,88,10,0.2753003461616778,0.0175683769215412,0.0019964064683569
13204,MCO,12889,LAS,1605,1593,346,5,7,0.2172002510985561,0.0031152647975077,0.0043613707165109
13204,MCO,12892,LAX,3160,3149,689,6,5,0.2187996189266433,0.0018987341772151,0.0015822784810126
13204,MCO,12898,LBE,288,281,54,6,1,0.192170818505338,0.0208333333333333,0.0034722222222222
13204,MCO,12953,LGA,5293,5154,1450,114,25,0.2813348855258052,0.0215378802191573,0.0047232193463064
13204,MCO,12954,LGB,14,14,6,0,0,0.4285714285714285,0.0,0.0
13204,MCO,13198,MCI,1580,1551,401,22,7,0.2585428755641522,0.0139240506329113,0.0044303797468354
13204,MCO,13230,MDT,147,144,33,3,0,0.2291666666666666,0.0204081632653061,0.0
13204,MCO,13232,MDW,2793,2740,692,40,13,0.2525547445255474,0.0143215180809165,0.0046544933762978
13204,MCO,13244,MEM,807,798,199,6,3,0.2493734335839598,0.0074349442379182,0.0037174721189591
13204,MCO,13296,MHT,880,877,151,3,0,0.1721778791334093,0.0034090909090909,0.0
13204,MCO,13303,MIA,3926,3881,872,40,5,0.2246843597011079,0.010188487009679,0.0012735608762098
13204,MCO,13342,MKE,1460,1447,352,10,3,0.2432619212163096,0.0068493150684931,0.0020547945205479
13204,MCO,13485,MSN,15,14,2,0,1,0.1428571428571428,0.0,0.0666666666666666
13204,MCO,13487,MSP,1976,1961,404,13,2,0.2060173380928097,0.006578947368421,0.0010121457489878
13204,MCO,13495,MSY,2312,2283,527,23,6,0.2308366184844502,0.0099480968858131,0.0025951557093425
13204,MCO,13577,MYR,425,421,101,3,1,0.2399049881235154,0.0070588235294117,0.0023529411764705
13204,MCO,13851,OKC,367,363,84,3,1,0.2314049586776859,0.0081743869209809,0.0027247956403269
13204,MCO,13871,OMA,365,361,66,4,0,0.1828254847645429,0.010958904109589,0.0
13204,MCO,13930,ORD,5805,5737,1472,52,16,0.2565800941258497,0.0089577950043066,0.0027562446167097
13204,MCO,13931,ORF,807,798,148,7,2,0.1854636591478696,0.0086741016109045,0.0024783147459727
13204,MCO,13933,ORH,363,354,40,3,6,0.1129943502824858,0.0082644628099173,0.0165289256198347
13204,MCO,14027,PBI,286,285,62,1,0,0.2175438596491228,0.0034965034965034,0.0
13204,MCO,14057,PDX,389,385,127,4,0,0.3298701298701298,0.0102827763496143,0.0
13204,MCO,14100,PHL,5431,5349,1410,76,6,0.2636006730229949,0.0139937396427913,0.0011047689191677
13204,MCO,14107,PHX,1796,1783,416,4,9,0.2333146382501402,0.0022271714922048,0.005011135857461
13204,MCO,14122,PIT,2154,2149,490,5,0,0.2280130293159609,0.0023212627669452,0.0
13204,MCO,14193,PNS,360,349,88,10,1,0.2521489971346705,0.0277777777777777,0.0027777777777777
13204,MCO,14254,PSE,586,586,117,0,0,0.1996587030716723,0.0,0.0
13204,MCO,14307,PVD,1649,1638,417,7,4,0.2545787545787545,0.0042449969678593,0.0024257125530624
13204,MCO,14321,PWM,173,173,37,0,0,0.2138728323699422,0.0,0.0
13204,MCO,14492,RDU,2650,2622,598,24,4,0.2280701754385964,0.0090566037735849,0.0015094339622641
13204,MCO,14524,RIC,1150,1140,310,7,3,0.2719298245614035,0.0060869565217391,0.0026086956521739
13204,MCO,14576,ROC,602,597,114,4,1,0.1909547738693467,0.0066445182724252,0.0016611295681063
13204,MCO,14635,RSW,287,284,82,3,0,0.2887323943661972,0.0104529616724738,0.0
13204,MCO,14679,SAN,860,854,221,4,2,0.2587822014051522,0.0046511627906976,0.0023255813953488
13204,MCO,14683,SAT,1143,1138,258,4,1,0.226713532513181,0.0034995625546806,0.0008748906386701
13204,MCO,14730,SDF,901,889,209,9,3,0.2350956130483689,0.0099889012208657,0.0033296337402885
13204,MCO,14747,SEA,1844,1828,429,12,4,0.2346827133479212,0.0065075921908893,0.0021691973969631
13204,MCO,14771,SFO,1453,1445,317,7,1,0.2193771626297578,0.0048176187198898,0.0006882312456985
13204,MCO,14843,SJU,6182,6142,1448,30,10,0.2357538261152719,0.0048527984471044,0.0016175994823681
13204,MCO,14869,SLC,1510,1503,265,2,5,0.1763140385894877,0.0013245033112582,0.0033112582781456
13204,MCO,14893,SMF,275,274,86,1,0,0.3138686131386861,0.0036363636363636,0.0
13204,MCO,14986,SRQ,287,285,62,1,1,0.2175438596491228,0.0034843205574912,0.0034843205574912
13204,MCO,15016,STL,2393,2363,563,21,9,0.2382564536606009,0.0087755954868366,0.0037609694943585
13204,MCO,15024,STT,420,415,70,1,4,0.1686746987951807,0.0023809523809523,0.0095238095238095
13204,MCO,15096,SYR,775,770,153,4,1,0.1987012987012987,0.0051612903225806,0.0012903225806451
13204,MCO,15356,TTN,573,551,167,13,9,0.3030852994555354,0.0226876090750436,0.0157068062827225
13204,MCO,15370,TUL,122,121,28,1,0,0.2314049586776859,0.0081967213114754,0.0
13204,MCO,15412,TYS,132,132,41,0,0,0.3106060606060606,0.0,0.0
13211,MCW,13930,ORD,627,595,164,31,1,0.2756302521008403,0.0494417862838915,0.0015948963317384
13230,MDT,10397,ATL,960,946,159,10,4,0.168076109936575,0.0104166666666666,0.0041666666666666
13230,MDT,10693,BNA,73,73,17,0,0,0.2328767123287671,0.0,0.0
13230,MDT,11057,CLT,699,691,89,8,0,0.1287988422575977,0.0114449213161659,0.0
13230,MDT,11298,DFW,365,357,51,7,1,0.1428571428571428,0.0191780821917808,0.0027397260273972
13230,MDT,11433,DTW,336,332,55,4,0,0.1656626506024096,0.0119047619047619,0.0
13230,MDT,11603,EUG,1,1,0,0,0,0.0,0.0,0.0
13230,MDT,11697,FLL,63,63,17,0,0,0.2698412698412698,0.0,0.0
13230,MDT,12451,JAX,83,83,24,0,0,0.2891566265060241,0.0,0.0
13230,MDT,12892,LAX,1,1,1,0,0,1.0,0.0,0.0
13230,MDT,13204,MCO,147,144,35,3,0,0.2430555555555555,0.0204081632653061,0.0
13230,MDT,13303,MIA,11,11,5,0,0,0.4545454545454545,0.0,0.0
13230,MDT,13577,MYR,73,70,27,3,0,0.3857142857142857,0.0410958904109589,0.0
13230,MDT,13930,ORD,1521,1492,350,27,2,0.2345844504021447,0.0177514792899408,0.0013149243918474
13230,MDT,14082,PGD,158,157,37,1,0,0.2356687898089172,0.0063291139240506,0.0
13230,MDT,14100,PHL,1,1,0,0,0,0.0,0.0,0.0
13230,MDT,14112,PIE,160,157,65,1,2,0.4140127388535032,0.00625,0.0125
13230,MDT,14761,SFB,298,296,123,2,0,0.4155405405405405,0.0067114093959731,0.0
13230,MDT,14986,SRQ,119,119,15,0,0,0.1260504201680672,0.0,0.0
13232,MDW,10140,ABQ,527,523,99,4,0,0.1892925430210325,0.0075901328273244,0.0
13232,MDW,10257,ALB,651,647,171,2,2,0.2642967542503864,0.0030721966205837,0.0030721966205837
13232,MDW,10397,ATL,3579,3503,689,62,14,0.1966885526691407,0.0173232746577256,0.0039117071807767
13232,MDW,10423,AUS,1365,1355,300,6,4,0.2214022140221402,0.0043956043956043,0.0029304029304029
13232,MDW,10431,AVL,56,56,17,0,0,0.3035714285714285,0.0,0.0
13232,MDW,10529,BDL,739,735,157,2,2,0.2136054421768707,0.0027063599458728,0.0027063599458728
13232,MDW,10599,BHM,548,542,117,6,0,0.2158671586715867,0.010948905109489,0.0
13232,MDW,10693,BNA,1902,1883,338,16,3,0.1795007966011683,0.0084121976866456,0.001577287066246
13232,MDW,10713,BOI,78,78,18,0,0,0.2307692307692307,0.0,0.0
13232,MDW,10721,BOS,1323,1312,387,10,1,0.2949695121951219,0.0075585789871504,0.000755857898715
13232,MDW,10792,BUF,730,722,185,8,0,0.2562326869806094,0.010958904109589,0.0
13232,MDW,10800,BUR,335,333,73,2,0,0.2192192192192192,0.0059701492537313,0.0
13232,MDW,10821,BWI,1923,1880,387,40,3,0.2058510638297872,0.0208008320332813,0.0015600624024961
13232,MDW,10849,BZN,119,118,23,0,1,0.1949152542372881,0.0,0.0084033613445378
13232,MDW,10994,CHS,354,350,80,4,0,0.2285714285714285,0.0112994350282485,0.0
13232,MDW,11042,CLE,1107,1097,216,8,2,0.1969006381039197,0.007226738934056,0.001806684733514
13232,MDW,11057,CLT,705,698,201,7,0,0.2879656160458452,0.0099290780141843,0.0
13232,MDW,11066,CMH,1261,1248,263,11,2,0.2107371794871795,0.0087232355273592,0.0015860428231562
13232,MDW,11109,COS,362,361,69,0,1,0.1911357340720221,0.0,0.0027624309392265
13232,MDW,11193,CVG,426,422,102,3,1,0.2417061611374407,0.0070422535211267,0.0023474178403755
13232,MDW,11259,DAL,2223,2174,474,39,10,0.21803127874885,0.0175438596491228,0.0044984255510571
13232,MDW,11278,DCA,2102,2046,560,46,10,0.273704789833822,0.0218839200761179,0.0047573739295908
13232,MDW,11292,DEN,2651,2616,674,29,6,0.2576452599388379,0.0109392682006789,0.0022632968691059
13232,MDW,11298,DFW,316,309,85,6,1,0.2750809061488673,0.0189873417721519,0.0031645569620253
13232,MDW,11433,DTW,1819,1800,360,19,0,0.2,0.0104452996151731,0.0
13232,MDW,11481,ECP,175,175,35,0,0,0.2,0.0,0.0
13232,MDW,11540,ELP,327,327,43,0,0,0.1314984709480122,0.0,0.0
13232,MDW,11618,EWR,36,33,19,3,0,0.5757575757575758,0.0833333333333333,0.0
13232,MDW,11697,FLL,1137,1122,265,11,4,0.2361853832442067,0.0096745822339489,0.0035180299032541
13232,MDW,11884,GEG,77,76,7,1,0,0.0921052631578947,0.0129870129870129,0.0
13232,MDW,11986,GRR,866,862,191,4,0,0.2215777262180974,0.0046189376443418,0.0
13232,MDW,12191,HOU,1841,1811,440,24,6,0.2429596907785753,0.0130363932645301,0.0032590983161325
13232,MDW,12266,IAH,175,173,55,2,0,0.3179190751445087,0.0114285714285714,0.0
13232,MDW,12339,IND,299,297,48,2,0,0.1616161616161616,0.0066889632107023,0.0
13232,MDW,12451,JAX,383,378,80,2,3,0.2116402116402116,0.0052219321148825,0.0078328981723237
13232,MDW,12889,LAS,2605,2571,516,20,14,0.2007001166861143,0.0076775431861804,0.0053742802303262
13232,MDW,12892,LAX,1360,1348,315,9,3,0.2336795252225519,0.0066176470588235,0.0022058823529411
13232,MDW,12953,LGA,2354,2288,633,54,12,0.2766608391608391,0.0229396771452846,0.0050977060322854
13232,MDW,12954,LGB,351,349,62,2,0,0.1776504297994269,0.0056980056980056,0.0
13232,MDW,13198,MCI,2092,2058,398,30,4,0.1933916423712342,0.01434034416826,0.0019120458891013
13232,MDW,13204,MCO,2783,2728,572,38,17,0.2096774193548387,0.0136543298598634,0.0061085159899389
13232,MDW,13244,MEM,649,639,130,7,3,0.2034428794992175,0.0107858243451463,0.0046224961479198
13232,MDW,13296,MHT,477,470,101,6,1,0.2148936170212766,0.0125786163522012,0.0020964360587002
13232,MDW,13303,MIA,568,560,137,5,3,0.2446428571428571,0.0088028169014084,0.005281690140845
13232,MDW,13487,MSP,2715,2691,557,23,1,0.2069862504645113,0.0084714548802946,0.0003683241252302
13232,MDW,13495,MSY,1017,1004,246,10,3,0.2450199203187251,0.0098328416912487,0.0029498525073746
13232,MDW,13577,MYR,439,434,100,5,0,0.2304147465437788,0.0113895216400911,0.0
13232,MDW,13796,OAK,401,398,124,2,1,0.3115577889447236,0.0049875311720698,0.0024937655860349
13232,MDW,13851,OKC,502,498,103,3,1,0.2068273092369477,0.0059760956175298,0.0019920318725099
13232,MDW,13871,OMA,1414,1399,265,13,2,0.1894210150107219,0.0091937765205091,0.0014144271570014
13232,MDW,13891,ONT,360,356,80,4,0,0.2247191011235955,0.0111111111111111,0.0
13232,MDW,13931,ORF,567,562,148,5,0,0.2633451957295373,0.0088183421516754,0.0
13232,MDW,14057,PDX,598,596,192,1,1,0.3221476510067114,0.0016722408026755,0.0016722408026755
13232,MDW,14082,PGD,104,104,26,0,0,0.25,0.0,0.0
13232,MDW,14100,PHL,1553,1534,368,17,2,0.2398956975228161,0.0109465550547327,0.0012878300064391
13232,MDW,14107,PHX,2846,2800,607,38,8,0.2167857142857142,0.0133520730850316,0.0028109627547434
13232,MDW,14122,PIT,1130,1119,213,11,0,0.1903485254691689,0.0097345132743362,0.0
13232,MDW,14193,PNS,108,106,20,1,1,0.1886792452830188,0.0092592592592592,0.0092592592592592
13232,MDW,14262,PSP,61,60,14,0,1,0.2333333333333333,0.0,0.0163934426229508
13232,MDW,14307,PVD,629,627,143,2,0,0.2280701754385964,0.0031796502384737,0.0
13232,MDW,14314,PVU,46,45,13,1,0,0.2888888888888888,0.0217391304347826,0.0
13232,MDW,14321,PWM,150,148,16,1,1,0.1081081081081081,0.0066666666666666,0.0066666666666666
13232,MDW,14492,RDU,983,975,177,8,0,0.1815384615384615,0.0081383519837232,0.0
13232,MDW,14524,RIC,414,411,90,2,1,0.218978102189781,0.0048309178743961,0.002415458937198
13232,MDW,14570,RNO,85,85,16,0,0,0.188235294117647,0.0,0.0
13232,MDW,14576,ROC,205,200,53,4,1,0.265,0.0195121951219512,0.0048780487804878
13232,MDW,14635,RSW,1164,1149,240,7,8,0.2088772845953002,0.0060137457044673,0.0068728522336769
13232,MDW,14679,SAN,1004,993,227,6,5,0.228600201409869,0.0059760956175298,0.0049800796812749
13232,MDW,14683,SAT,734,728,155,5,1,0.2129120879120879,0.0068119891008174,0.0013623978201634
13232,MDW,14685,SAV,448,442,97,5,1,0.2194570135746606,0.0111607142857142,0.0022321428571428
13232,MDW,14730,SDF,1001,991,208,10,0,0.2098890010090817,0.0099900099900099,0.0
13232,MDW,14747,SEA,585,578,188,2,5,0.3252595155709342,0.0034188034188034,0.0085470085470085
13232,MDW,14771,SFO,337,334,107,2,1,0.3203592814371258,0.0059347181008902,0.0029673590504451
13232,MDW,14831,SJC,537,531,124,4,2,0.2335216572504708,0.0074487895716946,0.0037243947858473
13232,MDW,14843,SJU,53,52,16,0,1,0.3076923076923077,0.0,0.0188679245283018
13232,MDW,14869,SLC,638,632,144,5,1,0.2278481012658227,0.0078369905956112,0.0015673981191222
13232,MDW,14893,SMF,618,614,151,4,0,0.2459283387622149,0.0064724919093851,0.0
13232,MDW,14986,SRQ,511,508,141,3,0,0.2775590551181102,0.0058708414872798,0.0
13232,MDW,15016,STL,1730,1709,273,20,1,0.1597425394967817,0.0115606936416184,0.0005780346820809
13232,MDW,15304,TPA,1719,1691,384,20,8,0.2270845653459491,0.0116346713205351,0.004653868528214
13232,MDW,15370,TUL,348,344,65,3,1,0.188953488372093,0.0086206896551724,0.0028735632183908
13232,MDW,15376,TUS,353,351,68,2,0,0.1937321937321937,0.0056657223796034,0.0
13232,MDW,15412,TYS,56,56,17,0,0,0.3035714285714285,0.0,0.0
13232,MDW,15624,VPS,98,98,21,0,0,0.2142857142857142,0.0,0.0
13241,MEI,12266,IAH,627,617,127,9,1,0.2058346839546191,0.0143540669856459,0.0015948963317384
13244,MEM,10397,ATL,3289,3238,417,46,5,0.1287831995058678,0.0139860139860139,0.0015202189115232
13244,MEM,10423,AUS,239,238,23,1,0,0.0966386554621848,0.00418410041841,0.0
13244,MEM,10693,BNA,270,269,87,0,1,0.3234200743494423,0.0,0.0037037037037037
13244,MEM,10721,BOS,338,334,32,4,0,0.0958083832335329,0.0118343195266272,0.0
13244,MEM,10821,BWI,287,283,69,2,2,0.2438162544169611,0.0069686411149825,0.0069686411149825
13244,MEM,11057,CLT,1804,1772,333,31,1,0.1879232505643341,0.0171840354767184,0.0005543237250554
13244,MEM,11259,DAL,459,453,89,4,2,0.1964679911699779,0.008714596949891,0.0043572984749455
13244,MEM,11278,DCA,1244,1181,283,54,9,0.239627434377646,0.0434083601286173,0.0072347266881028
13244,MEM,11292,DEN,1222,1211,294,5,6,0.2427745664739884,0.0040916530278232,0.0049099836333878
13244,MEM,11298,DFW,2456,2371,679,82,3,0.2863770560944749,0.0333876221498371,0.0012214983713355
13244,MEM,11433,DTW,965,951,128,12,2,0.1345951629863301,0.0124352331606217,0.0020725388601036
13244,MEM,11618,EWR,383,363,87,20,0,0.2396694214876033,0.052219321148825,0.0
13244,MEM,11697,FLL,246,240,70,3,3,0.2916666666666667,0.0121951219512195,0.0121951219512195
13244,MEM,12191,HOU,797,786,149,9,2,0.1895674300254453,0.0112923462986198,0.0025094102885821
13244,MEM,12266,IAH,956,946,202,8,2,0.2135306553911205,0.00836820083682,0.002092050209205
13244,MEM,12478,JFK,4,4,1,0,0,0.25,0.0,0.0
13244,MEM,12889,LAS,720,719,125,1,0,0.1738525730180806,0.0013888888888888,0.0
13244,MEM,12892,LAX,274,272,49,2,0,0.1801470588235294,0.0072992700729927,0.0
13244,MEM,12953,LGA,1005,970,202,30,5,0.2082474226804123,0.0298507462686567,0.0049751243781094
13244,MEM,13204,MCO,808,800,153,6,2,0.19125,0.0074257425742574,0.0024752475247524
13244,MEM,13232,MDW,648,641,92,7,0,0.1435257410296412,0.0108024691358024,0.0
13244,MEM,13303,MIA,541,537,129,3,1,0.2402234636871508,0.0055452865064695,0.0018484288354898
13244,MEM,13487,MSP,776,773,96,2,1,0.1241914618369987,0.0025773195876288,0.0012886597938144
13244,MEM,13495,MSY,19,19,5,0,0,0.2631578947368421,0.0,0.0
13244,MEM,13930,ORD,2240,2196,523,33,11,0.2381602914389799,0.0147321428571428,0.0049107142857142
13244,MEM,14100,PHL,727,702,144,24,1,0.2051282051282051,0.0330123796423658,0.0013755158184319
13244,MEM,14107,PHX,606,597,123,5,4,0.2060301507537688,0.0082508250825082,0.0066006600660066
13244,MEM,14112,PIE,96,93,51,2,1,0.5483870967741935,0.0208333333333333,0.0104166666666666
13244,MEM,14761,SFB,101,101,57,0,0,0.5643564356435643,0.0,0.0
13244,MEM,14869,SLC,365,364,40,1,0,0.1098901098901098,0.0027397260273972,0.0
13244,MEM,15304,TPA,67,65,13,2,0,0.2,0.0298507462686567,0.0
13244,MEM,15412,TYS,26,26,7,0,0,0.2692307692307692,0.0,0.0
13244,MEM,15624,VPS,24,24,4,0,0,0.1666666666666666,0.0,0.0
13256,MFE,10423,AUS,1025,1017,185,6,2,0.1819075712881022,0.0058536585365853,0.0019512195121951
13256,MFE,11298,DFW,2530,2442,562,80,8,0.2301392301392301,0.0316205533596837,0.0031620553359683
13256,MFE,12266,IAH,685,677,99,7,1,0.1462333825701624,0.0102189781021897,0.0014598540145985
13256,MFE,12889,LAS,453,452,70,0,1,0.1548672566371681,0.0,0.0022075055187637
13256,MFE,12892,LAX,36,36,9,0,0,0.25,0.0,0.0
13256,MFE,14112,PIE,26,26,3,0,0,0.1153846153846153,0.0,0.0
13256,MFE,14761,SFB,109,109,34,0,0,0.3119266055045872,0.0,0.0
13264,MFR,11292,DEN,730,717,125,6,7,0.1743375174337517,0.0082191780821917,0.0095890410958904
13264,MFR,12889,LAS,154,153,58,1,0,0.3790849673202614,0.0064935064935064,0.0
13264,MFR,12892,LAX,10,10,2,0,0,0.2,0.0,0.0
13264,MFR,14057,PDX,44,42,5,2,0,0.119047619047619,0.0454545454545454,0.0
13264,MFR,14107,PHX,743,740,88,3,0,0.1189189189189189,0.0040376850605652,0.0
13264,MFR,14679,SAN,24,24,7,0,0,0.2916666666666667,0.0,0.0
13264,MFR,14747,SEA,1084,1062,77,20,2,0.0725047080979284,0.018450184501845,0.0018450184501845
13264,MFR,14771,SFO,1001,994,203,7,0,0.204225352112676,0.0069930069930069,0.0
13264,MFR,14869,SLC,729,719,53,10,0,0.0737134909596662,0.0137174211248285,0.0
13264,MFR,14908,SNA,94,93,29,1,0,0.3118279569892473,0.0106382978723404,0.0
13277,MGM,10397,ATL,733,724,183,9,0,0.2527624309392265,0.0122783083219645,0.0
13277,MGM,11278,DCA,294,263,127,28,3,0.4828897338403042,0.0952380952380952,0.010204081632653
13277,MGM,11298,DFW,1085,1030,298,47,8,0.2893203883495145,0.0433179723502304,0.0073732718894009
13277,MGM,15016,STL,1,1,1,0,0,1.0,0.0,0.0
13282,MGW,12264,IAD,363,347,73,16,0,0.2103746397694524,0.0440771349862259,0.0
13282,MGW,13930,ORD,364,348,82,15,1,0.2356321839080459,0.0412087912087912,0.0027472527472527
13290,MHK,11298,DFW,1086,1037,187,46,3,0.180327868852459,0.0423572744014733,0.0027624309392265
13290,MHK,13930,ORD,477,466,113,11,0,0.242489270386266,0.0230607966457023,0.0
13296,MHT,10821,BWI,1606,1591,223,13,2,0.1401634192331866,0.0080946450809464,0.0012453300124533
13296,MHT,11057,CLT,921,884,171,33,4,0.1934389140271493,0.0358306188925081,0.004343105320304
13296,MHT,11278,DCA,1261,1169,349,86,6,0.2985457656116339,0.0681998413957176,0.0047581284694686
13296,MHT,11697,FLL,98,96,31,2,0,0.3229166666666667,0.0204081632653061,0.0
13296,MHT,12478,JFK,77,73,9,4,0,0.1232876712328767,0.0519480519480519,0.0
13296,MHT,13204,MCO,878,866,216,4,8,0.2494226327944572,0.0045558086560364,0.0091116173120728
13296,MHT,13232,MDW,476,471,64,5,0,0.1358811040339702,0.0105042016806722,0.0
13296,MHT,13930,ORD,454,449,114,3,2,0.2538975501113585,0.0066079295154185,0.0044052863436123
13296,MHT,14100,PHL,32,31,5,1,0,0.1612903225806451,0.03125,0.0
13296,MHT,14635,RSW,72,71,18,0,1,0.2535211267605634,0.0,0.0138888888888888
13296,MHT,15304,TPA,104,104,35,0,0,0.3365384615384615,0.0,0.0
13303,MIA,10158,ACY,27,27,5,0,0,0.1851851851851851,0.0,0.0
13303,MIA,10208,AGS,9,9,3,0,0,0.3333333333333333,0.0,0.0
13303,MIA,10257,ALB,24,22,6,2,0,0.2727272727272727,0.0833333333333333,0.0
13303,MIA,10397,ATL,6242,6135,1745,90,17,0.2844335778321108,0.0144184556231976,0.0027234860621595
13303,MIA,10423,AUS,1893,1871,454,18,4,0.2426509887760556,0.0095087163232963,0.0021130480718436
13303,MIA,10431,AVL,220,218,69,2,0,0.3165137614678899,0.009090909090909,0.0
13303,MIA,10529,BDL,450,446,119,3,1,0.2668161434977578,0.0066666666666666,0.0022222222222222
13303,MIA,10599,BHM,843,826,155,13,4,0.1876513317191283,0.0154211150652431,0.0047449584816132
13303,MIA,10693,BNA,2342,2314,606,20,8,0.2618841832324978,0.0085397096498719,0.0034158838599487
13303,MIA,10721,BOS,3720,3658,1077,55,7,0.2944231820667031,0.0147849462365591,0.0018817204301075
13303,MIA,10732,BQN,9,9,0,0,0,0.0,0.0,0.0
13303,MIA,10792,BUF,31,31,9,0,0,0.2903225806451613,0.0,0.0
13303,MIA,10821,BWI,2443,2391,595,43,9,0.2488498536177331,0.0176013098649201,0.0036839950880065
13303,MIA,10868,CAE,13,13,6,0,0,0.4615384615384615,0.0,0.0
13303,MIA,10980,CHA,13,13,4,0,0,0.3076923076923077,0.0,0.0
13303,MIA,10994,CHS,956,940,287,12,4,0.3053191489361702,0.0125523012552301,0.00418410041841
13303,MIA,11003,CID,21,18,6,3,0,0.3333333333333333,0.1428571428571428,0.0
13303,MIA,11042,CLE,783,771,215,9,3,0.2788586251621271,0.0114942528735632,0.003831417624521
13303,MIA,11057,CLT,3810,3761,799,45,4,0.2124434990693964,0.0118110236220472,0.0010498687664041
13303,MIA,11066,CMH,1052,1047,256,4,1,0.2445081184336198,0.0038022813688212,0.0009505703422053
13303,MIA,11193,CVG,1061,1049,253,12,0,0.2411820781696854,0.0113100848256361,0.0
13303,MIA,11259,DAL,410,403,92,4,3,0.228287841191067,0.0097560975609756,0.0073170731707317
13303,MIA,11278,DCA,4051,3937,1005,87,27,0.255270510541021,0.0214761787213033,0.0066650209824734
13303,MIA,11292,DEN,2604,2571,587,10,23,0.2283158304161804,0.0038402457757296,0.0088325652841781
13303,MIA,11298,DFW,4820,4696,1342,94,30,0.2857751277683134,0.0195020746887966,0.0062240663900414
13303,MIA,11423,DSM,165,159,30,5,1,0.1886792452830188,0.0303030303030303,0.006060606060606
13303,MIA,11433,DTW,1779,1764,476,13,2,0.2698412698412698,0.0073074761101742,0.0011242270938729
13303,MIA,11503,EGE,202,202,78,0,0,0.3861386138613861,0.0,0.0
13303,MIA,11618,EWR,4064,3972,1215,79,13,0.3058912386706948,0.0194389763779527,0.0031988188976377
13303,MIA,11624,EYW,1336,1320,194,13,3,0.1469696969696969,0.0097305389221556,0.0022455089820359
13303,MIA,11953,GNV,367,363,70,3,1,0.1928374655647383,0.0081743869209809,0.0027247956403269
13303,MIA,11986,GRR,184,182,46,1,1,0.2527472527472527,0.0054347826086956,0.0054347826086956
13303,MIA,11995,GSO,482,475,95,7,0,0.2,0.0145228215767634,0.0
13303,MIA,11996,GSP,656,652,111,3,1,0.1702453987730061,0.0045731707317073,0.0015243902439024
13303,MIA,12191,HOU,299,296,88,3,0,0.2972972972972973,0.0100334448160535,0.0
13303,MIA,12197,HPN,138,132,20,3,3,0.1515151515151515,0.0217391304347826,0.0217391304347826
13303,MIA,12217,HSV,28,28,6,0,0,0.2142857142857142,0.0,0.0
13303,MIA,12264,IAD,593,589,121,4,0,0.2054329371816638,0.0067453625632377,0.0
13303,MIA,12266,IAH,3766,3709,961,49,8,0.2590994877325425,0.0130111524163568,0.0021242697822623
13303,MIA,12278,ICT,25,24,5,1,0,0.2083333333333333,0.04,0.0
13303,MIA,12323,ILM,401,397,107,4,0,0.2695214105793451,0.0099750623441396,0.0
13303,MIA,12339,IND,934,917,287,13,4,0.3129770992366412,0.0139186295503211,0.0042826552462526
13303,MIA,12391,ISP,213,212,45,0,1,0.2122641509433962,0.0,0.0046948356807511
13303,MIA,12451,JAX,1822,1798,422,22,2,0.2347052280311457,0.0120746432491767,0.0010976948408342
13303,MIA,12478,JFK,5034,4926,1381,97,11,0.280349167681689,0.0192689709972189,0.0021851410409217
13303,MIA,12889,LAS,1731,1719,468,11,1,0.2722513089005235,0.0063547082611207,0.0005777007510109
13303,MIA,12892,LAX,3198,3188,750,4,6,0.2352572145545796,0.0012507817385866,0.0018761726078799
13303,MIA,12896,LBB,1,1,0,0,0,0.0,0.0,0.0
13303,MIA,12945,LEX,15,15,2,0,0,0.1333333333333333,0.0,0.0
13303,MIA,12953,LGA,6051,5863,1767,137,51,0.3013815452839843,0.0226408858039993,0.008428358948934
13303,MIA,12992,LIT,52,51,16,1,0,0.3137254901960784,0.0192307692307692,0.0
13303,MIA,13198,MCI,632,616,185,10,6,0.3003246753246753,0.0158227848101265,0.0094936708860759
13303,MIA,13204,MCO,3930,3884,1075,40,6,0.2767765190525231,0.010178117048346,0.0015267175572519
13303,MIA,13230,MDT,11,11,5,0,0,0.4545454545454545,0.0,0.0
13303,MIA,13232,MDW,568,558,123,8,2,0.2204301075268817,0.0140845070422535,0.0035211267605633
13303,MIA,13244,MEM,540,536,222,3,1,0.4141791044776119,0.0055555555555555,0.0018518518518518
13303,MIA,13342,MKE,113,112,29,1,0,0.2589285714285714,0.0088495575221238,0.0
13303,MIA,13485,MSN,21,20,6,0,1,0.3,0.0,0.0476190476190476
13303,MIA,13487,MSP,1149,1143,296,4,2,0.2589676290463692,0.0034812880765883,0.0017406440382941
13303,MIA,13495,MSY,1709,1674,479,32,3,0.2861409796893668,0.018724400234055,0.0017554125219426
13303,MIA,13577,MYR,1,1,1,0,0,1.0,0.0,0.0
13303,MIA,13851,OKC,167,167,39,0,0,0.2335329341317365,0.0,0.0
13303,MIA,13871,OMA,153,149,33,4,0,0.2214765100671141,0.0261437908496732,0.0
13303,MIA,13930,ORD,4331,4261,1097,46,24,0.2574513025111476,0.0106211036712075,0.0055414453936735
13303,MIA,13931,ORF,471,460,134,11,0,0.2913043478260869,0.0233545647558386,0.0
13303,MIA,14057,PDX,355,350,105,2,3,0.3,0.0056338028169014,0.0084507042253521
13303,MIA,14100,PHL,3138,3083,703,49,6,0.2280246513136555,0.0156150414276609,0.0019120458891013
13303,MIA,14107,PHX,1818,1805,408,6,7,0.2260387811634349,0.0033003300330033,0.0038503850385038
13303,MIA,14122,PIT,699,692,219,6,1,0.3164739884393063,0.0085836909871244,0.0014306151645207
13303,MIA,14193,PNS,1281,1240,186,32,9,0.15,0.0249804839968774,0.0070257611241217
13303,MIA,14492,RDU,2546,2519,658,25,2,0.2612147677649861,0.0098193244304791,0.0007855459544383
13303,MIA,14524,RIC,438,431,136,6,1,0.3155452436194895,0.0136986301369863,0.002283105022831
13303,MIA,14576,ROC,23,23,3,0,0,0.1304347826086956,0.0,0.0
13303,MIA,14679,SAN,566,557,154,3,6,0.2764811490125673,0.0053003533568904,0.0106007067137809
13303,MIA,14683,SAT,546,533,159,9,4,0.298311444652908,0.0164835164835164,0.0073260073260073
13303,MIA,14685,SAV,873,850,165,22,1,0.1941176470588235,0.0252004581901489,0.0011454753722794
13303,MIA,14730,SDF,408,403,135,4,1,0.3349875930521092,0.0098039215686274,0.0024509803921568
13303,MIA,14747,SEA,1139,1125,355,7,7,0.3155555555555555,0.006145741878841,0.006145741878841
13303,MIA,14771,SFO,1677,1668,381,2,7,0.2284172661870503,0.0011926058437686,0.0041741204531902
13303,MIA,14783,SGF,24,24,7,0,0,0.2916666666666667,0.0,0.0
13303,MIA,14843,SJU,2590,2574,616,14,2,0.2393162393162393,0.0054054054054054,0.0007722007722007
13303,MIA,14869,SLC,715,710,198,4,1,0.2788732394366197,0.0055944055944055,0.0013986013986013
13303,MIA,14893,SMF,195,193,38,0,2,0.1968911917098445,0.0,0.0102564102564102
13303,MIA,14986,SRQ,59,59,9,0,0,0.1525423728813559,0.0,0.0
13303,MIA,15016,STL,1070,1061,308,7,2,0.2902921771913289,0.0065420560747663,0.0018691588785046
13303,MIA,15024,STT,869,860,170,3,6,0.1976744186046511,0.003452243958573,0.0069044879171461
13303,MIA,15027,STX,593,592,150,0,1,0.2533783783783784,0.0,0.0016863406408094
13303,MIA,15096,SYR,41,38,9,3,0,0.2368421052631578,0.073170731707317,0.0
13303,MIA,15249,TLH,1220,1198,164,18,4,0.1368948247078464,0.0147540983606557,0.0032786885245901
13303,MIA,15304,TPA,3102,3064,842,38,0,0.2748041775456919,0.0122501611863313,0.0
13303,MIA,15370,TUL,105,104,27,0,1,0.2596153846153846,0.0,0.0095238095238095
13303,MIA,15412,TYS,453,451,140,1,1,0.3104212860310421,0.0022075055187637,0.0022075055187637
13303,MIA,15624,VPS,14,14,2,0,0,0.1428571428571428,0.0,0.0
13303,MIA,15919,XNA,171,170,44,0,1,0.2588235294117647,0.0,0.0058479532163742
13342,MKE,10397,ATL,2268,2226,255,32,10,0.11455525606469,0.0141093474426807,0.0044091710758377
13342,MKE,10408,ATW,2,0,0,0,2,,0.0,1.0
13342,MKE,10423,AUS,268,265,43,1,2,0.1622641509433962,0.003731343283582,0.0074626865671641
13342,MKE,10599,BHM,2,2,0,0,0,0.0,0.0,0.0
13342,MKE,10693,BNA,958,945,162,10,3,0.1714285714285714,0.0104384133611691,0.0031315240083507
13342,MKE,10721,BOS,756,737,243,18,1,0.3297150610583446,0.0238095238095238,0.0013227513227513
13342,MKE,10821,BWI,843,824,125,17,2,0.1516990291262135,0.0201660735468564,0.0023724792408066
13342,MKE,11042,CLE,1,1,0,0,0,0.0,0.0,0.0
13342,MKE,11057,CLT,1011,994,221,16,1,0.2223340040241448,0.0158259149357072,0.0009891196834817
13342,MKE,11259,DAL,406,397,91,3,6,0.2292191435768261,0.0073891625615763,0.0147783251231527
13342,MKE,11278,DCA,1337,1280,301,49,8,0.23515625,0.0366492146596858,0.0059835452505609
13342,MKE,11292,DEN,2394,2380,507,9,5,0.2130252100840336,0.0037593984962406,0.0020885547201336
13342,MKE,11298,DFW,1121,1083,321,32,6,0.296398891966759,0.0285459411239964,0.0053523639607493
13342,MKE,11433,DTW,1383,1372,225,9,2,0.1639941690962099,0.0065075921908893,0.0014461315979754
13342,MKE,11618,EWR,792,744,187,46,2,0.2513440860215054,0.058080808080808,0.0025252525252525
13342,MKE,11697,FLL,176,173,34,2,1,0.1965317919075144,0.0113636363636363,0.0056818181818181
13342,MKE,12266,IAH,138,138,22,0,0,0.1594202898550724,0.0,0.0
13342,MKE,12478,JFK,77,77,14,0,0,0.1818181818181818,0.0,0.0
13342,MKE,12889,LAS,1152,1144,205,7,1,0.1791958041958042,0.0060763888888888,0.0008680555555555
13342,MKE,12892,LAX,34,33,2,1,0,0.0606060606060606,0.0294117647058823,0.0
13342,MKE,12953,LGA,644,620,93,22,2,0.15,0.0341614906832298,0.0031055900621118
13342,MKE,13198,MCI,347,343,60,4,0,0.1749271137026239,0.0115273775216138,0.0
13342,MKE,13204,MCO,1457,1438,280,13,6,0.1947148817802503,0.0089224433768016,0.004118050789293
13342,MKE,13303,MIA,112,111,18,1,0,0.1621621621621621,0.0089285714285714,0.0
13342,MKE,13487,MSP,1357,1348,230,9,0,0.1706231454005934,0.006632277081798,0.0
13342,MKE,13930,ORD,4286,4166,1301,119,1,0.3122899663946231,0.0277648156789547,0.0002333177788147
13342,MKE,14100,PHL,302,292,68,9,1,0.2328767123287671,0.0298013245033112,0.0033112582781456
13342,MKE,14107,PHX,1480,1469,246,8,3,0.1674608577263444,0.0054054054054054,0.002027027027027
13342,MKE,14635,RSW,449,448,82,0,1,0.1830357142857142,0.0,0.0022271714922048
13342,MKE,14679,SAN,67,66,18,0,1,0.2727272727272727,0.0,0.0149253731343283
13342,MKE,14747,SEA,492,488,88,3,1,0.180327868852459,0.0060975609756097,0.0020325203252032
13342,MKE,14869,SLC,363,362,52,1,0,0.143646408839779,0.0027548209366391,0.0
13342,MKE,14986,SRQ,21,21,4,0,0,0.1904761904761904,0.0,0.0
13342,MKE,15016,STL,672,668,66,3,1,0.0988023952095808,0.0044642857142857,0.0014880952380952
13342,MKE,15304,TPA,501,497,84,3,1,0.1690140845070422,0.0059880239520958,0.0019960079840319
13360,MLB,10135,ABE,104,104,20,0,0,0.1923076923076923,0.0,0.0
13360,MLB,10397,ATL,1407,1382,212,24,1,0.1534008683068017,0.0170575692963752,0.0007107320540156
13360,MLB,11057,CLT,1228,1199,251,26,3,0.2093411175979983,0.021172638436482,0.002442996742671
13360,MLB,11193,CVG,106,104,24,2,0,0.2307692307692307,0.0188679245283018,0.0
13360,MLB,14122,PIT,97,95,16,0,2,0.1684210526315789,0.0,0.0206185567010309
13367,MLI,10466,AZA,95,94,18,1,0,0.1914893617021276,0.0105263157894736,0.0
13367,MLI,11057,CLT,539,520,112,16,3,0.2153846153846154,0.0296846011131725,0.0055658627087198
13367,MLI,11292,DEN,367,365,77,2,0,0.210958904109589,0.0054495912806539,0.0
13367,MLI,11298,DFW,874,856,161,15,3,0.1880841121495327,0.017162471395881,0.0034324942791762
13367,MLI,12889,LAS,104,103,14,0,1,0.1359223300970873,0.0,0.0096153846153846
13367,MLI,13930,ORD,1917,1854,498,63,0,0.2686084142394822,0.0328638497652582,0.0
13367,MLI,14082,PGD,103,101,21,0,2,0.2079207920792079,0.0,0.0194174757281553
13367,MLI,14112,PIE,85,85,29,0,0,0.3411764705882353,0.0,0.0
13367,MLI,14761,SFB,94,93,25,0,1,0.2688172043010752,0.0,0.0106382978723404
13367,MLI,14986,SRQ,26,26,5,0,0,0.1923076923076923,0.0,0.0
13377,MLU,11298,DFW,1087,1050,226,37,0,0.2152380952380952,0.0340386384544618,0.0
13422,MOB,10397,ATL,531,520,107,10,1,0.2057692307692307,0.0188323917137476,0.0018832391713747
13422,MOB,11057,CLT,11,11,2,0,0,0.1818181818181818,0.0,0.0
13422,MOB,11298,DFW,1137,1072,242,59,6,0.2257462686567164,0.0518909410729991,0.0052770448548812
13422,MOB,12266,IAH,32,31,6,1,0,0.1935483870967742,0.03125,0.0
13433,MOT,10466,AZA,157,157,34,0,0,0.2165605095541401,0.0,0.0
13433,MOT,11292,DEN,1184,1158,285,18,8,0.2461139896373056,0.0152027027027027,0.0067567567567567
13433,MOT,12889,LAS,130,130,31,0,0,0.2384615384615384,0.0,0.0
13433,MOT,13487,MSP,1338,1315,224,23,0,0.1703422053231939,0.0171898355754858,0.0
13433,MOT,14761,SFB,32,32,8,0,0,0.25,0.0,0.0
13459,MQT,11433,DTW,364,358,56,6,0,0.1564245810055866,0.0164835164835164,0.0
13459,MQT,13487,MSP,363,350,53,13,0,0.1514285714285714,0.0358126721763085,0.0
13459,MQT,13930,ORD,626,604,177,22,0,0.293046357615894,0.0351437699680511,0.0
13476,MRY,11292,DEN,729,722,62,0,7,0.0858725761772853,0.0,0.0096021947873799
13476,MRY,11298,DFW,332,322,111,7,3,0.3447204968944099,0.0210843373493975,0.0090361445783132
13476,MRY,12889,LAS,105,105,28,0,0,0.2666666666666666,0.0,0.0
13476,MRY,12892,LAX,879,872,88,7,0,0.1009174311926605,0.0079635949943117,0.0
13476,MRY,14107,PHX,1426,1408,243,15,3,0.1725852272727272,0.0105189340813464,0.0021037868162692
13476,MRY,14679,SAN,701,682,139,18,1,0.2038123167155425,0.0256776034236804,0.0014265335235378
13476,MRY,14747,SEA,11,11,4,0,0,0.3636363636363636,0.0,0.0
13476,MRY,14771,SFO,683,679,111,4,0,0.1634756995581738,0.0058565153733528,0.0
13485,MSN,10397,ATL,1007,992,101,11,4,0.1018145161290322,0.0109235352532274,0.0039721946375372
13485,MSN,10423,AUS,1,1,0,0,0,0.0,0.0,0.0
13485,MSN,10599,BHM,2,2,0,0,0,0.0,0.0,0.0
13485,MSN,10721,BOS,2,2,2,0,0,1.0,0.0,0.0
13485,MSN,11057,CLT,1035,1020,159,15,0,0.1558823529411764,0.0144927536231884,0.0
13485,MSN,11066,CMH,2,2,0,0,0,0.0,0.0,0.0
13485,MSN,11278,DCA,1055,1003,263,38,14,0.2622133599202393,0.0360189573459715,0.0132701421800947
13485,MSN,11292,DEN,1022,1011,237,5,6,0.2344213649851632,0.0048923679060665,0.0058708414872798
13485,MSN,11298,DFW,1094,1060,298,25,9,0.2811320754716981,0.0228519195612431,0.0082266910420475
13485,MSN,11433,DTW,1163,1160,168,2,1,0.1448275862068965,0.0017196904557179,0.0008598452278589
13485,MSN,11603,EUG,2,2,0,0,0,0.0,0.0,0.0
13485,MSN,11618,EWR,361,354,54,7,0,0.1525423728813559,0.0193905817174515,0.0
13485,MSN,12266,IAH,1,1,1,0,0,1.0,0.0,0.0
13485,MSN,12892,LAX,2,2,0,0,0,0.0,0.0,0.0
13485,MSN,12953,LGA,675,652,88,16,7,0.1349693251533742,0.0237037037037037,0.0103703703703703
13485,MSN,13204,MCO,15,14,2,1,0,0.1428571428571428,0.0666666666666666,0.0
13485,MSN,13303,MIA,21,20,3,1,0,0.15,0.0476190476190476,0.0
13485,MSN,13487,MSP,1251,1244,211,5,2,0.1696141479099678,0.0039968025579536,0.0015987210231814
13485,MSN,13930,ORD,3312,3227,848,82,3,0.2627827703749613,0.0247584541062801,0.0009057971014492
13485,MSN,14100,PHL,244,238,49,6,0,0.2058823529411764,0.0245901639344262,0.0
13485,MSN,14107,PHX,504,498,92,4,2,0.1847389558232931,0.0079365079365079,0.0039682539682539
13486,MSO,10466,AZA,151,150,54,0,1,0.36,0.0,0.0066225165562913
13486,MSO,11292,DEN,1205,1188,301,7,10,0.2533670033670033,0.0058091286307053,0.0082987551867219
13486,MSO,11298,DFW,424,412,107,7,5,0.2597087378640776,0.0165094339622641,0.0117924528301886
13486,MSO,12889,LAS,113,111,34,2,0,0.3063063063063063,0.0176991150442477,0.0
13486,MSO,12892,LAX,89,89,17,0,0,0.1910112359550561,0.0,0.0
13486,MSO,13487,MSP,457,455,41,0,2,0.0901098901098901,0.0,0.0043763676148796
13486,MSO,13796,OAK,18,18,6,0,0,0.3333333333333333,0.0,0.0
13486,MSO,13930,ORD,394,384,108,2,8,0.28125,0.0050761421319796,0.0203045685279187
13486,MSO,14679,SAN,10,10,3,0,0,0.3,0.0,0.0
13486,MSO,14747,SEA,419,414,122,5,0,0.2946859903381642,0.0119331742243436,0.0
13486,MSO,14771,SFO,122,122,14,0,0,0.1147540983606557,0.0,0.0
13486,MSO,14869,SLC,1059,1050,95,9,0,0.0904761904761904,0.0084985835694051,0.0
13486,MSO,14908,SNA,29,29,14,0,0,0.4827586206896552,0.0,0.0
13487,MSP,10140,ABQ,177,175,32,1,1,0.1828571428571428,0.0056497175141242,0.0056497175141242
13487,MSP,10141,ABR,754,746,74,5,3,0.099195710455764,0.006631299734748,0.0039787798408488
13487,MSP,10208,AGS,9,9,3,0,0,0.3333333333333333,0.0,0.0
13487,MSP,10299,ANC,735,731,157,2,2,0.2147742818057455,0.0027210884353741,0.0027210884353741
13487,MSP,10397,ATL,3540,3515,616,14,11,0.17524893314367,0.003954802259887,0.0031073446327683
13487,MSP,10408,ATW,920,911,179,7,2,0.1964873765093304,0.0076086956521739,0.0021739130434782
13487,MSP,10409,ATY,153,151,19,1,1,0.1258278145695364,0.0065359477124183,0.0065359477124183
13487,MSP,10423,AUS,1619,1612,373,3,4,0.2313895781637717,0.0018529956763434,0.0024706609017912
13487,MSP,10431,AVL,26,25,3,1,0,0.12,0.0384615384615384,0.0
13487,MSP,10466,AZA,34,34,6,0,0,0.1764705882352941,0.0,0.0
13487,MSP,10529,BDL,835,830,148,3,2,0.1783132530120482,0.0035928143712574,0.0023952095808383
13487,MSP,10620,BIL,365,363,95,2,0,0.2617079889807162,0.0054794520547945,0.0
13487,MSP,10627,BIS,1325,1314,242,9,2,0.1841704718417047,0.0067924528301886,0.0015094339622641
13487,MSP,10631,BJI,728,721,102,5,2,0.1414701803051317,0.0068681318681318,0.0027472527472527
13487,MSP,10693,BNA,1625,1606,297,11,8,0.184931506849315,0.0067692307692307,0.0049230769230769
13487,MSP,10713,BOI,780,774,152,3,3,0.1963824289405684,0.0038461538461538,0.0038461538461538
13487,MSP,10721,BOS,1850,1844,436,2,4,0.2364425162689804,0.001081081081081,0.0021621621621621
13487,MSP,10739,BRD,629,619,100,6,4,0.1615508885298869,0.0095389507154213,0.0063593004769475
13487,MSP,10785,BTV,4,4,0,0,0,0.0,0.0,0.0
13487,MSP,10792,BUF,92,91,12,1,0,0.1318681318681318,0.0108695652173913,0.0
13487,MSP,10821,BWI,1373,1360,266,8,5,0.1955882352941176,0.0058266569555717,0.0036416605972323
13487,MSP,10849,BZN,803,799,164,1,3,0.2052565707133917,0.0012453300124533,0.0037359900373599
13487,MSP,10994,CHS,259,258,45,1,0,0.1744186046511628,0.0038610038610038,0.0
13487,MSP,11003,CID,450,449,78,1,0,0.1737193763919821,0.0022222222222222,0.0
13487,MSP,11013,CIU,365,359,67,3,3,0.1866295264623955,0.0082191780821917,0.0082191780821917
13487,MSP,11042,CLE,807,805,163,2,0,0.2024844720496894,0.0024783147459727,0.0
13487,MSP,11057,CLT,2535,2508,486,23,4,0.1937799043062201,0.0090729783037475,0.0015779092702169
13487,MSP,11066,CMH,799,791,193,7,1,0.2439949431099873,0.0087609511889862,0.0012515644555694
13487,MSP,11109,COS,92,92,12,0,0,0.1304347826086956,0.0,0.0
13487,MSP,11193,CVG,855,851,179,4,0,0.2103407755581668,0.0046783625730994,0.0
13487,MSP,11259,DAL,59,59,13,0,0,0.2203389830508474,0.0,0.0
13487,MSP,11278,DCA,2448,2365,641,63,20,0.2710359408033826,0.025735294117647,0.0081699346405228
13487,MSP,11292,DEN,5799,5752,1384,31,16,0.2406119610570236,0.005345749267115,0.0027590963959303
13487,MSP,11298,DFW,3258,3180,768,60,18,0.2415094339622641,0.0184162062615101,0.005524861878453
13487,MSP,11337,DLH,1113,1100,166,12,1,0.1509090909090909,0.0107816711590296,0.0008984725965858
13487,MSP,11423,DSM,39,38,3,1,0,0.0789473684210526,0.0256410256410256,0.0
13487,MSP,11433,DTW,2080,2071,356,7,2,0.1718976339932399,0.0033653846153846,0.0009615384615384
13487,MSP,11503,EGE,12,12,6,0,0,0.5,0.0,0.0
13487,MSP,11587,ESC,263,256,29,7,0,0.11328125,0.026615969581749,0.0
13487,MSP,11618,EWR,2124,2051,592,64,9,0.2886396879570941,0.0301318267419962,0.0042372881355932
13487,MSP,11630,FAI,92,92,19,0,0,0.2065217391304347,0.0,0.0
13487,MSP,11637,FAR,1339,1335,234,2,2,0.1752808988764045,0.0014936519790888,0.0014936519790888
13487,MSP,11648,FCA,468,464,87,3,1,0.1875,0.0064102564102564,0.0021367521367521
13487,MSP,11697,FLL,704,691,129,9,4,0.1866859623733719,0.0127840909090909,0.0056818181818181
13487,MSP,11775,FSD,968,958,195,9,1,0.2035490605427975,0.009297520661157,0.0010330578512396
13487,MSP,11823,FWA,365,361,80,3,1,0.2216066481994459,0.0082191780821917,0.0027397260273972
13487,MSP,11884,GEG,776,774,150,1,1,0.1937984496124031,0.0012886597938144,0.0012886597938144
13487,MSP,11898,GFK,611,604,92,7,0,0.152317880794702,0.011456628477905,0.0
13487,MSP,11977,GRB,770,761,127,8,1,0.16688567674113,0.0103896103896103,0.0012987012987012
13487,MSP,11986,GRR,1150,1145,214,5,0,0.1868995633187773,0.0043478260869565,0.0
13487,MSP,12003,GTF,249,248,43,0,1,0.1733870967741935,0.0,0.0040160642570281
13487,MSP,12094,HDN,39,38,9,1,0,0.2368421052631578,0.0256410256410256,0.0
13487,MSP,12129,HIB,627,616,99,7,4,0.1607142857142857,0.011164274322169,0.0063795853269537
13487,MSP,12173,HNL,365,358,53,5,2,0.1480446927374301,0.0136986301369863,0.0054794520547945
13487,MSP,12206,HRL,177,173,29,4,0,0.1676300578034682,0.0225988700564971,0.0
13487,MSP,12264,IAD,896,894,144,2,0,0.1610738255033557,0.0022321428571428,0.0
13487,MSP,12266,IAH,1776,1747,393,18,11,0.2249570692615912,0.0101351351351351,0.0061936936936936
13487,MSP,12278,ICT,296,292,52,1,3,0.1780821917808219,0.0033783783783783,0.0101351351351351
13487,MSP,12323,ILM,27,27,8,0,0,0.2962962962962963,0.0,0.0
13487,MSP,12335,IMT,362,354,75,6,2,0.211864406779661,0.0165745856353591,0.005524861878453
13487,MSP,12339,IND,1133,1127,207,6,0,0.1836734693877551,0.0052956751985878,0.0
13487,MSP,12343,INL,658,650,86,8,0,0.1323076923076923,0.0121580547112462,0.0
13487,MSP,12441,JAC,57,55,20,0,2,0.3636363636363636,0.0,0.0350877192982456
13487,MSP,12451,JAX,341,335,60,3,3,0.1791044776119403,0.0087976539589442,0.0087976539589442
13487,MSP,12478,JFK,908,889,209,11,8,0.2350956130483689,0.0121145374449339,0.0088105726872246
13487,MSP,12889,LAS,2358,2342,387,11,5,0.1652433817250213,0.0046649703138252,0.0021204410517387
13487,MSP,12892,LAX,2215,2202,380,10,3,0.1725703905540417,0.0045146726862302,0.001354401805869
13487,MSP,12953,LGA,2126,2082,468,31,13,0.2247838616714697,0.0145813734713076,0.0061147695202257
13487,MSP,13198,MCI,1086,1070,219,13,3,0.2046728971962617,0.0119705340699815,0.0027624309392265
13487,MSP,13204,MCO,1974,1956,438,12,6,0.2239263803680981,0.0060790273556231,0.0030395136778115
13487,MSP,13211,MCW,1,0,0,0,1,,0.0,1.0
13487,MSP,13232,MDW,2734,2698,483,31,5,0.1790214974054855,0.0113386978785662,0.0018288222384784
13487,MSP,13244,MEM,775,771,131,2,2,0.1699092088197146,0.0025806451612903,0.0025806451612903
13487,MSP,13303,MIA,1148,1140,225,4,4,0.1973684210526315,0.0034843205574912,0.0034843205574912
13487,MSP,13342,MKE,1357,1347,257,8,2,0.1907943578322197,0.0058953574060427,0.0014738393515106
13487,MSP,13433,MOT,1338,1310,212,23,5,0.1618320610687023,0.0171898355754858,0.0037369207772795
13487,MSP,13459,MQT,364,353,61,10,1,0.1728045325779036,0.0274725274725274,0.0027472527472527
13487,MSP,13485,MSN,1250,1245,237,5,0,0.1903614457831325,0.004,0.0
13487,MSP,13486,MSO,457,453,76,0,4,0.1677704194260485,0.0,0.0087527352297593
13487,MSP,13495,MSY,427,421,69,5,1,0.1638954869358669,0.0117096018735363,0.0023419203747072
13487,MSP,13577,MYR,124,124,19,0,0,0.1532258064516129,0.0,0.0
13487,MSP,13851,OKC,364,358,103,2,4,0.2877094972067039,0.0054945054945054,0.0109890109890109
13487,MSP,13871,OMA,1344,1332,309,10,2,0.2319819819819819,0.0074404761904761,0.0014880952380952
13487,MSP,13930,ORD,6235,6140,1667,85,10,0.2714983713355048,0.0136327185244587,0.0016038492381716
13487,MSP,13931,ORF,34,34,13,0,0,0.3823529411764705,0.0,0.0
13487,MSP,14027,PBI,130,130,31,0,0,0.2384615384615384,0.0,0.0
13487,MSP,14057,PDX,1402,1397,246,4,1,0.1760916249105225,0.0028530670470756,0.0007132667617689
13487,MSP,14082,PGD,38,38,11,0,0,0.2894736842105263,0.0,0.0
13487,MSP,14100,PHL,1895,1858,386,32,5,0.2077502691065662,0.01688654353562,0.0026385224274406
13487,MSP,14107,PHX,3267,3250,648,10,7,0.1993846153846153,0.0030609121518212,0.0021426385062748
13487,MSP,14122,PIT,605,600,131,4,1,0.2183333333333333,0.0066115702479338,0.0016528925619834
13487,MSP,14252,PSC,365,364,97,0,1,0.2664835164835165,0.0,0.0027397260273972
13487,MSP,14262,PSP,313,313,57,0,0,0.182108626198083,0.0,0.0
13487,MSP,14307,PVD,92,91,30,1,0,0.3296703296703296,0.0108695652173913,0.0
13487,MSP,14321,PWM,142,142,12,0,0,0.0845070422535211,0.0,0.0
13487,MSP,14457,RAP,179,178,24,0,1,0.1348314606741573,0.0,0.0055865921787709
13487,MSP,14492,RDU,1227,1220,233,6,1,0.190983606557377,0.0048899755501222,0.0008149959250203
13487,MSP,14520,RHI,724,708,81,14,2,0.1144067796610169,0.0193370165745856,0.0027624309392265
13487,MSP,14524,RIC,86,85,25,1,0,0.2941176470588235,0.0116279069767441,0.0
13487,MSP,14570,RNO,92,92,23,0,0,0.25,0.0,0.0
13487,MSP,14633,RST,223,222,35,1,0,0.1576576576576576,0.0044843049327354,0.0
13487,MSP,14635,RSW,1237,1227,253,8,2,0.2061939690301548,0.0064672594987873,0.0016168148746968
13487,MSP,14679,SAN,1310,1300,301,4,6,0.2315384615384615,0.0030534351145038,0.0045801526717557
13487,MSP,14683,SAT,893,883,240,8,2,0.2718006795016987,0.0089585666293393,0.0022396416573348
13487,MSP,14685,SAV,247,244,45,2,1,0.1844262295081967,0.0080971659919028,0.0040485829959514
13487,MSP,14696,SBN,365,362,65,3,0,0.1795580110497237,0.0082191780821917,0.0
13487,MSP,14730,SDF,592,586,96,4,2,0.1638225255972696,0.0067567567567567,0.0033783783783783
13487,MSP,14747,SEA,2711,2693,428,15,3,0.1589305607129595,0.0055330136481003,0.00110660272962
13487,MSP,14771,SFO,1909,1900,398,6,3,0.2094736842105263,0.003143006809848,0.001571503404924
13487,MSP,14831,SJC,506,501,154,4,1,0.3073852295409182,0.0079051383399209,0.0019762845849802
13487,MSP,14843,SJU,176,172,30,2,2,0.1744186046511628,0.0113636363636363,0.0113636363636363
13487,MSP,14869,SLC,1597,1594,226,3,0,0.1417816813048933,0.0018785222291797,0.0
13487,MSP,14893,SMF,590,588,104,2,0,0.1768707482993197,0.0033898305084745,0.0
13487,MSP,14908,SNA,591,584,182,4,3,0.3116438356164384,0.0067681895093062,0.0050761421319796
13487,MSP,14986,SRQ,260,258,35,1,1,0.1356589147286821,0.0038461538461538,0.0038461538461538
13487,MSP,15016,STL,1791,1774,350,15,2,0.1972942502818489,0.0083752093802345,0.0011166945840312
13487,MSP,15096,SYR,5,5,2,0,0,0.4,0.0,0.0
13487,MSP,15304,TPA,1200,1192,235,6,2,0.1971476510067114,0.005,0.0016666666666666
13487,MSP,15376,TUS,177,174,23,3,0,0.132183908045977,0.0169491525423728,0.0
13487,MSP,15380,TVC,131,131,19,0,0,0.1450381679389313,0.0,0.0
13487,MSP,15412,TYS,25,25,7,0,0,0.28,0.0,0.0
13487,MSP,15624,VPS,333,330,45,2,1,0.1363636363636363,0.006006006006006,0.003003003003003
13487,MSP,15919,XNA,43,43,15,0,0,0.3488372093023256,0.0,0.0
13487,MSP,16869,XWA,864,849,177,9,6,0.2084805653710247,0.0104166666666666,0.0069444444444444
13495,MSY,10397,ATL,4359,4262,796,88,9,0.1867667761614265,0.0201881165404909,0.0020646937370956
13495,MSY,10423,AUS,2058,2034,455,19,5,0.2236971484759095,0.0092322643343051,0.0024295432458697
13495,MSY,10693,BNA,1588,1563,305,23,2,0.1951375559820857,0.0144836272040302,0.0012594458438287
13495,MSY,10721,BOS,1007,994,339,13,0,0.341046277665996,0.012909632571996,0.0
13495,MSY,10792,BUF,1,1,0,0,0,0.0,0.0,0.0
13495,MSY,10800,BUR,22,22,10,0,0,0.4545454545454545,0.0,0.0
13495,MSY,10821,BWI,1294,1273,235,21,0,0.1846032992930086,0.0162287480680061,0.0
13495,MSY,11057,CLT,1974,1945,332,29,0,0.1706940874035989,0.0146909827760891,0.0
13495,MSY,11066,CMH,67,66,10,1,0,0.1515151515151515,0.0149253731343283,0.0
13495,MSY,11193,CVG,49,48,17,1,0,0.3541666666666667,0.0204081632653061,0.0
13495,MSY,11259,DAL,2311,2255,472,50,6,0.2093126385809312,0.0216356555603634,0.0025962786672436
13495,MSY,11278,DCA,1927,1832,546,75,20,0.2980349344978166,0.0389206019719771,0.0103788271925272
13495,MSY,11292,DEN,2264,2232,460,25,7,0.2060931899641577,0.0110424028268551,0.0030918727915194
13495,MSY,11298,DFW,2922,2790,813,123,9,0.2913978494623656,0.042094455852156,0.0030800821355236
13495,MSY,11433,DTW,906,891,152,14,1,0.1705948372615039,0.0154525386313465,0.0011037527593818
13495,MSY,11618,EWR,1249,1211,319,31,7,0.2634186622625929,0.0248198558847077,0.0056044835868694
13495,MSY,11697,FLL,1222,1203,283,17,2,0.2352452202826267,0.013911620294599,0.0016366612111292
13495,MSY,11996,GSP,3,3,1,0,0,0.3333333333333333,0.0,0.0
13495,MSY,12191,HOU,2284,2252,452,28,4,0.2007104795737122,0.0122591943957968,0.0017513134851138
13495,MSY,12264,IAD,656,647,65,8,1,0.1004636785162287,0.0121951219512195,0.0015243902439024
13495,MSY,12266,IAH,3073,3022,519,48,3,0.171740569159497,0.0156199153921249,0.0009762447120078
13495,MSY,12339,IND,28,28,2,0,0,0.0714285714285714,0.0,0.0
13495,MSY,12478,JFK,1156,1115,259,37,4,0.232286995515695,0.0320069204152249,0.0034602076124567
13495,MSY,12889,LAS,988,980,183,7,1,0.186734693877551,0.0070850202429149,0.0010121457489878
13495,MSY,12892,LAX,1777,1755,347,18,4,0.1977207977207977,0.0101294316263365,0.0022509848058525
13495,MSY,12953,LGA,1475,1431,424,32,12,0.2962962962962963,0.0216949152542372,0.0081355932203389
13495,MSY,12954,LGB,17,17,7,0,0,0.4117647058823529,0.0,0.0
13495,MSY,13198,MCI,411,407,92,4,0,0.226044226044226,0.0097323600973236,0.0
13495,MSY,13204,MCO,2351,2320,466,27,4,0.2008620689655172,0.0114844746916205,0.0017014036580178
13495,MSY,13232,MDW,1016,1000,177,10,6,0.177,0.0098425196850393,0.0059055118110236
13495,MSY,13244,MEM,19,19,7,0,0,0.3684210526315789,0.0,0.0
13495,MSY,13303,MIA,1707,1666,393,36,5,0.2358943577430972,0.0210896309314587,0.002929115407147
13495,MSY,13487,MSP,427,417,66,6,4,0.158273381294964,0.0140515222482435,0.009367681498829
13495,MSY,13796,OAK,2,2,1,0,0,0.5,0.0,0.0
13495,MSY,13851,OKC,1,1,0,0,0,0.0,0.0,0.0
13495,MSY,13930,ORD,2102,2056,366,30,16,0.1780155642023346,0.0142721217887725,0.0076117982873453
13495,MSY,14057,PDX,129,126,25,3,0,0.1984126984126984,0.0232558139534883,0.0
13495,MSY,14082,PGD,12,12,3,0,0,0.25,0.0,0.0
13495,MSY,14100,PHL,1120,1089,257,26,5,0.2359963269054178,0.0232142857142857,0.0044642857142857
13495,MSY,14107,PHX,819,810,215,5,4,0.2654320987654321,0.0061050061050061,0.0048840048840048
13495,MSY,14492,RDU,84,82,13,2,0,0.1585365853658536,0.0238095238095238,0.0
13495,MSY,14679,SAN,349,346,89,3,0,0.2572254335260115,0.0085959885386819,0.0
13495,MSY,14683,SAT,401,398,82,3,0,0.2060301507537688,0.0074812967581047,0.0
13495,MSY,14747,SEA,666,657,192,9,0,0.2922374429223744,0.0135135135135135,0.0
13495,MSY,14771,SFO,522,516,103,6,0,0.1996124031007752,0.0114942528735632,0.0
13495,MSY,14843,SJU,19,16,2,2,1,0.125,0.1052631578947368,0.0526315789473684
13495,MSY,14869,SLC,464,460,35,3,1,0.0760869565217391,0.0064655172413793,0.0021551724137931
13495,MSY,15016,STL,732,718,119,13,1,0.1657381615598885,0.01775956284153,0.0013661202185792
13495,MSY,15304,TPA,1091,1073,215,16,2,0.2003727865796831,0.0146654445462878,0.0018331805682859
13502,MTJ,10397,ATL,95,92,12,2,1,0.1304347826086956,0.0210526315789473,0.0105263157894736
13502,MTJ,10423,AUS,5,5,1,0,0,0.2,0.0,0.0
13502,MTJ,11259,DAL,55,55,15,0,0,0.2727272727272727,0.0,0.0
13502,MTJ,11292,DEN,1398,1388,337,7,3,0.2427953890489913,0.0050071530758226,0.0021459227467811
13502,MTJ,11298,DFW,595,582,144,9,4,0.2474226804123711,0.015126050420168,0.0067226890756302
13502,MTJ,11618,EWR,84,83,31,1,0,0.3734939759036144,0.0119047619047619,0.0
13502,MTJ,12266,IAH,2,2,2,0,0,1.0,0.0,0.0
13502,MTJ,12892,LAX,37,37,2,0,0,0.054054054054054,0.0,0.0
13502,MTJ,13930,ORD,106,105,21,0,1,0.2,0.0,0.0094339622641509
13502,MTJ,14771,SFO,42,42,8,0,0,0.1904761904761904,0.0,0.0
13541,MVY,10721,BOS,93,91,6,2,0,0.0659340659340659,0.021505376344086,0.0
13541,MVY,11057,CLT,11,11,2,0,0,0.1818181818181818,0.0,0.0
13541,MVY,11278,DCA,275,258,97,16,1,0.375968992248062,0.0581818181818181,0.0036363636363636
13541,MVY,12478,JFK,288,277,81,11,0,0.2924187725631769,0.0381944444444444,0.0
13541,MVY,12953,LGA,316,302,66,14,0,0.2185430463576159,0.0443037974683544,0.0
13541,MVY,13930,ORD,11,9,6,0,2,0.6666666666666666,0.0,0.1818181818181818
13541,MVY,14100,PHL,76,75,27,0,1,0.36,0.0,0.0131578947368421
13577,MYR,10135,ABE,229,225,59,3,1,0.2622222222222222,0.0131004366812227,0.0043668122270742
13577,MYR,10158,ACY,196,193,33,3,0,0.1709844559585492,0.0153061224489795,0.0
13577,MYR,10257,ALB,159,154,35,3,2,0.2272727272727272,0.0188679245283018,0.0125786163522012
13577,MYR,10397,ATL,1483,1466,221,17,0,0.15075034106412,0.0114632501685772,0.0
13577,MYR,10529,BDL,187,186,19,1,0,0.1021505376344086,0.0053475935828877,0.0
13577,MYR,10676,BLV,26,25,8,0,1,0.32,0.0,0.0384615384615384
13577,MYR,10693,BNA,623,617,122,5,1,0.1977309562398703,0.0080256821829855,0.0016051364365971
13577,MYR,10721,BOS,639,627,165,12,0,0.2631578947368421,0.0187793427230046,0.0
13577,MYR,10821,BWI,1033,1021,177,12,0,0.1733594515181195,0.0116166505324298,0.0
13577,MYR,10874,CAK,62,62,10,0,0,0.1612903225806451,0.0,0.0
13577,MYR,11027,CKB,26,23,20,3,0,0.8695652173913043,0.1153846153846153,0.0
13577,MYR,11042,CLE,168,167,29,1,0,0.1736526946107784,0.0059523809523809,0.0
13577,MYR,11057,CLT,2429,2368,411,61,0,0.1735641891891892,0.0251132153149444,0.0
13577,MYR,11066,CMH,27,26,11,0,1,0.4230769230769231,0.0,0.037037037037037
13577,MYR,11193,CVG,131,129,43,2,0,0.3333333333333333,0.015267175572519,0.0
13577,MYR,11259,DAL,48,48,10,0,0,0.2083333333333333,0.0,0.0
13577,MYR,11278,DCA,706,668,245,37,1,0.3667664670658682,0.0524079320113314,0.0014164305949008
13577,MYR,11292,DEN,100,98,36,0,2,0.3673469387755102,0.0,0.02
13577,MYR,11298,DFW,506,483,136,16,7,0.2815734989648033,0.0316205533596837,0.0138339920948616
13577,MYR,11433,DTW,580,571,86,9,0,0.1506129597197898,0.0155172413793103,0.0
13577,MYR,11618,EWR,1032,962,236,69,1,0.2453222453222453,0.066860465116279,0.000968992248062
13577,MYR,11697,FLL,376,371,73,5,0,0.1967654986522911,0.0132978723404255,0.0
13577,MYR,11823,FWA,35,33,1,1,1,0.0303030303030303,0.0285714285714285,0.0285714285714285
13577,MYR,11986,GRR,30,30,12,0,0,0.4,0.0,0.0
13577,MYR,12119,HGR,75,72,41,3,0,0.5694444444444444,0.04,0.0
13577,MYR,12223,HTS,66,66,15,0,0,0.2272727272727272,0.0,0.0
13577,MYR,12264,IAD,11,11,0,0,0,0.0,0.0,0.0
13577,MYR,12265,IAG,48,48,11,0,0,0.2291666666666666,0.0,0.0
13577,MYR,12339,IND,13,13,9,0,0,0.6923076923076923,0.0,0.0
13577,MYR,12391,ISP,114,108,42,6,0,0.3888888888888889,0.0526315789473684,0.0
13577,MYR,12898,LBE,153,152,35,1,0,0.2302631578947368,0.0065359477124183,0.0
13577,MYR,12917,LCK,111,108,45,3,0,0.4166666666666667,0.027027027027027,0.0
13577,MYR,12945,LEX,24,24,3,0,0,0.125,0.0,0.0
13577,MYR,12953,LGA,676,659,164,17,0,0.2488619119878604,0.0251479289940828,0.0
13577,MYR,13198,MCI,9,9,5,0,0,0.5555555555555556,0.0,0.0
13577,MYR,13204,MCO,422,419,58,3,0,0.1384248210023866,0.0071090047393364,0.0
13577,MYR,13230,MDT,73,68,28,5,0,0.4117647058823529,0.0684931506849315,0.0
13577,MYR,13232,MDW,438,432,71,5,1,0.1643518518518518,0.0114155251141552,0.002283105022831
13577,MYR,13487,MSP,124,123,22,0,1,0.1788617886178861,0.0,0.0080645161290322
13577,MYR,13495,MSY,1,1,0,0,0,0.0,0.0,0.0
13577,MYR,13930,ORD,354,348,107,2,4,0.3074712643678161,0.0056497175141242,0.0112994350282485
13577,MYR,14025,PBG,32,29,3,3,0,0.1034482758620689,0.09375,0.0
13577,MYR,14100,PHL,226,219,63,6,1,0.2876712328767123,0.0265486725663716,0.0044247787610619
13577,MYR,14122,PIT,325,318,63,7,0,0.1981132075471698,0.0215384615384615,0.0
13577,MYR,14576,ROC,26,26,3,0,0,0.1153846153846153,0.0,0.0
13577,MYR,14730,SDF,38,38,8,0,0,0.2105263157894736,0.0,0.0
13577,MYR,15016,STL,61,59,4,0,2,0.0677966101694915,0.0,0.0327868852459016
13577,MYR,15070,SWF,169,165,29,3,1,0.1757575757575757,0.0177514792899408,0.0059171597633136
13577,MYR,15096,SYR,80,78,19,1,1,0.2435897435897435,0.0125,0.0125
13577,MYR,15356,TTN,32,31,5,1,0,0.1612903225806451,0.03125,0.0
13795,OAJ,11057,CLT,351,331,52,19,1,0.1570996978851963,0.0541310541310541,0.0028490028490028
13796,OAK,10140,ABQ,356,354,63,1,1,0.1779661016949152,0.0028089887640449,0.0028089887640449
13796,OAK,10423,AUS,359,358,51,0,1,0.1424581005586592,0.0,0.0027855153203342
13796,OAK,10666,BLI,147,146,26,0,1,0.1780821917808219,0.0,0.0068027210884353
13796,OAK,10693,BNA,1,1,0,0,0,0.0,0.0,0.0
13796,OAK,10713,BOI,662,661,108,0,1,0.1633888048411497,0.0,0.0015105740181268
13796,OAK,10800,BUR,3068,3013,461,46,9,0.1530036508463325,0.014993481095176,0.0029335071707953
13796,OAK,10821,BWI,4,4,0,0,0,0.0,0.0,0.0
13796,OAK,11259,DAL,563,557,117,3,3,0.2100538599640933,0.0053285968028419,0.0053285968028419
13796,OAK,11292,DEN,1702,1692,414,4,6,0.2446808510638297,0.0023501762632197,0.0035252643948296
13796,OAK,11603,EUG,366,364,83,2,0,0.228021978021978,0.0054644808743169,0.0
13796,OAK,11648,FCA,18,18,2,0,0,0.1111111111111111,0.0,0.0
13796,OAK,11884,GEG,513,513,100,0,0,0.1949317738791423,0.0,0.0
13796,OAK,12173,HNL,798,792,113,5,1,0.1426767676767676,0.006265664160401,0.0012531328320802
13796,OAK,12191,HOU,374,367,53,3,4,0.1444141689373297,0.0080213903743315,0.0106951871657754
13796,OAK,12280,IDA,30,30,10,0,0,0.3333333333333333,0.0,0.0
13796,OAK,12758,KOA,64,63,2,0,1,0.0317460317460317,0.0,0.015625
13796,OAK,12889,LAS,3919,3893,676,22,4,0.1736450038530696,0.0056136769584077,0.0010206685378923
13796,OAK,12892,LAX,2262,2234,361,28,0,0.1615935541629364,0.0123784261715296,0.0
13796,OAK,12954,LGB,1753,1747,215,3,3,0.1230681167716084,0.0017113519680547,0.0017113519680547
13796,OAK,12982,LIH,696,691,86,4,1,0.1244573082489146,0.0057471264367816,0.0014367816091954
13796,OAK,13198,MCI,355,351,48,3,1,0.1367521367521367,0.0084507042253521,0.0028169014084507
13796,OAK,13232,MDW,396,390,40,1,5,0.1025641025641025,0.0025252525252525,0.0126262626262626
13796,OAK,13486,MSO,18,18,8,0,0,0.4444444444444444,0.0,0.0
13796,OAK,13495,MSY,2,2,0,0,0,0.0,0.0,0.0
13796,OAK,13830,OGG,688,677,75,9,2,0.1107828655834564,0.0130813953488372,0.002906976744186
13796,OAK,13891,ONT,1574,1565,216,8,1,0.1380191693290735,0.0050825921219822,0.0006353240152477
13796,OAK,14057,PDX,1350,1342,229,6,2,0.1706408345752608,0.0044444444444444,0.0014814814814814
13796,OAK,14107,PHX,1997,1991,400,3,3,0.2009040683073832,0.0015022533800701,0.0015022533800701
13796,OAK,14262,PSP,503,502,79,0,1,0.1573705179282868,0.0,0.0019880715705765
13796,OAK,14570,RNO,227,224,31,3,0,0.1383928571428571,0.013215859030837,0.0
13796,OAK,14679,SAN,3268,3226,794,38,4,0.2461252324860508,0.0116279069767441,0.0012239902080783
13796,OAK,14689,SBA,325,322,36,2,1,0.1118012422360248,0.0061538461538461,0.003076923076923
13796,OAK,14747,SEA,1901,1890,421,11,0,0.2227513227513227,0.0057864281956864,0.0
13796,OAK,14869,SLC,1767,1764,173,2,1,0.0980725623582766,0.0011318619128466,0.0005659309564233
13796,OAK,14908,SNA,2561,2539,328,16,6,0.1291847183930681,0.0062475595470519,0.0023428348301444
13796,OAK,15016,STL,4,4,0,0,0,0.0,0.0,0.0
13830,OGG,10299,ANC,58,55,13,2,1,0.2363636363636363,0.0344827586206896,0.0172413793103448
13830,OGG,10397,ATL,129,125,20,4,0,0.16,0.0310077519379844,0.0
13830,OGG,11292,DEN,393,384,40,6,3,0.1041666666666666,0.015267175572519,0.0076335877862595
13830,OGG,11298,DFW,416,413,78,1,2,0.1888619854721549,0.0024038461538461,0.0048076923076923
13830,OGG,11618,EWR,3,3,0,0,0,0.0,0.0,0.0
13830,OGG,12173,HNL,10708,10595,1188,112,1,0.1121283624351109,0.0104594695554725,9.338812103100486e-05
13830,OGG,12402,ITO,314,313,54,0,1,0.1725239616613418,0.0,0.0031847133757961
13830,OGG,12758,KOA,1468,1465,215,3,0,0.1467576791808873,0.0020435967302452,0.0
13830,OGG,12889,LAS,764,761,97,3,0,0.1274638633377135,0.0039267015706806,0.0
13830,OGG,12892,LAX,1885,1869,332,12,4,0.1776350989834136,0.006366047745358,0.0021220159151193
13830,OGG,12954,LGB,370,369,47,1,0,0.1273712737127371,0.0027027027027027,0.0
13830,OGG,12982,LIH,1460,1454,232,5,1,0.1595598349381017,0.0034246575342465,0.0006849315068493
13830,OGG,13796,OAK,685,682,84,3,0,0.1231671554252199,0.0043795620437956,0.0
13830,OGG,13930,ORD,146,141,17,4,1,0.1205673758865248,0.0273972602739726,0.0068493150684931
13830,OGG,14057,PDX,728,718,134,7,3,0.1866295264623955,0.0096153846153846,0.0041208791208791
13830,OGG,14107,PHX,730,729,55,1,0,0.0754458161865569,0.0013698630136986,0.0
13830,OGG,14679,SAN,728,708,186,11,9,0.2627118644067797,0.0151098901098901,0.0123626373626373
13830,OGG,14747,SEA,1809,1772,380,28,9,0.2144469525959368,0.015478164731896,0.0049751243781094
13830,OGG,14771,SFO,1490,1482,127,7,1,0.0856950067476383,0.0046979865771812,0.0006711409395973
13830,OGG,14831,SJC,528,526,90,2,0,0.1711026615969581,0.0037878787878787,0.0
13830,OGG,14869,SLC,189,181,27,8,0,0.149171270718232,0.0423280423280423,0.0
13830,OGG,14893,SMF,504,500,99,1,3,0.198,0.0019841269841269,0.0059523809523809
13851,OKC,10397,ATL,1829,1790,279,30,9,0.1558659217877095,0.0164024056861673,0.0049207217058501
13851,OKC,10423,AUS,326,324,59,2,0,0.1820987654320987,0.0061349693251533,0.0
13851,OKC,10599,BHM,7,7,0,0,0,0.0,0.0,0.0
13851,OKC,10693,BNA,347,345,73,0,2,0.2115942028985507,0.0,0.0057636887608069
13851,OKC,11057,CLT,793,770,122,21,2,0.1584415584415584,0.0264817150063051,0.0025220680958385
13851,OKC,11278,DCA,715,686,195,20,9,0.2842565597667638,0.0279720279720279,0.0125874125874125
13851,OKC,11292,DEN,3269,3245,818,19,5,0.2520801232665639,0.0058121749770572,0.0015295197308045
13851,OKC,11298,DFW,3223,3110,777,109,4,0.2498392282958199,0.0338194228979211,0.0012410797393732
13851,OKC,11433,DTW,5,5,0,0,0,0.0,0.0,0.0
13851,OKC,11603,EUG,1,1,0,0,0,0.0,0.0,0.0
13851,OKC,12191,HOU,1305,1289,227,12,4,0.1761055081458495,0.0091954022988505,0.0030651340996168
13851,OKC,12266,IAH,1420,1397,279,14,9,0.199713672154617,0.0098591549295774,0.006338028169014
13851,OKC,12889,LAS,1219,1214,218,4,1,0.1795716639209225,0.0032813781788351,0.0008203445447087
13851,OKC,12892,LAX,850,844,130,3,3,0.1540284360189573,0.0035294117647058,0.0035294117647058
13851,OKC,12953,LGA,1014,973,211,35,6,0.2168550873586844,0.034516765285996,0.0059171597633136
13851,OKC,13204,MCO,367,361,83,3,3,0.2299168975069252,0.0081743869209809,0.0081743869209809
13851,OKC,13232,MDW,502,494,72,5,3,0.145748987854251,0.0099601593625498,0.0059760956175298
13851,OKC,13303,MIA,166,166,23,0,0,0.1385542168674698,0.0,0.0
13851,OKC,13487,MSP,366,364,36,1,1,0.0989010989010989,0.0027322404371584,0.0027322404371584
13851,OKC,13495,MSY,1,1,1,0,0,1.0,0.0,0.0
13851,OKC,13930,ORD,2465,2416,575,40,9,0.2379966887417218,0.0162271805273833,0.0036511156186612
13851,OKC,14107,PHX,1892,1877,391,12,3,0.2083111347895578,0.0063424947145877,0.0015856236786469
13851,OKC,14683,SAT,223,223,38,0,0,0.1704035874439461,0.0,0.0
13851,OKC,14747,SEA,379,375,80,4,0,0.2133333333333333,0.0105540897097625,0.0
13851,OKC,14761,SFB,22,22,15,0,0,0.6818181818181818,0.0,0.0
13851,OKC,14869,SLC,706,705,65,1,0,0.0921985815602836,0.0014164305949008,0.0
13851,OKC,15016,STL,696,688,88,8,0,0.127906976744186,0.0114942528735632,0.0
13851,OKC,15412,TYS,3,3,1,0,0,0.3333333333333333,0.0,0.0
13851,OKC,15624,VPS,79,79,33,0,0,0.4177215189873418,0.0,0.0
13871,OMA,10397,ATL,1788,1756,244,25,7,0.1389521640091116,0.0139821029082774,0.0039149888143176
13871,OMA,10423,AUS,20,20,7,0,0,0.35,0.0,0.0
13871,OMA,10466,AZA,109,109,29,0,0,0.2660550458715596,0.0,0.0
13871,OMA,10693,BNA,344,341,64,2,1,0.187683284457478,0.005813953488372,0.002906976744186
13871,OMA,10721,BOS,1,1,0,0,0,0.0,0.0,0.0
13871,OMA,11057,CLT,996,973,184,18,5,0.1891058581706063,0.0180722891566265,0.0050200803212851
13871,OMA,11259,DAL,427,424,93,3,0,0.2193396226415094,0.0070257611241217,0.0
13871,OMA,11278,DCA,642,628,105,8,6,0.1671974522292993,0.0124610591900311,0.0093457943925233
13871,OMA,11292,DEN,3285,3247,807,31,7,0.2485371111795503,0.0094368340943683,0.0021308980213089
13871,OMA,11298,DFW,1590,1535,390,50,5,0.254071661237785,0.0314465408805031,0.0031446540880503
13871,OMA,11433,DTW,1149,1140,212,8,1,0.1859649122807017,0.0069625761531766,0.000870322019147
13871,OMA,11618,EWR,4,4,3,0,0,0.75,0.0,0.0
13871,OMA,11697,FLL,13,13,2,0,0,0.1538461538461538,0.0,0.0
13871,OMA,12191,HOU,392,387,62,3,2,0.1602067183462532,0.0076530612244897,0.0051020408163265
13871,OMA,12266,IAH,687,673,97,14,0,0.1441307578008915,0.0203784570596797,0.0
13871,OMA,12889,LAS,1123,1116,153,4,3,0.1370967741935483,0.0035618878005342,0.0026714158504007
13871,OMA,12892,LAX,464,461,68,2,1,0.1475054229934924,0.0043103448275862,0.0021551724137931
13871,OMA,12953,LGA,434,414,56,20,0,0.1352657004830917,0.0460829493087557,0.0
13871,OMA,13204,MCO,365,359,73,5,1,0.2033426183844011,0.0136986301369863,0.0027397260273972
13871,OMA,13232,MDW,1393,1371,238,18,4,0.1735959153902261,0.0129217516152189,0.0028715003589375
13871,OMA,13303,MIA,153,148,23,4,1,0.1554054054054054,0.0261437908496732,0.0065359477124183
13871,OMA,13487,MSP,1343,1335,263,8,0,0.197003745318352,0.0059568131049888,0.0
13871,OMA,13930,ORD,2797,2738,644,56,3,0.2352081811541271,0.0200214515552377,0.0010725777618877
13871,OMA,14082,PGD,93,93,20,0,0,0.2150537634408602,0.0,0.0
13871,OMA,14100,PHL,298,289,65,7,2,0.2249134948096885,0.023489932885906,0.0067114093959731
13871,OMA,14107,PHX,1995,1975,321,18,2,0.1625316455696202,0.0090225563909774,0.0010025062656641
13871,OMA,14112,PIE,124,124,28,0,0,0.2258064516129032,0.0,0.0
13871,OMA,14679,SAN,16,16,7,0,0,0.4375,0.0,0.0
13871,OMA,14747,SEA,496,495,82,1,0,0.1656565656565656,0.002016129032258,0.0
13871,OMA,14761,SFB,107,107,30,0,0,0.2803738317757009,0.0,0.0
13871,OMA,14771,SFO,373,371,74,2,0,0.1994609164420485,0.0053619302949061,0.0
13871,OMA,14869,SLC,706,703,54,3,0,0.0768136557610241,0.0042492917847025,0.0
13871,OMA,14986,SRQ,52,51,4,0,1,0.0784313725490196,0.0,0.0192307692307692
13871,OMA,15016,STL,817,807,70,10,0,0.0867410161090458,0.0122399020807833,0.0
13871,OMA,15304,TPA,21,21,3,0,0,0.1428571428571428,0.0,0.0
13871,OMA,15624,VPS,31,29,8,0,2,0.2758620689655172,0.0,0.064516129032258
13873,OME,10299,ANC,358,348,69,10,0,0.1982758620689655,0.0279329608938547,0.0
13891,ONT,10397,ATL,930,910,82,15,5,0.0901098901098901,0.0161290322580645,0.0053763440860215
13891,ONT,10423,AUS,351,347,58,2,2,0.1671469740634005,0.0056980056980056,0.0056980056980056
13891,ONT,10693,BNA,329,329,54,0,0,0.1641337386018237,0.0,0.0
13891,ONT,10800,BUR,1,0,0,1,0,,1.0,0.0
13891,ONT,10821,BWI,185,184,36,1,0,0.1956521739130435,0.0054054054054054,0.0
13891,ONT,11057,CLT,324,321,55,3,0,0.1713395638629283,0.0092592592592592,0.0
13891,ONT,11259,DAL,404,397,76,5,2,0.1914357682619647,0.0123762376237623,0.0049504950495049
13891,ONT,11292,DEN,2800,2771,633,16,13,0.2284373872248286,0.0057142857142857,0.0046428571428571
13891,ONT,11298,DFW,2356,2275,516,65,16,0.2268131868131868,0.0275891341256366,0.0067911714770797
13891,ONT,12173,HNL,366,363,43,2,1,0.1184573002754821,0.0054644808743169,0.0027322404371584
13891,ONT,12191,HOU,362,359,69,1,2,0.192200557103064,0.0027624309392265,0.005524861878453
13891,ONT,12266,IAH,536,530,92,5,1,0.1735849056603773,0.0093283582089552,0.001865671641791
13891,ONT,12478,JFK,179,176,39,2,1,0.2215909090909091,0.0111731843575419,0.0055865921787709
13891,ONT,12889,LAS,2558,2530,542,27,1,0.2142292490118577,0.0105551211884284,0.0003909304143862
13891,ONT,13232,MDW,360,357,29,2,1,0.0812324929971988,0.0055555555555555,0.0027777777777777
13891,ONT,13796,OAK,1573,1567,191,6,0,0.1218889597957881,0.003814367450731,0.0
13891,ONT,13930,ORD,208,206,41,0,2,0.1990291262135922,0.0,0.0096153846153846
13891,ONT,14057,PDX,550,542,64,7,1,0.1180811808118081,0.0127272727272727,0.0018181818181818
13891,ONT,14107,PHX,3167,3148,509,19,0,0.1616899618805591,0.0059993684875276,0.0
13891,ONT,14747,SEA,2614,2575,396,33,6,0.1537864077669903,0.0126243305279265,0.0022953328232593
13891,ONT,14771,SFO,1356,1340,311,15,1,0.2320895522388059,0.0110619469026548,0.0007374631268436
13891,ONT,14831,SJC,1341,1339,182,2,0,0.1359223300970873,0.0014914243102162,0.0
13891,ONT,14869,SLC,1223,1218,91,5,0,0.0747126436781609,0.0040883074407195,0.0
13891,ONT,14893,SMF,2089,2082,249,5,2,0.1195965417867435,0.0023934897079942,0.0009573958831977
13930,ORD,10135,ABE,88,87,22,1,0,0.2528735632183908,0.0113636363636363,0.0
13930,ORD,10140,ABQ,1150,1137,314,11,2,0.2761653474054529,0.0095652173913043,0.0017391304347826
13930,ORD,10154,ACK,27,26,4,0,1,0.1538461538461538,0.0,0.037037037037037
13930,ORD,10208,AGS,12,12,3,0,0,0.25,0.0,0.0
13930,ORD,10257,ALB,1818,1789,417,27,2,0.2330911123532699,0.0148514851485148,0.0011001100110011
13930,ORD,10268,ALO,391,376,95,9,6,0.2526595744680851,0.0230179028132992,0.0153452685421994
13930,ORD,10299,ANC,785,780,185,3,2,0.2371794871794871,0.0038216560509554,0.0025477707006369
13930,ORD,10372,ASE,959,874,355,19,66,0.4061784897025172,0.0198123044838373,0.0688216892596454
13930,ORD,10397,ATL,6193,6057,1491,114,22,0.246161466072313,0.0184078798643629,0.0035523978685612
13930,ORD,10408,ATW,2346,2290,657,48,8,0.2868995633187773,0.0204603580562659,0.0034100596760443
13930,ORD,10423,AUS,3057,3010,812,40,7,0.2697674418604651,0.0130847235852142,0.0022898266274124
13930,ORD,10431,AVL,1159,1142,276,15,2,0.2416812609457092,0.0129421915444348,0.0017256255392579
13930,ORD,10434,AVP,563,550,134,13,0,0.2436363636363636,0.0230905861456483,0.0
13930,ORD,10469,AZO,600,572,140,27,1,0.2447552447552447,0.045,0.0016666666666666
13930,ORD,10529,BDL,2301,2271,509,29,1,0.2241303390576838,0.0126032159930465,0.0004345936549326
13930,ORD,10581,BGR,547,544,94,1,2,0.1727941176470588,0.0018281535648994,0.0036563071297989
13930,ORD,10599,BHM,772,764,157,8,0,0.2054973821989529,0.0103626943005181,0.0
13930,ORD,10620,BIL,429,425,88,2,2,0.2070588235294117,0.0046620046620046,0.0046620046620046
13930,ORD,10627,BIS,210,209,41,0,1,0.1961722488038277,0.0,0.0047619047619047
13930,ORD,10685,BMI,616,596,128,19,1,0.2147651006711409,0.0308441558441558,0.0016233766233766
13930,ORD,10693,BNA,4934,4836,1402,86,12,0.2899090157154673,0.0174300770166193,0.0024321037697608
13930,ORD,10713,BOI,935,925,247,4,6,0.267027027027027,0.0042780748663101,0.0064171122994652
13930,ORD,10721,BOS,7290,7165,2145,109,16,0.2993719469644103,0.0149519890260631,0.0021947873799725
13930,ORD,10785,BTV,1162,1147,320,11,4,0.2789886660854402,0.0094664371772805,0.0034423407917383
13930,ORD,10792,BUF,2128,2084,533,38,6,0.2557581573896353,0.0178571428571428,0.0028195488721804
13930,ORD,10821,BWI,2671,2611,649,52,8,0.2485637686710072,0.0194683639086484,0.0029951329090228
13930,ORD,10849,BZN,1116,1101,313,8,7,0.2842870118074477,0.007168458781362,0.0062724014336917
13930,ORD,10868,CAE,361,351,107,8,2,0.3048433048433048,0.0221606648199446,0.0055401662049861
13930,ORD,10874,CAK,1497,1449,450,44,4,0.3105590062111801,0.0293921175684702,0.0026720106880427
13930,ORD,10980,CHA,656,631,184,20,5,0.2916006339144215,0.0304878048780487,0.0076219512195121
13930,ORD,10990,CHO,971,941,266,23,7,0.2826780021253985,0.0236869207003089,0.0072090628218331
13930,ORD,10994,CHS,1799,1768,356,29,2,0.2013574660633484,0.0161200667037242,0.0011117287381878
13930,ORD,11003,CID,2327,2264,647,60,3,0.2857773851590106,0.0257842715943274,0.0012892135797163
13930,ORD,11013,CIU,137,135,38,1,1,0.2814814814814815,0.0072992700729927,0.0072992700729927
13930,ORD,11042,CLE,4555,4444,1197,106,5,0.2693519351935193,0.023271130625686,0.0010976948408342
13930,ORD,11057,CLT,4225,4163,980,58,4,0.2354071582993034,0.0137278106508875,0.0009467455621301
13930,ORD,11066,CMH,4564,4492,1160,69,3,0.2582368655387355,0.0151183172655565,0.0006573181419807
13930,ORD,11067,CMI,924,895,249,28,1,0.2782122905027933,0.0303030303030303,0.001082251082251
13930,ORD,11076,CMX,795,751,230,36,8,0.3062583222370173,0.0452830188679245,0.010062893081761
13930,ORD,11109,COS,853,842,248,8,3,0.2945368171021377,0.0093786635404454,0.003516998827667
13930,ORD,11111,COU,1239,1196,350,39,4,0.2926421404682274,0.0314769975786924,0.003228410008071
13930,ORD,11146,CRW,966,940,282,20,6,0.3,0.020703933747412,0.0062111801242236
13930,ORD,11193,CVG,4044,3956,1024,86,2,0.2588473205257836,0.0212660731948565,0.0004945598417408
13930,ORD,11203,CWA,750,730,188,18,2,0.2575342465753424,0.024,0.0026666666666666
13930,ORD,11259,DAL,874,856,188,9,9,0.219626168224299,0.0102974828375286,0.0102974828375286
13930,ORD,11267,DAY,1637,1585,467,52,0,0.2946372239747634,0.0317654245571166,0.0
13930,ORD,11278,DCA,6758,6544,1977,173,41,0.3021088019559902,0.0255992897306895,0.0060668836934004
13930,ORD,11288,DEC,627,614,138,11,2,0.2247557003257329,0.0175438596491228,0.0031897926634768
13930,ORD,11292,DEN,6271,6196,1531,57,18,0.2470948999354422,0.009089459416361,0.0028703556051666
13930,ORD,11298,DFW,6722,6512,1850,167,43,0.2840909090909091,0.0248437964891401,0.0063969056828324
13930,ORD,11337,DLH,1099,1073,351,21,5,0.3271202236719478,0.019108280254777,0.0045495905368516
13930,ORD,11423,DSM,2960,2878,770,76,6,0.2675469075747047,0.0256756756756756,0.002027027027027
13930,ORD,11433,DTW,5828,5709,1418,118,1,0.2483797512699246,0.0202470830473575,0.0001715854495538
13930,ORD,11471,EAU,627,608,189,16,3,0.3108552631578947,0.0255183413078149,0.0047846889952153
13930,ORD,11481,ECP,275,272,59,2,1,0.2169117647058823,0.0072727272727272,0.0036363636363636
13930,ORD,11503,EGE,307,303,93,1,3,0.3069306930693069,0.003257328990228,0.009771986970684
13930,ORD,11540,ELP,757,743,193,12,2,0.2597577388963661,0.0158520475561426,0.0026420079260237
13930,ORD,11612,EVV,399,388,103,11,0,0.2654639175257732,0.0275689223057644,0.0
13930,ORD,11618,EWR,5990,5838,1976,140,12,0.3384720794792737,0.023372287145242,0.0020033388981636
13930,ORD,11624,EYW,477,468,125,6,3,0.2670940170940171,0.0125786163522012,0.0062893081761006
13930,ORD,11630,FAI,138,137,34,1,0,0.2481751824817518,0.0072463768115942,0.0
13930,ORD,11637,FAR,2213,2171,611,37,5,0.281437125748503,0.0167193854496159,0.0022593764121102
13930,ORD,11638,FAT,195,193,94,2,0,0.4870466321243523,0.0102564102564102,0.0
13930,ORD,11648,FCA,531,523,143,6,2,0.2734225621414914,0.0112994350282485,0.0037664783427495
13930,ORD,11697,FLL,2992,2956,615,26,10,0.2080514208389715,0.0086898395721925,0.0033422459893048
13930,ORD,11721,FNT,1571,1528,493,42,1,0.3226439790575916,0.0267345639719923,0.0006365372374283
13930,ORD,11725,FOD,627,603,120,19,5,0.1990049751243781,0.0303030303030303,0.0079744816586921
13930,ORD,11775,FSD,1685,1639,594,44,2,0.3624161073825503,0.0261127596439169,0.001186943620178
13930,ORD,11823,FWA,2225,2164,698,58,3,0.3225508317929759,0.026067415730337,0.0013483146067415
13930,ORD,11884,GEG,535,528,147,4,3,0.2784090909090909,0.0074766355140186,0.005607476635514
13930,ORD,11977,GRB,2411,2347,643,60,4,0.273966766084363,0.024885939444214,0.0016590626296142
13930,ORD,11986,GRR,3578,3509,937,64,5,0.2670276432031918,0.0178870877585243,0.0013974287311347
13930,ORD,11995,GSO,1156,1133,221,22,1,0.1950573698146513,0.0190311418685121,0.0008650519031141
13930,ORD,11996,GSP,1518,1468,406,47,3,0.276566757493188,0.030961791831357,0.0019762845849802
13930,ORD,12003,GTF,13,13,1,0,0,0.0769230769230769,0.0,0.0
13930,ORD,12012,GUC,11,11,4,0,0,0.3636363636363636,0.0,0.0
13930,ORD,12094,HDN,179,173,56,0,6,0.3236994219653179,0.0,0.0335195530726257
13930,ORD,12124,HHH,38,38,9,0,0,0.2368421052631578,0.0,0.0
13930,ORD,12173,HNL,487,486,85,1,0,0.1748971193415638,0.002053388090349,0.0
13930,ORD,12197,HPN,1392,1345,297,34,13,0.220817843866171,0.0244252873563218,0.0093390804597701
13930,ORD,12206,HRL,8,7,2,1,0,0.2857142857142857,0.125,0.0
13930,ORD,12217,HSV,1178,1149,382,26,3,0.3324630113141862,0.0220713073005093,0.0025466893039049
13930,ORD,12250,HYA,11,11,3,0,0,0.2727272727272727,0.0,0.0
13930,ORD,12264,IAD,1989,1972,516,12,5,0.2616632860040568,0.0060331825037707,0.0025138260432378
13930,ORD,12266,IAH,5831,5745,1423,73,13,0.2476936466492602,0.0125192934316583,0.0022294632138569
13930,ORD,12278,ICT,2020,1977,655,37,6,0.3313100657561962,0.0183168316831683,0.0029702970297029
13930,ORD,12280,IDA,88,87,41,1,0,0.4712643678160919,0.0113636363636363,0.0
13930,ORD,12323,ILM,345,342,87,2,1,0.2543859649122807,0.0057971014492753,0.0028985507246376
13930,ORD,12339,IND,4801,4692,998,106,3,0.2127024722932651,0.0220787335971672,0.0006248698187877
13930,ORD,12441,JAC,781,773,224,2,6,0.2897800776196636,0.0025608194622279,0.0076824583866837
13930,ORD,12451,JAX,1799,1774,457,23,2,0.2576099210822999,0.0127848804891606,0.0011117287381878
13930,ORD,12478,JFK,1935,1885,507,45,5,0.2689655172413793,0.0232558139534883,0.0025839793281653
13930,ORD,12511,JLN,365,346,98,14,5,0.2832369942196532,0.0383561643835616,0.0136986301369863
13930,ORD,12559,JST,362,343,118,12,7,0.3440233236151603,0.0331491712707182,0.0193370165745856
13930,ORD,12758,KOA,18,18,4,0,0,0.2222222222222222,0.0,0.0
13930,ORD,12878,LAF,237,230,72,7,0,0.3130434782608696,0.0295358649789029,0.0
13930,ORD,12884,LAN,742,729,184,13,0,0.252400548696845,0.0175202156334231,0.0
13930,ORD,12889,LAS,5279,5226,1185,43,10,0.2267508610792193,0.0081454820988823,0.0018942981625307
13930,ORD,12892,LAX,7086,6998,1599,82,6,0.2284938553872535,0.0115721140276601,0.0008467400508044
13930,ORD,12945,LEX,1597,1567,451,26,4,0.2878111040204212,0.0162805259862241,0.0025046963055729
13930,ORD,12953,LGA,11542,11176,3327,298,68,0.2976914817465999,0.0258187489169987,0.0058915265985097
13930,ORD,12992,LIT,1229,1200,299,25,4,0.2491666666666666,0.0203417412530512,0.0032546786004882
13930,ORD,13029,LNK,1263,1237,361,22,4,0.2918350848827809,0.0174188440221694,0.0031670625494853
13930,ORD,13076,LSE,892,866,205,25,1,0.2367205542725173,0.0280269058295964,0.0011210762331838
13930,ORD,13184,MBS,1070,1046,310,20,4,0.2963671128107074,0.0186915887850467,0.0037383177570093
13930,ORD,13198,MCI,3790,3714,971,70,6,0.2614431879375337,0.0184696569920844,0.0015831134564643
13930,ORD,13204,MCO,5801,5725,1365,52,24,0.2384279475982532,0.0089639717290122,0.0041372177210825
13930,ORD,13211,MCW,627,588,137,30,9,0.2329931972789115,0.0478468899521531,0.0143540669856459
13930,ORD,13230,MDT,1522,1494,372,28,0,0.2489959839357429,0.0183968462549277,0.0
13930,ORD,13244,MEM,2236,2198,569,35,3,0.2588717015468608,0.0156529516994633,0.0013416815742397
13930,ORD,13282,MGW,364,336,116,19,9,0.3452380952380952,0.0521978021978022,0.0247252747252747
13930,ORD,13290,MHK,475,462,161,13,0,0.3484848484848485,0.0273684210526315,0.0
13930,ORD,13296,MHT,454,449,93,4,1,0.2071269487750557,0.0088105726872246,0.0022026431718061
13930,ORD,13303,MIA,4337,4276,954,47,14,0.2231057062675397,0.010836984090385,0.0032280378141572
13930,ORD,13342,MKE,4286,4152,1345,129,5,0.3239402697495183,0.0300979934671021,0.0011665888940737
13930,ORD,13367,MLI,1917,1857,517,58,2,0.2784060312331717,0.0302556077203964,0.0010432968179447
13930,ORD,13459,MQT,626,603,148,22,1,0.2454394693200663,0.0351437699680511,0.0015974440894568
13930,ORD,13485,MSN,3312,3230,861,81,1,0.26656346749226,0.0244565217391304,0.0003019323671497
13930,ORD,13486,MSO,394,391,81,2,1,0.2071611253196931,0.0050761421319796,0.0025380710659898
13930,ORD,13487,MSP,6234,6148,1735,74,12,0.2822055953155498,0.011870388193776,0.0019249278152069
13930,ORD,13495,MSY,2106,2070,464,29,7,0.2241545893719806,0.0137701804368471,0.0033238366571699
13930,ORD,13502,MTJ,106,106,24,0,0,0.2264150943396226,0.0,0.0
13930,ORD,13541,MVY,11,11,6,0,0,0.5454545454545454,0.0,0.0
13930,ORD,13577,MYR,354,353,83,1,0,0.235127478753541,0.0028248587570621,0.0
13930,ORD,13830,OGG,146,146,28,0,0,0.1917808219178082,0.0,0.0
13930,ORD,13851,OKC,2464,2407,691,45,12,0.2870793518903199,0.018262987012987,0.0048701298701298
13930,ORD,13871,OMA,2795,2741,782,47,7,0.2852973367384166,0.0168157423971377,0.0025044722719141
13930,ORD,13891,ONT,207,206,80,1,0,0.3883495145631068,0.0048309178743961,0.0
13930,ORD,13931,ORF,1510,1489,393,20,1,0.2639355271994627,0.0132450331125827,0.0006622516556291
13930,ORD,14027,PBI,1228,1210,312,14,4,0.2578512396694215,0.011400651465798,0.003257328990228
13930,ORD,14057,PDX,2523,2508,600,14,1,0.2392344497607655,0.0055489496630994,0.0003963535473642
13930,ORD,14100,PHL,4555,4459,1246,88,8,0.2794348508634223,0.0193194291986827,0.0017563117453347
13930,ORD,14107,PHX,5557,5479,1248,60,18,0.2277787917503194,0.0107971927298902,0.003239157818967
13930,ORD,14108,PIA,2150,2088,591,58,4,0.2830459770114942,0.0269767441860465,0.001860465116279
13930,ORD,14122,PIT,3675,3629,811,43,3,0.2234775420225957,0.0117006802721088,0.0008163265306122
13930,ORD,14150,PLN,253,251,69,1,1,0.2749003984063745,0.0039525691699604,0.0039525691699604
13930,ORD,14193,PNS,465,460,78,5,0,0.1695652173913043,0.010752688172043,0.0
13930,ORD,14262,PSP,693,686,157,7,0,0.2288629737609329,0.0101010101010101,0.0
13930,ORD,14307,PVD,1351,1332,357,16,3,0.268018018018018,0.0118430792005921,0.002220577350111
13930,ORD,14321,PWM,1251,1234,294,15,2,0.2382495948136142,0.0119904076738609,0.0015987210231814
13930,ORD,14457,RAP,627,613,143,11,3,0.233278955954323,0.0175438596491228,0.0047846889952153
13930,ORD,14492,RDU,3271,3221,781,46,4,0.2424712822104936,0.0140629776826658,0.0012228676245796
13930,ORD,14520,RHI,201,193,53,7,1,0.2746113989637305,0.0348258706467661,0.0049751243781094
13930,ORD,14524,RIC,1624,1588,483,33,3,0.3041561712846347,0.0203201970443349,0.001847290640394
13930,ORD,14570,RNO,364,359,140,3,2,0.3899721448467966,0.0082417582417582,0.0054945054945054
13930,ORD,14574,ROA,730,711,199,15,4,0.279887482419128,0.0205479452054794,0.0054794520547945
13930,ORD,14576,ROC,2092,2056,474,32,4,0.230544747081712,0.0152963671128107,0.0019120458891013
13930,ORD,14633,RST,830,805,283,23,2,0.3515527950310559,0.0277108433734939,0.0024096385542168
13930,ORD,14635,RSW,2923,2890,571,22,11,0.1975778546712802,0.0075265138556277,0.0037632569278138
13930,ORD,14674,SAF,14,14,7,0,0,0.5,0.0,0.0
13930,ORD,14679,SAN,3348,3305,856,30,13,0.259001512859304,0.0089605734767025,0.0038829151732377
13930,ORD,14683,SAT,1824,1794,439,26,4,0.2447045707915273,0.0142543859649122,0.0021929824561403
13930,ORD,14685,SAV,1187,1169,244,16,2,0.2087254063301967,0.0134793597304128,0.0016849199663016
13930,ORD,14696,SBN,2376,2311,738,60,5,0.3193422760709649,0.0252525252525252,0.0021043771043771
13930,ORD,14711,SCE,460,448,106,8,4,0.2366071428571428,0.017391304347826,0.008695652173913
13930,ORD,14730,SDF,2495,2437,533,53,5,0.2187115305703734,0.0212424849699398,0.002004008016032
13930,ORD,14747,SEA,5411,5339,1505,61,11,0.2818879940063682,0.0112733321012751,0.0020328959526889
13930,ORD,14771,SFO,5353,5289,1358,59,5,0.2567593117791643,0.0110218569026714,0.0009340556697179
13930,ORD,14783,SGF,1549,1516,401,26,7,0.2645118733509234,0.0167850225952227,0.0045190445448676
13930,ORD,14831,SJC,345,340,113,4,1,0.3323529411764706,0.0115942028985507,0.0028985507246376
13930,ORD,14843,SJU,1312,1306,277,3,3,0.2120980091883614,0.0022865853658536,0.0022865853658536
13930,ORD,14869,SLC,3128,3105,895,19,4,0.2882447665056361,0.0060741687979539,0.0012787723785166
13930,ORD,14877,SLN,364,354,105,9,1,0.2966101694915254,0.0247252747252747,0.0027472527472527
13930,ORD,14893,SMF,1204,1199,319,4,1,0.2660550458715596,0.0033222591362126,0.0008305647840531
13930,ORD,14908,SNA,2281,2242,460,16,23,0.2051739518287243,0.0070144673388864,0.0100832967996492
13930,ORD,14952,SPI,505,493,113,12,0,0.22920892494929,0.0237623762376237,0.0
13930,ORD,14986,SRQ,853,845,177,5,3,0.2094674556213017,0.0058616647127784,0.003516998827667
13930,ORD,15016,STL,2921,2865,736,53,3,0.2568935427574171,0.0181444710715508,0.0010270455323519
13930,ORD,15024,STT,143,140,26,2,1,0.1857142857142857,0.0139860139860139,0.0069930069930069
13930,ORD,15027,STX,4,4,0,0,0,0.0,0.0,0.0
13930,ORD,15041,SUN,157,149,54,1,7,0.3624161073825503,0.0063694267515923,0.0445859872611464
13930,ORD,15048,SUX,365,341,117,14,10,0.3431085043988269,0.0383561643835616,0.0273972602739726
13930,ORD,15096,SYR,2074,2029,509,41,4,0.2508624938393297,0.0197685631629701,0.0019286403085824
13930,ORD,15304,TPA,3197,3158,712,29,10,0.2254591513616212,0.0090710040663121,0.0031279324366593
13930,ORD,15370,TUL,1929,1892,501,33,4,0.264799154334038,0.0171073094867807,0.0020736132711249
13930,ORD,15376,TUS,1106,1095,274,10,1,0.2502283105022831,0.0090415913200723,0.0009041591320072
13930,ORD,15380,TVC,2292,2222,781,66,4,0.3514851485148514,0.0287958115183246,0.0017452006980802
13930,ORD,15412,TYS,1956,1906,594,46,4,0.3116474291710388,0.0235173824130879,0.0020449897750511
13930,ORD,15624,VPS,264,260,64,4,0,0.2461538461538461,0.0151515151515151,0.0
13930,ORD,15919,XNA,1681,1651,416,25,5,0.2519685039370078,0.0148720999405116,0.0029744199881023
13931,ORF,10397,ATL,2849,2802,503,43,4,0.1795146324054247,0.015093015093015,0.0014040014040014
13931,ORF,10693,BNA,415,413,73,0,2,0.1767554479418886,0.0,0.0048192771084337
13931,ORF,10721,BOS,461,457,123,4,0,0.2691466083150984,0.0086767895878524,0.0
13931,ORF,10821,BWI,1528,1504,265,22,2,0.1761968085106383,0.0143979057591623,0.0013089005235602
13931,ORF,11057,CLT,2593,2546,456,46,1,0.1791044776119403,0.0177400694176629,0.0003856536829926
13931,ORF,11193,CVG,21,20,10,1,0,0.5,0.0476190476190476,0.0
13931,ORF,11259,DAL,74,73,21,1,0,0.2876712328767123,0.0135135135135135,0.0
13931,ORF,11278,DCA,1107,1047,368,60,0,0.3514804202483285,0.05420054200542,0.0
13931,ORF,11292,DEN,677,668,148,3,6,0.2215568862275449,0.0044313146233382,0.0088626292466765
13931,ORF,11298,DFW,1041,1006,303,29,6,0.3011928429423459,0.0278578290105667,0.0057636887608069
13931,ORF,11433,DTW,714,704,143,10,0,0.203125,0.0140056022408963,0.0
13931,ORF,11618,EWR,662,630,127,32,0,0.2015873015873016,0.0483383685800604,0.0
13931,ORF,11697,FLL,358,349,77,9,0,0.2206303724928366,0.0251396648044692,0.0
13931,ORF,12264,IAD,616,600,78,15,1,0.13,0.0243506493506493,0.0016233766233766
13931,ORF,12266,IAH,102,99,10,3,0,0.101010101010101,0.0294117647058823,0.0
13931,ORF,12451,JAX,46,46,14,0,0,0.3043478260869565,0.0,0.0
13931,ORF,12478,JFK,717,675,114,42,0,0.1688888888888889,0.0585774058577405,0.0
13931,ORF,12953,LGA,1429,1361,313,66,2,0.2299779573842762,0.0461861441567529,0.0013995801259622
13931,ORF,13204,MCO,808,798,200,6,4,0.2506265664160401,0.0074257425742574,0.0049504950495049
13931,ORF,13232,MDW,574,569,103,5,0,0.1810193321616871,0.0087108013937282,0.0
13931,ORF,13303,MIA,471,459,63,12,0,0.1372549019607843,0.0254777070063694,0.0
13931,ORF,13487,MSP,34,34,10,0,0,0.2941176470588235,0.0,0.0
13931,ORF,13930,ORD,1516,1488,349,24,4,0.2345430107526881,0.0158311345646438,0.0026385224274406
13931,ORF,14100,PHL,968,946,261,21,1,0.2758985200845666,0.021694214876033,0.0010330578512396
13931,ORF,14112,PIE,20,20,17,0,0,0.85,0.0,0.0
13931,ORF,14761,SFB,54,52,30,2,0,0.5769230769230769,0.037037037037037,0.0
13931,ORF,15016,STL,17,17,0,0,0,0.0,0.0,0.0
13933,ORH,11697,FLL,308,297,81,10,1,0.2727272727272727,0.0324675324675324,0.0032467532467532
13933,ORH,12478,JFK,185,181,36,4,0,0.1988950276243093,0.0216216216216216,0.0
13933,ORH,13204,MCO,362,353,88,4,5,0.2492917847025495,0.011049723756906,0.0138121546961325
13933,ORH,14635,RSW,107,103,37,4,0,0.3592233009708738,0.0373831775700934,0.0
13964,OTH,11292,DEN,157,152,48,0,5,0.3157894736842105,0.0,0.0318471337579617
13964,OTH,14771,SFO,316,314,56,2,0,0.1783439490445859,0.0063291139240506,0.0
13970,OTZ,10299,ANC,363,349,36,14,0,0.1031518624641833,0.0385674931129476,0.0
14004,PAE,11292,DEN,56,56,13,0,0,0.2321428571428571,0.0,0.0
14004,PAE,12173,HNL,125,121,15,0,4,0.1239669421487603,0.0,0.032
14004,PAE,12889,LAS,298,296,68,2,0,0.2297297297297297,0.0067114093959731,0.0
14004,PAE,14107,PHX,642,630,91,9,3,0.1444444444444444,0.014018691588785,0.0046728971962616
14025,PBG,11697,FLL,152,150,44,2,0,0.2933333333333333,0.0131578947368421,0.0
14025,PBG,13577,MYR,32,29,6,3,0,0.2068965517241379,0.09375,0.0
14025,PBG,14082,PGD,46,46,7,0,0,0.1521739130434782,0.0,0.0
14025,PBG,14112,PIE,111,110,28,1,0,0.2545454545454545,0.009009009009009,0.0
14025,PBG,14761,SFB,159,157,54,2,0,0.3439490445859872,0.0125786163522012,0.0
14025,PBG,14986,SRQ,37,34,9,3,0,0.2647058823529412,0.081081081081081,0.0
14027,PBI,10158,ACY,393,388,61,4,1,0.1572164948453608,0.010178117048346,0.0025445292620865
14027,PBI,10397,ATL,3849,3789,697,51,9,0.1839535497492742,0.0132501948558067,0.0023382696804364
14027,PBI,10431,AVL,168,168,47,0,0,0.2797619047619047,0.0,0.0
14027,PBI,10529,BDL,581,575,111,6,0,0.1930434782608695,0.0103270223752151,0.0
14027,PBI,10693,BNA,301,298,76,0,3,0.2550335570469799,0.0,0.0099667774086378
14027,PBI,10721,BOS,2239,2194,671,40,5,0.3058340929808569,0.0178651183564091,0.0022331397945511
14027,PBI,10792,BUF,58,58,7,0,0,0.1206896551724138,0.0,0.0
14027,PBI,10821,BWI,1276,1265,227,6,5,0.1794466403162055,0.0047021943573667,0.0039184952978056
14027,PBI,11042,CLE,38,36,9,2,0,0.25,0.0526315789473684,0.0
14027,PBI,11057,CLT,1941,1917,311,23,1,0.1622326551904016,0.0118495620814013,0.0005151983513652
14027,PBI,11193,CVG,91,90,38,1,0,0.4222222222222222,0.0109890109890109,0.0
14027,PBI,11278,DCA,1740,1694,509,31,15,0.3004722550177096,0.0178160919540229,0.0086206896551724
14027,PBI,11292,DEN,161,158,42,2,1,0.2658227848101265,0.0124223602484472,0.0062111801242236
14027,PBI,11298,DFW,1153,1119,346,29,5,0.3092046470062556,0.0251517779705117,0.0043365134431916
14027,PBI,11433,DTW,467,464,117,2,1,0.2521551724137931,0.0042826552462526,0.0021413276231263
14027,PBI,11618,EWR,3479,3396,1059,68,15,0.3118374558303887,0.0195458465076171,0.0043115837884449
14027,PBI,11986,GRR,65,65,12,0,0,0.1846153846153846,0.0,0.0
14027,PBI,12197,HPN,1623,1575,358,25,23,0.2273015873015873,0.0154035736290819,0.0141712877387553
14027,PBI,12264,IAD,138,136,24,1,1,0.1764705882352941,0.0072463768115942,0.0072463768115942
14027,PBI,12266,IAH,366,364,89,2,0,0.2445054945054945,0.0054644808743169,0.0
14027,PBI,12339,IND,16,16,5,0,0,0.3125,0.0,0.0
14027,PBI,12391,ISP,1270,1258,315,7,5,0.2503974562798092,0.005511811023622,0.0039370078740157
14027,PBI,12478,JFK,2197,2145,586,48,4,0.2731934731934732,0.0218479745106964,0.001820664542558
14027,PBI,12892,LAX,186,186,37,0,0,0.1989247311827957,0.0,0.0
14027,PBI,12953,LGA,3019,2926,816,73,20,0.278879015721121,0.0241801921165949,0.0066247101689301
14027,PBI,13204,MCO,286,285,42,1,0,0.1473684210526315,0.0034965034965034,0.0
14027,PBI,13487,MSP,130,129,35,1,0,0.2713178294573643,0.0076923076923076,0.0
14027,PBI,13930,ORD,1227,1205,364,15,7,0.3020746887966805,0.0122249388753056,0.0057049714751426
14027,PBI,14100,PHL,1622,1585,396,32,5,0.2498422712933753,0.0197287299630086,0.00308261405672
14027,PBI,14122,PIT,138,137,45,1,0,0.3284671532846715,0.0072463768115942,0.0
14027,PBI,14307,PVD,459,452,83,6,1,0.1836283185840708,0.0130718954248366,0.0021786492374727
14027,PBI,15016,STL,33,33,7,0,0,0.2121212121212121,0.0,0.0
14027,PBI,15356,TTN,75,75,32,0,0,0.4266666666666667,0.0,0.0
14057,PDX,10140,ABQ,7,7,0,0,0,0.0,0.0,0.0
14057,PDX,10299,ANC,883,880,210,2,1,0.2386363636363636,0.0022650056625141,0.001132502831257
14057,PDX,10397,ATL,1586,1572,249,8,6,0.1583969465648854,0.0050441361916771,0.0037831021437578
14057,PDX,10408,ATW,46,45,13,0,1,0.2888888888888888,0.0,0.0217391304347826
14057,PDX,10423,AUS,526,520,104,5,1,0.2,0.0095057034220532,0.0019011406844106
14057,PDX,10466,AZA,52,51,7,0,1,0.1372549019607843,0.0,0.0192307692307692
14057,PDX,10693,BNA,372,370,70,2,0,0.1891891891891892,0.0053763440860215,0.0
14057,PDX,10713,BOI,990,982,137,8,0,0.1395112016293279,0.008080808080808,0.0
14057,PDX,10721,BOS,621,616,148,3,2,0.2402597402597402,0.0048309178743961,0.003220611916264
14057,PDX,10800,BUR,902,891,142,10,1,0.159371492704826,0.0110864745011086,0.0011086474501108
14057,PDX,10821,BWI,119,119,24,0,0,0.2016806722689075,0.0,0.0
14057,PDX,10849,BZN,83,82,7,1,0,0.0853658536585365,0.0120481927710843,0.0
14057,PDX,11003,CID,1,1,0,0,0,0.0,0.0,0.0
14057,PDX,11057,CLT,390,387,45,3,0,0.1162790697674418,0.0076923076923076,0.0
14057,PDX,11193,CVG,44,44,23,0,0,0.5227272727272727,0.0,0.0
14057,PDX,11259,DAL,138,137,44,0,1,0.3211678832116788,0.0,0.0072463768115942
14057,PDX,11278,DCA,364,359,70,0,5,0.1949860724233983,0.0,0.0137362637362637
14057,PDX,11292,DEN,4482,4427,933,26,29,0.210752202394398,0.0058009817045961,0.0064703257474341
14057,PDX,11298,DFW,2432,2374,516,44,14,0.2173546756529064,0.0180921052631578,0.0057565789473684
14057,PDX,11423,DSM,56,56,11,0,0,0.1964285714285714,0.0,0.0
14057,PDX,11433,DTW,359,357,79,2,0,0.2212885154061624,0.0055710306406685,0.0
14057,PDX,11603,EUG,292,287,24,5,0,0.0836236933797909,0.0171232876712328,0.0
14057,PDX,11618,EWR,805,791,175,10,4,0.2212389380530973,0.0124223602484472,0.0049689440993788
14057,PDX,11638,FAT,726,724,104,2,0,0.143646408839779,0.0027548209366391,0.0
14057,PDX,11648,FCA,24,24,6,0,0,0.25,0.0,0.0
14057,PDX,11697,FLL,39,38,7,1,0,0.1842105263157894,0.0256410256410256,0.0
14057,PDX,11721,FNT,30,30,4,0,0,0.1333333333333333,0.0,0.0
14057,PDX,11884,GEG,807,802,123,5,0,0.1533665835411471,0.0061957868649318,0.0
14057,PDX,11986,GRR,36,36,8,0,0,0.2222222222222222,0.0,0.0
14057,PDX,12173,HNL,842,833,291,5,4,0.3493397358943577,0.005938242280285,0.004750593824228
14057,PDX,12264,IAD,292,289,34,2,1,0.1176470588235294,0.0068493150684931,0.0034246575342465
14057,PDX,12266,IAH,1094,1079,165,11,4,0.1529193697868396,0.0100548446069469,0.0036563071297989
14057,PDX,12280,IDA,76,74,14,0,2,0.1891891891891892,0.0,0.0263157894736842
14057,PDX,12339,IND,30,30,11,0,0,0.3666666666666666,0.0,0.0
14057,PDX,12478,JFK,914,896,153,12,6,0.1707589285714285,0.0131291028446389,0.0065645514223194
14057,PDX,12758,KOA,343,341,52,0,2,0.1524926686217008,0.0,0.0058309037900874
14057,PDX,12889,LAS,3362,3339,583,18,5,0.1746031746031746,0.0053539559785841,0.0014872099940511
14057,PDX,12892,LAX,4602,4558,549,43,1,0.120447564721369,0.0093437635810517,0.0002172968274663
14057,PDX,12982,LIH,120,118,12,1,1,0.1016949152542373,0.0083333333333333,0.0083333333333333
14057,PDX,13198,MCI,160,159,28,0,1,0.1761006289308176,0.0,0.00625
14057,PDX,13204,MCO,389,383,93,3,3,0.2428198433420365,0.0077120822622107,0.0077120822622107
14057,PDX,13232,MDW,599,595,75,1,3,0.1260504201680672,0.001669449081803,0.005008347245409
14057,PDX,13264,MFR,44,41,8,2,1,0.1951219512195122,0.0454545454545454,0.0227272727272727
14057,PDX,13303,MIA,357,355,53,1,1,0.1492957746478873,0.0028011204481792,0.0028011204481792
14057,PDX,13487,MSP,1402,1398,138,2,2,0.0987124463519313,0.0014265335235378,0.0014265335235378
14057,PDX,13495,MSY,129,125,9,3,1,0.072,0.0232558139534883,0.0077519379844961
14057,PDX,13796,OAK,1339,1328,277,10,1,0.2085843373493976,0.0074682598954443,0.0007468259895444
14057,PDX,13830,OGG,728,722,80,5,1,0.1108033240997229,0.0068681318681318,0.0013736263736263
14057,PDX,13891,ONT,551,542,79,8,1,0.1457564575645756,0.014519056261343,0.0018148820326678
14057,PDX,13930,ORD,2523,2492,577,17,14,0.2315409309791332,0.0067380103051922,0.0055489496630994
14057,PDX,14100,PHL,97,92,14,5,0,0.1521739130434782,0.0515463917525773,0.0
14057,PDX,14107,PHX,3888,3852,729,25,11,0.1892523364485981,0.0064300411522633,0.0028292181069958
14057,PDX,14262,PSP,732,724,121,5,3,0.1671270718232044,0.0068306010928961,0.0040983606557377
14057,PDX,14314,PVU,115,113,25,0,2,0.2212389380530973,0.0,0.017391304347826
14057,PDX,14489,RDM,143,140,29,3,0,0.2071428571428571,0.0209790209790209,0.0
14057,PDX,14570,RNO,214,209,27,0,5,0.1291866028708134,0.0,0.0233644859813084
14057,PDX,14679,SAN,1683,1663,338,17,3,0.2032471437161755,0.0101010101010101,0.0017825311942959
14057,PDX,14689,SBA,28,27,13,1,0,0.4814814814814814,0.0357142857142857,0.0
14057,PDX,14698,SBP,105,104,14,1,0,0.1346153846153846,0.0095238095238095,0.0
14057,PDX,14747,SEA,5030,4996,841,33,1,0.1683346677341873,0.0065606361829025,0.0001988071570576
14057,PDX,14771,SFO,3537,3518,709,18,1,0.2015349630471859,0.005089058524173,0.0002827254735651
14057,PDX,14831,SJC,1687,1680,300,6,1,0.1785714285714285,0.0035566093657379,0.0005927682276229
14057,PDX,14869,SLC,2465,2454,298,10,1,0.1214343928280358,0.0040567951318458,0.0004056795131845
14057,PDX,14893,SMF,1939,1929,340,8,2,0.1762571280456195,0.0041258380608561,0.001031459515214
14057,PDX,14908,SNA,1526,1502,154,21,3,0.1025299600532623,0.0137614678899082,0.0019659239842726
14057,PDX,15016,STL,34,34,8,0,0,0.2352941176470588,0.0,0.0
14057,PDX,15023,STS,465,455,107,2,8,0.2351648351648351,0.0043010752688172,0.0172043010752688
14057,PDX,15304,TPA,20,20,5,0,0,0.25,0.0,0.0
14057,PDX,15376,TUS,343,341,62,2,0,0.1818181818181818,0.0058309037900874,0.0
14082,PGD,10135,ABE,259,257,65,2,0,0.2529182879377432,0.0077220077220077,0.0
14082,PGD,10257,ALB,165,165,36,0,0,0.2181818181818181,0.0,0.0
14082,PGD,10408,ATW,257,255,50,2,0,0.196078431372549,0.0077821011673151,0.0
14082,PGD,10431,AVL,233,232,63,0,1,0.271551724137931,0.0,0.0042918454935622
14082,PGD,10581,BGR,96,96,7,0,0,0.0729166666666666,0.0,0.0
14082,PGD,10676,BLV,230,229,46,1,0,0.2008733624454148,0.0043478260869565,0.0
14082,PGD,10693,BNA,125,125,30,0,0,0.24,0.0,0.0
14082,PGD,10874,CAK,143,142,29,1,0,0.204225352112676,0.0069930069930069,0.0
14082,PGD,10980,CHA,53,51,6,1,1,0.1176470588235294,0.0188679245283018,0.0188679245283018
14082,PGD,11003,CID,216,216,22,0,0,0.1018518518518518,0.0,0.0
14082,PGD,11193,CVG,357,357,90,0,0,0.2521008403361344,0.0,0.0
14082,PGD,11267,DAY,99,99,21,0,0,0.2121212121212121,0.0,0.0
14082,PGD,11423,DSM,221,217,48,4,0,0.2211981566820276,0.0180995475113122,0.0
14082,PGD,11537,ELM,65,65,7,0,0,0.1076923076923077,0.0,0.0
14082,PGD,11721,FNT,333,333,98,0,0,0.2942942942942942,0.0,0.0
14082,PGD,11775,FSD,46,46,3,0,0,0.0652173913043478,0.0,0.0
14082,PGD,11823,FWA,230,230,41,0,0,0.1782608695652174,0.0,0.0
14082,PGD,11986,GRR,364,363,88,0,1,0.2424242424242424,0.0,0.0027472527472527
14082,PGD,12223,HTS,24,23,16,0,1,0.6956521739130435,0.0,0.0416666666666666
14082,PGD,12264,IAD,82,82,4,0,0,0.048780487804878,0.0,0.0
14082,PGD,12265,IAG,213,211,31,2,0,0.1469194312796208,0.0093896713615023,0.0
14082,PGD,12339,IND,273,271,95,1,1,0.3505535055350554,0.0036630036630036,0.0036630036630036
14082,PGD,12544,USA,133,132,28,1,0,0.2121212121212121,0.0075187969924812,0.0
14082,PGD,12917,LCK,192,192,52,0,0,0.2708333333333333,0.0,0.0
14082,PGD,12945,LEX,179,176,47,2,1,0.2670454545454545,0.0111731843575419,0.0055865921787709
14082,PGD,13198,MCI,98,98,12,0,0,0.1224489795918367,0.0,0.0
14082,PGD,13230,MDT,158,157,21,1,0,0.1337579617834395,0.0063291139240506,0.0
14082,PGD,13232,MDW,104,104,18,0,0,0.173076923076923,0.0,0.0
14082,PGD,13367,MLI,103,103,17,0,0,0.1650485436893204,0.0,0.0
14082,PGD,13487,MSP,38,38,9,0,0,0.2368421052631578,0.0,0.0
14082,PGD,13495,MSY,12,12,3,0,0,0.25,0.0,0.0
14082,PGD,13871,OMA,93,93,7,0,0,0.075268817204301,0.0,0.0
14082,PGD,14025,PBG,46,46,1,0,0,0.0217391304347826,0.0,0.0
14082,PGD,14108,PIA,223,221,31,1,1,0.1402714932126696,0.0044843049327354,0.0044843049327354
14082,PGD,14122,PIT,188,187,60,1,0,0.320855614973262,0.0053191489361702,0.0
14082,PGD,14259,PSM,253,252,22,0,1,0.0873015873015873,0.0,0.0039525691699604
14082,PGD,14307,PVD,188,187,29,1,0,0.1550802139037433,0.0053191489361702,0.0
14082,PGD,14512,RFD,220,219,26,0,1,0.1187214611872146,0.0,0.0045454545454545
14082,PGD,14524,RIC,22,22,0,0,0,0.0,0.0,0.0
14082,PGD,14576,ROC,66,66,18,0,0,0.2727272727272727,0.0,0.0
14082,PGD,14685,SAV,32,31,5,1,0,0.1612903225806451,0.03125,0.0
14082,PGD,14696,SBN,241,238,52,1,2,0.2184873949579832,0.0041493775933609,0.0082987551867219
14082,PGD,14730,SDF,124,121,17,2,1,0.140495867768595,0.0161290322580645,0.0080645161290322
14082,PGD,14783,SGF,110,106,16,0,4,0.1509433962264151,0.0,0.0363636363636363
14082,PGD,14952,SPI,122,121,21,0,1,0.1735537190082644,0.0,0.0081967213114754
14082,PGD,15008,STC,45,45,3,0,0,0.0666666666666666,0.0,0.0
14082,PGD,15070,SWF,124,123,12,1,0,0.0975609756097561,0.0080645161290322,0.0
14082,PGD,15096,SYR,95,95,23,0,0,0.2421052631578947,0.0,0.0
14082,PGD,15295,TOL,126,124,16,2,0,0.1290322580645161,0.0158730158730158,0.0
14082,PGD,15380,TVC,75,74,11,1,0,0.1486486486486486,0.0133333333333333,0.0
14082,PGD,15412,TYS,218,215,63,1,2,0.2930232558139535,0.0045871559633027,0.0091743119266055
14098,PHF,11057,CLT,3,3,0,0,0,0.0,0.0,0.0
14100,PHL,10140,ABQ,6,6,1,0,0,0.1666666666666666,0.0,0.0
14100,PHL,10154,ACK,83,82,16,1,0,0.1951219512195122,0.0120481927710843,0.0
14100,PHL,10208,AGS,13,13,6,0,0,0.4615384615384615,0.0,0.0
14100,PHL,10397,ATL,5640,5505,1348,120,15,0.2448683015440508,0.0212765957446808,0.0026595744680851
14100,PHL,10423,AUS,1147,1124,282,19,4,0.2508896797153025,0.016564952048823,0.003487358326068
14100,PHL,10431,AVL,1,1,1,0,0,1.0,0.0,0.0
14100,PHL,10529,BDL,612,600,196,11,1,0.3266666666666666,0.0179738562091503,0.0016339869281045
14100,PHL,10581,BGR,527,512,137,13,2,0.267578125,0.0246679316888045,0.0037950664136622
14100,PHL,10599,BHM,525,506,124,16,3,0.2450592885375494,0.0304761904761904,0.0057142857142857
14100,PHL,10693,BNA,2690,2632,689,50,8,0.2617781155015197,0.0185873605947955,0.0029739776951672
14100,PHL,10721,BOS,5019,4906,1276,111,2,0.2600896860986547,0.022115959354453,0.0003984857541342
14100,PHL,10785,BTV,1035,992,231,36,7,0.2328629032258064,0.0347826086956521,0.0067632850241545
14100,PHL,10792,BUF,219,203,79,15,1,0.3891625615763547,0.0684931506849315,0.0045662100456621
14100,PHL,10994,CHS,1439,1403,332,34,2,0.2366357804704205,0.0236275191104934,0.0013898540653231
14100,PHL,11003,CID,1,1,0,0,0,0.0,0.0,0.0
14100,PHL,11042,CLE,927,891,258,35,1,0.2895622895622896,0.0377562028047464,0.0010787486515641
14100,PHL,11057,CLT,3644,3576,833,65,3,0.2329418344519015,0.0178375411635565,0.0008232711306256
14100,PHL,11066,CMH,1334,1282,305,50,2,0.2379095163806552,0.0374812593703148,0.0014992503748125
14100,PHL,11193,CVG,1036,1006,330,28,2,0.3280318091451292,0.027027027027027,0.0019305019305019
14100,PHL,11259,DAL,245,240,83,2,3,0.3458333333333333,0.0081632653061224,0.0122448979591836
14100,PHL,11267,DAY,263,252,86,10,1,0.3412698412698413,0.0380228136882129,0.0038022813688212
14100,PHL,11278,DCA,1048,1014,289,32,2,0.2850098619329388,0.0305343511450381,0.0019083969465648
14100,PHL,11292,DEN,3036,2980,728,37,19,0.2442953020134228,0.0121870882740447,0.006258234519104
14100,PHL,11298,DFW,3317,3191,852,105,21,0.2670009401441554,0.031655110039192,0.0063310220078384
14100,PHL,11423,DSM,297,288,77,9,0,0.2673611111111111,0.0303030303030303,0.0
14100,PHL,11433,DTW,2886,2828,588,57,1,0.2079207920792079,0.0197505197505197,0.0003465003465003
14100,PHL,11481,ECP,90,85,28,5,0,0.3294117647058823,0.0555555555555555,0.0
14100,PHL,11624,EYW,529,520,93,5,4,0.1788461538461538,0.0094517958412098,0.0075614366729678
14100,PHL,11697,FLL,2842,2785,740,44,13,0.2657091561938958,0.0154820548909218,0.0045742434904996
14100,PHL,11977,GRB,2,1,0,1,0,0.0,0.5,0.0
14100,PHL,11986,GRR,168,159,32,9,0,0.2012578616352201,0.0535714285714285,0.0
14100,PHL,11995,GSO,138,134,40,4,0,0.2985074626865671,0.0289855072463768,0.0
14100,PHL,11996,GSP,476,463,144,13,0,0.3110151187904967,0.0273109243697479,0.0
14100,PHL,12124,HHH,108,103,20,1,4,0.1941747572815534,0.0092592592592592,0.037037037037037
14100,PHL,12250,HYA,76,76,14,0,0,0.1842105263157894,0.0,0.0
14100,PHL,12264,IAD,100,95,18,5,0,0.1894736842105263,0.05,0.0
14100,PHL,12266,IAH,1670,1630,375,30,10,0.2300613496932515,0.0179640718562874,0.0059880239520958
14100,PHL,12323,ILM,138,124,41,14,0,0.3306451612903225,0.1014492753623188,0.0
14100,PHL,12339,IND,1516,1467,383,47,2,0.2610770279481936,0.0310026385224274,0.0013192612137203
14100,PHL,12451,JAX,1575,1539,417,34,2,0.2709551656920078,0.0215873015873015,0.0012698412698412
14100,PHL,12889,LAS,1731,1693,431,34,4,0.2545776727702303,0.0196418255343731,0.0023108030040439
14100,PHL,12892,LAX,2524,2492,579,25,7,0.2323434991974317,0.009904912836767,0.0027733755942947
14100,PHL,12945,LEX,327,314,77,12,1,0.2452229299363057,0.036697247706422,0.0030581039755351
14100,PHL,12953,LGA,270,262,51,8,0,0.1946564885496183,0.0296296296296296,0.0
14100,PHL,13198,MCI,770,744,220,24,2,0.2956989247311828,0.0311688311688311,0.0025974025974025
14100,PHL,13204,MCO,5432,5326,1574,82,24,0.2955313556139692,0.0150957290132547,0.0044182621502209
14100,PHL,13230,MDT,1,1,0,0,0,0.0,0.0,0.0
14100,PHL,13232,MDW,1555,1533,407,19,3,0.2654924983692107,0.0122186495176848,0.0019292604501607
14100,PHL,13244,MEM,726,699,185,26,1,0.2646638054363376,0.0358126721763085,0.0013774104683195
14100,PHL,13296,MHT,33,31,13,2,0,0.4193548387096774,0.0606060606060606,0.0
14100,PHL,13303,MIA,3145,3088,776,47,10,0.2512953367875647,0.0149443561208267,0.0031796502384737
14100,PHL,13342,MKE,304,298,70,5,1,0.2348993288590604,0.0164473684210526,0.0032894736842105
14100,PHL,13485,MSN,245,244,52,1,0,0.2131147540983606,0.0040816326530612,0.0
14100,PHL,13487,MSP,1895,1860,447,34,1,0.2403225806451613,0.0179419525065963,0.0005277044854881
14100,PHL,13495,MSY,1120,1092,289,23,5,0.2646520146520146,0.0205357142857142,0.0044642857142857
14100,PHL,13541,MVY,76,76,18,0,0,0.2368421052631578,0.0,0.0
14100,PHL,13577,MYR,225,214,70,11,0,0.3271028037383177,0.0488888888888888,0.0
14100,PHL,13871,OMA,298,289,85,7,2,0.2941176470588235,0.023489932885906,0.0067114093959731
14100,PHL,13930,ORD,4551,4439,1205,101,11,0.2714575354809642,0.022192924631949,0.002417051197539
14100,PHL,13931,ORF,967,942,280,25,0,0.2972399150743099,0.0258531540847983,0.0
14100,PHL,14027,PBI,1624,1588,487,33,3,0.3066750629722922,0.0203201970443349,0.001847290640394
14100,PHL,14057,PDX,97,92,51,5,0,0.5543478260869565,0.0515463917525773,0.0
14100,PHL,14107,PHX,2294,2256,505,27,11,0.2238475177304964,0.0117698343504795,0.0047951176983435
14100,PHL,14122,PIT,1470,1436,381,33,1,0.2653203342618384,0.0224489795918367,0.0006802721088435
14100,PHL,14193,PNS,332,324,87,8,0,0.2685185185185185,0.0240963855421686,0.0
14100,PHL,14307,PVD,639,625,166,14,0,0.2656,0.0219092331768388,0.0
14100,PHL,14321,PWM,768,747,197,21,0,0.2637215528781794,0.02734375,0.0
14100,PHL,14492,RDU,2452,2404,672,46,2,0.2795341098169717,0.0187601957585644,0.0008156606851549
14100,PHL,14524,RIC,226,216,72,10,0,0.3333333333333333,0.0442477876106194,0.0
14100,PHL,14635,RSW,1387,1355,375,27,5,0.2767527675276753,0.019466474405191,0.0036049026676279
14100,PHL,14679,SAN,1036,1015,271,12,9,0.2669950738916256,0.0115830115830115,0.0086872586872586
14100,PHL,14683,SAT,153,148,47,5,0,0.3175675675675675,0.0326797385620915,0.0
14100,PHL,14685,SAV,1030,999,294,25,6,0.2942942942942942,0.0242718446601941,0.0058252427184466
14100,PHL,14730,SDF,360,346,90,12,2,0.2601156069364161,0.0333333333333333,0.0055555555555555
14100,PHL,14747,SEA,1120,1105,371,14,1,0.3357466063348416,0.0125,0.0008928571428571
14100,PHL,14771,SFO,1797,1782,423,13,2,0.2373737373737373,0.0072342793544796,0.0011129660545353
14100,PHL,14843,SJU,1638,1607,592,26,5,0.3683883011823273,0.0158730158730158,0.003052503052503
14100,PHL,14869,SLC,700,685,181,14,1,0.2642335766423357,0.02,0.0014285714285714
14100,PHL,14986,SRQ,544,525,123,17,2,0.2342857142857143,0.03125,0.0036764705882352
14100,PHL,15016,STL,1508,1481,383,24,3,0.2586090479405807,0.0159151193633952,0.0019893899204244
14100,PHL,15024,STT,153,151,32,1,1,0.2119205298013245,0.0065359477124183,0.0065359477124183
14100,PHL,15096,SYR,140,125,35,15,0,0.28,0.1071428571428571,0.0
14100,PHL,15304,TPA,2595,2556,723,34,5,0.2828638497652582,0.0131021194605009,0.001926782273603
14100,PHL,15356,TTN,1,0,0,1,0,,1.0,0.0
14100,PHL,15380,TVC,105,99,21,6,0,0.2121212121212121,0.0571428571428571,0.0
14100,PHL,15412,TYS,377,352,112,23,2,0.3181818181818182,0.0610079575596817,0.0053050397877984
14100,PHL,15624,VPS,13,13,5,0,0,0.3846153846153846,0.0,0.0
14100,PHL,15919,XNA,347,327,85,19,1,0.2599388379204893,0.0547550432276657,0.0028818443804034
14107,PHX,10140,ABQ,3391,3375,632,14,2,0.1872592592592592,0.0041285756414037,0.0005897965202005
14107,PHX,10208,AGS,3,3,3,0,0,1.0,0.0,0.0
14107,PHX,10299,ANC,364,359,88,0,5,0.245125348189415,0.0,0.0137362637362637
14107,PHX,10372,ASE,110,102,43,4,4,0.4215686274509804,0.0363636363636363,0.0363636363636363
14107,PHX,10397,ATL,3768,3725,618,29,14,0.1659060402684563,0.007696390658174,0.0037154989384288
14107,PHX,10408,ATW,14,14,1,0,0,0.0714285714285714,0.0,0.0
14107,PHX,10423,AUS,3333,3312,724,17,4,0.2185990338164251,0.0051005100510051,0.0012001200120012
14107,PHX,10431,AVL,87,85,15,2,0,0.1764705882352941,0.0229885057471264,0.0
14107,PHX,10561,BFL,1272,1259,243,11,2,0.1930103256552819,0.0086477987421383,0.0015723270440251
14107,PHX,10599,BHM,249,249,48,0,0,0.1927710843373494,0.0,0.0
14107,PHX,10620,BIL,107,106,12,1,0,0.1132075471698113,0.0093457943925233,0.0
14107,PHX,10693,BNA,2401,2376,510,15,10,0.2146464646464646,0.0062473969179508,0.0041649312786339
14107,PHX,10713,BOI,2089,2078,387,6,5,0.1862367661212704,0.0028721876495931,0.0023934897079942
14107,PHX,10721,BOS,2076,2061,471,13,2,0.2285298398835516,0.00626204238921,0.0009633911368015
14107,PHX,10792,BUF,358,356,99,1,1,0.2780898876404494,0.0027932960893854,0.0027932960893854
14107,PHX,10800,BUR,3163,3113,645,33,17,0.2071956312238997,0.0104331331014859,0.0053746443250079
14107,PHX,10821,BWI,1307,1289,203,13,5,0.1574864235841737,0.0099464422341239,0.0038255547054322
14107,PHX,11003,CID,756,745,161,10,1,0.2161073825503355,0.0132275132275132,0.0013227513227513
14107,PHX,11041,CLD,641,637,84,2,2,0.1318681318681318,0.0031201248049922,0.0031201248049922
14107,PHX,11042,CLE,902,897,212,3,2,0.2363433667781493,0.0033259423503325,0.0022172949002217
14107,PHX,11057,CLT,2932,2915,398,15,2,0.1365351629502572,0.0051159618008185,0.0006821282401091
14107,PHX,11066,CMH,1170,1161,309,3,6,0.2661498708010336,0.0025641025641025,0.0051282051282051
14107,PHX,11109,COS,994,985,227,2,7,0.2304568527918781,0.0020120724346076,0.0070422535211267
14107,PHX,11193,CVG,588,583,122,4,1,0.20926243567753,0.0068027210884353,0.0017006802721088
14107,PHX,11259,DAL,2984,2906,584,64,14,0.2009635237439779,0.0214477211796246,0.0046916890080428
14107,PHX,11278,DCA,1085,1060,170,15,10,0.160377358490566,0.0138248847926267,0.0092165898617511
14107,PHX,11292,DEN,9090,8984,2170,80,26,0.241540516473731,0.0088008800880088,0.0028602860286028
14107,PHX,11298,DFW,5127,5004,1016,106,17,0.2030375699440447,0.020674858591769,0.0033157792081139
14107,PHX,11413,DRO,876,871,137,3,2,0.1572904707233065,0.0034246575342465,0.002283105022831
14107,PHX,11423,DSM,1119,1102,193,14,3,0.1751361161524501,0.0125111706881143,0.002680965147453
14107,PHX,11433,DTW,2411,2388,428,13,10,0.1792294807370184,0.0053919535462463,0.0041476565740356
14107,PHX,11503,EGE,122,120,42,0,2,0.35,0.0,0.0163934426229508
14107,PHX,11540,ELP,2636,2613,490,19,4,0.1875239188672024,0.0072078907435508,0.0015174506828528
14107,PHX,11603,EUG,556,555,143,1,0,0.2576576576576576,0.0017985611510791,0.0
14107,PHX,11618,EWR,2508,2456,609,32,20,0.2479641693811075,0.0127591706539074,0.0079744816586921
14107,PHX,11637,FAR,112,111,18,1,0,0.1621621621621621,0.0089285714285714,0.0
14107,PHX,11638,FAT,1468,1465,299,3,0,0.2040955631399317,0.0020435967302452,0.0
14107,PHX,11695,FLG,1311,1286,265,23,2,0.2060653188180404,0.0175438596491228,0.0015255530129672
14107,PHX,11697,FLL,328,326,81,2,0,0.2484662576687116,0.0060975609756097,0.0
14107,PHX,11775,FSD,446,443,71,2,1,0.1602708803611738,0.0044843049327354,0.0022421524663677
14107,PHX,11884,GEG,1145,1142,237,1,2,0.2075306479859895,0.0008733624454148,0.0017467248908296
14107,PHX,11921,GJT,941,938,139,3,0,0.1481876332622601,0.0031880977683315,0.0
14107,PHX,11977,GRB,3,3,0,0,0,0.0,0.0,0.0
14107,PHX,11986,GRR,153,152,29,1,0,0.1907894736842105,0.0065359477124183,0.0
14107,PHX,12173,HNL,1346,1338,181,0,8,0.1352765321375187,0.0,0.0059435364041604
14107,PHX,12191,HOU,2135,2110,476,19,6,0.2255924170616113,0.0088992974238875,0.0028103044496487
14107,PHX,12264,IAD,1210,1195,194,4,11,0.1623430962343096,0.0033057851239669,0.009090909090909
14107,PHX,12266,IAH,3061,3011,514,33,17,0.1707074061773497,0.01078079059131,0.0055537406076445
14107,PHX,12278,ICT,634,618,119,10,6,0.1925566343042071,0.0157728706624605,0.0094637223974763
14107,PHX,12280,IDA,184,182,29,1,1,0.1593406593406593,0.0054347826086956,0.0054347826086956
14107,PHX,12339,IND,1513,1504,336,8,1,0.2234042553191489,0.0052875082617316,0.0006609385327164
14107,PHX,12451,JAX,311,309,84,1,1,0.2718446601941747,0.0032154340836012,0.0032154340836012
14107,PHX,12478,JFK,2754,2703,553,40,11,0.2045874953755087,0.0145243282498184,0.0039941902687
14107,PHX,12758,KOA,385,383,57,0,2,0.1488250652741514,0.0,0.0051948051948051
14107,PHX,12889,LAS,6364,6298,1325,62,4,0.2103842489679263,0.0097423004399748,0.0006285355122564
14107,PHX,12892,LAX,7642,7597,1188,40,5,0.1563775174410951,0.0052342318764721,0.000654278984559
14107,PHX,12896,LBB,366,366,75,0,0,0.2049180327868852,0.0,0.0
14107,PHX,12954,LGB,1576,1567,267,8,1,0.1703892788768347,0.0050761421319796,0.0006345177664974
14107,PHX,12982,LIH,385,383,63,0,2,0.1644908616187989,0.0,0.0051948051948051
14107,PHX,12992,LIT,98,98,24,0,0,0.2448979591836734,0.0,0.0
14107,PHX,13158,MAF,365,359,100,2,4,0.2785515320334262,0.0054794520547945,0.010958904109589
14107,PHX,13198,MCI,2436,2398,502,28,10,0.2093411175979983,0.0114942528735632,0.0041050903119868
14107,PHX,13204,MCO,1780,1759,363,7,14,0.20636725412166,0.0039325842696629,0.0078651685393258
14107,PHX,13230,MDT,1,1,0,0,0,0.0,0.0,0.0
14107,PHX,13232,MDW,2840,2805,583,23,12,0.2078431372549019,0.0080985915492957,0.004225352112676
14107,PHX,13244,MEM,605,599,163,5,1,0.2721202003338898,0.0082644628099173,0.0016528925619834
14107,PHX,13264,MFR,743,736,114,4,3,0.154891304347826,0.0053835800807537,0.0040376850605652
14107,PHX,13303,MIA,1816,1803,294,6,7,0.1630615640599001,0.0033039647577092,0.0038546255506607
14107,PHX,13342,MKE,1476,1469,342,6,1,0.2328114363512593,0.0040650406504065,0.0006775067750677
14107,PHX,13476,MRY,1426,1403,280,12,11,0.1995723449750534,0.0084151472650771,0.0077138849929873
14107,PHX,13485,MSN,504,501,82,1,2,0.1636726546906187,0.0019841269841269,0.0039682539682539
14107,PHX,13487,MSP,3267,3246,505,12,9,0.1555760936537276,0.0036730945821854,0.0027548209366391
14107,PHX,13495,MSY,819,811,225,8,0,0.2774352651048088,0.0097680097680097,0.0
14107,PHX,13796,OAK,1996,1989,443,6,1,0.2227249874308698,0.003006012024048,0.000501002004008
14107,PHX,13830,OGG,730,729,97,0,1,0.1330589849108367,0.0,0.0013698630136986
14107,PHX,13851,OKC,1895,1885,413,9,1,0.2190981432360742,0.0047493403693931,0.0005277044854881
14107,PHX,13871,OMA,1996,1979,416,14,3,0.2102071753410813,0.0070140280561122,0.001503006012024
14107,PHX,13891,ONT,3169,3147,645,17,5,0.2049571020019066,0.0053644682865257,0.0015777847901546
14107,PHX,13930,ORD,5559,5474,1072,61,24,0.195834855681403,0.0109731966180967,0.004317323259579
14107,PHX,14004,PAE,644,634,96,6,4,0.1514195583596214,0.0093167701863354,0.0062111801242236
14107,PHX,14057,PDX,3884,3869,750,13,2,0.1938485396743344,0.0033470648815653,0.0005149330587023
14107,PHX,14100,PHL,2294,2259,345,26,9,0.1527224435590969,0.011333914559721,0.0039232781168265
14107,PHX,14122,PIT,802,798,173,2,2,0.2167919799498746,0.0024937655860349,0.0024937655860349
14107,PHX,14252,PSC,695,695,88,0,0,0.1266187050359712,0.0,0.0
14107,PHX,14262,PSP,1633,1618,332,13,2,0.2051915945611866,0.0079608083282302,0.0012247397428046
14107,PHX,14314,PVU,306,305,49,0,1,0.160655737704918,0.0,0.0032679738562091
14107,PHX,14489,RDM,718,715,105,1,2,0.1468531468531468,0.0013927576601671,0.0027855153203342
14107,PHX,14492,RDU,700,696,170,2,2,0.2442528735632184,0.0028571428571428,0.0028571428571428
14107,PHX,14570,RNO,2434,2407,431,13,14,0.1790610718737017,0.005341002465078,0.0057518488085456
14107,PHX,14635,RSW,20,20,4,0,0,0.2,0.0,0.0
14107,PHX,14674,SAF,411,405,69,4,2,0.1703703703703703,0.0097323600973236,0.0048661800486618
14107,PHX,14679,SAN,5660,5580,1300,71,9,0.2329749103942652,0.0125441696113074,0.0015901060070671
14107,PHX,14683,SAT,2576,2559,556,13,4,0.2172723720203204,0.0050465838509316,0.0015527950310559
14107,PHX,14689,SBA,1382,1364,271,11,7,0.1986803519061583,0.0079594790159189,0.0050651230101302
14107,PHX,14698,SBP,1230,1216,209,9,5,0.171875,0.0073170731707317,0.0040650406504065
14107,PHX,14716,SCK,123,122,31,0,1,0.2540983606557377,0.0,0.008130081300813
14107,PHX,14730,SDF,371,369,96,1,1,0.2601626016260163,0.0026954177897574,0.0026954177897574
14107,PHX,14747,SEA,7361,7321,1358,33,7,0.1854937850020489,0.0044830865371552,0.0009509577503056
14107,PHX,14771,SFO,4783,4760,1157,22,1,0.2430672268907563,0.0045996236671545,0.0002090738030524
14107,PHX,14794,SGU,883,882,153,0,1,0.173469387755102,0.0,0.001132502831257
14107,PHX,14831,SJC,3045,3030,588,12,3,0.194059405940594,0.0039408866995073,0.0009852216748768
14107,PHX,14869,SLC,5729,5703,902,24,2,0.1581623706820971,0.0041892127770989,0.0003491010647582
14107,PHX,14893,SMF,3726,3707,674,15,4,0.1818181818181818,0.0040257648953301,0.0010735373054213
14107,PHX,14905,SMX,154,149,18,3,2,0.1208053691275167,0.0194805194805194,0.0129870129870129
14107,PHX,14908,SNA,4458,4430,854,18,10,0.1927765237020316,0.0040376850605652,0.0022431583669807
14107,PHX,15016,STL,2239,2215,403,16,8,0.181941309255079,0.0071460473425636,0.0035730236712818
14107,PHX,15023,STS,660,653,119,2,5,0.1822358346094946,0.003030303030303,0.0075757575757575
14107,PHX,15041,SUN,14,11,2,2,1,0.1818181818181818,0.1428571428571428,0.0714285714285714
14107,PHX,15304,TPA,1240,1233,293,4,3,0.2376317923763179,0.0032258064516129,0.0024193548387096
14107,PHX,15370,TUL,1267,1261,284,2,4,0.2252180808881839,0.0015785319652722,0.0031570639305445
14107,PHX,15376,TUS,3258,3237,519,20,1,0.1603336422613531,0.0061387354205033,0.0003069367710251
14107,PHX,15412,TYS,125,125,29,0,0,0.232,0.0,0.0
14107,PHX,15919,XNA,730,726,107,4,0,0.1473829201101928,0.0054794520547945,0.0
14107,PHX,16218,YUM,1318,1301,197,16,1,0.1514219830899308,0.0121396054628224,0.0007587253414264
14108,PIA,10466,AZA,212,212,36,0,0,0.1698113207547169,0.0,0.0
14108,PIA,10693,BNA,108,107,41,1,0,0.3831775700934579,0.0092592592592592,0.0
14108,PIA,11057,CLT,774,740,209,34,0,0.2824324324324324,0.0439276485788113,0.0
14108,PIA,11292,DEN,384,380,101,2,2,0.2657894736842105,0.0052083333333333,0.0052083333333333
14108,PIA,11298,DFW,990,961,217,26,3,0.2258064516129032,0.0262626262626262,0.003030303030303
14108,PIA,11697,FLL,18,18,6,0,0,0.3333333333333333,0.0,0.0
14108,PIA,12889,LAS,126,126,15,0,0,0.119047619047619,0.0,0.0
14108,PIA,13930,ORD,2150,2090,592,58,2,0.2832535885167464,0.0269767441860465,0.0009302325581395
14108,PIA,14082,PGD,223,221,49,1,1,0.2217194570135746,0.0044843049327354,0.0044843049327354
14108,PIA,14112,PIE,163,162,52,0,1,0.3209876543209876,0.0,0.0061349693251533
14108,PIA,14761,SFB,129,127,42,2,0,0.3307086614173228,0.0155038759689922,0.0
14108,PIA,14986,SRQ,105,104,15,1,0,0.1442307692307692,0.0095238095238095,0.0
14108,PIA,15624,VPS,53,53,22,0,0,0.4150943396226415,0.0,0.0
14109,PIB,12266,IAH,627,615,108,12,0,0.1756097560975609,0.0191387559808612,0.0
14112,PIE,10135,ABE,292,288,41,4,0,0.1423611111111111,0.0136986301369863,0.0
14112,PIE,10257,ALB,146,144,34,1,1,0.2361111111111111,0.0068493150684931,0.0068493150684931
14112,PIE,10408,ATW,195,195,48,0,0,0.2461538461538461,0.0,0.0
14112,PIE,10431,AVL,518,515,119,1,2,0.2310679611650485,0.0019305019305019,0.0038610038610038
14112,PIE,10581,BGR,251,248,25,1,2,0.1008064516129032,0.0039840637450199,0.0079681274900398
14112,PIE,10627,BIS,27,27,1,0,0,0.037037037037037,0.0,0.0
14112,PIE,10676,BLV,177,175,51,1,1,0.2914285714285714,0.0056497175141242,0.0056497175141242
14112,PIE,10685,BMI,110,109,11,1,0,0.1009174311926605,0.009090909090909,0.0
14112,PIE,10693,BNA,101,101,38,0,0,0.3762376237623762,0.0,0.0
14112,PIE,10874,CAK,119,119,36,0,0,0.3025210084033613,0.0,0.0
14112,PIE,10980,CHA,127,125,34,2,0,0.272,0.0157480314960629,0.0
14112,PIE,11003,CID,178,174,36,2,2,0.2068965517241379,0.0112359550561797,0.0112359550561797
14112,PIE,11027,CKB,53,52,9,0,1,0.173076923076923,0.0,0.0188679245283018
14112,PIE,11109,COS,92,92,5,0,0,0.0543478260869565,0.0,0.0
14112,PIE,11193,CVG,378,375,122,3,0,0.3253333333333333,0.0079365079365079,0.0
14112,PIE,11267,DAY,106,104,29,1,1,0.2788461538461538,0.0094339622641509,0.0094339622641509
14112,PIE,11423,DSM,235,230,51,4,1,0.2217391304347826,0.0170212765957446,0.0042553191489361
14112,PIE,11537,ELM,127,127,15,0,0,0.1181102362204724,0.0,0.0
14112,PIE,11612,EVV,105,104,23,1,0,0.2211538461538461,0.0095238095238095,0.0
14112,PIE,11624,EYW,313,310,30,2,1,0.0967741935483871,0.0063897763578274,0.0031948881789137
14112,PIE,11637,FAR,59,59,8,0,0,0.135593220338983,0.0,0.0
14112,PIE,11721,FNT,300,298,77,0,2,0.2583892617449664,0.0,0.0066666666666666
14112,PIE,11775,FSD,123,123,15,0,0,0.1219512195121951,0.0,0.0
14112,PIE,11823,FWA,191,191,50,0,0,0.2617801047120419,0.0,0.0
14112,PIE,11986,GRR,389,389,91,0,0,0.2339331619537275,0.0,0.0
14112,PIE,11995,GSO,96,96,32,0,0,0.3333333333333333,0.0,0.0
14112,PIE,11996,GSP,110,110,44,0,0,0.4,0.0,0.0
14112,PIE,12119,HGR,109,108,39,1,0,0.3611111111111111,0.0091743119266055,0.0
14112,PIE,12223,HTS,198,195,56,2,1,0.2871794871794871,0.0101010101010101,0.005050505050505
14112,PIE,12265,IAG,133,131,21,2,0,0.1603053435114503,0.0150375939849624,0.0
14112,PIE,12278,ICT,30,30,8,0,0,0.2666666666666666,0.0,0.0
14112,PIE,12339,IND,248,248,72,0,0,0.2903225806451613,0.0,0.0
14112,PIE,12544,USA,197,196,77,1,0,0.3928571428571428,0.0050761421319796,0.0
14112,PIE,12917,LCK,183,183,50,0,0,0.273224043715847,0.0,0.0
14112,PIE,12945,LEX,194,193,62,1,0,0.3212435233160621,0.0051546391752577,0.0
14112,PIE,12992,LIT,24,24,16,0,0,0.6666666666666666,0.0,0.0
14112,PIE,13198,MCI,81,80,21,1,0,0.2625,0.0123456790123456,0.0
14112,PIE,13230,MDT,160,158,52,1,1,0.3291139240506329,0.00625,0.00625
14112,PIE,13244,MEM,96,94,46,2,0,0.4893617021276595,0.0208333333333333,0.0
14112,PIE,13256,MFE,26,26,2,0,0,0.0769230769230769,0.0,0.0
14112,PIE,13367,MLI,85,85,19,0,0,0.2235294117647059,0.0,0.0
14112,PIE,13871,OMA,124,123,19,0,1,0.1544715447154471,0.0,0.0080645161290322
14112,PIE,13931,ORF,20,19,14,0,1,0.7368421052631579,0.0,0.05
14112,PIE,14025,PBG,111,108,19,1,2,0.1759259259259259,0.009009009009009,0.018018018018018
14112,PIE,14108,PIA,163,162,45,0,1,0.2777777777777778,0.0,0.0061349693251533
14112,PIE,14122,PIT,172,172,49,0,0,0.2848837209302325,0.0,0.0
14112,PIE,14259,PSM,42,42,10,0,0,0.238095238095238,0.0,0.0
14112,PIE,14512,RFD,142,139,22,1,2,0.158273381294964,0.0070422535211267,0.0140845070422535
14112,PIE,14524,RIC,96,96,24,0,0,0.25,0.0,0.0
14112,PIE,14574,ROA,130,128,49,0,2,0.3828125,0.0,0.0153846153846153
14112,PIE,14685,SAV,27,26,4,0,1,0.1538461538461538,0.0,0.037037037037037
14112,PIE,14696,SBN,166,163,29,2,1,0.1779141104294478,0.0120481927710843,0.0060240963855421
14112,PIE,14730,SDF,120,119,40,1,0,0.3361344537815126,0.0083333333333333,0.0
14112,PIE,14783,SGF,198,195,63,1,2,0.3230769230769231,0.005050505050505,0.0101010101010101
14112,PIE,15070,SWF,127,125,18,2,0,0.144,0.0157480314960629,0.0
14112,PIE,15096,SYR,185,185,22,0,0,0.1189189189189189,0.0,0.0
14112,PIE,15295,TOL,137,137,49,0,0,0.3576642335766423,0.0,0.0
14112,PIE,15323,TRI,53,53,31,0,0,0.5849056603773585,0.0,0.0
14112,PIE,15370,TUL,26,26,4,0,0,0.1538461538461538,0.0,0.0
14112,PIE,15380,TVC,103,103,17,0,0,0.1650485436893204,0.0,0.0
14112,PIE,15412,TYS,522,518,153,2,2,0.2953667953667954,0.003831417624521,0.003831417624521
14112,PIE,15919,XNA,69,69,21,0,0,0.3043478260869565,0.0,0.0
14113,PIH,14869,SLC,551,549,31,2,0,0.0564663023679417,0.0036297640653357,0.0
14120,PIR,11292,DEN,297,291,55,6,0,0.1890034364261168,0.0202020202020202,0.0
14122,PIT,10397,ATL,2805,2746,334,46,13,0.12163146394756,0.0163992869875222,0.0046345811051693
14122,PIT,10423,AUS,327,326,48,1,0,0.147239263803681,0.0030581039755351,0.0
14122,PIT,10693,BNA,1065,1057,185,6,2,0.1750236518448439,0.0056338028169014,0.0018779342723004
14122,PIT,10721,BOS,2215,2176,470,37,2,0.2159926470588235,0.0167042889390519,0.000902934537246
14122,PIT,10821,BWI,1074,1060,161,14,0,0.1518867924528301,0.0130353817504655,0.0
14122,PIT,11057,CLT,1935,1911,327,23,1,0.1711145996860282,0.0118863049095607,0.000516795865633
14122,PIT,11259,DAL,364,360,62,3,1,0.1722222222222222,0.0082417582417582,0.0027472527472527
14122,PIT,11278,DCA,1534,1473,366,58,3,0.2484725050916497,0.0378096479791395,0.0019556714471968
14122,PIT,11292,DEN,1764,1754,350,4,6,0.1995438996579247,0.0022675736961451,0.0034013605442176
14122,PIT,11298,DFW,1526,1494,366,25,7,0.2449799196787148,0.0163826998689384,0.0045871559633027
14122,PIT,11433,DTW,1048,1041,202,7,0,0.1940441882804995,0.006679389312977,0.0
14122,PIT,11618,EWR,1968,1899,305,68,1,0.1606108478146392,0.0345528455284552,0.0005081300813008
14122,PIT,11624,EYW,97,97,15,0,0,0.1546391752577319,0.0,0.0
14122,PIT,11697,FLL,995,985,175,9,1,0.1776649746192893,0.0090452261306532,0.0010050251256281
14122,PIT,12191,HOU,316,314,63,1,1,0.2006369426751592,0.0031645569620253,0.0031645569620253
14122,PIT,12264,IAD,1172,1161,158,11,0,0.136089577950043,0.0093856655290102,0.0
14122,PIT,12266,IAH,631,626,122,4,1,0.194888178913738,0.0063391442155309,0.0015847860538827
14122,PIT,12451,JAX,127,127,31,0,0,0.2440944881889764,0.0,0.0
14122,PIT,12478,JFK,1774,1730,258,42,2,0.1491329479768786,0.0236753100338218,0.0011273957158962
14122,PIT,12889,LAS,827,820,160,3,4,0.1951219512195122,0.0036275695284159,0.0048367593712212
14122,PIT,12892,LAX,259,259,70,0,0,0.2702702702702703,0.0,0.0
14122,PIT,12953,LGA,2994,2877,578,113,4,0.2009037191518943,0.0377421509686038,0.0013360053440213
14122,PIT,13204,MCO,2166,2148,470,13,5,0.2188081936685288,0.0060018467220683,0.0023084025854108
14122,PIT,13232,MDW,1135,1128,222,5,2,0.1968085106382978,0.0044052863436123,0.0017621145374449
14122,PIT,13303,MIA,700,692,160,7,1,0.2312138728323699,0.01,0.0014285714285714
14122,PIT,13360,MLB,97,96,15,0,1,0.15625,0.0,0.0103092783505154
14122,PIT,13487,MSP,606,600,122,5,1,0.2033333333333333,0.0082508250825082,0.0016501650165016
14122,PIT,13577,MYR,326,321,40,4,1,0.1246105919003115,0.0122699386503067,0.0030674846625766
14122,PIT,13930,ORD,3678,3630,704,46,2,0.1939393939393939,0.0125067971723762,0.0005437737901033
14122,PIT,14027,PBI,138,137,26,1,0,0.1897810218978102,0.0072463768115942,0.0
14122,PIT,14082,PGD,188,187,52,0,1,0.2780748663101604,0.0,0.0053191489361702
14122,PIT,14100,PHL,1470,1429,428,40,1,0.2995101469559132,0.0272108843537414,0.0006802721088435
14122,PIT,14107,PHX,801,795,164,1,5,0.2062893081761006,0.0012484394506866,0.0062421972534332
14122,PIT,14112,PIE,172,171,40,0,1,0.2339181286549707,0.0,0.005813953488372
14122,PIT,14492,RDU,697,688,99,8,1,0.1438953488372093,0.0114777618364418,0.0014347202295552
14122,PIT,14635,RSW,610,600,121,4,6,0.2016666666666666,0.0065573770491803,0.0098360655737704
14122,PIT,14679,SAN,9,9,3,0,0,0.3333333333333333,0.0,0.0
14122,PIT,14685,SAV,120,120,26,0,0,0.2166666666666666,0.0,0.0
14122,PIT,14730,SDF,2,2,0,0,0,0.0,0.0,0.0
14122,PIT,14747,SEA,484,476,146,6,2,0.3067226890756303,0.012396694214876,0.0041322314049586
14122,PIT,14761,SFB,172,172,63,0,0,0.3662790697674418,0.0,0.0
14122,PIT,14771,SFO,569,565,89,3,1,0.1575221238938053,0.0052724077328646,0.0017574692442882
14122,PIT,14869,SLC,363,361,91,2,0,0.2520775623268698,0.0055096418732782,0.0
14122,PIT,14986,SRQ,369,367,77,1,1,0.2098092643051771,0.002710027100271,0.002710027100271
14122,PIT,15016,STL,381,380,62,1,0,0.1631578947368421,0.0026246719160104,0.0
14122,PIT,15304,TPA,1023,1016,214,7,0,0.2106299212598425,0.0068426197458455,0.0
14122,PIT,15624,VPS,83,83,9,0,0,0.108433734939759,0.0,0.0
14150,PLN,11013,CIU,1,0,0,0,1,,0.0,1.0
14150,PLN,11433,DTW,671,636,91,34,1,0.1430817610062893,0.0506706408345752,0.0014903129657228
14150,PLN,13930,ORD,253,249,102,2,2,0.4096385542168674,0.0079051383399209,0.0079051383399209
14193,PNS,10397,ATL,2713,2659,282,52,2,0.1060549078600977,0.0191669738297088,0.0007371913011426
14193,PNS,10423,AUS,9,9,6,0,0,0.6666666666666666,0.0,0.0
14193,PNS,10693,BNA,938,927,129,8,3,0.1391585760517799,0.0085287846481876,0.0031982942430703
14193,PNS,11057,CLT,2077,2013,396,60,4,0.1967213114754098,0.0288878189696677,0.0019258545979778
14193,PNS,11259,DAL,496,489,77,5,2,0.1574642126789366,0.0100806451612903,0.0040322580645161
14193,PNS,11278,DCA,932,881,246,49,2,0.2792281498297389,0.0525751072961373,0.0021459227467811
14193,PNS,11292,DEN,534,522,170,3,9,0.3256704980842911,0.0056179775280898,0.0168539325842696
14193,PNS,11298,DFW,1794,1720,583,66,8,0.338953488372093,0.0367892976588628,0.0044593088071348
14193,PNS,11433,DTW,126,126,17,0,0,0.1349206349206349,0.0,0.0
14193,PNS,11697,FLL,362,355,85,6,1,0.2394366197183098,0.0165745856353591,0.0027624309392265
14193,PNS,12191,HOU,363,360,43,3,0,0.1194444444444444,0.0082644628099173,0.0
14193,PNS,12266,IAH,587,568,89,18,1,0.1566901408450704,0.0306643952299829,0.0017035775127768
14193,PNS,13198,MCI,183,182,29,0,1,0.1593406593406593,0.0,0.0054644808743169
14193,PNS,13204,MCO,362,350,59,12,0,0.1685714285714285,0.0331491712707182,0.0
14193,PNS,13232,MDW,108,108,16,0,0,0.1481481481481481,0.0,0.0
14193,PNS,13303,MIA,1281,1246,225,34,1,0.1805778491171749,0.0265417642466822,0.0007806401249024
14193,PNS,13930,ORD,465,455,85,8,2,0.1868131868131868,0.0172043010752688,0.0043010752688172
14193,PNS,14100,PHL,331,324,59,5,2,0.1820987654320987,0.0151057401812688,0.0060422960725075
14193,PNS,15016,STL,223,221,32,2,0,0.1447963800904977,0.0089686098654708,0.0
14222,PPG,12173,HNL,150,148,21,2,0,0.1418918918918918,0.0133333333333333,0.0
14231,PQI,10721,BOS,365,363,18,2,0,0.0495867768595041,0.0054794520547945,0.0
14237,PRC,11292,DEN,430,427,86,1,2,0.2014051522248243,0.0023255813953488,0.0046511627906976
14237,PRC,12892,LAX,364,358,95,6,0,0.2653631284916201,0.0164835164835164,0.0
14252,PSC,10466,AZA,154,154,39,0,0,0.2532467532467532,0.0,0.0
14252,PSC,10800,BUR,66,62,7,2,2,0.1129032258064516,0.0303030303030303,0.0303030303030303
14252,PSC,11292,DEN,729,715,71,3,11,0.0993006993006993,0.0041152263374485,0.0150891632373113
14252,PSC,12889,LAS,132,132,29,0,0,0.2196969696969697,0.0,0.0
14252,PSC,12892,LAX,365,364,43,1,0,0.1181318681318681,0.0027397260273972,0.0
14252,PSC,13487,MSP,365,365,28,0,0,0.0767123287671232,0.0,0.0
14252,PSC,14107,PHX,695,693,72,0,2,0.1038961038961039,0.0,0.0028776978417266
14252,PSC,14747,SEA,2048,2034,264,14,0,0.1297935103244837,0.0068359375,0.0
14252,PSC,14771,SFO,706,705,108,1,0,0.1531914893617021,0.0014164305949008,0.0
14252,PSC,14869,SLC,1185,1184,72,1,0,0.0608108108108108,0.00084388185654,0.0
14254,PSE,12478,JFK,102,96,18,6,0,0.1875,0.0588235294117647,0.0
14254,PSE,13204,MCO,586,584,49,1,1,0.0839041095890411,0.0017064846416382,0.0017064846416382
14256,PSG,12523,JNU,362,350,38,11,1,0.1085714285714285,0.0303867403314917,0.0027624309392265
14256,PSG,15841,WRG,362,350,45,11,1,0.1285714285714285,0.0303867403314917,0.0027624309392265
14259,PSM,14082,PGD,253,253,49,0,0,0.1936758893280632,0.0,0.0
14259,PSM,14112,PIE,42,42,11,0,0,0.2619047619047619,0.0,0.0
14259,PSM,14761,SFB,162,162,46,0,0,0.2839506172839506,0.0,0.0
14259,PSM,14986,SRQ,49,49,8,0,0,0.1632653061224489,0.0,0.0
14262,PSP,10397,ATL,187,185,29,2,0,0.1567567567567567,0.0106951871657754,0.0
14262,PSP,10423,AUS,17,17,5,0,0,0.2941176470588235,0.0,0.0
14262,PSP,10666,BLI,126,125,22,0,1,0.176,0.0,0.0079365079365079
14262,PSP,10713,BOI,20,20,1,0,0,0.05,0.0,0.0
14262,PSP,11057,CLT,2,2,1,0,0,0.5,0.0,0.0
14262,PSP,11259,DAL,8,8,2,0,0,0.25,0.0,0.0
14262,PSP,11292,DEN,2076,2055,418,11,10,0.2034063260340632,0.0052986512524084,0.0048169556840077
14262,PSP,11298,DFW,1016,985,213,22,9,0.216243654822335,0.0216535433070866,0.0088582677165354
14262,PSP,11618,EWR,14,14,4,0,0,0.2857142857142857,0.0,0.0
14262,PSP,12264,IAD,134,133,16,1,0,0.1203007518796992,0.0074626865671641,0.0
14262,PSP,12266,IAH,170,170,30,0,0,0.1764705882352941,0.0,0.0
14262,PSP,12478,JFK,185,180,62,5,0,0.3444444444444444,0.027027027027027,0.0
14262,PSP,12889,LAS,726,725,133,1,0,0.1834482758620689,0.0013774104683195,0.0
14262,PSP,12892,LAX,352,351,63,1,0,0.1794871794871795,0.002840909090909,0.0
14262,PSP,13232,MDW,61,59,15,1,1,0.2542372881355932,0.0163934426229508,0.0163934426229508
14262,PSP,13487,MSP,313,312,60,0,1,0.1923076923076923,0.0,0.0031948881789137
14262,PSP,13796,OAK,503,501,79,2,0,0.1576846307385229,0.003976143141153,0.0
14262,PSP,13930,ORD,692,683,120,6,3,0.1756954612005856,0.0086705202312138,0.0043352601156069
14262,PSP,14057,PDX,732,728,53,4,0,0.0728021978021978,0.0054644808743169,0.0
14262,PSP,14107,PHX,1634,1621,318,12,1,0.1961752004935225,0.00734394124847,0.0006119951040391
14262,PSP,14747,SEA,1638,1626,245,9,3,0.1506765067650676,0.0054945054945054,0.0018315018315018
14262,PSP,14771,SFO,2522,2500,680,15,7,0.272,0.0059476605868358,0.0027755749405233
14262,PSP,14831,SJC,202,202,30,0,0,0.1485148514851485,0.0,0.0
14262,PSP,14869,SLC,1078,1075,55,3,0,0.0511627906976744,0.0027829313543599,0.0
14262,PSP,14893,SMF,475,472,79,0,3,0.1673728813559322,0.0,0.0063157894736842
14262,PSP,15023,STS,47,46,19,0,1,0.4130434782608695,0.0,0.0212765957446808
14307,PVD,10397,ATL,1032,1008,183,19,5,0.181547619047619,0.0184108527131782,0.00484496124031
14307,PVD,10693,BNA,260,259,47,1,0,0.1814671814671814,0.0038461538461538,0.0
14307,PVD,10821,BWI,1857,1830,292,26,1,0.1595628415300546,0.0140010770059235,0.0005385029617662
14307,PVD,11057,CLT,1553,1526,265,27,0,0.173656618610747,0.0173857050869285,0.0
14307,PVD,11259,DAL,9,9,1,0,0,0.1111111111111111,0.0,0.0
14307,PVD,11278,DCA,2587,2445,651,138,4,0.2662576687116564,0.0533436412833397,0.0015461925009663
14307,PVD,11292,DEN,289,289,73,0,0,0.2525951557093425,0.0,0.0
14307,PVD,11433,DTW,669,656,131,11,2,0.1996951219512195,0.0164424514200298,0.0029895366218236
14307,PVD,11618,EWR,11,11,2,0,0,0.1818181818181818,0.0,0.0
14307,PVD,11697,FLL,556,551,154,4,1,0.279491833030853,0.0071942446043165,0.0017985611510791
14307,PVD,12264,IAD,141,139,29,2,0,0.2086330935251798,0.0141843971631205,0.0
14307,PVD,12478,JFK,245,239,12,6,0,0.0502092050209205,0.0244897959183673,0.0
14307,PVD,13204,MCO,1649,1635,382,7,7,0.2336391437308868,0.0042449969678593,0.0042449969678593
14307,PVD,13232,MDW,629,621,92,5,3,0.1481481481481481,0.0079491255961844,0.0047694753577106
14307,PVD,13487,MSP,92,90,13,1,1,0.1444444444444444,0.0108695652173913,0.0108695652173913
14307,PVD,13930,ORD,1351,1324,344,25,2,0.2598187311178248,0.0185048112509252,0.001480384900074
14307,PVD,14027,PBI,459,448,122,7,4,0.2723214285714285,0.0152505446623093,0.008714596949891
14307,PVD,14082,PGD,188,187,59,1,0,0.3155080213903743,0.0053191489361702,0.0
14307,PVD,14100,PHL,638,621,119,17,0,0.1916264090177133,0.0266457680250783,0.0
14307,PVD,14635,RSW,214,211,57,3,0,0.2701421800947867,0.014018691588785,0.0
14307,PVD,14843,SJU,350,347,62,1,2,0.1786743515850144,0.0028571428571428,0.0057142857142857
14307,PVD,15304,TPA,749,746,193,3,0,0.2587131367292225,0.0040053404539385,0.0
14314,PVU,10423,AUS,108,108,17,0,0,0.1574074074074074,0.0,0.0
14314,PVU,10466,AZA,707,705,116,1,1,0.1645390070921985,0.0014144271570014,0.0014144271570014
14314,PVU,10693,BNA,95,91,6,1,3,0.0659340659340659,0.0105263157894736,0.031578947368421
14314,PVU,11298,DFW,944,918,196,18,8,0.2135076252723311,0.0190677966101694,0.0084745762711864
14314,PVU,12191,HOU,124,124,14,0,0,0.1129032258064516,0.0,0.0
14314,PVU,12889,LAS,12,12,5,0,0,0.4166666666666667,0.0,0.0
14314,PVU,13232,MDW,46,45,9,1,0,0.2,0.0217391304347826,0.0
14314,PVU,14057,PDX,115,115,15,0,0,0.1304347826086956,0.0,0.0
14314,PVU,14107,PHX,306,303,79,1,2,0.2607260726072607,0.0032679738562091,0.0065359477124183
14314,PVU,14679,SAN,70,70,17,0,0,0.2428571428571428,0.0,0.0
14314,PVU,14761,SFB,64,63,11,0,1,0.1746031746031746,0.0,0.015625
14314,PVU,14908,SNA,387,384,52,1,2,0.1354166666666666,0.0025839793281653,0.0051679586563307
14321,PWM,10397,ATL,639,630,144,7,2,0.2285714285714285,0.0109546165884194,0.0031298904538341
14321,PWM,10693,BNA,158,156,51,0,2,0.3269230769230769,0.0,0.0126582278481012
14321,PWM,10821,BWI,1342,1329,241,10,3,0.1813393528969149,0.007451564828614,0.0022354694485842
14321,PWM,11057,CLT,695,685,133,7,3,0.1941605839416058,0.0100719424460431,0.0043165467625899
14321,PWM,11278,DCA,1289,1224,328,57,8,0.2679738562091503,0.0442203258339798,0.0062063615205585
14321,PWM,11292,DEN,202,194,55,1,7,0.2835051546391752,0.0049504950495049,0.0346534653465346
14321,PWM,11298,DFW,144,141,28,1,2,0.1985815602836879,0.0069444444444444,0.0138888888888888
14321,PWM,11433,DTW,492,488,107,3,1,0.2192622950819672,0.0060975609756097,0.0020325203252032
14321,PWM,11618,EWR,1007,970,175,37,0,0.1804123711340206,0.0367428003972194,0.0
14321,PWM,12264,IAD,799,779,117,19,1,0.1501925545571245,0.0237797246558197,0.0012515644555694
14321,PWM,12266,IAH,13,12,2,0,1,0.1666666666666666,0.0,0.0769230769230769
14321,PWM,12478,JFK,397,379,84,17,1,0.2216358839050131,0.0428211586901763,0.0025188916876574
14321,PWM,12953,LGA,1054,1019,202,34,1,0.198233562315996,0.032258064516129,0.0009487666034155
14321,PWM,13204,MCO,173,171,46,2,0,0.2690058479532163,0.0115606936416184,0.0
14321,PWM,13232,MDW,150,146,36,3,1,0.2465753424657534,0.02,0.0066666666666666
14321,PWM,13487,MSP,142,142,10,0,0,0.0704225352112676,0.0,0.0
14321,PWM,13930,ORD,1251,1224,283,22,5,0.2312091503267974,0.017585931254996,0.0039968025579536
14321,PWM,14100,PHL,768,745,196,21,2,0.2630872483221476,0.02734375,0.0026041666666666
14321,PWM,15304,TPA,35,34,8,1,0,0.2352941176470588,0.0285714285714285,0.0
14457,RAP,10397,ATL,16,14,1,1,1,0.0714285714285714,0.0625,0.0625
14457,RAP,10466,AZA,218,215,59,2,1,0.2744186046511628,0.0091743119266055,0.0045871559633027
14457,RAP,11057,CLT,123,121,30,1,1,0.2479338842975206,0.008130081300813,0.008130081300813
14457,RAP,11292,DEN,2920,2857,723,51,12,0.2530626531326566,0.0174657534246575,0.0041095890410958
14457,RAP,11298,DFW,984,960,180,18,6,0.1875,0.0182926829268292,0.0060975609756097
14457,RAP,12889,LAS,112,112,37,0,0,0.3303571428571428,0.0,0.0
14457,RAP,12892,LAX,1,1,1,0,0,1.0,0.0,0.0
14457,RAP,13487,MSP,179,178,28,0,1,0.1573033707865168,0.0,0.0055865921787709
14457,RAP,13930,ORD,628,614,166,9,5,0.2703583061889251,0.0143312101910828,0.0079617834394904
14457,RAP,14761,SFB,69,68,13,1,0,0.1911764705882352,0.0144927536231884,0.0
14487,RDD,11292,DEN,190,187,66,0,3,0.3529411764705882,0.0,0.0157894736842105
14487,RDD,12892,LAX,332,332,33,0,0,0.0993975903614457,0.0,0.0
14487,RDD,14747,SEA,209,208,54,1,0,0.2596153846153846,0.0047846889952153,0.0
14487,RDD,14771,SFO,967,947,182,20,0,0.1921858500527983,0.0206825232678386,0.0
14489,RDM,10800,BUR,66,66,11,0,0,0.1666666666666666,0.0,0.0
14489,RDM,11292,DEN,729,720,153,4,5,0.2125,0.0054869684499314,0.0068587105624142
14489,RDM,11298,DFW,90,84,30,1,5,0.3571428571428571,0.0111111111111111,0.0555555555555555
14489,RDM,12892,LAX,365,365,44,0,0,0.1205479452054794,0.0,0.0
14489,RDM,14057,PDX,143,140,20,3,0,0.1428571428571428,0.0209790209790209,0.0
14489,RDM,14107,PHX,718,715,68,2,1,0.0951048951048951,0.0027855153203342,0.0013927576601671
14489,RDM,14679,SAN,259,251,39,6,2,0.1553784860557769,0.0231660231660231,0.0077220077220077
14489,RDM,14747,SEA,1892,1871,295,18,3,0.1576696953500801,0.0095137420718816,0.0015856236786469
14489,RDM,14771,SFO,1174,1165,300,8,1,0.2575107296137339,0.0068143100511073,0.0008517887563884
14489,RDM,14869,SLC,729,728,66,1,0,0.0906593406593406,0.0013717421124828,0.0
14492,RDU,10397,ATL,4601,4541,647,55,5,0.1424796300374367,0.0119539230602043,0.0010867202782003
14492,RDU,10423,AUS,758,753,134,4,1,0.1779548472775564,0.0052770448548812,0.0013192612137203
14492,RDU,10693,BNA,2031,2001,364,25,5,0.1819090454772613,0.0123092072870507,0.0024618414574101
14492,RDU,10721,BOS,2900,2863,609,37,0,0.2127139364303178,0.0127586206896551,0.0
14492,RDU,10792,BUF,96,95,34,1,0,0.3578947368421052,0.0104166666666666,0.0
14492,RDU,10821,BWI,1799,1767,265,30,2,0.1499717034521788,0.0166759310728182,0.0011117287381878
14492,RDU,11042,CLE,191,191,32,0,0,0.1675392670157068,0.0,0.0
14492,RDU,11057,CLT,3319,3267,585,51,1,0.1790633608815427,0.0153660741187104,0.0003012955709551
14492,RDU,11193,CVG,62,60,13,2,0,0.2166666666666666,0.032258064516129,0.0
14492,RDU,11259,DAL,440,432,103,4,4,0.2384259259259259,0.009090909090909,0.009090909090909
14492,RDU,11278,DCA,1969,1881,625,84,4,0.3322700691121744,0.0426612493651599,0.0020314880650076
14492,RDU,11292,DEN,1782,1767,417,6,9,0.2359932088285229,0.0033670033670033,0.005050505050505
14492,RDU,11298,DFW,2292,2214,541,62,16,0.2443541102077687,0.0270506108202443,0.0069808027923211
14492,RDU,11433,DTW,1603,1594,210,6,3,0.1317440401505646,0.0037429819089207,0.0018714909544603
14492,RDU,11618,EWR,1848,1775,577,72,1,0.3250704225352113,0.0389610389610389,0.0005411255411255
14492,RDU,11697,FLL,1226,1209,228,12,5,0.1885856079404466,0.0097879282218597,0.0040783034257748
14492,RDU,12191,HOU,352,347,48,4,1,0.138328530259366,0.0113636363636363,0.002840909090909
14492,RDU,12264,IAD,1224,1206,157,18,0,0.1301824212271973,0.0147058823529411,0.0
14492,RDU,12266,IAH,824,811,162,13,0,0.1997533908754624,0.0157766990291262,0.0
14492,RDU,12339,IND,59,56,10,3,0,0.1785714285714285,0.0508474576271186,0.0
14492,RDU,12478,JFK,2386,2302,562,82,2,0.2441355343179843,0.0343671416596814,0.0008382229673093
14492,RDU,12889,LAS,753,749,132,1,3,0.1762349799732977,0.0013280212483399,0.0039840637450199
14492,RDU,12892,LAX,776,771,99,2,3,0.1284046692607003,0.0025773195876288,0.0038659793814432
14492,RDU,12953,LGA,2801,2667,802,130,4,0.3007124109486314,0.0464119957158157,0.0014280614066404
14492,RDU,13198,MCI,63,62,13,0,1,0.2096774193548387,0.0,0.0158730158730158
14492,RDU,13204,MCO,2651,2610,514,35,6,0.1969348659003831,0.0132025650697849,0.0022632968691059
14492,RDU,13232,MDW,1014,1000,173,11,3,0.173,0.0108481262327416,0.0029585798816568
14492,RDU,13303,MIA,2544,2511,515,26,7,0.2050975706889685,0.0102201257861635,0.002751572327044
14492,RDU,13487,MSP,1227,1220,208,6,1,0.1704918032786885,0.0048899755501222,0.0008149959250203
14492,RDU,13495,MSY,84,82,24,2,0,0.2926829268292683,0.0238095238095238,0.0
14492,RDU,13930,ORD,3271,3209,741,54,8,0.2309130570271112,0.0165087129318251,0.0024457352491592
14492,RDU,14100,PHL,2456,2392,730,59,5,0.3051839464882943,0.0240228013029315,0.0020358306188925
14492,RDU,14107,PHX,700,695,103,3,2,0.1482014388489208,0.0042857142857142,0.0028571428571428
14492,RDU,14122,PIT,698,687,105,10,1,0.1528384279475982,0.0143266475644699,0.0014326647564469
14492,RDU,14730,SDF,2,2,1,0,0,0.5,0.0,0.0
14492,RDU,14747,SEA,887,875,186,8,4,0.2125714285714285,0.0090191657271702,0.0045095828635851
14492,RDU,14771,SFO,880,880,142,0,0,0.1613636363636363,0.0,0.0
14492,RDU,14843,SJU,458,450,127,6,2,0.2822222222222222,0.0131004366812227,0.0043668122270742
14492,RDU,14869,SLC,433,430,78,2,1,0.1813953488372093,0.0046189376443418,0.0023094688221709
14492,RDU,15016,STL,639,632,90,5,2,0.1424050632911392,0.0078247261345852,0.0031298904538341
14492,RDU,15096,SYR,36,36,10,0,0,0.2777777777777778,0.0,0.0
14492,RDU,15304,TPA,1248,1238,259,10,0,0.2092084006462035,0.0080128205128205,0.0
14512,RFD,10466,AZA,170,170,43,0,0,0.2529411764705882,0.0,0.0
14512,RFD,10693,BNA,46,46,12,0,0,0.2608695652173913,0.0,0.0
14512,RFD,12889,LAS,105,105,22,0,0,0.2095238095238095,0.0,0.0
14512,RFD,14082,PGD,220,220,52,0,0,0.2363636363636363,0.0,0.0
14512,RFD,14112,PIE,142,141,47,1,0,0.3333333333333333,0.0070422535211267,0.0
14512,RFD,14761,SFB,151,149,63,2,0,0.4228187919463087,0.0132450331125827,0.0
14512,RFD,14986,SRQ,101,101,19,0,0,0.1881188118811881,0.0,0.0
14520,RHI,13487,MSP,724,709,64,15,0,0.0902679830747531,0.0207182320441988,0.0
14520,RHI,13930,ORD,201,193,82,7,1,0.4248704663212435,0.0348258706467661,0.0049751243781094
14524,RIC,10397,ATL,2744,2698,373,43,3,0.1382505559673832,0.01567055393586,0.0010932944606413
14524,RIC,10693,BNA,449,446,79,1,2,0.1771300448430493,0.0022271714922048,0.0044543429844097
14524,RIC,10721,BOS,1765,1735,375,29,1,0.2161383285302593,0.0164305949008498,0.0005665722379603
14524,RIC,10821,BWI,729,723,176,5,1,0.243430152143845,0.0068587105624142,0.0013717421124828
14524,RIC,11057,CLT,2611,2569,458,40,2,0.1782794861813935,0.015319800842589,0.0007659900421294
14524,RIC,11292,DEN,693,685,149,3,5,0.2175182481751824,0.0043290043290043,0.0072150072150072
14524,RIC,11298,DFW,1087,1051,342,27,9,0.3254043767840152,0.0248390064397424,0.0082796688132474
14524,RIC,11433,DTW,708,698,122,9,1,0.1747851002865329,0.0127118644067796,0.001412429378531
14524,RIC,11618,EWR,380,336,151,44,0,0.4494047619047619,0.1157894736842105,0.0
14524,RIC,11697,FLL,832,816,150,15,1,0.1838235294117647,0.0180288461538461,0.001201923076923
14524,RIC,12264,IAD,92,90,14,2,0,0.1555555555555555,0.0217391304347826,0.0
14524,RIC,12266,IAH,7,6,1,1,0,0.1666666666666666,0.1428571428571428,0.0
14524,RIC,12478,JFK,31,30,4,1,0,0.1333333333333333,0.032258064516129,0.0
14524,RIC,12953,LGA,1804,1724,523,79,1,0.3033642691415313,0.0437915742793791,0.0005543237250554
14524,RIC,13204,MCO,1150,1135,301,8,7,0.2651982378854625,0.0069565217391304,0.0060869565217391
14524,RIC,13232,MDW,414,410,74,2,2,0.1804878048780487,0.0048309178743961,0.0048309178743961
14524,RIC,13303,MIA,438,430,73,6,2,0.1697674418604651,0.0136986301369863,0.0045662100456621
14524,RIC,13487,MSP,85,84,16,1,0,0.1904761904761904,0.0117647058823529,0.0
14524,RIC,13930,ORD,1489,1444,387,40,5,0.268005540166205,0.0268636668905305,0.0033579583613163
14524,RIC,14082,PGD,22,22,7,0,0,0.3181818181818182,0.0,0.0
14524,RIC,14100,PHL,226,209,85,17,0,0.4066985645933014,0.0752212389380531,0.0
14524,RIC,14112,PIE,96,94,42,0,2,0.4468085106382978,0.0,0.0208333333333333
14524,RIC,14761,SFB,25,25,8,0,0,0.32,0.0,0.0
14534,RIW,11292,DEN,729,718,121,5,6,0.1685236768802228,0.0068587105624142,0.0082304526748971
14543,RKS,11292,DEN,729,721,137,4,4,0.1900138696255201,0.0054869684499314,0.0054869684499314
14570,RNO,10397,ATL,313,308,82,5,0,0.2662337662337662,0.0159744408945686,0.0
14570,RNO,10423,AUS,164,162,25,1,1,0.1543209876543209,0.0060975609756097,0.0060975609756097
14570,RNO,10800,BUR,433,429,70,4,0,0.1631701631701631,0.0092378752886836,0.0
14570,RNO,11259,DAL,58,57,7,1,0,0.1228070175438596,0.0172413793103448,0.0
14570,RNO,11292,DEN,2692,2667,492,13,12,0.1844769403824522,0.0048291233283803,0.0044576523031203
14570,RNO,11298,DFW,1245,1201,232,32,12,0.1931723563696919,0.0257028112449799,0.0096385542168674
14570,RNO,11618,EWR,3,3,0,0,0,0.0,0.0,0.0
14570,RNO,12266,IAH,41,40,7,1,0,0.175,0.024390243902439,0.0
14570,RNO,12478,JFK,146,141,52,4,1,0.3687943262411347,0.0273972602739726,0.0068493150684931
14570,RNO,12889,LAS,3857,3804,664,50,3,0.1745531019978969,0.0129634430904848,0.000777806585429
14570,RNO,12892,LAX,2628,2601,342,27,0,0.1314878892733564,0.0102739726027397,0.0
14570,RNO,12954,LGB,740,728,118,11,1,0.1620879120879121,0.0148648648648648,0.0013513513513513
14570,RNO,13232,MDW,85,83,3,0,2,0.036144578313253,0.0,0.0235294117647058
14570,RNO,13487,MSP,92,92,16,0,0,0.1739130434782608,0.0,0.0
14570,RNO,13796,OAK,227,224,14,3,0,0.0625,0.013215859030837,0.0
14570,RNO,13930,ORD,364,360,59,4,0,0.1638888888888889,0.0109890109890109,0.0
14570,RNO,14057,PDX,214,212,17,2,0,0.080188679245283,0.0093457943925233,0.0
14570,RNO,14107,PHX,2434,2407,319,22,5,0.1325301204819277,0.0090386195562859,0.0020542317173377
14570,RNO,14679,SAN,1149,1127,287,18,4,0.2546583850931677,0.0156657963446475,0.0034812880765883
14570,RNO,14747,SEA,819,805,253,14,0,0.3142857142857143,0.017094017094017,0.0
14570,RNO,14771,SFO,1798,1769,466,29,0,0.2634256642170718,0.0161290322580645,0.0
14570,RNO,14831,SJC,251,249,60,2,0,0.2409638554216867,0.0079681274900398,0.0
14570,RNO,14869,SLC,1174,1171,150,3,0,0.1280956447480785,0.0025553662691652,0.0
14574,ROA,10397,ATL,365,357,37,6,2,0.103641456582633,0.0164383561643835,0.0054794520547945
14574,ROA,12953,LGA,327,298,115,27,2,0.3859060402684564,0.0825688073394495,0.0061162079510703
14574,ROA,13930,ORD,729,714,201,14,1,0.2815126050420168,0.0192043895747599,0.0013717421124828
14574,ROA,14112,PIE,130,130,71,0,0,0.5461538461538461,0.0,0.0
14574,ROA,14761,SFB,128,125,84,3,0,0.672,0.0234375,0.0
14574,ROA,14986,SRQ,93,92,16,1,0,0.1739130434782608,0.010752688172043,0.0
14576,ROC,10397,ATL,1047,1021,237,22,4,0.2321253672869735,0.0210124164278892,0.0038204393505253
14576,ROC,10821,BWI,1100,1087,198,13,0,0.1821527138914443,0.0118181818181818,0.0
14576,ROC,11057,CLT,1030,1019,189,9,2,0.1854759568204121,0.0087378640776699,0.0019417475728155
14576,ROC,11278,DCA,1184,1124,338,57,3,0.3007117437722419,0.0481418918918918,0.0025337837837837
14576,ROC,11433,DTW,415,408,87,7,0,0.213235294117647,0.016867469879518,0.0
14576,ROC,11618,EWR,441,419,79,22,0,0.18854415274463,0.0498866213151927,0.0
14576,ROC,11697,FLL,169,167,59,1,1,0.3532934131736527,0.0059171597633136,0.0059171597633136
14576,ROC,12264,IAD,161,157,26,4,0,0.1656050955414012,0.0248447204968944,0.0
14576,ROC,12478,JFK,809,790,163,18,1,0.2063291139240506,0.0222496909765142,0.0012360939431396
14576,ROC,12889,LAS,324,323,100,1,0,0.3095975232198142,0.0030864197530864,0.0
14576,ROC,12953,LGA,172,168,45,4,0,0.2678571428571428,0.0232558139534883,0.0
14576,ROC,13204,MCO,602,594,146,6,2,0.2457912457912457,0.0099667774086378,0.0033222591362126
14576,ROC,13232,MDW,205,204,23,1,0,0.1127450980392156,0.0048780487804878,0.0
14576,ROC,13303,MIA,23,23,2,0,0,0.0869565217391304,0.0,0.0
14576,ROC,13577,MYR,25,24,1,1,0,0.0416666666666666,0.04,0.0
14576,ROC,13930,ORD,2236,2201,537,34,1,0.2439800090867787,0.01520572450805,0.0004472271914132
14576,ROC,14082,PGD,66,66,32,0,0,0.4848484848484848,0.0,0.0
14576,ROC,14635,RSW,3,3,1,0,0,0.3333333333333333,0.0,0.0
14576,ROC,15304,TPA,72,71,17,1,0,0.2394366197183098,0.0138888888888888,0.0
14588,ROW,11298,DFW,948,912,195,34,2,0.2138157894736842,0.0358649789029535,0.0021097046413502
14633,RST,13487,MSP,224,223,40,1,0,0.179372197309417,0.0044642857142857,0.0
14633,RST,13930,ORD,829,803,281,26,0,0.3499377334993773,0.031363088057901,0.0
14635,RSW,10135,ABE,15,14,3,1,0,0.2142857142857142,0.0666666666666666,0.0
14635,RSW,10158,ACY,373,370,67,2,1,0.1810810810810811,0.0053619302949061,0.002680965147453
14635,RSW,10257,ALB,13,13,3,0,0,0.2307692307692307,0.0,0.0
14635,RSW,10397,ATL,2936,2884,412,44,8,0.1428571428571428,0.0149863760217983,0.0027247956403269
14635,RSW,10408,ATW,12,12,2,0,0,0.1666666666666666,0.0,0.0
14635,RSW,10529,BDL,422,415,116,5,2,0.2795180722891566,0.0118483412322274,0.0047393364928909
14635,RSW,10693,BNA,690,685,134,2,3,0.1956204379562043,0.0028985507246376,0.0043478260869565
14635,RSW,10721,BOS,2387,2347,630,38,2,0.2684277801448658,0.015919564306661,0.0008378718056137
14635,RSW,10792,BUF,227,223,53,4,0,0.2376681614349775,0.0176211453744493,0.0
14635,RSW,10821,BWI,1437,1414,251,19,4,0.1775106082036775,0.0132219902574808,0.0027835768963117
14635,RSW,11042,CLE,942,932,169,10,0,0.1813304721030043,0.0106157112526539,0.0
14635,RSW,11057,CLT,1938,1906,298,28,4,0.1563483735571878,0.0144478844169246,0.002063983488132
14635,RSW,11066,CMH,638,635,139,3,0,0.2188976377952756,0.0047021943573667,0.0
14635,RSW,11193,CVG,715,706,122,7,2,0.1728045325779036,0.0097902097902097,0.0027972027972027
14635,RSW,11259,DAL,140,138,31,2,0,0.2246376811594203,0.0142857142857142,0.0
14635,RSW,11278,DCA,785,753,222,25,7,0.2948207171314741,0.0318471337579617,0.0089171974522292
14635,RSW,11292,DEN,1055,1048,211,2,5,0.2013358778625954,0.0018957345971563,0.0047393364928909
14635,RSW,11298,DFW,1372,1328,374,38,6,0.2816265060240964,0.0276967930029154,0.0043731778425655
14635,RSW,11423,DSM,12,12,4,0,0,0.3333333333333333,0.0,0.0
14635,RSW,11433,DTW,1822,1798,356,20,4,0.1979977753058954,0.0109769484083424,0.0021953896816684
14635,RSW,11618,EWR,2084,2041,487,31,12,0.238608525232729,0.0148752399232245,0.0057581573896353
14635,RSW,11986,GRR,112,111,16,1,0,0.1441441441441441,0.0089285714285714,0.0
14635,RSW,12191,HOU,25,24,4,0,1,0.1666666666666666,0.0,0.04
14635,RSW,12197,HPN,706,692,126,5,9,0.1820809248554913,0.0070821529745042,0.0127478753541076
14635,RSW,12264,IAD,467,465,66,2,0,0.1419354838709677,0.0042826552462526,0.0
14635,RSW,12266,IAH,801,794,134,4,3,0.1687657430730478,0.0049937578027465,0.0037453183520599
14635,RSW,12339,IND,902,896,202,6,0,0.2254464285714285,0.0066518847006651,0.0
14635,RSW,12391,ISP,64,63,21,1,0,0.3333333333333333,0.015625,0.0
14635,RSW,12478,JFK,1327,1288,276,33,6,0.2142857142857142,0.0248681235870384,0.0045214770158251
14635,RSW,12892,LAX,20,20,3,0,0,0.15,0.0,0.0
14635,RSW,12953,LGA,900,878,268,19,3,0.3052391799544419,0.0211111111111111,0.0033333333333333
14635,RSW,13198,MCI,254,250,62,4,0,0.248,0.0157480314960629,0.0
14635,RSW,13204,MCO,287,284,45,3,0,0.1584507042253521,0.0104529616724738,0.0
14635,RSW,13232,MDW,1161,1147,230,12,2,0.2005231037489102,0.0103359173126615,0.0017226528854435
14635,RSW,13296,MHT,72,72,17,0,0,0.2361111111111111,0.0,0.0
14635,RSW,13342,MKE,449,448,101,1,0,0.2254464285714285,0.0022271714922048,0.0
14635,RSW,13487,MSP,1238,1229,205,9,0,0.1668022782750203,0.0072697899838449,0.0
14635,RSW,13930,ORD,2919,2878,590,31,10,0.2050034746351633,0.0106200753682768,0.0034258307639602
14635,RSW,13933,ORH,107,103,32,3,1,0.3106796116504854,0.02803738317757,0.0093457943925233
14635,RSW,14100,PHL,1387,1356,354,28,3,0.2610619469026549,0.0201874549387166,0.0021629416005767
14635,RSW,14107,PHX,20,20,9,0,0,0.45,0.0,0.0
14635,RSW,14122,PIT,612,610,114,1,1,0.1868852459016393,0.0016339869281045,0.0016339869281045
14635,RSW,14307,PVD,214,210,46,3,1,0.219047619047619,0.014018691588785,0.0046728971962616
14635,RSW,14576,ROC,3,3,1,0,0,0.3333333333333333,0.0,0.0
14635,RSW,14730,SDF,10,10,6,0,0,0.6,0.0,0.0
14635,RSW,14747,SEA,44,44,13,0,0,0.2954545454545454,0.0,0.0
14635,RSW,14771,SFO,24,24,0,0,0,0.0,0.0,0.0
14635,RSW,14869,SLC,10,10,4,0,0,0.4,0.0,0.0
14635,RSW,15016,STL,999,989,193,8,2,0.1951466127401415,0.008008008008008,0.002002002002002
14635,RSW,15356,TTN,73,68,18,4,1,0.2647058823529412,0.0547945205479452,0.0136986301369863
14674,SAF,11292,DEN,1391,1376,320,11,4,0.2325581395348837,0.0079079798705966,0.0028756290438533
14674,SAF,11298,DFW,1759,1708,408,44,7,0.2388758782201405,0.0250142126208072,0.0039795338260375
14674,SAF,12266,IAH,17,17,5,0,0,0.2941176470588235,0.0,0.0
14674,SAF,12892,LAX,87,87,21,0,0,0.2413793103448276,0.0,0.0
14674,SAF,13930,ORD,14,14,9,0,0,0.6428571428571429,0.0,0.0
14674,SAF,14107,PHX,413,407,93,4,2,0.2285012285012285,0.009685230024213,0.0048426150121065
14679,SAN,10140,ABQ,657,650,157,7,0,0.2415384615384615,0.0106544901065449,0.0
14679,SAN,10299,ANC,17,17,3,0,0,0.1764705882352941,0.0,0.0
14679,SAN,10397,ATL,2511,2475,419,18,18,0.1692929292929293,0.007168458781362,0.007168458781362
14679,SAN,10423,AUS,2165,2151,567,10,4,0.2635983263598326,0.0046189376443418,0.0018475750577367
14679,SAN,10666,BLI,25,25,9,0,0,0.36,0.0,0.0
14679,SAN,10693,BNA,923,916,193,5,2,0.2106986899563318,0.0054171180931744,0.0021668472372697
14679,SAN,10713,BOI,941,934,191,7,0,0.2044967880085653,0.0074388947927736,0.0
14679,SAN,10721,BOS,1721,1695,379,17,9,0.223598820058997,0.009877977919814,0.0052295177222545
14679,SAN,10821,BWI,1003,990,156,11,2,0.1575757575757575,0.0109670987038883,0.0019940179461615
14679,SAN,10849,BZN,58,58,9,0,0,0.1551724137931034,0.0,0.0
14679,SAN,11057,CLT,1584,1565,257,11,8,0.1642172523961661,0.0069444444444444,0.005050505050505
14679,SAN,11066,CMH,68,66,12,1,1,0.1818181818181818,0.0147058823529411,0.0147058823529411
14679,SAN,11109,COS,61,61,20,0,0,0.3278688524590163,0.0,0.0
14679,SAN,11259,DAL,1583,1546,358,22,15,0.2315653298835705,0.0138976626658243,0.0094756790903348
14679,SAN,11278,DCA,289,285,109,3,1,0.3824561403508772,0.0103806228373702,0.0034602076124567
14679,SAN,11292,DEN,5528,5452,1297,50,26,0.2378943506969919,0.0090448625180897,0.0047033285094066
14679,SAN,11298,DFW,3432,3311,781,102,19,0.2358803986710963,0.0297202797202797,0.0055361305361305
14679,SAN,11423,DSM,26,26,15,0,0,0.5769230769230769,0.0,0.0
14679,SAN,11433,DTW,1291,1281,196,9,1,0.1530054644808743,0.0069713400464756,0.0007745933384972
14679,SAN,11503,EGE,39,39,14,0,0,0.358974358974359,0.0,0.0
14679,SAN,11540,ELP,331,329,66,2,0,0.2006079027355623,0.0060422960725075,0.0
14679,SAN,11603,EUG,305,303,76,2,0,0.2508250825082508,0.0065573770491803,0.0
14679,SAN,11618,EWR,1552,1508,320,26,18,0.2122015915119363,0.0167525773195876,0.0115979381443298
14679,SAN,11638,FAT,1389,1372,353,17,0,0.2572886297376093,0.0122390208783297,0.0
14679,SAN,11648,FCA,40,40,11,0,0,0.275,0.0,0.0
14679,SAN,11697,FLL,165,164,50,0,1,0.3048780487804878,0.0,0.006060606060606
14679,SAN,11884,GEG,325,319,79,6,0,0.2476489028213166,0.0184615384615384,0.0
14679,SAN,12094,HDN,52,51,13,0,1,0.2549019607843137,0.0,0.0192307692307692
14679,SAN,12173,HNL,1611,1576,420,13,22,0.266497461928934,0.0080695220360024,0.0136561142147734
14679,SAN,12191,HOU,872,863,211,7,2,0.2444959443800695,0.0080275229357798,0.0022935779816513
14679,SAN,12264,IAD,1445,1427,204,5,13,0.1429572529782761,0.0034602076124567,0.0089965397923875
14679,SAN,12266,IAH,1673,1650,262,17,6,0.1587878787878787,0.0101613867304243,0.0035863717872086
14679,SAN,12339,IND,297,296,85,0,1,0.2871621621621621,0.0,0.0033670033670033
14679,SAN,12441,JAC,76,69,23,3,4,0.3333333333333333,0.0394736842105263,0.0526315789473684
14679,SAN,12478,JFK,2413,2355,430,40,18,0.1825902335456475,0.0165768752590136,0.0074595938665561
14679,SAN,12758,KOA,333,328,67,1,4,0.2042682926829268,0.003003003003003,0.012012012012012
14679,SAN,12889,LAS,7102,7005,1732,94,3,0.2472519628836545,0.0132357082511968,0.0004224162207828
14679,SAN,12892,LAX,2381,2361,283,20,0,0.1198644642100804,0.0083998320033599,0.0
14679,SAN,12982,LIH,222,214,42,5,3,0.1962616822429906,0.0225225225225225,0.0135135135135135
14679,SAN,13198,MCI,406,402,87,4,0,0.2164179104477611,0.0098522167487684,0.0
14679,SAN,13204,MCO,859,852,217,2,5,0.2546948356807512,0.0023282887077997,0.0058207217694994
14679,SAN,13232,MDW,999,989,218,5,5,0.2204246713852376,0.005005005005005,0.005005005005005
14679,SAN,13264,MFR,24,24,5,0,0,0.2083333333333333,0.0,0.0
14679,SAN,13303,MIA,566,562,81,3,1,0.1441281138790035,0.0053003533568904,0.0017667844522968
14679,SAN,13342,MKE,67,67,14,0,0,0.208955223880597,0.0,0.0
14679,SAN,13476,MRY,701,676,175,20,5,0.2588757396449704,0.028530670470756,0.007132667617689
14679,SAN,13486,MSO,10,10,4,0,0,0.4,0.0,0.0
14679,SAN,13487,MSP,1309,1302,179,4,3,0.1374807987711213,0.0030557677616501,0.0022918258212375
14679,SAN,13495,MSY,349,345,115,4,0,0.3333333333333333,0.0114613180515759,0.0
14679,SAN,13796,OAK,3255,3211,745,43,1,0.2320149486141389,0.0132104454685099,0.0003072196620583
14679,SAN,13830,OGG,727,709,119,6,12,0.1678420310296191,0.0082530949105914,0.0165061898211829
14679,SAN,13871,OMA,16,16,4,0,0,0.25,0.0,0.0
14679,SAN,13930,ORD,3349,3301,674,37,11,0.2041805513480763,0.0110480740519558,0.0032845625559868
14679,SAN,14057,PDX,1682,1664,252,18,0,0.1514423076923076,0.0107015457788347,0.0
14679,SAN,14100,PHL,1036,1008,131,12,16,0.1299603174603174,0.0115830115830115,0.0154440154440154
14679,SAN,14107,PHX,5662,5563,1269,93,6,0.2281143268020852,0.0164252914164606,0.0010596962204168
14679,SAN,14122,PIT,9,9,1,0,0,0.1111111111111111,0.0,0.0
14679,SAN,14314,PVU,70,70,29,0,0,0.4142857142857143,0.0,0.0
14679,SAN,14489,RDM,260,253,41,5,2,0.1620553359683794,0.0192307692307692,0.0076923076923076
14679,SAN,14570,RNO,1147,1125,257,17,5,0.2284444444444444,0.014821272885789,0.004359197907585
14679,SAN,14683,SAT,660,655,163,3,2,0.248854961832061,0.0045454545454545,0.003030303030303
14679,SAN,14698,SBP,679,649,182,27,3,0.2804314329738058,0.0397643593519882,0.0044182621502209
14679,SAN,14747,SEA,4498,4427,939,67,4,0.2121075220239439,0.0148955091151622,0.0008892841262783
14679,SAN,14771,SFO,6688,6616,1918,68,4,0.2899032648125755,0.0101674641148325,0.0005980861244019
14679,SAN,14831,SJC,5289,5243,1127,44,2,0.2149532710280373,0.0083191529589714,0.0003781433163168
14679,SAN,14869,SLC,2684,2674,443,8,2,0.1656694091249065,0.0029806259314456,0.0007451564828614
14679,SAN,14893,SMF,5090,5035,1153,50,5,0.2289970208540218,0.0098231827111984,0.0009823182711198
14679,SAN,15016,STL,515,511,94,2,2,0.1839530332681017,0.003883495145631,0.003883495145631
14679,SAN,15023,STS,771,734,183,29,8,0.2493188010899182,0.0376134889753566,0.0103761348897535
14679,SAN,15304,TPA,418,413,75,4,1,0.1815980629539951,0.0095693779904306,0.0023923444976076
14679,SAN,15376,TUS,624,621,140,3,0,0.2254428341384863,0.0048076923076923,0.0
14683,SAT,10140,ABQ,9,9,8,0,0,0.8888888888888888,0.0,0.0
14683,SAT,10397,ATL,3124,3072,521,37,15,0.1695963541666666,0.011843790012804,0.0048015364916773
14683,SAT,10693,BNA,948,937,131,7,4,0.1398078975453575,0.0073839662447257,0.0042194092827004
14683,SAT,10721,BOS,337,331,133,4,2,0.4018126888217522,0.0118694362017804,0.0059347181008902
14683,SAT,10800,BUR,19,18,4,1,0,0.2222222222222222,0.0526315789473684,0.0
14683,SAT,10821,BWI,823,808,128,12,3,0.1584158415841584,0.0145808019441069,0.0036452004860267
14683,SAT,11057,CLT,1384,1368,194,14,2,0.141812865497076,0.0101156069364161,0.0014450867052023
14683,SAT,11066,CMH,1,1,0,0,0,0.0,0.0,0.0
14683,SAT,11109,COS,19,19,3,0,0,0.1578947368421052,0.0,0.0
14683,SAT,11259,DAL,2777,2727,419,48,2,0.1536486982031536,0.0172848397551314,0.0007202016564638
14683,SAT,11278,DCA,296,291,25,4,1,0.0859106529209622,0.0135135135135135,0.0033783783783783
14683,SAT,11292,DEN,2975,2951,574,15,9,0.1945103354794984,0.0050420168067226,0.0030252100840336
14683,SAT,11298,DFW,4500,4331,1076,159,10,0.2484414684830293,0.0353333333333333,0.0022222222222222
14683,SAT,11433,DTW,965,957,97,4,4,0.1013584117032393,0.0041450777202072,0.0041450777202072
14683,SAT,11540,ELP,906,900,152,5,1,0.1688888888888889,0.0055187637969094,0.0011037527593818
14683,SAT,11618,EWR,508,500,92,3,5,0.184,0.0059055118110236,0.0098425196850393
14683,SAT,11697,FLL,299,297,47,2,0,0.1582491582491582,0.0066889632107023,0.0
14683,SAT,12191,HOU,1561,1545,314,12,4,0.2032362459546925,0.0076873798846893,0.0025624599615631
14683,SAT,12264,IAD,647,642,61,2,3,0.0950155763239875,0.0030911901081916,0.0046367851622874
14683,SAT,12266,IAH,2405,2371,443,31,3,0.1868409953606073,0.0128898128898128,0.0012474012474012
14683,SAT,12478,JFK,364,351,74,6,7,0.2108262108262108,0.0164835164835164,0.0192307692307692
14683,SAT,12889,LAS,2270,2253,353,12,5,0.1566799822458943,0.0052863436123348,0.0022026431718061
14683,SAT,12892,LAX,2062,2049,282,8,5,0.1376281112737921,0.0038797284190106,0.0024248302618816
14683,SAT,13198,MCI,288,286,47,1,1,0.1643356643356643,0.0034722222222222,0.0034722222222222
14683,SAT,13204,MCO,1135,1125,205,7,3,0.1822222222222222,0.0061674008810572,0.0026431718061674
14683,SAT,13232,MDW,734,724,98,6,4,0.1353591160220994,0.0081743869209809,0.0054495912806539
14683,SAT,13303,MIA,546,534,76,9,3,0.1423220973782771,0.0164835164835164,0.0054945054945054
14683,SAT,13487,MSP,893,882,134,9,2,0.1519274376417233,0.0100783874580067,0.0022396416573348
14683,SAT,13495,MSY,401,398,61,2,1,0.1532663316582914,0.0049875311720698,0.0024937655860349
14683,SAT,13851,OKC,223,223,22,0,0,0.0986547085201793,0.0,0.0
14683,SAT,13930,ORD,1825,1789,381,26,10,0.2129681386249301,0.0142465753424657,0.0054794520547945
14683,SAT,14100,PHL,154,149,34,5,0,0.2281879194630872,0.0324675324675324,0.0
14683,SAT,14107,PHX,2577,2559,415,15,3,0.1621727237202032,0.0058207217694994,0.0011641443538998
14683,SAT,14679,SAN,623,619,119,2,2,0.1922455573505654,0.0032102728731942,0.0032102728731942
14683,SAT,14747,SEA,597,589,170,6,2,0.2886247877758913,0.0100502512562814,0.0033500837520938
14683,SAT,14771,SFO,505,504,54,1,0,0.1071428571428571,0.0019801980198019,0.0
14683,SAT,14843,SJU,106,105,29,0,1,0.2761904761904762,0.0,0.0094339622641509
14683,SAT,14869,SLC,1000,991,161,9,0,0.1624621594349142,0.009,0.0
14683,SAT,15016,STL,560,556,68,4,0,0.1223021582733813,0.0071428571428571,0.0
14683,SAT,15304,TPA,444,439,69,4,1,0.1571753986332574,0.009009009009009,0.0022522522522522
14685,SAV,10397,ATL,2889,2835,373,53,1,0.1315696649029982,0.0183454482519903,0.0003461405330564
14685,SAV,10408,ATW,41,41,10,0,0,0.2439024390243902,0.0,0.0
14685,SAV,10431,AVL,1,1,1,0,0,1.0,0.0,0.0
14685,SAV,10676,BLV,13,13,5,0,0,0.3846153846153846,0.0,0.0
14685,SAV,10693,BNA,751,742,153,6,3,0.206199460916442,0.0079893475366178,0.0039946737683089
14685,SAV,10721,BOS,1064,1042,345,20,2,0.3310940499040307,0.018796992481203,0.0018796992481203
14685,SAV,10821,BWI,979,967,213,10,2,0.2202688728024819,0.010214504596527,0.0020429009193054
14685,SAV,10874,CAK,153,152,27,1,0,0.1776315789473684,0.0065359477124183,0.0
14685,SAV,11057,CLT,2608,2542,400,65,1,0.1573564122738001,0.0249233128834355,0.000383435582822
14685,SAV,11193,CVG,197,195,52,1,1,0.2666666666666666,0.0050761421319796,0.0050761421319796
14685,SAV,11259,DAL,337,332,85,1,4,0.2560240963855422,0.0029673590504451,0.0118694362017804
14685,SAV,11278,DCA,1074,994,282,76,4,0.2837022132796781,0.0707635009310986,0.0037243947858473
14685,SAV,11292,DEN,402,396,139,3,3,0.351010101010101,0.0074626865671641,0.0074626865671641
14685,SAV,11298,DFW,1072,1039,276,28,5,0.2656400384985563,0.0261194029850746,0.0046641791044776
14685,SAV,11433,DTW,468,463,111,4,1,0.2397408207343412,0.0085470085470085,0.0021367521367521
14685,SAV,11618,EWR,1022,991,224,29,2,0.2260343087790111,0.0283757338551859,0.0019569471624266
14685,SAV,11697,FLL,85,85,13,0,0,0.1529411764705882,0.0,0.0
14685,SAV,11986,GRR,41,41,3,0,0,0.073170731707317,0.0,0.0
14685,SAV,12191,HOU,203,197,50,4,2,0.2538071065989847,0.0197044334975369,0.0098522167487684
14685,SAV,12264,IAD,166,165,20,1,0,0.1212121212121212,0.0060240963855421,0.0
14685,SAV,12339,IND,34,34,8,0,0,0.2352941176470588,0.0,0.0
14685,SAV,12478,JFK,826,795,178,29,2,0.2238993710691824,0.0351089588377723,0.0024213075060532
14685,SAV,12917,LCK,144,144,12,0,0,0.0833333333333333,0.0,0.0
14685,SAV,12953,LGA,662,642,110,19,1,0.1713395638629283,0.0287009063444108,0.0015105740181268
14685,SAV,13232,MDW,448,444,75,4,0,0.1689189189189189,0.0089285714285714,0.0
14685,SAV,13303,MIA,873,849,148,23,1,0.1743227326266195,0.0263459335624284,0.0011454753722794
14685,SAV,13487,MSP,247,243,50,2,2,0.205761316872428,0.0080971659919028,0.0080971659919028
14685,SAV,13930,ORD,1189,1168,273,17,4,0.2337328767123287,0.0142977291841883,0.0033641715727502
14685,SAV,14082,PGD,32,31,7,1,0,0.2258064516129032,0.03125,0.0
14685,SAV,14100,PHL,1032,1001,224,30,1,0.2237762237762237,0.0290697674418604,0.000968992248062
14685,SAV,14112,PIE,27,27,4,0,0,0.1481481481481481,0.0,0.0
14685,SAV,14122,PIT,120,120,28,0,0,0.2333333333333333,0.0,0.0
14685,SAV,14730,SDF,26,26,7,0,0,0.2692307692307692,0.0,0.0
14685,SAV,15016,STL,73,73,28,0,0,0.3835616438356164,0.0,0.0
14689,SBA,10397,ATL,364,353,72,9,2,0.2039660056657223,0.0247252747252747,0.0054945054945054
14689,SBA,11292,DEN,1044,1027,209,15,2,0.2035053554040896,0.014367816091954,0.0019157088122605
14689,SBA,11298,DFW,347,336,111,7,4,0.3303571428571428,0.0201729106628242,0.0115273775216138
14689,SBA,12889,LAS,864,858,122,6,0,0.1421911421911421,0.0069444444444444,0.0
14689,SBA,12892,LAX,673,664,71,8,1,0.1069277108433734,0.0118870728083209,0.0014858841010401
14689,SBA,13796,OAK,325,324,44,1,0,0.1358024691358024,0.003076923076923,0.0
14689,SBA,14057,PDX,28,27,10,1,0,0.3703703703703703,0.0357142857142857,0.0
14689,SBA,14107,PHX,1382,1369,230,12,1,0.1680058436815193,0.0086830680173661,0.0007235890014471
14689,SBA,14747,SEA,448,444,136,4,0,0.3063063063063063,0.0089285714285714,0.0
14689,SBA,14771,SFO,1477,1456,446,21,0,0.3063186813186813,0.0142180094786729,0.0
14689,SBA,14869,SLC,923,914,59,9,0,0.0645514223194748,0.0097508125677139,0.0
14689,SBA,14893,SMF,361,358,57,3,0,0.159217877094972,0.0083102493074792,0.0
14696,SBN,10397,ATL,1044,1022,217,16,6,0.2123287671232876,0.0153256704980842,0.0057471264367816
14696,SBN,10466,AZA,148,148,42,0,0,0.2837837837837837,0.0,0.0
14696,SBN,10713,BOI,3,3,1,0,0,0.3333333333333333,0.0,0.0
14696,SBN,11057,CLT,1065,1030,223,33,2,0.216504854368932,0.0309859154929577,0.0018779342723004
14696,SBN,11278,DCA,16,15,5,1,0,0.3333333333333333,0.0625,0.0
14696,SBN,11298,DFW,1075,1040,293,25,10,0.2817307692307692,0.0232558139534883,0.0093023255813953
14696,SBN,11433,DTW,556,549,93,6,1,0.1693989071038251,0.0107913669064748,0.0017985611510791
14696,SBN,11618,EWR,7,7,1,0,0,0.1428571428571428,0.0,0.0
14696,SBN,11697,FLL,37,37,14,0,0,0.3783783783783784,0.0,0.0
14696,SBN,12191,HOU,1,1,0,0,0,0.0,0.0,0.0
14696,SBN,12264,IAD,212,206,19,6,0,0.0922330097087378,0.0283018867924528,0.0
14696,SBN,12266,IAH,2,2,1,0,0,0.5,0.0,0.0
14696,SBN,12889,LAS,105,105,39,0,0,0.3714285714285714,0.0,0.0
14696,SBN,12892,LAX,1,1,1,0,0,1.0,0.0,0.0
14696,SBN,12953,LGA,14,14,2,0,0,0.1428571428571428,0.0,0.0
14696,SBN,13487,MSP,365,361,46,3,1,0.1274238227146814,0.0082191780821917,0.0027397260273972
14696,SBN,13930,ORD,2377,2323,715,51,3,0.3077916487300904,0.0214556163230963,0.0012620950778291
14696,SBN,14082,PGD,241,240,75,1,0,0.3125,0.0041493775933609,0.0
14696,SBN,14112,PIE,166,164,50,2,0,0.3048780487804878,0.0120481927710843,0.0
14696,SBN,14761,SFB,258,254,109,1,3,0.4291338582677165,0.003875968992248,0.0116279069767441
14696,SBN,14986,SRQ,122,121,24,1,0,0.1983471074380165,0.0081967213114754,0.0
14696,SBN,15096,SYR,1,1,0,0,0,0.0,0.0,0.0
14696,SBN,15412,TYS,32,32,9,0,0,0.28125,0.0,0.0
14698,SBP,11292,DEN,725,715,129,6,4,0.1804195804195804,0.0082758620689655,0.0055172413793103
14698,SBP,11298,DFW,325,317,111,4,4,0.3501577287066246,0.0123076923076923,0.0123076923076923
14698,SBP,12889,LAS,152,149,35,3,0,0.2348993288590604,0.0197368421052631,0.0
14698,SBP,12892,LAX,662,659,93,3,0,0.1411229135053111,0.0045317220543806,0.0
14698,SBP,14057,PDX,105,104,9,1,0,0.0865384615384615,0.0095238095238095,0.0
14698,SBP,14107,PHX,1229,1216,203,13,0,0.1669407894736842,0.0105777054515866,0.0
14698,SBP,14679,SAN,680,654,140,23,3,0.2140672782874617,0.0338235294117647,0.0044117647058823
14698,SBP,14747,SEA,363,357,91,5,1,0.2549019607843137,0.0137741046831955,0.0027548209366391
14698,SBP,14771,SFO,1156,1141,335,14,1,0.2936021034180543,0.0121107266435986,0.0008650519031141
14709,SCC,10299,ANC,537,532,61,5,0,0.1146616541353383,0.0093109869646182,0.0
14711,SCE,12264,IAD,11,11,3,0,0,0.2727272727272727,0.0,0.0
14711,SCE,13930,ORD,460,447,113,9,4,0.2527964205816554,0.0195652173913043,0.008695652173913
14716,SCK,11292,DEN,30,25,17,3,2,0.68,0.1,0.0666666666666666
14716,SCK,12889,LAS,411,407,126,4,0,0.3095823095823096,0.0097323600973236,0.0
14716,SCK,14107,PHX,123,123,37,0,0,0.3008130081300813,0.0,0.0
14730,SDF,10397,ATL,2721,2677,346,39,5,0.1292491595069107,0.0143329658213891,0.0018375597206909
14730,SDF,10423,AUS,6,6,2,0,0,0.3333333333333333,0.0,0.0
14730,SDF,10693,BNA,142,141,28,1,0,0.1985815602836879,0.0070422535211267,0.0
14730,SDF,10721,BOS,690,681,219,7,2,0.3215859030837004,0.0101449275362318,0.0028985507246376
14730,SDF,10821,BWI,888,865,129,21,2,0.1491329479768786,0.0236486486486486,0.0022522522522522
14730,SDF,11057,CLT,1754,1709,389,41,4,0.2276184903452311,0.0233751425313568,0.0022805017103762
14730,SDF,11259,DAL,353,344,63,4,5,0.1831395348837209,0.0113314447592068,0.0141643059490084
14730,SDF,11278,DCA,1011,946,233,64,1,0.2463002114164905,0.0633036597428288,0.0009891196834817
14730,SDF,11292,DEN,1044,1031,211,8,5,0.2046556741028128,0.0076628352490421,0.0047892720306513
14730,SDF,11298,DFW,2087,2000,572,78,9,0.286,0.0373742213703881,0.0043124101581217
14730,SDF,11433,DTW,1214,1204,175,8,2,0.1453488372093023,0.0065897858319604,0.0016474464579901
14730,SDF,11618,EWR,901,860,147,38,3,0.1709302325581395,0.0421753607103218,0.0033296337402885
14730,SDF,11697,FLL,403,394,76,9,0,0.1928934010152284,0.0223325062034739,0.0
14730,SDF,12191,HOU,286,283,62,2,1,0.2190812720848056,0.0069930069930069,0.0034965034965034
14730,SDF,12264,IAD,359,354,25,5,0,0.0706214689265536,0.0139275766016713,0.0
14730,SDF,12266,IAH,12,12,3,0,0,0.25,0.0,0.0
14730,SDF,12478,JFK,2,2,0,0,0,0.0,0.0,0.0
14730,SDF,12889,LAS,399,397,56,1,1,0.1410579345088161,0.0025062656641604,0.0025062656641604
14730,SDF,12892,LAX,119,116,19,3,0,0.1637931034482758,0.0252100840336134,0.0
14730,SDF,12953,LGA,1364,1330,234,31,3,0.1759398496240601,0.0227272727272727,0.002199413489736
14730,SDF,13204,MCO,902,890,149,10,2,0.1674157303370786,0.0110864745011086,0.0022172949002217
14730,SDF,13232,MDW,999,984,136,15,0,0.1382113821138211,0.015015015015015,0.0
14730,SDF,13303,MIA,409,404,83,5,0,0.2054455445544554,0.0122249388753056,0.0
14730,SDF,13487,MSP,593,588,87,5,0,0.1479591836734693,0.0084317032040472,0.0
14730,SDF,13577,MYR,38,38,10,0,0,0.2631578947368421,0.0,0.0
14730,SDF,13930,ORD,2495,2440,489,51,4,0.2004098360655737,0.020440881763527,0.0016032064128256
14730,SDF,14082,PGD,124,122,23,2,0,0.1885245901639344,0.0161290322580645,0.0
14730,SDF,14100,PHL,360,356,63,4,0,0.1769662921348314,0.0111111111111111,0.0
14730,SDF,14107,PHX,372,367,75,2,3,0.2043596730245231,0.0053763440860215,0.0080645161290322
14730,SDF,14112,PIE,120,118,40,1,1,0.3389830508474576,0.0083333333333333,0.0083333333333333
14730,SDF,14122,PIT,2,2,0,0,0,0.0,0.0,0.0
14730,SDF,14492,RDU,2,2,0,0,0,0.0,0.0,0.0
14730,SDF,14635,RSW,10,10,4,0,0,0.4,0.0,0.0
14730,SDF,14685,SAV,26,26,7,0,0,0.2692307692307692,0.0,0.0
14730,SDF,14761,SFB,138,136,69,2,0,0.5073529411764706,0.0144927536231884,0.0
14730,SDF,14771,SFO,1,1,1,0,0,1.0,0.0,0.0
14730,SDF,14869,SLC,2,2,0,0,0,0.0,0.0,0.0
14730,SDF,14986,SRQ,80,78,15,1,1,0.1923076923076923,0.0125,0.0125
14730,SDF,15304,TPA,479,471,82,7,1,0.1740976645435244,0.0146137787056367,0.0020876826722338
14730,SDF,15624,VPS,132,131,33,1,0,0.2519083969465648,0.0075757575757575,0.0
14747,SEA,10140,ABQ,574,572,192,2,0,0.3356643356643357,0.0034843205574912,0.0
14747,SEA,10299,ANC,6879,6808,1773,66,5,0.2604289071680376,0.0095944177932839,0.0007268498328245
14747,SEA,10397,ATL,3254,3216,626,23,15,0.1946517412935323,0.0070682237246465,0.0046097111247695
14747,SEA,10423,AUS,2047,2030,477,12,5,0.234975369458128,0.0058622374206155,0.0024425989252564
14747,SEA,10666,BLI,1360,1334,269,26,0,0.2016491754122938,0.0191176470588235,0.0
14747,SEA,10693,BNA,1437,1426,376,7,4,0.2636746143057503,0.0048712595685455,0.0027835768963117
14747,SEA,10713,BOI,3954,3944,690,9,1,0.1749492900608519,0.0022761760242792,0.0002529084471421
14747,SEA,10721,BOS,2491,2460,653,21,10,0.2654471544715447,0.0084303492573263,0.0040144520272982
14747,SEA,10800,BUR,1603,1560,364,35,8,0.2333333333333333,0.0218340611353711,0.0049906425452276
14747,SEA,10821,BWI,705,701,164,1,3,0.2339514978601997,0.001418439716312,0.0042553191489361
14747,SEA,10849,BZN,1058,1050,232,6,2,0.2209523809523809,0.0056710775047258,0.0018903591682419
14747,SEA,10994,CHS,346,343,70,2,1,0.2040816326530612,0.0057803468208092,0.0028901734104046
14747,SEA,11042,CLE,471,468,140,3,0,0.2991452991452991,0.0063694267515923,0.0
14747,SEA,11057,CLT,1277,1265,146,7,5,0.1154150197628458,0.0054815974941268,0.0039154267815191
14747,SEA,11066,CMH,474,473,139,0,1,0.2938689217758985,0.0,0.0021097046413502
14747,SEA,11193,CVG,771,761,147,4,6,0.1931668856767411,0.0051880674448767,0.0077821011673151
14747,SEA,11259,DAL,229,225,83,2,2,0.3688888888888889,0.0087336244541484,0.0087336244541484
14747,SEA,11278,DCA,1027,991,237,14,22,0.2391523713420787,0.0136319376825705,0.0214216163583252
14747,SEA,11292,DEN,6399,6307,1586,43,49,0.2514666243856033,0.0067197999687451,0.0076574464760118
14747,SEA,11298,DFW,5291,5166,1287,87,38,0.2491289198606271,0.0164430164430164,0.0071820071820071
14747,SEA,11433,DTW,2027,2011,317,10,6,0.1576330183988065,0.0049333991119881,0.0029600394671928
14747,SEA,11503,EGE,39,39,11,0,0,0.282051282051282,0.0,0.0
14747,SEA,11603,EUG,2000,1982,378,17,1,0.1907164480322906,0.0085,0.0005
14747,SEA,11618,EWR,2007,1971,468,25,11,0.2374429223744292,0.0124564025909317,0.0054808171400099
14747,SEA,11630,FAI,2381,2362,589,19,0,0.2493649449618967,0.0079798404031919,0.0
14747,SEA,11638,FAT,1013,1006,191,6,1,0.1898608349900596,0.0059230009871668,0.0009871668311944
14747,SEA,11648,FCA,24,24,7,0,0,0.2916666666666667,0.0,0.0
14747,SEA,11697,FLL,867,857,173,5,5,0.2018669778296382,0.0057670126874279,0.0057670126874279
14747,SEA,11884,GEG,5322,5285,1139,34,3,0.2155156102175969,0.0063885757234122,0.0005636978579481
14747,SEA,12003,GTF,179,179,29,0,0,0.1620111731843575,0.0,0.0
14747,SEA,12094,HDN,12,11,2,1,0,0.1818181818181818,0.0833333333333333,0.0
14747,SEA,12156,HLN,71,70,20,0,1,0.2857142857142857,0.0,0.0140845070422535
14747,SEA,12173,HNL,2992,2954,961,25,13,0.3253215978334461,0.008355614973262,0.0043449197860962
14747,SEA,12191,HOU,119,119,34,0,0,0.2857142857142857,0.0,0.0
14747,SEA,12264,IAD,1955,1935,406,11,9,0.2098191214470284,0.0056265984654731,0.0046035805626598
14747,SEA,12266,IAH,2111,2077,496,21,13,0.2388059701492537,0.0099478919943154,0.0061582188536238
14747,SEA,12280,IDA,125,124,25,0,1,0.2016129032258064,0.0,0.008
14747,SEA,12339,IND,543,535,173,5,3,0.3233644859813084,0.009208103130755,0.005524861878453
14747,SEA,12441,JAC,201,194,24,2,5,0.1237113402061855,0.0099502487562189,0.0248756218905472
14747,SEA,12451,JAX,1,1,0,0,0,0.0,0.0,0.0
14747,SEA,12478,JFK,2885,2819,841,42,24,0.2983327421071302,0.0145580589254766,0.008318890814558
14747,SEA,12523,JNU,1579,1554,414,22,3,0.2664092664092664,0.0139328689043698,0.0018999366687777
14747,SEA,12758,KOA,1440,1408,348,17,15,0.2471590909090909,0.0118055555555555,0.0104166666666666
14747,SEA,12819,KTN,1299,1282,357,3,14,0.2784711388455538,0.0023094688221709,0.0107775211701308
14747,SEA,12889,LAS,5876,5829,1374,41,6,0.2357179619145651,0.0069775357385976,0.0010211027910142
14747,SEA,12892,LAX,7394,7325,1241,64,5,0.169419795221843,0.0086556667568298,0.0006762239653773
14747,SEA,12982,LIH,1094,1079,257,9,6,0.2381835032437442,0.0082266910420475,0.0054844606946983
14747,SEA,13127,LWS,364,361,30,2,1,0.0831024930747922,0.0054945054945054,0.0027472527472527
14747,SEA,13198,MCI,1134,1115,283,14,5,0.2538116591928251,0.0123456790123456,0.0044091710758377
14747,SEA,13204,MCO,1842,1821,411,8,13,0.2257001647446458,0.004343105320304,0.007057546145494
14747,SEA,13232,MDW,585,581,116,1,3,0.1996557659208261,0.0017094017094017,0.0051282051282051
14747,SEA,13264,MFR,1083,1060,100,19,4,0.0943396226415094,0.0175438596491228,0.0036934441366574
14747,SEA,13303,MIA,1137,1128,234,6,3,0.2074468085106383,0.0052770448548812,0.0026385224274406
14747,SEA,13342,MKE,493,490,79,1,2,0.1612244897959183,0.0020283975659229,0.0040567951318458
14747,SEA,13476,MRY,11,11,3,0,0,0.2727272727272727,0.0,0.0
14747,SEA,13486,MSO,421,416,134,4,1,0.3221153846153846,0.009501187648456,0.002375296912114
14747,SEA,13487,MSP,2710,2695,406,12,3,0.1506493506493506,0.0044280442804428,0.0011070110701107
14747,SEA,13495,MSY,666,656,169,7,3,0.2576219512195122,0.0105105105105105,0.0045045045045045
14747,SEA,13796,OAK,1915,1906,529,9,0,0.2775445960125918,0.0046997389033942,0.0
14747,SEA,13830,OGG,1809,1780,341,18,11,0.1915730337078651,0.0099502487562189,0.0060807075732448
14747,SEA,13851,OKC,379,377,62,2,0,0.1644562334217506,0.0052770448548812,0.0
14747,SEA,13871,OMA,496,493,105,1,2,0.2129817444219067,0.002016129032258,0.0040322580645161
14747,SEA,13891,ONT,2616,2575,487,33,8,0.189126213592233,0.0126146788990825,0.0030581039755351
14747,SEA,13930,ORD,5405,5320,1361,54,31,0.2558270676691729,0.0099907493061979,0.0057354301572617
14747,SEA,14057,PDX,4791,4757,911,34,0,0.1915072524700441,0.0070966395324566,0.0
14747,SEA,14100,PHL,1120,1106,253,10,4,0.22875226039783,0.0089285714285714,0.0035714285714285
14747,SEA,14107,PHX,7359,7301,1544,34,24,0.211477879742501,0.0046201929610001,0.003261312678353
14747,SEA,14122,PIT,445,441,110,2,2,0.2494331065759637,0.0044943820224719,0.0044943820224719
14747,SEA,14252,PSC,2047,2032,367,13,2,0.1806102362204724,0.0063507572056668,0.0009770395701025
14747,SEA,14262,PSP,1641,1633,267,5,3,0.1635027556644213,0.0030469226081657,0.0018281535648994
14747,SEA,14487,RDD,209,209,49,0,0,0.2344497607655502,0.0,0.0
14747,SEA,14489,RDM,1891,1868,341,19,4,0.1825481798715203,0.0100475938656795,0.0021152829190904
14747,SEA,14492,RDU,887,882,193,4,1,0.2188208616780045,0.0045095828635851,0.0011273957158962
14747,SEA,14570,RNO,820,806,241,12,2,0.2990074441687345,0.0146341463414634,0.0024390243902439
14747,SEA,14635,RSW,44,43,8,0,1,0.1860465116279069,0.0,0.0227272727272727
14747,SEA,14679,SAN,4494,4424,1029,53,17,0.2325949367088607,0.011793502447708,0.0037828215398308
14747,SEA,14683,SAT,597,589,137,6,2,0.232597623089983,0.0100502512562814,0.0033500837520938
14747,SEA,14689,SBA,448,442,97,4,2,0.2194570135746606,0.0089285714285714,0.0044642857142857
14747,SEA,14698,SBP,363,359,77,2,2,0.2144846796657381,0.0055096418732782,0.0055096418732782
14747,SEA,14771,SFO,6923,6851,1776,68,4,0.2592322288716975,0.0098223313592373,0.0005777841976021
14747,SEA,14828,SIT,239,237,94,1,1,0.3966244725738396,0.00418410041841,0.00418410041841
14747,SEA,14831,SJC,4469,4426,835,42,1,0.1886579304112065,0.0093980756321324,0.0002237637055269
14747,SEA,14869,SLC,4111,4079,707,31,1,0.1733267957832802,0.0075407443444417,0.0002432498175626
14747,SEA,14893,SMF,4298,4279,877,18,1,0.2049544286048142,0.0041879944160074,0.0002326663564448
14747,SEA,14908,SNA,3918,3866,648,38,14,0.1676151060527677,0.0096988259315977,0.0035732516590096
14747,SEA,15016,STL,875,870,231,2,3,0.2655172413793103,0.0022857142857142,0.0034285714285714
14747,SEA,15023,STS,460,455,125,4,1,0.2747252747252747,0.008695652173913,0.0021739130434782
14747,SEA,15041,SUN,37,36,6,0,1,0.1666666666666666,0.0,0.027027027027027
14747,SEA,15304,TPA,1013,998,264,4,11,0.2645290581162324,0.0039486673247778,0.0108588351431391
14747,SEA,15376,TUS,1066,1064,210,2,0,0.1973684210526315,0.0018761726078799,0.0
14747,SEA,15841,WRG,1,1,1,0,0,1.0,0.0,0.0
14761,SFB,10135,ABE,676,674,142,2,0,0.2106824925816023,0.0029585798816568,0.0
14761,SFB,10158,ACY,4,4,2,0,0,0.5,0.0,0.0
14761,SFB,10257,ALB,121,119,19,0,2,0.1596638655462184,0.0,0.0165289256198347
14761,SFB,10408,ATW,258,257,62,0,1,0.2412451361867704,0.0,0.003875968992248
14761,SFB,10423,AUS,24,24,16,0,0,0.6666666666666666,0.0,0.0
14761,SFB,10431,AVL,534,529,181,3,2,0.3421550094517958,0.0056179775280898,0.0037453183520599
14761,SFB,10581,BGR,285,280,52,3,2,0.1857142857142857,0.0105263157894736,0.0070175438596491
14761,SFB,10627,BIS,28,27,7,1,0,0.2592592592592592,0.0357142857142857,0.0
14761,SFB,10676,BLV,149,148,48,1,0,0.3243243243243243,0.0067114093959731,0.0
14761,SFB,10685,BMI,124,123,38,0,1,0.3089430894308943,0.0,0.0080645161290322
14761,SFB,10693,BNA,127,126,48,0,1,0.3809523809523809,0.0,0.0078740157480314
14761,SFB,10868,CAE,67,66,16,0,1,0.2424242424242424,0.0,0.0149253731343283
14761,SFB,10874,CAK,123,122,29,1,0,0.2377049180327868,0.008130081300813,0.0
14761,SFB,10980,CHA,132,132,52,0,0,0.3939393939393939,0.0,0.0
14761,SFB,11003,CID,169,168,31,1,0,0.1845238095238095,0.0059171597633136,0.0
14761,SFB,11027,CKB,113,112,50,1,0,0.4464285714285714,0.0088495575221238,0.0
14761,SFB,11193,CVG,360,357,117,2,1,0.3277310924369748,0.0055555555555555,0.0027777777777777
14761,SFB,11267,DAY,81,81,46,0,0,0.5679012345679012,0.0,0.0
14761,SFB,11423,DSM,204,200,32,4,0,0.16,0.0196078431372549,0.0
14761,SFB,11537,ELM,177,176,39,0,1,0.2215909090909091,0.0,0.0056497175141242
14761,SFB,11612,EVV,121,121,32,0,0,0.2644628099173554,0.0,0.0
14761,SFB,11624,EYW,98,98,17,0,0,0.173469387755102,0.0,0.0
14761,SFB,11637,FAR,75,75,18,0,0,0.24,0.0,0.0
14761,SFB,11721,FNT,353,352,78,1,0,0.2215909090909091,0.0028328611898017,0.0
14761,SFB,11775,FSD,117,117,28,0,0,0.2393162393162393,0.0,0.0
14761,SFB,11823,FWA,196,195,53,1,0,0.2717948717948718,0.0051020408163265,0.0
14761,SFB,11898,GFK,28,27,5,0,1,0.1851851851851851,0.0,0.0357142857142857
14761,SFB,11986,GRR,424,424,140,0,0,0.330188679245283,0.0,0.0
14761,SFB,11995,GSO,20,20,6,0,0,0.3,0.0,0.0
14761,SFB,11996,GSP,113,113,64,0,0,0.5663716814159292,0.0,0.0
14761,SFB,12119,HGR,131,130,54,1,0,0.4153846153846154,0.0076335877862595,0.0
14761,SFB,12223,HTS,149,146,64,2,1,0.4383561643835616,0.0134228187919463,0.0067114093959731
14761,SFB,12265,IAG,79,78,24,1,0,0.3076923076923077,0.0126582278481012,0.0
14761,SFB,12278,ICT,37,35,8,1,1,0.2285714285714285,0.027027027027027,0.027027027027027
14761,SFB,12339,IND,231,230,94,1,0,0.408695652173913,0.0043290043290043,0.0
14761,SFB,12544,USA,200,198,115,1,1,0.5808080808080808,0.005,0.005
14761,SFB,12917,LCK,171,171,62,0,0,0.3625730994152046,0.0,0.0
14761,SFB,12945,LEX,224,221,117,3,0,0.5294117647058824,0.0133928571428571,0.0
14761,SFB,12992,LIT,63,63,24,0,0,0.3809523809523809,0.0,0.0
14761,SFB,13230,MDT,298,298,79,0,0,0.2651006711409396,0.0,0.0
14761,SFB,13244,MEM,101,100,42,0,1,0.42,0.0,0.0099009900990099
14761,SFB,13256,MFE,109,109,21,0,0,0.1926605504587156,0.0,0.0
14761,SFB,13367,MLI,94,94,17,0,0,0.1808510638297872,0.0,0.0
14761,SFB,13433,MOT,32,32,9,0,0,0.28125,0.0,0.0
14761,SFB,13851,OKC,22,22,10,0,0,0.4545454545454545,0.0,0.0
14761,SFB,13871,OMA,107,107,19,0,0,0.1775700934579439,0.0,0.0
14761,SFB,13931,ORF,53,52,23,1,0,0.4423076923076923,0.0188679245283018,0.0
14761,SFB,14025,PBG,159,156,25,2,1,0.1602564102564102,0.0125786163522012,0.0062893081761006
14761,SFB,14108,PIA,129,127,28,2,0,0.2204724409448819,0.0155038759689922,0.0
14761,SFB,14122,PIT,172,172,85,0,0,0.4941860465116279,0.0,0.0
14761,SFB,14259,PSM,162,161,30,0,1,0.186335403726708,0.0,0.0061728395061728
14761,SFB,14314,PVU,64,64,20,0,0,0.3125,0.0,0.0
14761,SFB,14457,RAP,69,69,11,0,0,0.1594202898550724,0.0,0.0
14761,SFB,14512,RFD,151,148,47,2,1,0.3175675675675675,0.0132450331125827,0.0066225165562913
14761,SFB,14524,RIC,25,25,8,0,0,0.32,0.0,0.0
14761,SFB,14574,ROA,128,125,73,3,0,0.584,0.0234375,0.0
14761,SFB,14696,SBN,258,257,88,1,0,0.3424124513618677,0.003875968992248,0.0
14761,SFB,14730,SDF,138,136,59,1,1,0.4338235294117647,0.0072463768115942,0.0072463768115942
14761,SFB,14783,SGF,178,175,33,0,3,0.1885714285714285,0.0,0.0168539325842696
14761,SFB,14814,SHV,22,22,0,0,0,0.0,0.0,0.0
14761,SFB,15070,SWF,94,94,23,0,0,0.2446808510638297,0.0,0.0
14761,SFB,15096,SYR,105,105,15,0,0,0.1428571428571428,0.0,0.0
14761,SFB,15295,TOL,112,111,56,0,1,0.5045045045045045,0.0,0.0089285714285714
14761,SFB,15323,TRI,124,123,65,1,0,0.5284552845528455,0.0080645161290322,0.0
14761,SFB,15370,TUL,105,104,24,0,1,0.2307692307692307,0.0,0.0095238095238095
14761,SFB,15380,TVC,102,101,12,1,0,0.1188118811881188,0.0098039215686274,0.0
14761,SFB,15412,TYS,650,647,228,1,2,0.3523956723338485,0.0015384615384615,0.003076923076923
14761,SFB,15919,XNA,146,145,40,0,1,0.2758620689655172,0.0,0.0068493150684931
14771,SFO,10140,ABQ,681,677,99,3,1,0.1462333825701624,0.0044052863436123,0.0014684287812041
14771,SFO,10157,ACV,1257,1214,237,19,24,0.1952224052718286,0.0151153540175019,0.0190930787589498
14771,SFO,10299,ANC,286,286,38,0,0,0.1328671328671328,0.0,0.0
14771,SFO,10372,ASE,392,366,107,12,14,0.2923497267759563,0.0306122448979591,0.0357142857142857
14771,SFO,10397,ATL,3305,3273,611,25,7,0.1866788878704552,0.0075642965204236,0.0021180030257186
14771,SFO,10423,AUS,2654,2627,483,17,10,0.1838599162542824,0.0064054257724189,0.0037678975131876
14771,SFO,10561,BFL,703,699,142,3,1,0.2031473533619456,0.0042674253200568,0.0014224751066856
14771,SFO,10617,BIH,187,185,38,1,1,0.2054054054054054,0.0053475935828877,0.0053475935828877
14771,SFO,10693,BNA,977,972,233,4,1,0.2397119341563786,0.0040941658137154,0.0010235414534288
14771,SFO,10713,BOI,1532,1527,296,3,2,0.1938441388343156,0.0019582245430809,0.0013054830287206
14771,SFO,10721,BOS,4573,4543,921,21,9,0.2027294739159146,0.0045921714410671,0.001968073474743
14771,SFO,10800,BUR,3037,2999,542,27,11,0.1807269089696565,0.0088903523213697,0.0036219953901876
14771,SFO,10821,BWI,900,891,171,3,6,0.1919191919191919,0.0033333333333333,0.0066666666666666
14771,SFO,10849,BZN,384,379,69,0,5,0.1820580474934037,0.0,0.0130208333333333
14771,SFO,11042,CLE,646,644,63,1,1,0.0978260869565217,0.001547987616099,0.001547987616099
14771,SFO,11057,CLT,1596,1579,238,12,5,0.1507283090563647,0.0075187969924812,0.0031328320802005
14771,SFO,11066,CMH,255,254,60,1,0,0.2362204724409448,0.0039215686274509,0.0
14771,SFO,11278,DCA,1050,1030,229,4,16,0.2223300970873786,0.0038095238095238,0.0152380952380952
14771,SFO,11292,DEN,5533,5490,1310,25,18,0.238615664845173,0.004518344478583,0.0032532080245797
14771,SFO,11298,DFW,4059,3947,909,81,31,0.2303014948061819,0.0199556541019955,0.0076373491007637
14771,SFO,11433,DTW,1814,1793,316,17,4,0.1762409369771333,0.0093715545755237,0.0022050716648291
14771,SFO,11503,EGE,116,116,26,0,0,0.2241379310344827,0.0,0.0
14771,SFO,11603,EUG,993,987,170,5,1,0.1722391084093211,0.0050352467270896,0.0010070493454179
14771,SFO,11618,EWR,4405,4313,1129,69,23,0.2617667516809645,0.0156640181611804,0.0052213393870601
14771,SFO,11638,FAT,1319,1305,234,14,0,0.1793103448275862,0.0106141015921152,0.0
14771,SFO,11648,FCA,216,216,40,0,0,0.1851851851851851,0.0,0.0
14771,SFO,11697,FLL,1259,1249,186,6,4,0.1489191353082466,0.0047656870532168,0.0031771247021445
14771,SFO,11884,GEG,891,888,173,2,1,0.1948198198198198,0.0022446689113355,0.0011223344556677
14771,SFO,12094,HDN,24,24,7,0,0,0.2916666666666667,0.0,0.0
14771,SFO,12173,HNL,2365,2341,343,19,5,0.1465185818026484,0.0080338266384778,0.0021141649048625
14771,SFO,12264,IAD,2876,2859,541,11,6,0.1892270024484085,0.0038247566063977,0.0020862308762169
14771,SFO,12266,IAH,3444,3408,505,19,17,0.1481807511737089,0.0055168408826945,0.0049361207897793
14771,SFO,12339,IND,519,511,89,4,4,0.1741682974559686,0.0077071290944123,0.0077071290944123
14771,SFO,12441,JAC,344,340,63,1,3,0.1852941176470588,0.002906976744186,0.0087209302325581
14771,SFO,12478,JFK,6702,6592,1271,68,42,0.1928094660194174,0.0101462250074604,0.0062667860340196
14771,SFO,12758,KOA,809,806,115,0,3,0.1426799007444168,0.0,0.003708281829419
14771,SFO,12889,LAS,6102,6061,1301,38,3,0.2146510476819007,0.0062274664044575,0.0004916420845624
14771,SFO,12892,LAX,10846,10795,2315,47,4,0.2144511347846225,0.0043333947999262,0.0003687995574405
14771,SFO,12982,LIH,674,672,55,1,1,0.0818452380952381,0.0014836795252225,0.0014836795252225
14771,SFO,13198,MCI,371,364,56,4,3,0.1538461538461538,0.0107816711590296,0.0080862533692722
14771,SFO,13204,MCO,1456,1443,212,8,5,0.1469161469161469,0.0054945054945054,0.0034340659340659
14771,SFO,13232,MDW,337,332,63,2,3,0.1897590361445783,0.0059347181008902,0.0089020771513353
14771,SFO,13264,MFR,1000,986,156,5,9,0.1582150101419878,0.005,0.009
14771,SFO,13303,MIA,1676,1671,288,1,4,0.1723518850987432,0.0005966587112171,0.0023866348448687
14771,SFO,13476,MRY,682,672,121,5,5,0.1800595238095238,0.0073313782991202,0.0073313782991202
14771,SFO,13485,MSN,1,1,0,0,0,0.0,0.0,0.0
14771,SFO,13486,MSO,122,122,18,0,0,0.1475409836065573,0.0,0.0
14771,SFO,13487,MSP,1910,1898,234,7,5,0.1232876712328767,0.0036649214659685,0.0026178010471204
14771,SFO,13495,MSY,522,514,77,5,3,0.1498054474708171,0.0095785440613026,0.0057471264367816
14771,SFO,13502,MTJ,42,42,9,0,0,0.2142857142857142,0.0,0.0
14771,SFO,13830,OGG,1490,1483,144,2,5,0.0971004720161834,0.0013422818791946,0.0033557046979865
14771,SFO,13871,OMA,373,369,84,2,2,0.2276422764227642,0.0053619302949061,0.0053619302949061
14771,SFO,13891,ONT,1356,1343,282,11,2,0.2099776619508563,0.0081120943952802,0.0014749262536873
14771,SFO,13930,ORD,5352,5273,1055,62,17,0.2000758581452683,0.0115844544095665,0.0031763826606875
14771,SFO,13964,OTH,316,309,61,1,6,0.1974110032362459,0.0031645569620253,0.0189873417721519
14771,SFO,14057,PDX,3534,3520,587,14,0,0.1667613636363636,0.0039615166949632,0.0
14771,SFO,14100,PHL,1799,1783,271,12,4,0.1519910263600673,0.0066703724291272,0.0022234574763757
14771,SFO,14107,PHX,4780,4745,1055,27,8,0.2223393045310853,0.0056485355648535,0.001673640167364
14771,SFO,14122,PIT,568,567,70,0,1,0.1234567901234567,0.0,0.0017605633802816
14771,SFO,14252,PSC,703,698,120,4,1,0.1719197707736389,0.0056899004267425,0.0014224751066856
14771,SFO,14262,PSP,2519,2501,524,15,3,0.2095161935225909,0.0059547439460103,0.001190948789202
14771,SFO,14487,RDD,966,945,209,20,1,0.2211640211640211,0.020703933747412,0.0010351966873706
14771,SFO,14489,RDM,1173,1163,200,6,4,0.171969045571797,0.0051150895140664,0.0034100596760443
14771,SFO,14492,RDU,880,878,85,0,2,0.0968109339407744,0.0,0.0022727272727272
14771,SFO,14570,RNO,1799,1768,301,25,6,0.1702488687782805,0.0138966092273485,0.0033351862145636
14771,SFO,14635,RSW,24,22,5,0,2,0.2272727272727272,0.0,0.0833333333333333
14771,SFO,14679,SAN,6683,6609,1839,60,14,0.2782569223785747,0.0089780038904683,0.0020948675744426
14771,SFO,14683,SAT,506,503,87,0,3,0.172962226640159,0.0,0.0059288537549407
14771,SFO,14689,SBA,1478,1453,228,18,7,0.1569167240192704,0.0121786197564276,0.0047361299052774
14771,SFO,14698,SBP,1156,1136,253,12,8,0.2227112676056338,0.0103806228373702,0.0069204152249134
14771,SFO,14730,SDF,1,1,1,0,0,1.0,0.0,0.0
14771,SFO,14747,SEA,6921,6849,1683,65,7,0.2457293035479632,0.0093917064008091,0.0010114145354717
14771,SFO,14869,SLC,3563,3548,687,15,0,0.193630214205186,0.0042099354476564,0.0
14771,SFO,14893,SMF,1342,1320,234,21,1,0.1772727272727272,0.0156482861400894,0.0007451564828614
14771,SFO,14908,SNA,4618,4555,811,56,7,0.178046103183315,0.0121264616717193,0.0015158077089649
14771,SFO,15016,STL,784,775,225,4,5,0.2903225806451613,0.0051020408163265,0.0063775510204081
14771,SFO,15041,SUN,265,260,34,2,3,0.1307692307692307,0.0075471698113207,0.0113207547169811
14771,SFO,15304,TPA,662,659,80,1,2,0.1213960546282245,0.0015105740181268,0.0030211480362537
14771,SFO,15376,TUS,1038,1033,161,5,0,0.1558567279767667,0.0048169556840077,0.0
14771,SFO,15919,XNA,2,2,0,0,0,0.0,0.0,0.0
14783,SGF,10397,ATL,518,509,100,5,4,0.1964636542239685,0.0096525096525096,0.0077220077220077
14783,SGF,10466,AZA,223,221,44,1,1,0.1990950226244343,0.0044843049327354,0.0044843049327354
14783,SGF,11057,CLT,1301,1264,286,36,1,0.2262658227848101,0.0276710222905457,0.0007686395080707
14783,SGF,11292,DEN,1310,1297,329,9,4,0.2536622976098689,0.0068702290076335,0.0030534351145038
14783,SGF,11298,DFW,3076,3002,772,66,8,0.257161892071952,0.0214564369310793,0.0026007802340702
14783,SGF,12266,IAH,504,491,121,9,4,0.2464358452138492,0.0178571428571428,0.0079365079365079
14783,SGF,12889,LAS,133,132,33,1,0,0.25,0.0075187969924812,0.0
14783,SGF,12892,LAX,55,55,12,0,0,0.2181818181818181,0.0,0.0
14783,SGF,13303,MIA,24,24,2,0,0,0.0833333333333333,0.0,0.0
14783,SGF,13930,ORD,1545,1514,449,27,4,0.2965653896961691,0.0174757281553398,0.002588996763754
14783,SGF,14082,PGD,110,110,31,0,0,0.2818181818181818,0.0,0.0
14783,SGF,14112,PIE,198,197,86,1,0,0.4365482233502538,0.005050505050505,0.0
14783,SGF,14761,SFB,178,178,69,0,0,0.3876404494382022,0.0,0.0
14783,SGF,15624,VPS,72,72,21,0,0,0.2916666666666667,0.0,0.0
14794,SGU,11292,DEN,1053,1040,217,0,13,0.2086538461538461,0.0,0.0123456790123456
14794,SGU,11298,DFW,573,565,104,2,6,0.184070796460177,0.0034904013961605,0.0104712041884816
14794,SGU,12892,LAX,363,362,43,0,1,0.1187845303867403,0.0,0.0027548209366391
14794,SGU,14107,PHX,883,882,167,0,1,0.1893424036281179,0.0,0.001132502831257
14794,SGU,14869,SLC,1667,1664,106,3,0,0.063701923076923,0.0017996400719856,0.0
14812,SHR,11292,DEN,735,716,165,11,8,0.2304469273743016,0.0149659863945578,0.0108843537414965
14814,SHV,10397,ATL,1243,1219,242,19,5,0.1985233798195242,0.0152855993563958,0.0040225261464199
14814,SHV,10693,BNA,26,26,1,0,0,0.0384615384615384,0.0,0.0
14814,SHV,11057,CLT,833,810,199,23,0,0.245679012345679,0.0276110444177671,0.0
14814,SHV,11292,DEN,364,361,71,1,2,0.1966759002770083,0.0027472527472527,0.0054945054945054
14814,SHV,11298,DFW,2149,2066,526,77,6,0.2545982575024201,0.0358306188925081,0.0027919962773382
14814,SHV,12266,IAH,1183,1161,276,22,0,0.2377260981912144,0.018596787827557,0.0
14814,SHV,12889,LAS,107,107,22,0,0,0.205607476635514,0.0,0.0
14814,SHV,14761,SFB,22,22,4,0,0,0.1818181818181818,0.0,0.0
14814,SHV,15624,VPS,25,25,4,0,0,0.16,0.0,0.0
14828,SIT,12523,JNU,725,702,101,15,8,0.1438746438746438,0.0206896551724137,0.0110344827586206
14828,SIT,12819,KTN,364,355,40,3,6,0.1126760563380281,0.0082417582417582,0.0164835164835164
14828,SIT,14747,SEA,240,238,94,2,0,0.3949579831932773,0.0083333333333333,0.0
14831,SJC,10397,ATL,885,871,69,11,3,0.079219288174512,0.0124293785310734,0.0033898305084745
14831,SJC,10423,AUS,1174,1166,229,3,5,0.1963979416809605,0.0025553662691652,0.004258943781942
14831,SJC,10693,BNA,264,262,34,0,2,0.1297709923664122,0.0,0.0075757575757575
14831,SJC,10713,BOI,703,701,83,1,1,0.1184022824536376,0.0014224751066856,0.0014224751066856
14831,SJC,10800,BUR,2407,2373,367,26,8,0.1546565528866413,0.0108018280016618,0.0033236393851267
14831,SJC,10821,BWI,150,149,15,1,0,0.1006711409395973,0.0066666666666666,0.0
14831,SJC,11259,DAL,571,564,89,3,4,0.1578014184397163,0.0052539404553415,0.0070052539404553
14831,SJC,11292,DEN,2876,2858,571,8,10,0.1997900629811056,0.0027816411682892,0.0034770514603616
14831,SJC,11298,DFW,1286,1248,242,27,11,0.1939102564102564,0.0209953343701399,0.0085536547433903
14831,SJC,11433,DTW,63,63,6,0,0,0.0952380952380952,0.0,0.0
14831,SJC,11603,EUG,216,216,29,0,0,0.1342592592592592,0.0,0.0
14831,SJC,11884,GEG,282,282,66,0,0,0.2340425531914893,0.0,0.0
14831,SJC,12173,HNL,909,906,106,2,1,0.1169977924944812,0.0022002200220022,0.0011001100110011
14831,SJC,12191,HOU,364,357,26,3,4,0.072829131652661,0.0082417582417582,0.0109890109890109
14831,SJC,12266,IAH,216,213,61,3,0,0.2863849765258216,0.0138888888888888,0.0
14831,SJC,12758,KOA,160,159,8,1,0,0.050314465408805,0.00625,0.0
14831,SJC,12889,LAS,4361,4336,837,21,4,0.1930350553505535,0.0048154093097913,0.0009172208209126
14831,SJC,12892,LAX,4922,4904,577,14,4,0.1176590538336052,0.0028443722064201,0.0008126777732629
14831,SJC,12954,LGB,1234,1231,160,2,1,0.1299756295694557,0.0016207455429497,0.0008103727714748
14831,SJC,12982,LIH,151,151,15,0,0,0.0993377483443708,0.0,0.0
14831,SJC,13232,MDW,519,514,76,1,4,0.1478599221789883,0.001926782273603,0.0077071290944123
14831,SJC,13487,MSP,506,500,50,4,2,0.1,0.0079051383399209,0.0039525691699604
14831,SJC,13830,OGG,528,528,34,0,0,0.0643939393939393,0.0,0.0
14831,SJC,13891,ONT,1329,1323,196,3,3,0.1481481481481481,0.0022573363431151,0.0022573363431151
14831,SJC,13930,ORD,345,340,30,4,1,0.088235294117647,0.0115942028985507,0.0028985507246376
14831,SJC,14057,PDX,1699,1696,258,2,1,0.1521226415094339,0.0011771630370806,0.0005885815185403
14831,SJC,14107,PHX,3056,3042,488,12,2,0.1604207758053911,0.0039267015706806,0.0006544502617801
14831,SJC,14262,PSP,204,204,36,0,0,0.1764705882352941,0.0,0.0
14831,SJC,14489,RDM,2,2,0,0,0,0.0,0.0,0.0
14831,SJC,14570,RNO,251,249,11,0,2,0.0441767068273092,0.0,0.0079681274900398
14831,SJC,14679,SAN,5304,5241,1260,54,9,0.2404121350887235,0.0101809954751131,0.0016968325791855
14831,SJC,14747,SEA,4472,4424,736,42,6,0.1663652802893309,0.0093917710196779,0.0013416815742397
14831,SJC,14869,SLC,1836,1829,144,7,0,0.078731547293603,0.0038126361655773,0.0
14831,SJC,14908,SNA,2637,2599,336,30,8,0.1292804924971142,0.0113765642775881,0.0030337504740235
14831,SJC,15016,STL,20,19,2,1,0,0.1052631578947368,0.05,0.0
14842,SJT,11298,DFW,1089,1037,222,49,3,0.2140790742526518,0.0449954086317722,0.0027548209366391
14843,SJU,10397,ATL,2135,2095,328,24,16,0.156563245823389,0.0112412177985948,0.0074941451990632
14843,SJU,10423,AUS,34,34,7,0,0,0.2058823529411764,0.0,0.0
14843,SJU,10529,BDL,955,945,251,6,4,0.2656084656084656,0.006282722513089,0.0041884816753926
14843,SJU,10693,BNA,52,52,13,0,0,0.25,0.0,0.0
14843,SJU,10721,BOS,2020,1989,488,24,7,0.24534942182001,0.0118811881188118,0.0034653465346534
14843,SJU,10821,BWI,1288,1264,240,15,9,0.189873417721519,0.0116459627329192,0.0069875776397515
14843,SJU,11042,CLE,203,196,35,6,1,0.1785714285714285,0.0295566502463054,0.0049261083743842
14843,SJU,11057,CLT,1038,1029,180,8,1,0.1749271137026239,0.0077071290944123,0.0009633911368015
14843,SJU,11278,DCA,365,359,109,4,2,0.3036211699164345,0.010958904109589,0.0054794520547945
14843,SJU,11292,DEN,333,326,69,1,6,0.2116564417177914,0.003003003003003,0.018018018018018
14843,SJU,11298,DFW,962,941,189,5,16,0.2008501594048884,0.0051975051975051,0.0166320166320166
14843,SJU,11433,DTW,410,405,70,3,2,0.1728395061728395,0.0073170731707317,0.0048780487804878
14843,SJU,11618,EWR,2244,2192,614,40,12,0.2801094890510949,0.017825311942959,0.0053475935828877
14843,SJU,11697,FLL,2334,2316,473,12,6,0.2042314335060449,0.0051413881748071,0.0025706940874035
14843,SJU,12191,HOU,91,90,22,1,0,0.2444444444444444,0.0109890109890109,0.0
14843,SJU,12197,HPN,365,353,111,4,8,0.3144475920679886,0.010958904109589,0.021917808219178
14843,SJU,12264,IAD,615,611,98,2,2,0.160392798690671,0.0032520325203252,0.0032520325203252
14843,SJU,12266,IAH,1045,1034,154,7,4,0.1489361702127659,0.0066985645933014,0.0038277511961722
14843,SJU,12451,JAX,144,140,37,4,0,0.2642857142857143,0.0277777777777777,0.0
14843,SJU,12478,JFK,3994,3934,776,54,6,0.1972547025927808,0.0135202804206309,0.0015022533800701
14843,SJU,12953,LGA,2,1,0,1,0,0.0,0.5,0.0
14843,SJU,13204,MCO,6172,6119,1111,31,22,0.1815656152966171,0.0050226830848995,0.0035644847699287
14843,SJU,13232,MDW,53,53,14,0,0,0.2641509433962264,0.0,0.0
14843,SJU,13303,MIA,2596,2578,578,14,4,0.2242048099301784,0.0053929121725731,0.0015408320493066
14843,SJU,13487,MSP,176,170,33,2,4,0.1941176470588235,0.0113636363636363,0.0227272727272727
14843,SJU,13495,MSY,19,17,2,2,0,0.1176470588235294,0.1052631578947368,0.0
14843,SJU,13930,ORD,1310,1298,258,3,9,0.1987673343605547,0.0022900763358778,0.0068702290076335
14843,SJU,14100,PHL,1640,1603,472,29,8,0.2944479101684342,0.0176829268292682,0.0048780487804878
14843,SJU,14307,PVD,350,345,89,3,2,0.2579710144927536,0.0085714285714285,0.0057142857142857
14843,SJU,14492,RDU,459,452,94,6,1,0.2079646017699115,0.0130718954248366,0.0021786492374727
14843,SJU,14683,SAT,105,103,21,1,1,0.203883495145631,0.0095238095238095,0.0095238095238095
14843,SJU,15016,STL,39,38,7,1,0,0.1842105263157894,0.0256410256410256,0.0
14843,SJU,15024,STT,365,364,93,1,0,0.2554945054945055,0.0027397260273972,0.0
14843,SJU,15027,STX,326,324,67,2,0,0.2067901234567901,0.0061349693251533,0.0
14843,SJU,15304,TPA,1467,1462,291,4,1,0.1990424076607387,0.0027266530334014,0.0006816632583503
14869,SLC,10140,ABQ,1154,1154,73,0,0,0.0632582322357019,0.0,0.0
14869,SLC,10299,ANC,130,129,39,0,1,0.3023255813953488,0.0,0.0076923076923076
14869,SLC,10397,ATL,2947,2925,451,15,7,0.1541880341880342,0.00508992195453,0.002375296912114
14869,SLC,10423,AUS,1712,1703,370,3,6,0.2172636523781562,0.0017523364485981,0.0035046728971962
14869,SLC,10620,BIL,1075,1070,97,5,0,0.0906542056074766,0.0046511627906976,0.0
14869,SLC,10693,BNA,1228,1219,176,3,6,0.1443806398687449,0.002442996742671,0.004885993485342
14869,SLC,10713,BOI,1714,1702,230,11,1,0.1351351351351351,0.0064177362893815,0.0005834305717619
14869,SLC,10721,BOS,1247,1238,230,8,1,0.1857835218093699,0.0064153969526864,0.0008019246190858
14869,SLC,10779,BTM,346,342,17,2,2,0.0497076023391812,0.0057803468208092,0.0057803468208092
14869,SLC,10800,BUR,1507,1491,243,7,9,0.1629778672032193,0.0046449900464499,0.0059721300597213
14869,SLC,10821,BWI,767,761,152,4,2,0.1997371879106438,0.0052151238591916,0.0026075619295958
14869,SLC,10849,BZN,1125,1112,131,6,7,0.1178057553956834,0.0053333333333333,0.0062222222222222
14869,SLC,10918,CDC,628,625,38,3,0,0.0608,0.0047770700636942,0.0
14869,SLC,11042,CLE,363,360,65,1,2,0.1805555555555555,0.0027548209366391,0.0055096418732782
14869,SLC,11057,CLT,897,889,143,7,1,0.1608548931383577,0.007803790412486,0.0011148272017837
14869,SLC,11066,CMH,363,362,71,1,0,0.1961325966850828,0.0027548209366391,0.0
14869,SLC,11109,COS,536,533,60,1,2,0.1125703564727955,0.001865671641791,0.003731343283582
14869,SLC,11193,CVG,797,794,122,3,0,0.1536523929471032,0.0037641154328732,0.0
14869,SLC,11259,DAL,668,659,144,4,5,0.2185128983308042,0.0059880239520958,0.0074850299401197
14869,SLC,11278,DCA,365,352,65,3,10,0.1846590909090909,0.0082191780821917,0.0273972602739726
14869,SLC,11292,DEN,7753,7694,1968,36,23,0.2557837275799324,0.0046433638591512,0.0029665935766799
14869,SLC,11298,DFW,3858,3751,900,79,28,0.2399360170621167,0.0204769310523587,0.0072576464489372
14869,SLC,11433,DTW,1548,1544,196,1,3,0.1269430051813471,0.0006459948320413,0.001937984496124
14869,SLC,11525,EKO,504,501,21,1,2,0.0419161676646706,0.0019841269841269,0.0039682539682539
14869,SLC,11603,EUG,730,729,38,1,0,0.0521262002743484,0.0013698630136986,0.0
14869,SLC,11618,EWR,1247,1226,355,11,10,0.2895595432300163,0.0088211708099438,0.008019246190858
14869,SLC,11630,FAI,92,92,34,0,0,0.3695652173913043,0.0,0.0
14869,SLC,11638,FAT,1279,1270,66,5,4,0.0519685039370078,0.0039093041438623,0.0031274433150899
14869,SLC,11648,FCA,1156,1147,109,6,3,0.0950305143853531,0.0051903114186851,0.0025951557093425
14869,SLC,11697,FLL,365,363,56,1,1,0.1542699724517906,0.0027397260273972,0.0027397260273972
14869,SLC,11884,GEG,1675,1667,220,4,4,0.1319736052789442,0.0023880597014925,0.0023880597014925
14869,SLC,11921,GJT,632,630,38,1,1,0.0603174603174603,0.0015822784810126,0.0015822784810126
14869,SLC,11977,GRB,2,2,0,0,0,0.0,0.0,0.0
14869,SLC,12003,GTF,1063,1057,62,5,1,0.0586565752128666,0.0047036688617121,0.0009407337723424
14869,SLC,12156,HLN,725,720,20,3,2,0.0277777777777777,0.0041379310344827,0.0027586206896551
14869,SLC,12173,HNL,859,849,159,5,5,0.1872791519434629,0.0058207217694994,0.0058207217694994
14869,SLC,12191,HOU,409,403,70,2,4,0.173697270471464,0.0048899755501222,0.0097799511002444
14869,SLC,12264,IAD,713,708,106,5,0,0.1497175141242938,0.0070126227208976,0.0
14869,SLC,12266,IAH,1977,1955,328,15,7,0.167774936061381,0.007587253414264,0.0035407182599898
14869,SLC,12280,IDA,1158,1153,152,4,1,0.1318300086730268,0.003454231433506,0.0008635578583765
14869,SLC,12339,IND,364,359,50,5,0,0.1392757660167131,0.0137362637362637,0.0
14869,SLC,12441,JAC,1185,1170,134,7,8,0.1145299145299145,0.0059071729957805,0.0067510548523206
14869,SLC,12478,JFK,1956,1936,366,15,5,0.1890495867768595,0.0076687116564417,0.0025562372188139
14869,SLC,12758,KOA,12,12,5,0,0,0.4166666666666667,0.0,0.0
14869,SLC,12889,LAS,3785,3766,875,19,0,0.2323420074349442,0.0050198150594451,0.0
14869,SLC,12892,LAX,4143,4127,546,15,1,0.1322994911558032,0.00362056480811,0.0002413709872073
14869,SLC,12896,LBB,1,1,0,0,0,0.0,0.0,0.0
14869,SLC,12953,LGA,19,19,5,0,0,0.2631578947368421,0.0,0.0
14869,SLC,12954,LGB,1552,1546,176,3,3,0.1138421733505821,0.0019329896907216,0.0019329896907216
14869,SLC,12992,LIT,114,113,10,1,0,0.0884955752212389,0.0087719298245614,0.0
14869,SLC,13127,LWS,365,363,21,0,2,0.0578512396694214,0.0,0.0054794520547945
14869,SLC,13198,MCI,1011,996,167,10,5,0.1676706827309237,0.009891196834817,0.0049455984174085
14869,SLC,13204,MCO,1509,1491,314,3,15,0.2105969148222669,0.0019880715705765,0.0099403578528827
14869,SLC,13232,MDW,637,633,87,2,2,0.1374407582938388,0.0031397174254317,0.0031397174254317
14869,SLC,13244,MEM,365,364,49,1,0,0.1346153846153846,0.0027397260273972,0.0
14869,SLC,13264,MFR,729,713,67,10,6,0.093969144460028,0.0137174211248285,0.0082304526748971
14869,SLC,13303,MIA,714,708,130,4,2,0.1836158192090395,0.0056022408963585,0.0028011204481792
14869,SLC,13342,MKE,363,362,79,1,0,0.218232044198895,0.0027548209366391,0.0
14869,SLC,13486,MSO,1059,1048,108,8,3,0.1030534351145038,0.0075542965061378,0.0028328611898017
14869,SLC,13487,MSP,1589,1587,218,2,0,0.1373660995589161,0.001258653241032,0.0
14869,SLC,13495,MSY,464,459,57,3,2,0.1241830065359477,0.0064655172413793,0.0043103448275862
14869,SLC,13796,OAK,1767,1763,187,2,2,0.1060692002268859,0.0011318619128466,0.0011318619128466
14869,SLC,13830,OGG,189,189,39,0,0,0.2063492063492063,0.0,0.0
14869,SLC,13851,OKC,705,700,69,2,3,0.0985714285714285,0.0028368794326241,0.0042553191489361
14869,SLC,13871,OMA,706,699,61,3,4,0.0872675250357653,0.0042492917847025,0.0056657223796034
14869,SLC,13891,ONT,1223,1217,123,5,1,0.1010682004930156,0.0040883074407195,0.0008176614881439
14869,SLC,13930,ORD,3129,3088,707,21,20,0.2289507772020725,0.0067114093959731,0.0063918184723553
14869,SLC,14057,PDX,2465,2451,319,13,1,0.1301509587923296,0.0052738336713995,0.0004056795131845
14869,SLC,14100,PHL,700,686,119,11,3,0.173469387755102,0.0157142857142857,0.0042857142857142
14869,SLC,14107,PHX,5733,5697,933,27,9,0.1637704054765666,0.0047095761381475,0.0015698587127158
14869,SLC,14113,PIH,550,549,37,1,0,0.0673952641165755,0.0018181818181818,0.0
14869,SLC,14122,PIT,363,361,68,2,0,0.1883656509695291,0.0055096418732782,0.0
14869,SLC,14252,PSC,1185,1181,126,2,2,0.1066892464013547,0.0016877637130801,0.0016877637130801
14869,SLC,14262,PSP,1078,1074,71,3,1,0.0661080074487895,0.0027829313543599,0.0009276437847866
14869,SLC,14489,RDM,729,724,58,0,5,0.080110497237569,0.0,0.0068587105624142
14869,SLC,14492,RDU,433,428,55,2,3,0.1285046728971962,0.0046189376443418,0.0069284064665127
14869,SLC,14570,RNO,1174,1168,146,2,4,0.125,0.0017035775127768,0.0034071550255536
14869,SLC,14635,RSW,10,10,4,0,0,0.4,0.0,0.0
14869,SLC,14679,SAN,2682,2664,468,11,7,0.1756756756756756,0.0041014168530947,0.0026099925428784
14869,SLC,14683,SAT,999,989,163,8,2,0.1648129423660262,0.008008008008008,0.002002002002002
14869,SLC,14689,SBA,923,905,80,7,11,0.0883977900552486,0.0075839653304442,0.0119176598049837
14869,SLC,14730,SDF,2,2,1,0,0,0.5,0.0,0.0
14869,SLC,14747,SEA,4116,4074,916,33,9,0.2248404516445753,0.0080174927113702,0.0021865889212827
14869,SLC,14771,SFO,3564,3539,790,20,5,0.2232269002543091,0.0056116722783389,0.0014029180695847
14869,SLC,14794,SGU,1667,1663,138,3,1,0.0829825616355983,0.0017996400719856,0.0005998800239952
14869,SLC,14831,SJC,1835,1829,244,6,0,0.1334062329141607,0.0032697547683923,0.0
14869,SLC,14893,SMF,2095,2090,302,4,1,0.1444976076555024,0.0019093078758949,0.0004773269689737
14869,SLC,14908,SNA,1731,1715,287,6,10,0.1673469387755102,0.0034662045060658,0.0057770075101097
14869,SLC,15016,STL,975,968,169,5,2,0.1745867768595041,0.0051282051282051,0.002051282051282
14869,SLC,15041,SUN,1086,1072,48,8,6,0.044776119402985,0.007366482504604,0.005524861878453
14869,SLC,15304,TPA,368,366,39,2,0,0.1065573770491803,0.0054347826086956,0.0
14869,SLC,15370,TUL,597,590,48,4,3,0.0813559322033898,0.0067001675041876,0.0050251256281407
14869,SLC,15376,TUS,1087,1084,97,2,1,0.0894833948339483,0.0018399264029438,0.0009199632014719
14869,SLC,15389,TWF,716,716,42,0,0,0.0586592178770949,0.0,0.0
14869,SLC,15897,WYS,148,147,9,0,1,0.0612244897959183,0.0,0.0067567567567567
14869,SLC,15919,XNA,318,317,32,0,1,0.1009463722397476,0.0,0.0031446540880503
14877,SLN,11292,DEN,365,358,70,5,2,0.1955307262569832,0.0136986301369863,0.0054794520547945
14877,SLN,12266,IAH,241,236,81,1,4,0.3432203389830508,0.0041493775933609,0.0165975103734439
14877,SLN,13930,ORD,363,352,75,10,1,0.2130681818181818,0.0275482093663911,0.0027548209366391
14893,SMF,10299,ANC,10,10,5,0,0,0.5,0.0,0.0
14893,SMF,10397,ATL,1002,982,95,15,5,0.0967413441955193,0.0149700598802395,0.0049900199600798
14893,SMF,10423,AUS,552,549,102,1,2,0.1857923497267759,0.0018115942028985,0.0036231884057971
14893,SMF,10693,BNA,351,348,47,1,2,0.1350574712643678,0.0028490028490028,0.0056980056980056
14893,SMF,10713,BOI,913,913,172,0,0,0.1883899233296823,0.0,0.0
14893,SMF,10721,BOS,126,126,38,0,0,0.3015873015873015,0.0,0.0
14893,SMF,10800,BUR,2768,2709,419,49,10,0.1546696197858988,0.0177023121387283,0.0036127167630057
14893,SMF,10821,BWI,300,299,54,1,0,0.1806020066889632,0.0033333333333333,0.0
14893,SMF,11057,CLT,471,465,37,6,0,0.0795698924731182,0.0127388535031847,0.0
14893,SMF,11259,DAL,665,654,152,7,4,0.2324159021406728,0.0105263157894736,0.0060150375939849
14893,SMF,11292,DEN,3919,3883,754,17,19,0.1941797579191347,0.0043378412860423,0.0048481755549885
14893,SMF,11298,DFW,1731,1674,353,40,17,0.2108721624850657,0.023108030040439,0.0098209127671865
14893,SMF,11433,DTW,223,223,26,0,0,0.116591928251121,0.0,0.0
14893,SMF,11603,EUG,365,364,55,0,1,0.1510989010989011,0.0,0.0027397260273972
14893,SMF,11618,EWR,283,277,77,4,2,0.2779783393501805,0.0141342756183745,0.0070671378091872
14893,SMF,11884,GEG,679,679,123,0,0,0.1811487481590574,0.0,0.0
14893,SMF,12173,HNL,730,727,123,3,0,0.1691884456671251,0.0041095890410958,0.0
14893,SMF,12191,HOU,364,359,77,2,3,0.2144846796657381,0.0054945054945054,0.0082417582417582
14893,SMF,12264,IAD,365,362,33,1,2,0.0911602209944751,0.0027397260273972,0.0054794520547945
14893,SMF,12266,IAH,667,660,71,2,5,0.1075757575757575,0.0029985007496251,0.0074962518740629
14893,SMF,12478,JFK,179,176,56,3,0,0.3181818181818182,0.0167597765363128,0.0
14893,SMF,12758,KOA,459,457,41,1,1,0.0897155361050328,0.0021786492374727,0.0021786492374727
14893,SMF,12889,LAS,5091,5060,939,28,3,0.1855731225296442,0.005499901787468,0.0005892751915144
14893,SMF,12892,LAX,5603,5584,663,19,0,0.1187320916905444,0.0033910405140103,0.0
14893,SMF,12954,LGB,1991,1985,279,5,1,0.1405541561712846,0.0025113008538422,0.0005022601707684
14893,SMF,12982,LIH,209,206,31,3,0,0.1504854368932038,0.0143540669856459,0.0
14893,SMF,13198,MCI,296,293,32,1,2,0.1092150170648464,0.0033783783783783,0.0067567567567567
14893,SMF,13204,MCO,276,276,27,0,0,0.0978260869565217,0.0,0.0
14893,SMF,13232,MDW,619,613,94,1,5,0.1533442088091354,0.0016155088852988,0.0080775444264943
14893,SMF,13303,MIA,193,192,43,0,1,0.2239583333333333,0.0,0.005181347150259
14893,SMF,13487,MSP,591,589,47,2,0,0.0797962648556876,0.0033840947546531,0.0
14893,SMF,13830,OGG,503,498,60,3,2,0.1204819277108433,0.0059642147117296,0.003976143141153
14893,SMF,13891,ONT,2096,2086,280,6,4,0.1342281879194631,0.0028625954198473,0.0019083969465648
14893,SMF,13930,ORD,1205,1190,274,6,9,0.2302521008403361,0.0049792531120331,0.0074688796680497
14893,SMF,14057,PDX,1925,1913,347,9,3,0.1813904861474124,0.0046753246753246,0.0015584415584415
14893,SMF,14107,PHX,3707,3679,640,23,5,0.1739603153030715,0.006204478014567,0.0013487995683841
14893,SMF,14262,PSP,475,475,97,0,0,0.2042105263157894,0.0,0.0
14893,SMF,14570,RNO,1,0,0,0,1,,0.0,1.0
14893,SMF,14679,SAN,5094,5031,1212,49,14,0.2409063804412641,0.0096191597958382,0.0027483313702394
14893,SMF,14689,SBA,361,356,65,3,2,0.1825842696629213,0.0083102493074792,0.0055401662049861
14893,SMF,14747,SEA,4306,4282,828,13,11,0.1933675852405418,0.0030190431955411,0.0025545750116117
14893,SMF,14771,SFO,1342,1321,347,21,0,0.2626797880393641,0.0156482861400894,0.0
14893,SMF,14869,SLC,2095,2090,244,4,1,0.1167464114832535,0.0019093078758949,0.0004773269689737
14893,SMF,14908,SNA,2305,2288,334,14,3,0.145979020979021,0.0060737527114967,0.0013015184381778
14893,SMF,15016,STL,331,330,47,1,0,0.1424242424242424,0.0030211480362537,0.0
14893,SMF,15376,TUS,191,191,22,0,0,0.1151832460732984,0.0,0.0
14905,SMX,12889,LAS,105,104,33,1,0,0.3173076923076923,0.0095238095238095,0.0
14905,SMX,14107,PHX,153,150,26,3,0,0.1733333333333333,0.0196078431372549,0.0
14908,SNA,10397,ATL,1073,1055,191,10,8,0.181042654028436,0.0093196644920782,0.0074557315936626
14908,SNA,10423,AUS,346,343,43,0,3,0.1253644314868804,0.0,0.0086705202312138
14908,SNA,10693,BNA,201,199,67,0,2,0.3366834170854271,0.0,0.0099502487562189
14908,SNA,10713,BOI,178,177,43,1,0,0.2429378531073446,0.0056179775280898,0.0
14908,SNA,11057,CLT,364,360,50,3,1,0.1388888888888889,0.0082417582417582,0.0027472527472527
14908,SNA,11109,COS,85,84,18,1,0,0.2142857142857142,0.0117647058823529,0.0
14908,SNA,11259,DAL,364,358,69,3,3,0.1927374301675977,0.0082417582417582,0.0082417582417582
14908,SNA,11292,DEN,3705,3680,750,15,10,0.2038043478260869,0.0040485829959514,0.0026990553306342
14908,SNA,11298,DFW,2929,2817,586,85,27,0.2080227192048278,0.0290201433936497,0.0092181631956299
14908,SNA,11423,DSM,110,107,30,3,0,0.2803738317757009,0.0272727272727272,0.0
14908,SNA,11433,DTW,323,322,105,1,0,0.3260869565217391,0.0030959752321981,0.0
14908,SNA,11603,EUG,96,92,40,4,0,0.4347826086956521,0.0416666666666666,0.0
14908,SNA,11618,EWR,1088,1056,230,13,19,0.2178030303030303,0.0119485294117647,0.0174632352941176
14908,SNA,11884,GEG,31,30,15,1,0,0.5,0.032258064516129,0.0
14908,SNA,12266,IAH,1170,1160,137,6,4,0.118103448275862,0.0051282051282051,0.0034188034188034
14908,SNA,12280,IDA,106,105,26,0,1,0.2476190476190476,0.0,0.0094339622641509
14908,SNA,12478,JFK,371,361,112,5,5,0.3102493074792243,0.013477088948787,0.013477088948787
14908,SNA,12889,LAS,4455,4426,824,29,0,0.1861726163578852,0.0065095398428731,0.0
14908,SNA,13264,MFR,94,92,32,2,0,0.3478260869565217,0.0212765957446808,0.0
14908,SNA,13486,MSO,29,29,7,0,0,0.2413793103448276,0.0,0.0
14908,SNA,13487,MSP,592,586,123,4,2,0.2098976109215017,0.0067567567567567,0.0033783783783783
14908,SNA,13796,OAK,2560,2532,359,28,0,0.1417851500789889,0.0109375,0.0
14908,SNA,13930,ORD,2281,2243,479,19,19,0.2135532768613464,0.0083296799649276,0.0083296799649276
14908,SNA,14057,PDX,1526,1507,127,19,0,0.0842733908427339,0.0124508519003931,0.0
14908,SNA,14107,PHX,4458,4424,775,29,5,0.1751808318264014,0.006505159264244,0.0011215791834903
14908,SNA,14314,PVU,387,382,158,4,1,0.4136125654450261,0.0103359173126615,0.0025839793281653
14908,SNA,14747,SEA,3916,3859,661,52,5,0.1712878984192796,0.0132788559754851,0.0012768130745658
14908,SNA,14771,SFO,4626,4550,1038,69,7,0.2281318681318681,0.0149156939040207,0.001513186338089
14908,SNA,14831,SJC,2633,2605,333,28,0,0.127831094049904,0.0106342575009494,0.0
14908,SNA,14869,SLC,1732,1722,241,9,1,0.1399535423925667,0.0051963048498845,0.0005773672055427
14908,SNA,14893,SMF,2305,2283,345,19,3,0.1511169513797634,0.0082429501084598,0.0013015184381778
14908,SNA,15023,STS,739,728,171,6,5,0.2348901098901099,0.0081190798376184,0.006765899864682
14908,SNA,15376,TUS,124,121,22,3,0,0.1818181818181818,0.0241935483870967,0.0
14952,SPI,13930,ORD,504,487,106,17,0,0.217659137577002,0.0337301587301587,0.0
14952,SPI,14082,PGD,122,122,33,0,0,0.2704918032786885,0.0,0.0
14955,SPN,12016,GUM,367,366,20,1,0,0.0546448087431694,0.0027247956403269,0.0
14960,SPS,11298,DFW,729,700,148,29,0,0.2114285714285714,0.0397805212620027,0.0
14986,SRQ,10135,ABE,109,109,23,0,0,0.2110091743119266,0.0,0.0
14986,SRQ,10257,ALB,59,59,10,0,0,0.1694915254237288,0.0,0.0
14986,SRQ,10397,ATL,2308,2271,294,31,6,0.1294583883751651,0.0134315424610051,0.0025996533795493
14986,SRQ,10408,ATW,80,80,10,0,0,0.125,0.0,0.0
14986,SRQ,10423,AUS,36,36,3,0,0,0.0833333333333333,0.0,0.0
14986,SRQ,10431,AVL,130,130,32,0,0,0.2461538461538461,0.0,0.0
14986,SRQ,10676,BLV,115,115,18,0,0,0.1565217391304348,0.0,0.0
14986,SRQ,10693,BNA,650,646,90,2,2,0.1393188854489164,0.003076923076923,0.003076923076923
14986,SRQ,10721,BOS,624,613,171,10,1,0.2789559543230016,0.016025641025641,0.0016025641025641
14986,SRQ,10792,BUF,52,52,14,0,0,0.2692307692307692,0.0,0.0
14986,SRQ,10821,BWI,1307,1289,206,13,5,0.1598138091543832,0.0099464422341239,0.0038255547054322
14986,SRQ,10874,CAK,171,170,18,0,1,0.1058823529411764,0.0,0.0058479532163742
14986,SRQ,11003,CID,45,43,7,1,1,0.1627906976744186,0.0222222222222222,0.0222222222222222
14986,SRQ,11042,CLE,133,133,34,0,0,0.2556390977443609,0.0,0.0
14986,SRQ,11057,CLT,1589,1566,274,21,2,0.1749680715197956,0.013215859030837,0.001258653241032
14986,SRQ,11066,CMH,301,299,60,2,0,0.2006688963210702,0.0066445182724252,0.0
14986,SRQ,11193,CVG,365,359,77,3,3,0.2144846796657381,0.0082191780821917,0.0082191780821917
14986,SRQ,11259,DAL,133,132,31,1,0,0.2348484848484848,0.0075187969924812,0.0
14986,SRQ,11278,DCA,367,361,103,4,2,0.2853185595567867,0.0108991825613079,0.0054495912806539
14986,SRQ,11292,DEN,241,240,62,0,1,0.2583333333333333,0.0,0.0041493775933609
14986,SRQ,11298,DFW,412,401,167,11,0,0.4164588528678304,0.0266990291262135,0.0
14986,SRQ,11423,DSM,95,95,21,0,0,0.2210526315789473,0.0,0.0
14986,SRQ,11433,DTW,119,119,47,0,0,0.3949579831932773,0.0,0.0
14986,SRQ,11537,ELM,26,26,0,0,0,0.0,0.0,0.0
14986,SRQ,11618,EWR,932,914,167,17,1,0.1827133479212253,0.0182403433476394,0.0010729613733905
14986,SRQ,11721,FNT,187,186,55,1,0,0.2956989247311828,0.0053475935828877,0.0
14986,SRQ,11823,FWA,115,114,9,0,1,0.0789473684210526,0.0,0.008695652173913
14986,SRQ,11986,GRR,172,172,47,0,0,0.2732558139534883,0.0,0.0
14986,SRQ,11996,GSP,93,91,17,2,0,0.1868131868131868,0.021505376344086,0.0
14986,SRQ,12191,HOU,182,179,24,3,0,0.1340782122905028,0.0164835164835164,0.0
14986,SRQ,12264,IAD,97,96,14,1,0,0.1458333333333333,0.0103092783505154,0.0
14986,SRQ,12266,IAH,6,6,4,0,0,0.6666666666666666,0.0,0.0
14986,SRQ,12339,IND,372,369,99,3,0,0.2682926829268293,0.0080645161290322,0.0
14986,SRQ,12478,JFK,463,453,108,7,3,0.23841059602649,0.0151187904967602,0.0064794816414686
14986,SRQ,12917,LCK,130,130,8,0,0,0.0615384615384615,0.0,0.0
14986,SRQ,12945,LEX,64,64,10,0,0,0.15625,0.0,0.0
14986,SRQ,12953,LGA,680,656,165,17,7,0.2515243902439024,0.025,0.0102941176470588
14986,SRQ,13198,MCI,16,16,6,0,0,0.375,0.0,0.0
14986,SRQ,13204,MCO,287,285,36,2,0,0.1263157894736842,0.0069686411149825,0.0
14986,SRQ,13230,MDT,119,119,14,0,0,0.1176470588235294,0.0,0.0
14986,SRQ,13232,MDW,511,503,105,5,3,0.2087475149105367,0.009784735812133,0.0058708414872798
14986,SRQ,13303,MIA,58,58,2,0,0,0.0344827586206896,0.0,0.0
14986,SRQ,13342,MKE,21,21,8,0,0,0.3809523809523809,0.0,0.0
14986,SRQ,13367,MLI,26,26,0,0,0,0.0,0.0,0.0
14986,SRQ,13487,MSP,261,260,48,1,0,0.1846153846153846,0.003831417624521,0.0
14986,SRQ,13871,OMA,52,52,2,0,0,0.0384615384615384,0.0,0.0
14986,SRQ,13930,ORD,853,841,264,9,3,0.3139120095124851,0.0105509964830011,0.003516998827667
14986,SRQ,14025,PBG,37,35,4,2,0,0.1142857142857142,0.054054054054054,0.0
14986,SRQ,14100,PHL,544,525,140,18,1,0.2666666666666666,0.0330882352941176,0.0018382352941176
14986,SRQ,14108,PIA,105,104,13,1,0,0.125,0.0095238095238095,0.0
14986,SRQ,14122,PIT,369,368,72,1,0,0.1956521739130435,0.002710027100271,0.0
14986,SRQ,14259,PSM,49,49,7,0,0,0.1428571428571428,0.0,0.0
14986,SRQ,14512,RFD,101,100,11,0,1,0.11,0.0,0.0099009900990099
14986,SRQ,14574,ROA,93,91,16,1,1,0.1758241758241758,0.010752688172043,0.010752688172043
14986,SRQ,14696,SBN,122,121,15,1,0,0.1239669421487603,0.0081967213114754,0.0
14986,SRQ,14730,SDF,80,78,10,1,1,0.1282051282051282,0.0125,0.0125
14986,SRQ,15016,STL,364,360,46,3,1,0.1277777777777777,0.0082417582417582,0.0027472527472527
14986,SRQ,15096,SYR,94,94,10,0,0,0.1063829787234042,0.0,0.0
14986,SRQ,15295,TOL,13,13,1,0,0,0.0769230769230769,0.0,0.0
14986,SRQ,15412,TYS,93,92,14,0,1,0.1521739130434782,0.0,0.010752688172043
15008,STC,10466,AZA,131,131,42,0,0,0.3206106870229007,0.0,0.0
15008,STC,14082,PGD,45,45,11,0,0,0.2444444444444444,0.0,0.0
15016,STL,10397,ATL,3653,3593,532,48,12,0.1480656832730309,0.013139885026006,0.0032849712565015
15016,STL,10423,AUS,969,959,207,7,3,0.2158498435870698,0.0072239422084623,0.0030959752321981
15016,STL,10693,BNA,1267,1253,223,12,2,0.1779728651237031,0.0094711917916337,0.0015785319652722
15016,STL,10721,BOS,1615,1594,400,20,1,0.2509410288582183,0.0123839009287925,0.0006191950464396
15016,STL,10800,BUR,321,320,99,1,0,0.309375,0.0031152647975077,0.0
15016,STL,10821,BWI,1318,1299,251,18,1,0.193225558121632,0.0136570561456752,0.0007587253414264
15016,STL,10994,CHS,159,159,26,0,0,0.1635220125786163,0.0,0.0
15016,STL,11042,CLE,699,694,111,4,1,0.1599423631123919,0.0057224606580829,0.0014306151645207
15016,STL,11057,CLT,2006,1981,360,23,2,0.1817264008076728,0.0114656031904287,0.0009970089730807
15016,STL,11066,CMH,669,662,116,6,1,0.175226586102719,0.0089686098654708,0.0014947683109118
15016,STL,11259,DAL,1992,1936,404,46,10,0.2086776859504132,0.0230923694779116,0.0050200803212851
15016,STL,11278,DCA,2355,2264,646,74,17,0.2853356890459363,0.0314225053078556,0.0072186836518046
15016,STL,11292,DEN,3640,3598,932,27,15,0.2590327959977765,0.0074175824175824,0.0041208791208791
15016,STL,11298,DFW,2378,2294,617,82,2,0.2689625108979948,0.0344827586206896,0.0008410428931875
15016,STL,11423,DSM,678,670,124,7,1,0.1850746268656716,0.0103244837758112,0.0014749262536873
15016,STL,11433,DTW,1817,1801,265,16,0,0.147140477512493,0.0088057237204182,0.0
15016,STL,11481,ECP,311,310,52,0,1,0.1677419354838709,0.0,0.0032154340836012
15016,STL,11618,EWR,989,937,224,50,2,0.2390608324439701,0.0505561172901921,0.0020222446916076
15016,STL,11697,FLL,880,868,191,10,2,0.2200460829493087,0.0113636363636363,0.0022727272727272
15016,STL,12191,HOU,1542,1522,314,17,3,0.2063074901445466,0.0110246433203631,0.0019455252918287
15016,STL,12264,IAD,1,1,1,0,0,1.0,0.0,0.0
15016,STL,12266,IAH,579,568,125,9,2,0.2200704225352112,0.0155440414507772,0.003454231433506
15016,STL,12278,ICT,678,669,127,8,1,0.1898355754857997,0.0117994100294985,0.0014749262536873
15016,STL,12451,JAX,572,571,116,1,0,0.2031523642732049,0.0017482517482517,0.0
15016,STL,12478,JFK,1,0,0,1,0,,1.0,0.0
15016,STL,12889,LAS,2025,1997,402,22,6,0.2013019529293941,0.0108641975308641,0.0029629629629629
15016,STL,12892,LAX,989,981,220,7,1,0.2242609582059123,0.0070778564206268,0.0010111223458038
15016,STL,12953,LGA,2591,2500,568,74,17,0.2272,0.0285604013894249,0.0065611732921651
15016,STL,12954,LGB,296,295,58,1,0,0.1966101694915254,0.0033783783783783,0.0
15016,STL,12992,LIT,678,668,119,9,1,0.1781437125748503,0.0132743362831858,0.0014749262536873
15016,STL,13198,MCI,1021,1009,225,11,1,0.2229930624380574,0.0107737512242899,0.0009794319294809
15016,STL,13204,MCO,2400,2367,519,22,11,0.2192648922686945,0.0091666666666666,0.0045833333333333
15016,STL,13232,MDW,1738,1711,312,23,4,0.1823495032144944,0.0132336018411967,0.002301495972382
15016,STL,13277,MGM,1,1,0,0,0,0.0,0.0,0.0
15016,STL,13303,MIA,1073,1058,194,9,6,0.1833648393194707,0.0083876980428704,0.0055917986952469
15016,STL,13342,MKE,671,665,103,6,0,0.1548872180451128,0.0089418777943368,0.0
15016,STL,13487,MSP,1792,1775,348,16,1,0.196056338028169,0.0089285714285714,0.0005580357142857
15016,STL,13495,MSY,734,723,132,11,0,0.1825726141078838,0.0149863760217983,0.0
15016,STL,13577,MYR,61,61,13,0,0,0.2131147540983606,0.0,0.0
15016,STL,13796,OAK,4,4,1,0,0,0.25,0.0,0.0
15016,STL,13851,OKC,696,687,141,8,1,0.2052401746724891,0.0114942528735632,0.0014367816091954
15016,STL,13871,OMA,817,804,156,12,1,0.1940298507462686,0.01468788249694,0.0012239902080783
15016,STL,13930,ORD,2922,2859,782,61,2,0.2735222105631339,0.0208761122518822,0.000684462696783
15016,STL,13931,ORF,17,17,2,0,0,0.1176470588235294,0.0,0.0
15016,STL,14027,PBI,33,33,10,0,0,0.303030303030303,0.0,0.0
15016,STL,14057,PDX,34,33,10,1,0,0.303030303030303,0.0294117647058823,0.0
15016,STL,14100,PHL,1505,1472,288,29,4,0.1956521739130435,0.0192691029900332,0.0026578073089701
15016,STL,14107,PHX,2224,2204,511,16,4,0.2318511796733212,0.0071942446043165,0.0017985611510791
15016,STL,14122,PIT,381,379,76,2,0,0.2005277044854881,0.0052493438320209,0.0
15016,STL,14193,PNS,223,223,27,0,0,0.1210762331838565,0.0,0.0
15016,STL,14492,RDU,639,636,109,3,0,0.1713836477987421,0.0046948356807511,0.0
15016,STL,14635,RSW,999,987,229,7,5,0.232016210739615,0.007007007007007,0.005005005005005
15016,STL,14679,SAN,515,511,142,2,2,0.2778864970645792,0.003883495145631,0.003883495145631
15016,STL,14683,SAT,559,552,109,6,1,0.197463768115942,0.0107334525939177,0.0017889087656529
15016,STL,14685,SAV,73,73,10,0,0,0.136986301369863,0.0,0.0
15016,STL,14747,SEA,875,867,216,6,2,0.2491349480968858,0.0068571428571428,0.0022857142857142
15016,STL,14771,SFO,783,779,213,4,0,0.2734274711168164,0.0051085568326947,0.0
15016,STL,14831,SJC,20,18,4,2,0,0.2222222222222222,0.1,0.0
15016,STL,14843,SJU,39,39,13,0,0,0.3333333333333333,0.0,0.0
15016,STL,14869,SLC,975,963,107,8,4,0.1111111111111111,0.0082051282051282,0.0041025641025641
15016,STL,14893,SMF,331,330,81,1,0,0.2454545454545454,0.0030211480362537,0.0
15016,STL,14986,SRQ,364,362,81,1,1,0.223756906077348,0.0027472527472527,0.0027472527472527
15016,STL,15304,TPA,1176,1159,242,11,6,0.2088006902502157,0.0093537414965986,0.0051020408163265
15016,STL,15370,TUL,679,667,117,9,3,0.1754122938530734,0.0132547864506627,0.0044182621502209
15016,STL,15624,VPS,160,160,36,0,0,0.225,0.0,0.0
15023,STS,10800,BUR,372,355,74,15,2,0.2084507042253521,0.0403225806451612,0.0053763440860215
15023,STS,11298,DFW,203,198,60,1,4,0.303030303030303,0.0049261083743842,0.0197044334975369
15023,STS,12889,LAS,249,247,62,2,0,0.2510121457489878,0.0080321285140562,0.0
15023,STS,12892,LAX,701,683,139,18,0,0.2035139092240117,0.0256776034236804,0.0
15023,STS,14057,PDX,465,461,64,3,1,0.1388286334056399,0.0064516129032258,0.0021505376344086
15023,STS,14107,PHX,660,656,144,2,2,0.2195121951219512,0.003030303030303,0.003030303030303
15023,STS,14262,PSP,47,46,18,1,0,0.391304347826087,0.0212765957446808,0.0
15023,STS,14679,SAN,771,738,192,29,4,0.2601626016260163,0.0376134889753566,0.0051880674448767
15023,STS,14747,SEA,461,453,165,7,1,0.3642384105960264,0.0151843817787418,0.0021691973969631
15023,STS,14908,SNA,739,732,201,6,1,0.2745901639344262,0.0081190798376184,0.0013531799729364
15024,STT,10397,ATL,644,618,106,10,16,0.1715210355987055,0.015527950310559,0.0248447204968944
15024,STT,10721,BOS,12,11,1,0,1,0.0909090909090909,0.0,0.0833333333333333
15024,STT,11057,CLT,589,575,75,7,7,0.1304347826086956,0.0118845500848896,0.0118845500848896
15024,STT,11298,DFW,101,97,21,0,4,0.2164948453608247,0.0,0.0396039603960396
15024,STT,11618,EWR,248,242,30,4,2,0.1239669421487603,0.0161290322580645,0.0080645161290322
15024,STT,11697,FLL,372,357,42,2,13,0.1176470588235294,0.0053763440860215,0.0349462365591397
15024,STT,12264,IAD,321,316,48,3,2,0.1518987341772152,0.0093457943925233,0.0062305295950155
15024,STT,12266,IAH,137,132,23,3,2,0.1742424242424242,0.0218978102189781,0.0145985401459854
15024,STT,12478,JFK,546,534,91,5,7,0.1704119850187266,0.0091575091575091,0.0128205128205128
15024,STT,13204,MCO,421,388,75,6,27,0.1932989690721649,0.014251781472684,0.0641330166270783
15024,STT,13303,MIA,869,860,132,3,6,0.1534883720930232,0.003452243958573,0.0069044879171461
15024,STT,13930,ORD,143,142,41,0,1,0.2887323943661972,0.0,0.0069930069930069
15024,STT,14100,PHL,153,149,29,1,3,0.1946308724832214,0.0065359477124183,0.0196078431372549
15024,STT,14843,SJU,488,485,126,3,0,0.2597938144329897,0.0061475409836065,0.0
15027,STX,10397,ATL,127,121,37,4,2,0.3057851239669421,0.0314960629921259,0.0157480314960629
15027,STX,11057,CLT,130,129,22,1,0,0.1705426356589147,0.0076923076923076,0.0
15027,STX,11697,FLL,195,193,39,1,1,0.2020725388601036,0.0051282051282051,0.0051282051282051
15027,STX,13303,MIA,592,590,141,0,2,0.2389830508474576,0.0,0.0033783783783783
15027,STX,13930,ORD,4,4,1,0,0,0.25,0.0,0.0
15027,STX,14843,SJU,326,323,68,2,1,0.2105263157894736,0.0061349693251533,0.0030674846625766
15041,SUN,11292,DEN,628,621,123,3,4,0.1980676328502415,0.0047770700636942,0.0063694267515923
15041,SUN,12892,LAX,318,314,28,4,0,0.0891719745222929,0.0125786163522012,0.0
15041,SUN,13930,ORD,157,148,44,5,4,0.2972972972972973,0.0318471337579617,0.0254777070063694
15041,SUN,14107,PHX,13,11,3,2,0,0.2727272727272727,0.1538461538461538,0.0
15041,SUN,14747,SEA,37,37,8,0,0,0.2162162162162162,0.0,0.0
15041,SUN,14771,SFO,265,262,88,2,1,0.3358778625954198,0.0075471698113207,0.0037735849056603
15041,SUN,14869,SLC,1086,1078,57,8,0,0.0528756957328385,0.007366482504604,0.0
15048,SUX,11292,DEN,364,354,138,7,3,0.3898305084745763,0.0192307692307692,0.0082417582417582
15048,SUX,13930,ORD,365,357,99,6,2,0.2773109243697479,0.0164383561643835,0.0054794520547945
15070,SWF,11697,FLL,97,96,23,0,1,0.2395833333333333,0.0,0.0103092783505154
15070,SWF,13577,MYR,169,163,55,5,1,0.3374233128834356,0.029585798816568,0.0059171597633136
15070,SWF,14082,PGD,124,123,30,1,0,0.2439024390243902,0.0080645161290322,0.0
15070,SWF,14112,PIE,127,124,38,2,1,0.3064516129032258,0.0157480314960629,0.0078740157480314
15070,SWF,14761,SFB,94,94,36,0,0,0.3829787234042553,0.0,0.0
15074,SWO,11298,DFW,729,700,138,27,2,0.1971428571428571,0.037037037037037,0.0027434842249657
15096,SYR,10397,ATL,1106,1081,222,21,4,0.2053654024051804,0.0189873417721519,0.0036166365280289
15096,SYR,10693,BNA,111,110,31,0,1,0.2818181818181818,0.0,0.009009009009009
15096,SYR,10721,BOS,358,354,64,4,0,0.1807909604519774,0.0111731843575419,0.0
15096,SYR,11057,CLT,1111,1096,221,13,2,0.2016423357664233,0.0117011701170117,0.0018001800180018
15096,SYR,11278,DCA,1142,1067,330,73,2,0.3092783505154639,0.063922942206655,0.0017513134851138
15096,SYR,11292,DEN,441,439,106,0,2,0.2414578587699316,0.0,0.0045351473922902
15096,SYR,11298,DFW,326,316,69,9,1,0.2183544303797468,0.0276073619631901,0.0030674846625766
15096,SYR,11433,DTW,594,590,82,4,0,0.1389830508474576,0.0067340067340067,0.0
15096,SYR,11618,EWR,548,524,98,23,1,0.1870229007633587,0.041970802919708,0.0018248175182481
15096,SYR,11697,FLL,128,127,65,1,0,0.5118110236220472,0.0078125,0.0
15096,SYR,12264,IAD,88,86,22,2,0,0.2558139534883721,0.0227272727272727,0.0
15096,SYR,12478,JFK,589,569,114,20,0,0.2003514938488576,0.0339558573853989,0.0
15096,SYR,12953,LGA,223,217,54,5,1,0.2488479262672811,0.0224215246636771,0.0044843049327354
15096,SYR,13204,MCO,774,767,224,5,2,0.2920469361147327,0.0064599483204134,0.0025839793281653
15096,SYR,13303,MIA,40,39,6,1,0,0.1538461538461538,0.025,0.0
15096,SYR,13487,MSP,5,5,0,0,0,0.0,0.0,0.0
15096,SYR,13577,MYR,80,79,21,1,0,0.2658227848101265,0.0125,0.0
15096,SYR,13930,ORD,2073,2018,533,49,6,0.2641228939544103,0.0236372407139411,0.0028943560057887
15096,SYR,14082,PGD,95,94,30,0,1,0.3191489361702128,0.0,0.0105263157894736
15096,SYR,14100,PHL,140,133,24,7,0,0.1804511278195488,0.05,0.0
15096,SYR,14112,PIE,185,185,74,0,0,0.4,0.0,0.0
15096,SYR,14492,RDU,36,36,5,0,0,0.1388888888888889,0.0,0.0
15096,SYR,14696,SBN,1,1,0,0,0,0.0,0.0,0.0
15096,SYR,14761,SFB,105,104,30,0,1,0.2884615384615384,0.0,0.0095238095238095
15096,SYR,14986,SRQ,94,93,29,0,1,0.3118279569892473,0.0,0.0106382978723404
15249,TLH,10397,ATL,1554,1531,210,22,1,0.1371652514696276,0.0141570141570141,0.0006435006435006
15249,TLH,10599,BHM,1,1,0,0,0,0.0,0.0,0.0
15249,TLH,11057,CLT,286,275,57,10,1,0.2072727272727272,0.0349650349650349,0.0034965034965034
15249,TLH,11278,DCA,365,348,46,17,0,0.132183908045977,0.0465753424657534,0.0
15249,TLH,11298,DFW,1088,1046,273,37,5,0.2609942638623327,0.0340073529411764,0.0045955882352941
15249,TLH,11996,GSP,1,1,0,0,0,0.0,0.0,0.0
15249,TLH,13303,MIA,1221,1198,221,19,4,0.184474123539232,0.0155610155610155,0.0032760032760032
15295,TOL,10466,AZA,8,8,0,0,0,0.0,0.0,0.0
15295,TOL,14082,PGD,126,124,26,2,0,0.2096774193548387,0.0158730158730158,0.0
15295,TOL,14112,PIE,137,137,66,0,0,0.4817518248175182,0.0,0.0
15295,TOL,14761,SFB,112,111,65,0,1,0.5855855855855856,0.0,0.0089285714285714
15295,TOL,14986,SRQ,13,13,3,0,0,0.2307692307692307,0.0,0.0
15304,TPA,10158,ACY,372,366,87,6,0,0.2377049180327868,0.0161290322580645,0.0
15304,TPA,10257,ALB,258,258,50,0,0,0.1937984496124031,0.0,0.0
15304,TPA,10397,ATL,6066,5973,1418,82,11,0.2374016407165578,0.0135179690075832,0.0018133860863831
15304,TPA,10423,AUS,1270,1263,274,6,1,0.2169437846397466,0.0047244094488188,0.0007874015748031
15304,TPA,10529,BDL,856,843,153,10,3,0.1814946619217081,0.0116822429906542,0.0035046728971962
15304,TPA,10599,BHM,440,438,94,2,0,0.2146118721461187,0.0045454545454545,0.0
15304,TPA,10693,BNA,2447,2415,581,24,8,0.2405797101449275,0.0098079280751941,0.003269309358398
15304,TPA,10721,BOS,2985,2936,783,45,4,0.2666893732970027,0.0150753768844221,0.0013400335008375
15304,TPA,10785,BTV,46,44,7,2,0,0.1590909090909091,0.0434782608695652,0.0
15304,TPA,10792,BUF,883,874,177,6,3,0.2025171624713958,0.0067950169875424,0.0033975084937712
15304,TPA,10821,BWI,2794,2741,564,47,6,0.20576431959139,0.0168217609162491,0.0021474588403722
15304,TPA,11042,CLE,1018,997,228,19,2,0.2286860581745235,0.018664047151277,0.0019646365422396
15304,TPA,11057,CLT,3617,3571,656,43,3,0.1837020442453094,0.0118883052253248,0.0008294166436273
15304,TPA,11066,CMH,917,908,181,5,4,0.1993392070484581,0.0054525627044711,0.0043620501635768
15304,TPA,11193,CVG,789,778,214,11,0,0.2750642673521851,0.0139416983523447,0.0
15304,TPA,11259,DAL,1296,1270,269,19,7,0.2118110236220472,0.0146604938271604,0.0054012345679012
15304,TPA,11278,DCA,2172,2109,590,46,17,0.2797534376481745,0.0211786372007366,0.0078268876611418
15304,TPA,11292,DEN,3128,3102,660,10,16,0.2127659574468085,0.0031969309462915,0.0051150895140664
15304,TPA,11298,DFW,2864,2770,737,82,12,0.2660649819494585,0.0286312849162011,0.0041899441340782
15304,TPA,11433,DTW,2374,2352,444,19,3,0.1887755102040816,0.0080033698399326,0.0012636899747262
15304,TPA,11618,EWR,2763,2706,800,47,10,0.2956393200295639,0.0170104958378574,0.0036192544335866
15304,TPA,11697,FLL,1221,1202,237,17,2,0.1971713810316139,0.0139230139230139,0.0016380016380016
15304,TPA,11986,GRR,45,44,10,1,0,0.2272727272727272,0.0222222222222222,0.0
15304,TPA,12191,HOU,983,973,165,7,3,0.1695786228160329,0.0071210579857578,0.0030518819938962
15304,TPA,12197,HPN,367,360,97,3,4,0.2694444444444444,0.0081743869209809,0.0108991825613079
15304,TPA,12264,IAD,1551,1537,311,14,0,0.2023422251138581,0.0090264345583494,0.0
15304,TPA,12266,IAH,1815,1792,306,19,4,0.1707589285714285,0.0104683195592286,0.0022038567493112
15304,TPA,12339,IND,1174,1158,220,15,1,0.1899827288428324,0.0127768313458262,0.0008517887563884
15304,TPA,12391,ISP,529,518,113,10,1,0.2181467181467181,0.0189035916824196,0.0018903591682419
15304,TPA,12478,JFK,2529,2474,530,48,7,0.2142279708973322,0.0189798339264531,0.0027678924476077
15304,TPA,12889,LAS,1140,1136,211,2,2,0.1857394366197183,0.0017543859649122,0.0017543859649122
15304,TPA,12892,LAX,1029,1022,163,4,3,0.159491193737769,0.0038872691933916,0.0029154518950437
15304,TPA,12953,LGA,2761,2684,814,59,18,0.3032786885245901,0.0213690691778341,0.0065193770373053
15304,TPA,13198,MCI,653,646,135,4,3,0.2089783281733746,0.006125574272588,0.004594180704441
15304,TPA,13232,MDW,1721,1693,367,22,6,0.2167749556999409,0.0127832655432887,0.0034863451481696
15304,TPA,13244,MEM,67,65,21,1,1,0.3230769230769231,0.0149253731343283,0.0149253731343283
15304,TPA,13296,MHT,105,105,18,0,0,0.1714285714285714,0.0,0.0
15304,TPA,13303,MIA,3099,3054,601,41,4,0.1967910936476752,0.0132300742174895,0.0012907389480477
15304,TPA,13342,MKE,501,496,111,4,1,0.2237903225806451,0.0079840319361277,0.0019960079840319
15304,TPA,13487,MSP,1200,1193,238,6,1,0.1994970662196144,0.005,0.0008333333333333
15304,TPA,13495,MSY,1089,1071,207,15,3,0.1932773109243697,0.0137741046831955,0.0027548209366391
15304,TPA,13871,OMA,21,21,1,0,0,0.0476190476190476,0.0,0.0
15304,TPA,13930,ORD,3201,3157,752,31,13,0.2382008235666772,0.0096844736019993,0.0040612308653545
15304,TPA,14057,PDX,20,20,5,0,0,0.25,0.0,0.0
15304,TPA,14100,PHL,2596,2554,667,36,6,0.2611589663273296,0.0138674884437596,0.0023112480739599
15304,TPA,14107,PHX,1226,1219,235,4,3,0.1927809680065627,0.0032626427406199,0.0024469820554649
15304,TPA,14122,PIT,1040,1031,227,7,2,0.2201745877788554,0.0067307692307692,0.0019230769230769
15304,TPA,14307,PVD,749,744,173,0,5,0.2325268817204301,0.0,0.0066755674232309
15304,TPA,14321,PWM,35,34,4,1,0,0.1176470588235294,0.0285714285714285,0.0
15304,TPA,14492,RDU,1257,1244,245,10,3,0.1969453376205787,0.0079554494828957,0.0023866348448687
15304,TPA,14576,ROC,72,72,13,0,0,0.1805555555555555,0.0,0.0
15304,TPA,14679,SAN,418,411,83,6,1,0.2019464720194647,0.0143540669856459,0.0023923444976076
15304,TPA,14683,SAT,444,441,111,3,0,0.2517006802721088,0.0067567567567567,0.0
15304,TPA,14730,SDF,479,477,74,1,1,0.1551362683438155,0.0020876826722338,0.0020876826722338
15304,TPA,14747,SEA,1012,1003,266,6,3,0.2652043868394815,0.0059288537549407,0.0029644268774703
15304,TPA,14771,SFO,660,657,125,2,1,0.1902587519025875,0.003030303030303,0.0015151515151515
15304,TPA,14843,SJU,1466,1455,361,8,3,0.2481099656357388,0.0054570259208731,0.0020463847203274
15304,TPA,14869,SLC,369,367,53,2,0,0.1444141689373297,0.005420054200542,0.0
15304,TPA,15016,STL,1161,1147,190,11,3,0.1656495204882301,0.0094745908699397,0.0025839793281653
15304,TPA,15356,TTN,273,260,63,11,2,0.2423076923076923,0.0402930402930402,0.0073260073260073
15323,TRI,10397,ATL,538,532,103,6,0,0.1936090225563909,0.0111524163568773,0.0
15323,TRI,11057,CLT,1,1,0,0,0,0.0,0.0,0.0
15323,TRI,11298,DFW,602,590,108,9,3,0.1830508474576271,0.0149501661129568,0.0049833887043189
15323,TRI,14112,PIE,53,53,31,0,0,0.5849056603773585,0.0,0.0
15323,TRI,14761,SFB,124,123,79,1,0,0.6422764227642277,0.0080645161290322,0.0
15356,TTN,10397,ATL,64,63,13,1,0,0.2063492063492063,0.015625,0.0
15356,TTN,13204,MCO,572,556,120,15,1,0.2158273381294964,0.0262237762237762,0.0017482517482517
15356,TTN,13577,MYR,32,31,6,1,0,0.1935483870967742,0.03125,0.0
15356,TTN,14027,PBI,75,74,20,1,0,0.2702702702702703,0.0133333333333333,0.0
15356,TTN,14635,RSW,75,70,11,1,4,0.1571428571428571,0.0133333333333333,0.0533333333333333
15356,TTN,15304,TPA,273,266,58,7,0,0.2180451127819548,0.0256410256410256,0.0
15370,TUL,10397,ATL,1543,1501,234,34,8,0.1558960692871419,0.0220349967595593,0.0051847051198963
15370,TUL,10423,AUS,322,320,42,2,0,0.13125,0.0062111801242236,0.0
15370,TUL,10693,BNA,268,268,59,0,0,0.2201492537313432,0.0,0.0
15370,TUL,11057,CLT,756,735,144,19,2,0.1959183673469387,0.0251322751322751,0.0026455026455026
15370,TUL,11259,DAL,1048,1031,156,17,0,0.1513094083414161,0.0162213740458015,0.0
15370,TUL,11278,DCA,357,313,100,39,5,0.3194888178913738,0.1092436974789916,0.0140056022408963
15370,TUL,11292,DEN,2427,2403,552,17,7,0.229712858926342,0.0070045323444581,0.0028842192006592
15370,TUL,11298,DFW,3021,2900,683,114,7,0.2355172413793103,0.0377358490566037,0.0023171135385633
15370,TUL,12191,HOU,723,720,105,3,0,0.1458333333333333,0.0041493775933609,0.0
15370,TUL,12266,IAH,1089,1070,173,15,4,0.1616822429906542,0.0137741046831955,0.0036730945821854
15370,TUL,12889,LAS,764,762,124,2,0,0.1627296587926509,0.0026178010471204,0.0
15370,TUL,12892,LAX,437,435,82,1,1,0.1885057471264367,0.0022883295194508,0.0022883295194508
15370,TUL,12953,LGA,428,412,75,12,4,0.1820388349514563,0.02803738317757,0.0093457943925233
15370,TUL,13204,MCO,122,121,29,1,0,0.2396694214876033,0.0081967213114754,0.0
15370,TUL,13232,MDW,348,346,50,2,0,0.1445086705202312,0.0057471264367816,0.0
15370,TUL,13303,MIA,105,104,23,1,0,0.2211538461538461,0.0095238095238095,0.0
15370,TUL,13930,ORD,1927,1892,446,32,3,0.2357293868921776,0.0166061235080435,0.001556824078879
15370,TUL,14107,PHX,1266,1260,227,4,2,0.1801587301587301,0.0031595576619273,0.0015797788309636
15370,TUL,14112,PIE,26,26,12,0,0,0.4615384615384615,0.0,0.0
15370,TUL,14761,SFB,105,105,39,0,0,0.3714285714285714,0.0,0.0
15370,TUL,14869,SLC,597,592,55,5,0,0.0929054054054054,0.0083752093802345,0.0
15370,TUL,15016,STL,679,669,79,8,2,0.1180866965620328,0.0117820324005891,0.0029455081001472
15370,TUL,15624,VPS,52,52,21,0,0,0.4038461538461538,0.0,0.0
15376,TUS,10397,ATL,803,785,61,13,5,0.0777070063694267,0.0161892901618929,0.0062266500622665
15376,TUS,11259,DAL,240,237,40,2,1,0.1687763713080168,0.0083333333333333,0.0041666666666666
15376,TUS,11292,DEN,2849,2820,552,22,7,0.1957446808510638,0.0077220077220077,0.0024570024570024
15376,TUS,11298,DFW,2267,2182,455,75,10,0.2085242896425297,0.0330833700926334,0.0044111160123511
15376,TUS,12191,HOU,339,336,48,2,1,0.1428571428571428,0.0058997050147492,0.0029498525073746
15376,TUS,12266,IAH,304,299,32,5,0,0.1070234113712374,0.0164473684210526,0.0
15376,TUS,12889,LAS,1334,1329,208,4,1,0.1565086531226486,0.0029985007496251,0.0007496251874062
15376,TUS,12892,LAX,2649,2633,346,15,1,0.1314090391188758,0.0056625141562853,0.0003775009437523
15376,TUS,13232,MDW,353,349,13,2,2,0.0372492836676217,0.0056657223796034,0.0056657223796034
15376,TUS,13487,MSP,177,174,25,3,0,0.1436781609195402,0.0169491525423728,0.0
15376,TUS,13930,ORD,1106,1087,202,12,7,0.1858325666973321,0.0108499095840868,0.0063291139240506
15376,TUS,14057,PDX,344,342,19,2,0,0.0555555555555555,0.005813953488372,0.0
15376,TUS,14107,PHX,3258,3240,508,17,1,0.1567901234567901,0.0052179251074278,0.0003069367710251
15376,TUS,14679,SAN,624,622,116,2,0,0.1864951768488746,0.0032051282051282,0.0
15376,TUS,14747,SEA,1065,1060,150,5,0,0.1415094339622641,0.0046948356807511,0.0
15376,TUS,14771,SFO,1038,1032,187,5,1,0.1812015503875969,0.0048169556840077,0.0009633911368015
15376,TUS,14869,SLC,1087,1084,54,2,1,0.0498154981549815,0.0018399264029438,0.0009199632014719
15376,TUS,14893,SMF,191,191,28,0,0,0.1465968586387434,0.0,0.0
15376,TUS,14908,SNA,124,121,22,3,0,0.1818181818181818,0.0241935483870967,0.0
15380,TVC,10397,ATL,34,34,11,0,0,0.3235294117647059,0.0,0.0
15380,TVC,10466,AZA,48,48,14,0,0,0.2916666666666667,0.0,0.0
15380,TVC,10721,BOS,174,173,51,0,1,0.2947976878612717,0.0,0.0057471264367816
15380,TVC,11057,CLT,305,300,51,5,0,0.17,0.0163934426229508,0.0
15380,TVC,11278,DCA,156,145,49,11,0,0.3379310344827586,0.0705128205128205,0.0
15380,TVC,11292,DEN,266,263,76,0,3,0.2889733840304182,0.0,0.0112781954887218
15380,TVC,11298,DFW,152,150,70,2,0,0.4666666666666667,0.0131578947368421,0.0
15380,TVC,11433,DTW,1088,1078,242,10,0,0.2244897959183673,0.0091911764705882,0.0
15380,TVC,11697,FLL,62,62,25,0,0,0.4032258064516129,0.0,0.0
15380,TVC,12264,IAD,8,8,3,0,0,0.375,0.0,0.0
15380,TVC,12266,IAH,54,53,19,1,0,0.3584905660377358,0.0185185185185185,0.0
15380,TVC,12953,LGA,40,37,6,1,2,0.1621621621621621,0.025,0.05
15380,TVC,13487,MSP,131,131,27,0,0,0.2061068702290076,0.0,0.0
15380,TVC,13930,ORD,2293,2213,776,75,5,0.350655219159512,0.0327082424771042,0.0021805494984736
15380,TVC,14082,PGD,75,71,21,1,3,0.2957746478873239,0.0133333333333333,0.04
15380,TVC,14100,PHL,105,99,16,5,1,0.1616161616161616,0.0476190476190476,0.0095238095238095
15380,TVC,14112,PIE,103,103,32,0,0,0.3106796116504854,0.0,0.0
15380,TVC,14761,SFB,102,101,32,1,0,0.3168316831683168,0.0098039215686274,0.0
15389,TWF,14869,SLC,716,715,35,0,1,0.0489510489510489,0.0,0.0013966480446927
15401,TXK,11298,DFW,727,700,132,26,1,0.1885714285714285,0.0357634112792297,0.0013755158184319
15411,TYR,11298,DFW,1089,1044,254,44,1,0.2432950191570881,0.0404040404040404,0.0009182736455463
15412,TYS,10397,ATL,1633,1603,237,27,3,0.1478477854023705,0.0165339865278628,0.0018371096142069
15412,TYS,10423,AUS,96,96,25,0,0,0.2604166666666667,0.0,0.0
15412,TYS,10599,BHM,1,1,0,0,0,0.0,0.0,0.0
15412,TYS,10676,BLV,28,27,7,1,0,0.2592592592592592,0.0357142857142857,0.0
15412,TYS,10721,BOS,171,171,22,0,0,0.1286549707602339,0.0,0.0
15412,TYS,11057,CLT,1228,1203,277,25,0,0.2302576891105569,0.020358306188925,0.0
15412,TYS,11278,DCA,1028,963,306,61,4,0.3177570093457944,0.0593385214007782,0.0038910505836575
15412,TYS,11292,DEN,946,931,175,6,9,0.18796992481203,0.0063424947145877,0.0095137420718816
15412,TYS,11298,DFW,1615,1557,403,50,8,0.2588310854206808,0.0309597523219814,0.004953560371517
15412,TYS,11618,EWR,164,164,20,0,0,0.1219512195121951,0.0,0.0
15412,TYS,11624,EYW,27,27,7,0,0,0.2592592592592592,0.0,0.0
15412,TYS,11697,FLL,493,491,184,0,2,0.3747454175152749,0.0,0.0040567951318458
15412,TYS,12191,HOU,54,53,13,0,1,0.2452830188679245,0.0,0.0185185185185185
15412,TYS,12264,IAD,55,55,7,0,0,0.1272727272727272,0.0,0.0
15412,TYS,12451,JAX,106,106,20,0,0,0.1886792452830188,0.0,0.0
15412,TYS,12889,LAS,122,122,24,0,0,0.1967213114754098,0.0,0.0
15412,TYS,12953,LGA,675,645,145,26,4,0.2248062015503876,0.0385185185185185,0.0059259259259259
15412,TYS,13204,MCO,132,131,19,0,1,0.1450381679389313,0.0,0.0075757575757575
15412,TYS,13232,MDW,56,56,15,0,0,0.2678571428571428,0.0,0.0
15412,TYS,13244,MEM,26,26,8,0,0,0.3076923076923077,0.0,0.0
15412,TYS,13303,MIA,453,451,98,1,1,0.2172949002217294,0.0022075055187637,0.0022075055187637
15412,TYS,13487,MSP,24,24,5,0,0,0.2083333333333333,0.0,0.0
15412,TYS,13851,OKC,3,3,0,0,0,0.0,0.0,0.0
15412,TYS,13930,ORD,1958,1902,580,48,8,0.3049421661409043,0.0245148110316649,0.0040858018386108
15412,TYS,14082,PGD,218,215,61,1,2,0.2837209302325581,0.0045871559633027,0.0091743119266055
15412,TYS,14100,PHL,376,363,55,13,0,0.1515151515151515,0.0345744680851063,0.0
15412,TYS,14107,PHX,125,124,21,0,1,0.1693548387096774,0.0,0.008
15412,TYS,14112,PIE,522,517,145,2,3,0.2804642166344294,0.003831417624521,0.0057471264367816
15412,TYS,14696,SBN,32,32,8,0,0,0.25,0.0,0.0
15412,TYS,14761,SFB,650,647,191,1,2,0.2952086553323029,0.0015384615384615,0.003076923076923
15412,TYS,14986,SRQ,93,91,14,0,2,0.1538461538461538,0.0,0.021505376344086
15412,TYS,15624,VPS,131,131,24,0,0,0.183206106870229,0.0,0.0
15412,TYS,16422,GUF,26,26,3,0,0,0.1153846153846153,0.0,0.0
15569,VCT,12266,IAH,596,573,121,22,1,0.2111692844677138,0.0369127516778523,0.0016778523489932
15624,VPS,10397,ATL,2325,2277,342,43,5,0.150197628458498,0.0184946236559139,0.0021505376344086
15624,VPS,10431,AVL,13,13,3,0,0,0.2307692307692307,0.0,0.0
15624,VPS,10676,BLV,398,395,85,3,0,0.2151898734177215,0.007537688442211,0.0
15624,VPS,10693,BNA,836,830,84,6,0,0.1012048192771084,0.0071770334928229,0.0
15624,VPS,10721,BOS,31,31,2,0,0,0.064516129032258,0.0,0.0
15624,VPS,10821,BWI,207,206,23,0,1,0.1116504854368932,0.0,0.0048309178743961
15624,VPS,10874,CAK,32,32,4,0,0,0.125,0.0,0.0
15624,VPS,11027,CKB,13,13,2,0,0,0.1538461538461538,0.0,0.0
15624,VPS,11057,CLT,1202,1175,226,26,1,0.1923404255319148,0.021630615640599,0.0008319467554076
15624,VPS,11193,CVG,444,442,110,2,0,0.248868778280543,0.0045045045045045,0.0
15624,VPS,11259,DAL,428,421,66,5,2,0.1567695961995249,0.0116822429906542,0.0046728971962616
15624,VPS,11278,DCA,390,373,82,17,0,0.2198391420911528,0.0435897435897435,0.0
15624,VPS,11298,DFW,1391,1327,382,55,9,0.2878673700075358,0.0395398993529834,0.00647016534867
15624,VPS,11423,DSM,26,26,4,0,0,0.1538461538461538,0.0,0.0
15624,VPS,11433,DTW,19,18,2,1,0,0.1111111111111111,0.0526315789473684,0.0
15624,VPS,11612,EVV,30,30,5,0,0,0.1666666666666666,0.0,0.0
15624,VPS,11618,EWR,121,121,25,0,0,0.2066115702479339,0.0,0.0
15624,VPS,11721,FNT,104,104,9,0,0,0.0865384615384615,0.0,0.0
15624,VPS,11986,GRR,87,87,21,0,0,0.2413793103448276,0.0,0.0
15624,VPS,12191,HOU,249,247,56,1,1,0.2267206477732793,0.0040160642570281,0.0040160642570281
15624,VPS,12223,HTS,44,44,17,0,0,0.3863636363636363,0.0,0.0
15624,VPS,12264,IAD,32,32,6,0,0,0.1875,0.0,0.0
15624,VPS,12278,ICT,78,78,16,0,0,0.2051282051282051,0.0,0.0
15624,VPS,12339,IND,93,92,17,0,1,0.1847826086956521,0.0,0.010752688172043
15624,VPS,12889,LAS,36,36,7,0,0,0.1944444444444444,0.0,0.0
15624,VPS,12917,LCK,126,126,21,0,0,0.1666666666666666,0.0,0.0
15624,VPS,12945,LEX,35,35,16,0,0,0.4571428571428571,0.0,0.0
15624,VPS,12992,LIT,27,27,0,0,0,0.0,0.0,0.0
15624,VPS,13198,MCI,81,81,21,0,0,0.2592592592592592,0.0,0.0
15624,VPS,13232,MDW,98,98,11,0,0,0.1122448979591836,0.0,0.0
15624,VPS,13244,MEM,24,24,1,0,0,0.0416666666666666,0.0,0.0
15624,VPS,13303,MIA,13,13,7,0,0,0.5384615384615384,0.0,0.0
15624,VPS,13487,MSP,333,325,52,5,3,0.16,0.015015015015015,0.009009009009009
15624,VPS,13851,OKC,79,79,24,0,0,0.3037974683544304,0.0,0.0
15624,VPS,13871,OMA,31,31,5,0,0,0.1612903225806451,0.0,0.0
15624,VPS,13930,ORD,264,260,85,3,1,0.3269230769230769,0.0113636363636363,0.0037878787878787
15624,VPS,14100,PHL,13,13,5,0,0,0.3846153846153846,0.0,0.0
15624,VPS,14108,PIA,53,53,15,0,0,0.2830188679245283,0.0,0.0
15624,VPS,14122,PIT,83,83,7,0,0,0.0843373493975903,0.0,0.0
15624,VPS,14730,SDF,132,131,22,1,0,0.1679389312977099,0.0075757575757575,0.0
15624,VPS,14783,SGF,72,72,15,0,0,0.2083333333333333,0.0,0.0
15624,VPS,14814,SHV,25,25,2,0,0,0.08,0.0,0.0
15624,VPS,15016,STL,160,160,31,0,0,0.19375,0.0,0.0
15624,VPS,15370,TUL,52,51,18,0,1,0.3529411764705882,0.0,0.0192307692307692
15624,VPS,15412,TYS,131,130,31,1,0,0.2384615384615384,0.0076335877862595,0.0
15624,VPS,15919,XNA,235,234,54,0,1,0.2307692307692307,0.0,0.0042553191489361
15628,VRB,10721,BOS,21,21,12,0,0,0.5714285714285714,0.0,0.0
15628,VRB,12478,JFK,21,20,9,1,0,0.45,0.0476190476190476,0.0
15841,WRG,12819,KTN,362,351,48,7,4,0.1367521367521367,0.0193370165745856,0.011049723756906
15841,WRG,14256,PSG,362,349,50,8,5,0.1432664756446991,0.0220994475138121,0.0138121546961325
15897,WYS,11292,DEN,188,175,49,2,11,0.28,0.0106382978723404,0.0585106382978723
15897,WYS,14869,SLC,148,148,11,0,0,0.0743243243243243,0.0,0.0
15919,XNA,10397,ATL,539,529,66,8,2,0.1247637051039697,0.0148423005565862,0.0037105751391465
15919,XNA,10423,AUS,2,2,1,0,0,0.5,0.0,0.0
15919,XNA,10466,AZA,42,42,6,0,0,0.1428571428571428,0.0,0.0
15919,XNA,10693,BNA,92,92,22,0,0,0.2391304347826087,0.0,0.0
15919,XNA,11057,CLT,1658,1625,301,33,0,0.1852307692307692,0.019903498190591,0.0
15919,XNA,11278,DCA,365,358,25,7,0,0.0698324022346368,0.0191780821917808,0.0
15919,XNA,11292,DEN,1231,1214,312,11,6,0.257001647446458,0.0089358245329,0.0048740861088545
15919,XNA,11298,DFW,3500,3389,846,103,8,0.2496311596341103,0.0294285714285714,0.0022857142857142
15919,XNA,11433,DTW,2,2,1,0,0,0.5,0.0,0.0
15919,XNA,11618,EWR,2,2,0,0,0,0.0,0.0,0.0
15919,XNA,11697,FLL,93,91,32,0,2,0.3516483516483517,0.0,0.021505376344086
15919,XNA,12266,IAH,172,170,24,2,0,0.1411764705882353,0.0116279069767441,0.0
15919,XNA,12889,LAS,119,119,24,0,0,0.2016806722689075,0.0,0.0
15919,XNA,12892,LAX,414,411,91,3,0,0.2214111922141119,0.0072463768115942,0.0
15919,XNA,12953,LGA,747,714,169,28,5,0.2366946778711484,0.037483266398929,0.0066934404283801
15919,XNA,13303,MIA,171,171,25,0,0,0.1461988304093567,0.0,0.0
15919,XNA,13487,MSP,43,43,11,0,0,0.2558139534883721,0.0,0.0
15919,XNA,13930,ORD,1684,1654,436,27,3,0.2636033857315598,0.0160332541567695,0.0017814726840855
15919,XNA,14100,PHL,345,324,70,20,1,0.2160493827160493,0.0579710144927536,0.0028985507246376
15919,XNA,14107,PHX,733,729,111,4,0,0.1522633744855967,0.0054570259208731,0.0
15919,XNA,14112,PIE,69,69,24,0,0,0.3478260869565217,0.0,0.0
15919,XNA,14761,SFB,146,145,50,0,1,0.3448275862068966,0.0,0.0068493150684931
15919,XNA,14771,SFO,2,2,0,0,0,0.0,0.0,0.0
15919,XNA,14869,SLC,318,317,26,1,0,0.0820189274447949,0.0031446540880503,0.0
15919,XNA,15624,VPS,235,234,62,0,1,0.2649572649572649,0.0,0.0042553191489361
15919,XNA,16422,GUF,56,56,10,0,0,0.1785714285714285,0.0,0.0
15991,YAK,10926,CDV,362,346,26,13,3,0.0751445086705202,0.0359116022099447,0.0082872928176795
15991,YAK,12523,JNU,362,351,47,8,3,0.1339031339031339,0.0220994475138121,0.0082872928176795
16218,YUM,11298,DFW,365,353,33,5,7,0.093484419263456,0.0136986301369863,0.0191780821917808
16218,YUM,14107,PHX,1318,1301,212,16,1,0.1629515757109915,0.0121396054628224,0.0007587253414264
16422,GUF,10408,ATW,27,27,3,0,0,0.1111111111111111,0.0,0.0
16422,GUF,10676,BLV,64,64,8,0,0,0.125,0.0,0.0
16422,GUF,10693,BNA,13,12,4,1,0,0.3333333333333333,0.0769230769230769,0.0
16422,GUF,11193,CVG,65,64,16,1,0,0.25,0.0153846153846153,0.0
16422,GUF,11423,DSM,27,25,1,2,0,0.04,0.074074074074074,0.0
16422,GUF,12191,HOU,24,24,6,0,0,0.25,0.0,0.0
16422,GUF,13198,MCI,25,25,4,0,0,0.16,0.0,0.0
16422,GUF,15412,TYS,26,26,7,0,0,0.2692307692307692,0.0,0.0
16422,GUF,15919,XNA,56,56,11,0,0,0.1964285714285714,0.0,0.0
16869,XWA,11292,DEN,1512,1475,393,16,21,0.2664406779661017,0.0105820105820105,0.0138888888888888
16869,XWA,13487,MSP,864,855,173,8,1,0.2023391812865497,0.0092592592592592,0.0011574074074074
